{"success":true,"terms":"https:\/\/currencylayer.com\/terms","privacy":"https:\/\/currencylayer.com\/privacy","timestamp":1759540687,"source":"USD","quotes":{"USDAED":3.673042,"USDAFN":68.503991,"USDALL":82.403989,"USDAMD":382.760403,"USDANG":1.790403,"USDAOA":917.000367,"USDARS":1424.144202,"USDAUD":1.514704,"USDAWG":1.40625,"USDAZN":1.70397,"USDBAM":1.667086,"USDBBD":2.014848,"USDBDT":121.745505,"USDBGN":1.666075,"USDBHD":0.376815,"USDBIF":2945,"USDBMD":1,"USDBND":1.289748,"USDBOB":6.912865,"USDBRL":5.338504,"USDBSD":1.000349,"USDBTC":8.15857e-6,"USDBTN":88.879323,"USDBWP":13.298045,"USDBYN":3.391907,"USDBYR":19600,"USDBZD":2.011967,"USDCAD":1.39665,"USDCDF":2535.000362,"USDCHF":0.795578,"USDCLF":0.024613,"USDCLP":965.560396,"USDCNY":7.119504,"USDCNH":7.13601,"USDCOP":3871.15,"USDCRC":502.731868,"USDCUC":1,"USDCUP":26.5,"USDCVE":94.250394,"USDCZK":20.662404,"USDDJF":177.720393,"USDDKK":6.360545,"USDDOP":62.603884,"USDDZD":129.48104,"USDEGP":47.729654,"USDERN":15,"USDETB":145.103874,"USDEUR":0.851704,"USDFJD":2.27604,"USDFKP":0.745103,"USDGBP":0.742005,"USDGEL":2.72504,"USDGGP":0.745103,"USDGHS":12.503856,"USDGIP":0.745103,"USDGMD":73.503851,"USDGNF":8675.000355,"USDGTQ":7.667982,"USDGYD":209.294396,"USDHKD":7.77925,"USDHNL":26.160388,"USDHRK":6.416104,"USDHTG":130.899513,"USDHUF":330.680388,"USDIDR":16565.3,"USDILS":3.305604,"USDIMP":0.745103,"USDINR":88.73535,"USDIQD":1310,"USDIRR":42050.000352,"USDISK":120.950386,"USDJEP":0.745103,"USDJMD":160.673722,"USDJOD":0.70904,"USDJPY":147.45504,"USDKES":129.503801,"USDKGS":87.439604,"USDKHR":4007.00035,"USDKMF":420.00035,"USDKPW":899.99733,"USDKRW":1407.570383,"USDKWD":0.30586,"USDKYD":0.833632,"USDKZT":547.856698,"USDLAK":21675.000349,"USDLBP":89455.304289,"USDLKR":302.602307,"USDLRD":182.175039,"USDLSL":17.210381,"USDLTL":2.95274,"USDLVL":0.60489,"USDLYD":5.415039,"USDMAD":9.118039,"USDMDL":16.756167,"USDMGA":4473.000347,"USDMKD":52.489247,"USDMMK":2099.363497,"USDMNT":3594.8606,"USDMOP":8.019315,"USDMRU":39.870379,"USDMUR":45.330378,"USDMVR":15.303739,"USDMWK":1736.503736,"USDMXN":18.398604,"USDMYR":4.208039,"USDMZN":63.903729,"USDNAD":17.210377,"USDNGN":1471.580377,"USDNIO":36.625039,"USDNOK":9.968725,"USDNPR":142.206652,"USDNZD":1.714384,"USDOMR":0.384336,"USDPAB":1.000358,"USDPEN":3.462039,"USDPGK":4.18375,"USDPHP":57.903704,"USDPKR":281.303701,"USDPLN":3.622239,"USDPYG":7029.551905,"USDQAR":3.64125,"USDRON":4.333504,"USDRSD":99.774286,"USDRUB":82.217793,"USDRWF":1448,"USDSAR":3.749977,"USDSBD":8.23101,"USDSCR":14.710372,"USDSDG":601.503676,"USDSEK":9.373565,"USDSGD":1.28975,"USDSHP":0.785843,"USDSLE":23.310371,"USDSLL":20969.503664,"USDSOS":571.503662,"USDSRD":38.105038,"USDSTD":20697.981008,"USDSTN":21.3,"USDSVC":8.753095,"USDSYP":13001.999638,"USDSZL":17.220369,"USDTHB":32.335038,"USDTJS":9.318604,"USDTMT":3.5,"USDTND":2.896038,"USDTOP":2.342104,"USDTRY":41.655038,"USDTTD":6.783215,"USDTWD":30.44235,"USDTZS":2455.000335,"USDUAH":41.279423,"USDUGX":3466.616661,"USDUYU":39.908454,"USDUZS":12075.000334,"USDVES":185.16655,"USDVND":26385,"USDVUV":120.134974,"USDWST":2.781648,"USDXAF":559.129712,"USDXAG":0.020848,"USDXAU":0.000257,"USDXCD":2.70255,"USDXCG":1.802955,"USDXDR":0.694091,"USDXOF":559.503593,"USDXPF":102.050363,"USDYER":239.050363,"USDZAR":17.22788,"USDZMK":9001.203584,"USDZMW":23.834365,"USDZWL":321.999592}}