{"success":true,"terms":"https:\/\/currencylayer.com\/terms","privacy":"https:\/\/currencylayer.com\/privacy","timestamp":1779421204,"source":"USD","quotes":{"USDAED":3.672501,"USDAFN":62.999652,"USDALL":82.05025,"USDAMD":367.859972,"USDANG":1.79046,"USDAOA":917.999864,"USDARS":1389.744496,"USDAUD":1.401149,"USDAWG":1.80125,"USDAZN":1.705939,"USDBAM":1.684466,"USDBBD":2.013496,"USDBDT":122.860809,"USDBGN":1.66992,"USDBHD":0.37725,"USDBIF":2976,"USDBMD":1,"USDBND":1.279509,"USDBOB":6.908253,"USDBRL":5.018988,"USDBSD":0.999686,"USDBTC":1.2867007e-5,"USDBTN":96.12337,"USDBWP":13.549337,"USDBYN":2.7367,"USDBYR":19600,"USDBZD":2.010637,"USDCAD":1.378925,"USDCDF":2250.000004,"USDCHF":0.78681,"USDCLF":0.022846,"USDCLP":899.160295,"USDCNY":6.80325,"USDCNH":6.80126,"USDCOP":3692.49,"USDCRC":452.171067,"USDCUC":1,"USDCUP":26.5,"USDCVE":95.349547,"USDCZK":20.91415,"USDDJF":177.720526,"USDDKK":6.43556,"USDDOP":58.925007,"USDDZD":132.51026,"USDEGP":52.9193,"USDERN":15,"USDETB":159.750288,"USDEUR":0.86126,"USDFJD":2.203202,"USDFKP":0.744059,"USDGBP":0.74485,"USDGEL":2.659803,"USDGGP":0.744059,"USDGHS":11.610283,"USDGIP":0.744059,"USDGMD":72.999846,"USDGNF":8777.496076,"USDGTQ":7.623042,"USDGYD":209.1483,"USDHKD":7.83595,"USDHNL":26.635054,"USDHRK":6.489502,"USDHTG":130.862613,"USDHUF":309.100503,"USDIDR":17708,"USDILS":2.91265,"USDIMP":0.744059,"USDINR":96.293796,"USDIQD":1310,"USDIRR":1322999.999701,"USDISK":123.849395,"USDJEP":0.744059,"USDJMD":157.413787,"USDJOD":0.708986,"USDJPY":159.042977,"USDKES":129.439817,"USDKGS":87.45041,"USDKHR":4007.529093,"USDKMF":424.000107,"USDKPW":899.989882,"USDKRW":1514.550353,"USDKWD":0.30947,"USDKYD":0.833096,"USDKZT":471.035089,"USDLAK":21949.999459,"USDLBP":89549.999777,"USDLKR":345.393944,"USDLRD":183.301624,"USDLSL":16.410487,"USDLTL":2.95274,"USDLVL":0.60489,"USDLYD":6.354978,"USDMAD":9.228006,"USDMDL":17.339741,"USDMGA":4190.000046,"USDMKD":53.092124,"USDMMK":2099.988656,"USDMNT":3578.733536,"USDMOP":8.067506,"USDMRU":39.99022,"USDMUR":47.340282,"USDMVR":15.39956,"USDMWK":1737.000205,"USDMXN":17.31035,"USDMYR":3.964957,"USDMZN":63.910491,"USDNAD":16.429794,"USDNGN":1370.050319,"USDNIO":36.710032,"USDNOK":9.252496,"USDNPR":153.793418,"USDNZD":1.703305,"USDOMR":0.384499,"USDPAB":0.999677,"USDPEN":3.409503,"USDPGK":4.352975,"USDPHP":61.57298,"USDPKR":278.625013,"USDPLN":3.65505,"USDPYG":6167.507116,"USDQAR":3.645505,"USDRON":4.517103,"USDRSD":101.104016,"USDRUB":71.202174,"USDRWF":1462,"USDSAR":3.752589,"USDSBD":8.045182,"USDSCR":13.124381,"USDSDG":600.504164,"USDSEK":9.347495,"USDSGD":1.278935,"USDSHP":0.746601,"USDSLE":24.598567,"USDSLL":20969.502105,"USDSOS":570.999656,"USDSRD":37.15698,"USDSTD":20697.981008,"USDSTN":21.4,"USDSVC":8.746991,"USDSYP":110.554999,"USDSZL":16.429913,"USDTHB":32.650063,"USDTJS":9.287221,"USDTMT":3.5,"USDTND":2.895503,"USDTOP":2.40776,"USDTRY":45.718898,"USDTTD":6.780727,"USDTWD":31.539803,"USDTZS":2605.002979,"USDUAH":44.210544,"USDUGX":3781.856391,"USDUYU":40.307127,"USDUZS":12025.000058,"USDVES":526.210503,"USDVND":26360,"USDVUV":118.922173,"USDWST":2.707816,"USDXAF":564.949315,"USDXAG":0.013095,"USDXAU":0.000221,"USDXCD":2.70255,"USDXCG":1.801716,"USDXDR":0.702153,"USDXOF":565.000227,"USDXPF":103.149817,"USDYER":238.649862,"USDZAR":16.47707,"USDZMK":9001.209472,"USDZMW":18.819628,"USDZWL":321.999592}}