{"success":true,"terms":"https:\/\/currencylayer.com\/terms","privacy":"https:\/\/currencylayer.com\/privacy","timestamp":1782358444,"source":"USD","quotes":{"USDAED":3.672503,"USDAFN":63.501107,"USDALL":83.12797,"USDAMD":366.308748,"USDANG":1.790403,"USDAOA":917.497755,"USDARS":1479.257304,"USDAUD":1.450758,"USDAWG":1.80125,"USDAZN":1.697617,"USDBAM":1.721352,"USDBBD":2.010121,"USDBDT":122.760077,"USDBGN":1.69088,"USDBHD":0.376429,"USDBIF":2979.101666,"USDBMD":1,"USDBND":1.296498,"USDBOB":6.896673,"USDBRL":5.209195,"USDBSD":0.998064,"USDBTC":1.6478048e-5,"USDBTN":94.44464,"USDBWP":13.654226,"USDBYN":2.812785,"USDBYR":19600,"USDBZD":2.007217,"USDCAD":1.42317,"USDCDF":2268.999915,"USDCHF":0.811155,"USDCLF":0.023334,"USDCLP":918.37985,"USDCNY":6.7905,"USDCNH":6.808685,"USDCOP":3444,"USDCRC":454.317424,"USDCUC":1,"USDCUP":26.5,"USDCVE":97.047175,"USDCZK":21.321702,"USDDJF":177.723992,"USDDKK":6.57726,"USDDOP":58.501509,"USDDZD":133.452971,"USDEGP":49.619898,"USDERN":15,"USDETB":160.903882,"USDEUR":0.87984,"USDFJD":2.244203,"USDFKP":0.758197,"USDGBP":0.758789,"USDGEL":2.640027,"USDGGP":0.758197,"USDGHS":11.17849,"USDGIP":0.758197,"USDGMD":72.501842,"USDGNF":8744.823823,"USDGTQ":7.613096,"USDGYD":208.766062,"USDHKD":7.83979,"USDHNL":26.705451,"USDHRK":6.628599,"USDHTG":130.494669,"USDHUF":312.762497,"USDIDR":17939,"USDILS":2.987901,"USDIMP":0.758197,"USDINR":94.304699,"USDIQD":1307.42827,"USDIRR":1375050.000391,"USDISK":126.879739,"USDJEP":0.758197,"USDJMD":157.189944,"USDJOD":0.708987,"USDJPY":161.713499,"USDKES":129.470338,"USDKGS":87.449986,"USDKHR":4009.804482,"USDKMF":433.999803,"USDKPW":900.00035,"USDKRW":1544.869651,"USDKWD":0.30944,"USDKYD":0.83172,"USDKZT":485.697941,"USDLAK":21907.234642,"USDLBP":89385.366197,"USDLKR":336.710086,"USDLRD":181.790178,"USDLSL":16.592853,"USDLTL":2.95274,"USDLVL":0.60489,"USDLYD":6.418764,"USDMAD":9.383647,"USDMDL":17.675508,"USDMGA":4169.142012,"USDMKD":54.255174,"USDMMK":2099.539901,"USDMNT":3580.066416,"USDMOP":8.060817,"USDMRU":39.906531,"USDMUR":48.217817,"USDMVR":15.449952,"USDMWK":1730.58559,"USDMXN":17.611497,"USDMYR":4.107101,"USDMZN":63.910024,"USDNAD":16.592853,"USDNGN":1370.101234,"USDNIO":36.727204,"USDNOK":9.85863,"USDNPR":151.11027,"USDNZD":1.773317,"USDOMR":0.384496,"USDPAB":0.998064,"USDPEN":3.384879,"USDPGK":4.378573,"USDPHP":61.334499,"USDPKR":277.579134,"USDPLN":3.772496,"USDPYG":6087.836648,"USDQAR":3.628322,"USDRON":4.607398,"USDRSD":103.27105,"USDRUB":74.902646,"USDRWF":1466.108669,"USDSAR":3.747299,"USDSBD":8.051953,"USDSCR":14.115286,"USDSDG":600.000163,"USDSEK":9.74511,"USDSGD":1.296898,"USDSHP":0.746601,"USDSLE":24.798393,"USDSLL":20969.503664,"USDSOS":570.407629,"USDSRD":37.460042,"USDSTD":20697.981008,"USDSTN":21.56282,"USDSVC":8.732617,"USDSYP":110.532098,"USDSZL":16.590316,"USDTHB":33.402009,"USDTJS":9.266854,"USDTMT":3.5,"USDTND":2.966907,"USDTOP":2.40776,"USDTRY":46.51598,"USDTTD":6.767294,"USDTWD":31.820983,"USDTZS":2617.935973,"USDUAH":44.799222,"USDUGX":3682.450273,"USDUYU":39.843337,"USDUZS":12001.408203,"USDVES":620.752985,"USDVND":26334.5,"USDVUV":118.798432,"USDWST":2.761642,"USDXAF":577.322754,"USDXAG":0.017611,"USDXAU":0.000252,"USDXCD":2.70255,"USDXCG":1.798715,"USDXDR":0.718004,"USDXOF":577.325295,"USDXPF":104.963915,"USDYER":238.624956,"USDZAR":16.56445,"USDZMK":9001.201093,"USDZMW":17.989791,"USDZWL":321.999592}}