{"success":true,"terms":"https:\/\/currencylayer.com\/terms","privacy":"https:\/\/currencylayer.com\/privacy","timestamp":1765244408,"source":"USD","quotes":{"USDAED":3.672497,"USDAFN":66.104423,"USDALL":82.817583,"USDAMD":381.550257,"USDANG":1.790055,"USDAOA":917.000046,"USDARS":1434.487702,"USDAUD":1.509685,"USDAWG":1.8025,"USDAZN":1.699968,"USDBAM":1.678834,"USDBBD":2.014206,"USDBDT":122.25155,"USDBGN":1.680305,"USDBHD":0.376942,"USDBIF":2965,"USDBMD":1,"USDBND":1.296857,"USDBOB":6.934943,"USDBRL":5.432601,"USDBSD":1.000021,"USDBTC":1.1087212e-5,"USDBTN":90.017769,"USDBWP":13.304205,"USDBYN":2.892177,"USDBYR":19600,"USDBZD":2.011296,"USDCAD":1.385325,"USDCDF":2232.000189,"USDCHF":0.806655,"USDCLF":0.023525,"USDCLP":922.880282,"USDCNY":7.0717,"USDCNH":7.07069,"USDCOP":3822,"USDCRC":488.33666,"USDCUC":1,"USDCUP":26.5,"USDCVE":95.150292,"USDCZK":20.85675,"USDDJF":177.719953,"USDDKK":6.41606,"USDDOP":64.24989,"USDDZD":130.126972,"USDEGP":47.4705,"USDERN":15,"USDETB":155.459626,"USDEUR":0.85905,"USDFJD":2.271801,"USDFKP":0.75003,"USDGBP":0.750469,"USDGEL":2.695014,"USDGGP":0.75003,"USDGHS":11.4603,"USDGIP":0.75003,"USDGMD":73.50203,"USDGNF":8688.501618,"USDGTQ":7.66025,"USDGYD":209.224272,"USDHKD":7.779435,"USDHNL":26.338763,"USDHRK":6.472702,"USDHTG":130.938432,"USDHUF":330.520503,"USDIDR":16693,"USDILS":3.22415,"USDIMP":0.75003,"USDINR":90.13035,"USDIQD":1310,"USDIRR":42125.00033,"USDISK":127.960409,"USDJEP":0.75003,"USDJMD":160.321037,"USDJOD":0.708961,"USDJPY":155.880496,"USDKES":129.24958,"USDKGS":87.449963,"USDKHR":4005.999892,"USDKMF":424.000292,"USDKPW":899.999869,"USDKRW":1470.590027,"USDKWD":0.30709,"USDKYD":0.833412,"USDKZT":511.015258,"USDLAK":21685.000199,"USDLBP":89549.999829,"USDLKR":308.590313,"USDLRD":176.875005,"USDLSL":17.029858,"USDLTL":2.95274,"USDLVL":0.60489,"USDLYD":5.440066,"USDMAD":9.238224,"USDMDL":16.955801,"USDMGA":4459.342301,"USDMKD":52.964909,"USDMMK":2100.029022,"USDMNT":3547.974589,"USDMOP":8.014335,"USDMRU":39.804886,"USDMUR":46.120335,"USDMVR":15.409783,"USDMWK":1736.504112,"USDMXN":18.274101,"USDMYR":4.121019,"USDMZN":63.90229,"USDNAD":17.030372,"USDNGN":1450.419911,"USDNIO":36.799073,"USDNOK":10.129635,"USDNPR":144.028602,"USDNZD":1.732425,"USDOMR":0.384493,"USDPAB":1.000026,"USDPEN":3.363849,"USDPGK":4.243868,"USDPHP":59.155008,"USDPKR":282.637138,"USDPLN":3.63936,"USDPYG":6877.400803,"USDQAR":3.645143,"USDRON":4.372796,"USDRSD":100.851994,"USDRUB":76.549677,"USDRWF":1455.052684,"USDSAR":3.753205,"USDSBD":8.230592,"USDSCR":13.405498,"USDSDG":601.50998,"USDSEK":9.398045,"USDSGD":1.297795,"USDSHP":0.750259,"USDSLE":23.699662,"USDSLL":20969.498139,"USDSOS":571.500031,"USDSRD":38.659027,"USDSTD":20697.981008,"USDSTN":21.4,"USDSVC":8.750402,"USDSYP":11056.830999,"USDSZL":17.029796,"USDTHB":31.889476,"USDTJS":9.17539,"USDTMT":3.5,"USDTND":2.930501,"USDTOP":2.40776,"USDTRY":42.547298,"USDTTD":6.775282,"USDTWD":31.207503,"USDTZS":2449.999755,"USDUAH":42.159274,"USDUGX":3538.273354,"USDUYU":39.065216,"USDUZS":11990.815254,"USDVES":257.606199,"USDVND":26352.5,"USDVUV":121.84308,"USDWST":2.78861,"USDXAF":563.067718,"USDXAG":0.017209,"USDXAU":0.000238,"USDXCD":2.70255,"USDXCG":1.802356,"USDXDR":0.700158,"USDXOF":563.065302,"USDXPF":102.8682,"USDYER":238.550018,"USDZAR":17.03824,"USDZMK":9001.198985,"USDZMW":23.125917,"USDZWL":321.999592}}