{"success":true,"terms":"https:\/\/currencylayer.com\/terms","privacy":"https:\/\/currencylayer.com\/privacy","timestamp":1761529336,"source":"USD","quotes":{"USDAED":3.672507,"USDAFN":66.268842,"USDALL":83.087559,"USDAMD":381.962956,"USDANG":1.789982,"USDAOA":916.999967,"USDARS":1479.582378,"USDAUD":1.529789,"USDAWG":1.8,"USDAZN":1.697618,"USDBAM":1.681707,"USDBBD":2.011187,"USDBDT":122.348955,"USDBGN":1.682192,"USDBHD":0.376272,"USDBIF":2944.04939,"USDBMD":1,"USDBND":1.297948,"USDBOB":6.899754,"USDBRL":5.391501,"USDBSD":0.998547,"USDBTC":8.675962e-6,"USDBTN":87.617746,"USDBWP":14.256356,"USDBYN":3.40311,"USDBYR":19600,"USDBZD":2.008263,"USDCAD":1.398135,"USDCDF":2209.999762,"USDCHF":0.794802,"USDCLF":0.024023,"USDCLP":942.410023,"USDCNY":7.12155,"USDCNH":7.111225,"USDCOP":3878.23,"USDCRC":501.466049,"USDCUC":1,"USDCUP":26.5,"USDCVE":94.815726,"USDCZK":20.883901,"USDDJF":177.816758,"USDDKK":6.41687,"USDDOP":63.973035,"USDDZD":130.063328,"USDEGP":47.457795,"USDERN":15,"USDETB":152.851787,"USDEUR":0.859099,"USDFJD":2.271799,"USDFKP":0.751358,"USDGBP":0.750179,"USDGEL":2.714992,"USDGGP":0.751358,"USDGHS":10.784735,"USDGIP":0.751358,"USDGMD":73.500866,"USDGNF":8667.314422,"USDGTQ":7.648718,"USDGYD":208.918775,"USDHKD":7.76806,"USDHNL":26.240122,"USDHRK":6.470496,"USDHTG":130.757788,"USDHUF":334.954971,"USDIDR":16595,"USDILS":3.275405,"USDIMP":0.751358,"USDINR":87.836498,"USDIQD":1308.088169,"USDIRR":42074.999602,"USDISK":123.009694,"USDJEP":0.751358,"USDJMD":160.121067,"USDJOD":0.709017,"USDJPY":152.784989,"USDKES":128.81023,"USDKGS":87.450309,"USDKHR":4022.390562,"USDKMF":424.000344,"USDKPW":900.000382,"USDKRW":1431.430058,"USDKWD":0.30664,"USDKYD":0.832162,"USDKZT":537.654934,"USDLAK":21681.950481,"USDLBP":89418.527165,"USDLKR":303.251519,"USDLRD":182.735093,"USDLSL":17.32759,"USDLTL":2.95274,"USDLVL":0.60489,"USDLYD":5.430829,"USDMAD":9.216125,"USDMDL":17.094656,"USDMGA":4512.506556,"USDMKD":52.984346,"USDMMK":2099.547703,"USDMNT":3592.571037,"USDMOP":7.991677,"USDMRU":40.013242,"USDMUR":45.519997,"USDMVR":15.304871,"USDMWK":1731.485223,"USDMXN":18.420235,"USDMYR":4.218498,"USDMZN":63.911502,"USDNAD":17.32759,"USDNGN":1459.059807,"USDNIO":36.750101,"USDNOK":9.99525,"USDNPR":140.188652,"USDNZD":1.734891,"USDOMR":0.383742,"USDPAB":0.99859,"USDPEN":3.390585,"USDPGK":4.264869,"USDPHP":58.579795,"USDPKR":282.885321,"USDPLN":3.646629,"USDPYG":7065.378613,"USDQAR":3.649801,"USDRON":4.364902,"USDRSD":100.818153,"USDRUB":80.614682,"USDRWF":1449.88349,"USDSAR":3.749802,"USDSBD":8.223823,"USDSCR":13.86177,"USDSDG":601.500062,"USDSEK":9.376987,"USDSGD":1.29684,"USDSHP":0.750259,"USDSLE":23.159715,"USDSLL":20969.499529,"USDSOS":570.681731,"USDSRD":39.732989,"USDSTD":20697.981008,"USDSTN":21.066389,"USDSVC":8.736925,"USDSYP":11056.827744,"USDSZL":17.32517,"USDTHB":32.629974,"USDTJS":9.311304,"USDTMT":3.51,"USDTND":2.934631,"USDTOP":2.342102,"USDTRY":42.01053,"USDTTD":6.778189,"USDTWD":30.745498,"USDTZS":2478.194004,"USDUAH":41.993482,"USDUGX":3474.813834,"USDUYU":39.830086,"USDUZS":12111.936095,"USDVES":212.183365,"USDVND":26305,"USDVUV":121.999181,"USDWST":2.801111,"USDXAF":564.026346,"USDXAG":0.020686,"USDXAU":0.000245,"USDXCD":2.702549,"USDXCG":1.799578,"USDXDR":0.701468,"USDXOF":564.026346,"USDXPF":102.546464,"USDYER":238.923004,"USDZAR":17.19748,"USDZMK":9001.18613,"USDZMW":22.042227,"USDZWL":321.999592}}