{"success":true,"terms":"https:\/\/currencylayer.com\/terms","privacy":"https:\/\/currencylayer.com\/privacy","timestamp":1766973127,"source":"USD","quotes":{"USDAED":3.6725,"USDAFN":66.379449,"USDALL":81.856268,"USDAMD":381.470246,"USDANG":1.790403,"USDAOA":916.999878,"USDARS":1449.700403,"USDAUD":1.487973,"USDAWG":1.80025,"USDAZN":1.692558,"USDBAM":1.658674,"USDBBD":2.014358,"USDBDT":122.21671,"USDBGN":1.660403,"USDBHD":0.377309,"USDBIF":2957.76141,"USDBMD":1,"USDBND":1.284077,"USDBOB":6.926234,"USDBRL":5.543398,"USDBSD":1.00014,"USDBTC":1.1321573e-5,"USDBTN":89.856547,"USDBWP":13.14687,"USDBYN":2.919259,"USDBYR":19600,"USDBZD":2.011466,"USDCAD":1.36635,"USDCDF":2200.000033,"USDCHF":0.788505,"USDCLF":0.023092,"USDCLP":905.899636,"USDCNY":7.028496,"USDCNH":7.00621,"USDCOP":3697,"USDCRC":499.518715,"USDCUC":1,"USDCUP":26.5,"USDCVE":93.513465,"USDCZK":20.567026,"USDDJF":177.719782,"USDDKK":6.33711,"USDDOP":62.690023,"USDDZD":129.697253,"USDEGP":47.515499,"USDERN":15,"USDETB":155.604932,"USDEUR":0.84853,"USDFJD":2.269198,"USDFKP":0.740887,"USDGBP":0.74025,"USDGEL":2.684961,"USDGGP":0.740887,"USDGHS":11.126753,"USDGIP":0.740887,"USDGMD":74.502851,"USDGNF":8741.153473,"USDGTQ":7.662397,"USDGYD":209.237241,"USDHKD":7.77335,"USDHNL":26.362545,"USDHRK":6.393204,"USDHTG":130.951927,"USDHUF":328.498196,"USDIDR":16772,"USDILS":3.19263,"USDIMP":0.740887,"USDINR":89.81455,"USDIQD":1310.19773,"USDIRR":42125.000069,"USDISK":125.590326,"USDJEP":0.740887,"USDJMD":159.532199,"USDJOD":0.708981,"USDJPY":156.278497,"USDKES":128.950112,"USDKGS":87.424994,"USDKHR":4008.85391,"USDKMF":418.000145,"USDKPW":900.007297,"USDKRW":1434.503814,"USDKWD":0.30716,"USDKYD":0.833489,"USDKZT":514.029352,"USDLAK":21644.588429,"USDLBP":89561.205624,"USDLKR":309.599834,"USDLRD":177.018844,"USDLSL":16.645168,"USDLTL":2.95274,"USDLVL":0.60489,"USDLYD":5.412442,"USDMAD":9.124909,"USDMDL":16.777482,"USDMGA":4573.672337,"USDMKD":52.273789,"USDMMK":2099.762774,"USDMNT":3557.834851,"USDMOP":8.011093,"USDMRU":39.604456,"USDMUR":45.989631,"USDMVR":15.450023,"USDMWK":1734.230032,"USDMXN":17.893535,"USDMYR":4.052499,"USDMZN":63.910291,"USDNAD":16.645168,"USDNGN":1450.479857,"USDNIO":36.806642,"USDNOK":9.996796,"USDNPR":143.770645,"USDNZD":1.71543,"USDOMR":0.384612,"USDPAB":1.000136,"USDPEN":3.365433,"USDPGK":4.319268,"USDPHP":58.795021,"USDPKR":280.16122,"USDPLN":3.576095,"USDPYG":6777.849865,"USDQAR":3.645469,"USDRON":4.316697,"USDRSD":99.687487,"USDRUB":78.943407,"USDRWF":1456.65485,"USDSAR":3.750705,"USDSBD":8.153391,"USDSCR":14.462231,"USDSDG":601.498376,"USDSEK":9.152798,"USDSGD":1.284035,"USDSHP":0.750259,"USDSLE":24.074975,"USDSLL":20969.503664,"USDSOS":570.585342,"USDSRD":38.3355,"USDSTD":20697.981008,"USDSTN":20.777943,"USDSVC":8.75133,"USDSYP":11056.849201,"USDSZL":16.631683,"USDTHB":31.120305,"USDTJS":9.19119,"USDTMT":3.51,"USDTND":2.909675,"USDTOP":2.40776,"USDTRY":42.927601,"USDTTD":6.803263,"USDTWD":31.423099,"USDTZS":2470.000315,"USDUAH":42.191946,"USDUGX":3610.273633,"USDUYU":39.087976,"USDUZS":12053.751267,"USDVES":288.088835,"USDVND":26291,"USDVUV":120.294541,"USDWST":2.770875,"USDXAF":556.301203,"USDXAG":0.012909,"USDXAU":0.000222,"USDXCD":2.70255,"USDXCG":1.802508,"USDXDR":0.692794,"USDXOF":556.303562,"USDXPF":101.141939,"USDYER":238.450043,"USDZAR":16.659498,"USDZMK":9001.198278,"USDZMW":22.577472,"USDZWL":321.999592}}