{"success":true,"terms":"https:\/\/currencylayer.com\/terms","privacy":"https:\/\/currencylayer.com\/privacy","timestamp":1777863187,"source":"USD","quotes":{"USDAED":3.672501,"USDAFN":64.000042,"USDALL":81.450232,"USDAMD":370.780044,"USDANG":1.789884,"USDAOA":917.999706,"USDARS":1393.064597,"USDAUD":1.38727,"USDAWG":1.8,"USDAZN":1.691994,"USDBAM":1.669697,"USDBBD":2.01454,"USDBDT":122.725158,"USDBGN":1.668102,"USDBHD":0.37765,"USDBIF":2976,"USDBMD":1,"USDBND":1.275896,"USDBOB":6.911331,"USDBRL":4.958399,"USDBSD":1.000226,"USDBTC":1.2454867e-5,"USDBTN":94.881811,"USDBWP":13.592996,"USDBYN":2.822528,"USDBYR":19600,"USDBZD":2.011629,"USDCAD":1.359195,"USDCDF":2319.999696,"USDCHF":0.78117,"USDCLF":0.022861,"USDCLP":899.749738,"USDCNY":6.82825,"USDCNH":6.82109,"USDCOP":3657.25,"USDCRC":454.73562,"USDCUC":1,"USDCUP":26.5,"USDCVE":94.449957,"USDCZK":20.77715,"USDDJF":177.719918,"USDDKK":6.372245,"USDDOP":59.509134,"USDDZD":132.503944,"USDEGP":53.645911,"USDERN":15,"USDETB":157.00031,"USDEUR":0.85285,"USDFJD":2.192101,"USDFKP":0.736618,"USDGBP":0.736105,"USDGEL":2.680198,"USDGGP":0.736618,"USDGHS":11.206089,"USDGIP":0.736618,"USDGMD":73.000275,"USDGNF":8775.00028,"USDGTQ":7.641507,"USDGYD":209.25239,"USDHKD":7.83365,"USDHNL":26.619867,"USDHRK":6.4266,"USDHTG":131.024649,"USDHUF":308.905504,"USDIDR":17363.65,"USDILS":2.94383,"USDIMP":0.736618,"USDINR":94.88725,"USDIQD":1310,"USDIRR":1314000.00016,"USDISK":122.62976,"USDJEP":0.736618,"USDJMD":156.725146,"USDJOD":0.70902,"USDJPY":157.184499,"USDKES":129.149853,"USDKGS":87.4205,"USDKHR":4012.499039,"USDKMF":420.000097,"USDKPW":899.999976,"USDKRW":1472.159826,"USDKWD":0.30729,"USDKYD":0.833543,"USDKZT":463.288124,"USDLAK":21980.000113,"USDLBP":89550.000017,"USDLKR":319.671116,"USDLRD":183.875054,"USDLSL":16.65985,"USDLTL":2.95274,"USDLVL":0.60489,"USDLYD":6.349871,"USDMAD":9.25125,"USDMDL":17.233504,"USDMGA":4149.999668,"USDMKD":52.564485,"USDMMK":2099.490131,"USDMNT":3577.850535,"USDMOP":8.070846,"USDMRU":39.9704,"USDMUR":47.029718,"USDMVR":15.455006,"USDMWK":1741.503496,"USDMXN":17.44005,"USDMYR":3.957033,"USDMZN":63.903205,"USDNAD":16.659886,"USDNGN":1375.650042,"USDNIO":36.710166,"USDNOK":9.273102,"USDNPR":151.803598,"USDNZD":1.691295,"USDOMR":0.384745,"USDPAB":1.000201,"USDPEN":3.507502,"USDPGK":4.338751,"USDPHP":61.448953,"USDPKR":278.774971,"USDPLN":3.62085,"USDPYG":6151.626275,"USDQAR":3.643497,"USDRON":4.423403,"USDRSD":100.106587,"USDRUB":74.981857,"USDRWF":1461.5,"USDSAR":3.74998,"USDSBD":8.04211,"USDSCR":13.746323,"USDSDG":600.499624,"USDSEK":9.219595,"USDSGD":1.273555,"USDSHP":0.746601,"USDSLE":24.592783,"USDSLL":20969.496166,"USDSOS":571.000496,"USDSRD":37.457951,"USDSTD":20697.981008,"USDSTN":21.21,"USDSVC":8.7523,"USDSYP":110.524981,"USDSZL":16.660591,"USDTHB":32.509792,"USDTJS":9.381822,"USDTMT":3.505,"USDTND":2.88175,"USDTOP":2.40776,"USDTRY":45.190703,"USDTTD":6.789386,"USDTWD":31.601496,"USDTZS":2605.000246,"USDUAH":43.949336,"USDUGX":3760.987334,"USDUYU":39.889518,"USDUZS":11950.00042,"USDVES":488.942755,"USDVND":26333.5,"USDVUV":117.651389,"USDWST":2.715189,"USDXAF":560.041494,"USDXAG":0.013216,"USDXAU":0.000217,"USDXCD":2.70255,"USDXCG":1.80265,"USDXDR":0.69563,"USDXOF":559.999944,"USDXPF":102.150327,"USDYER":238.595771,"USDZAR":16.60275,"USDZMK":9001.203383,"USDZMW":18.67895,"USDZWL":321.999592}}