{"success":true,"terms":"https:\/\/currencylayer.com\/terms","privacy":"https:\/\/currencylayer.com\/privacy","timestamp":1778729285,"source":"USD","quotes":{"USDAED":3.672503,"USDAFN":62.000195,"USDALL":81.596371,"USDAMD":368.630185,"USDANG":1.79046,"USDAOA":918.000529,"USDARS":1391.994041,"USDAUD":1.379006,"USDAWG":1.80125,"USDAZN":1.701579,"USDBAM":1.669747,"USDBBD":2.014096,"USDBDT":122.750925,"USDBGN":1.66992,"USDBHD":0.37725,"USDBIF":2975.5,"USDBMD":1,"USDBND":1.272576,"USDBOB":6.910389,"USDBRL":5.027098,"USDBSD":1.000004,"USDBTC":1.2618312e-5,"USDBTN":95.654067,"USDBWP":13.471587,"USDBYN":2.786502,"USDBYR":19600,"USDBZD":2.011227,"USDCAD":1.37074,"USDCDF":2240.999844,"USDCHF":0.78171,"USDCLF":0.02254,"USDCLP":887.120187,"USDCNY":6.79095,"USDCNH":6.785005,"USDCOP":3792.77,"USDCRC":455.222638,"USDCUC":1,"USDCUP":26.5,"USDCVE":94.450134,"USDCZK":20.76825,"USDDJF":177.72018,"USDDKK":6.379745,"USDDOP":59.249887,"USDDZD":132.420341,"USDEGP":52.920384,"USDERN":15,"USDETB":157.375014,"USDEUR":0.85373,"USDFJD":2.18685,"USDFKP":0.739209,"USDGBP":0.739215,"USDGEL":2.680106,"USDGGP":0.739209,"USDGHS":11.293437,"USDGIP":0.739209,"USDGMD":72.999865,"USDGNF":8777.503778,"USDGTQ":7.629032,"USDGYD":209.214666,"USDHKD":7.831085,"USDHNL":26.609813,"USDHRK":6.432803,"USDHTG":130.601268,"USDHUF":306.019498,"USDIDR":17499.35,"USDILS":2.910695,"USDIMP":0.739209,"USDINR":95.71295,"USDIQD":1310,"USDIRR":1312999.999736,"USDISK":122.596888,"USDJEP":0.739209,"USDJMD":158.150852,"USDJOD":0.70898,"USDJPY":157.936502,"USDKES":129.179957,"USDKGS":87.449838,"USDKHR":4010.99978,"USDKMF":420.99982,"USDKPW":900.016801,"USDKRW":1492.824998,"USDKWD":0.30825,"USDKYD":0.833362,"USDKZT":469.348814,"USDLAK":21949.999557,"USDLBP":89750.815528,"USDLKR":324.546762,"USDLRD":183.150027,"USDLSL":16.409763,"USDLTL":2.95274,"USDLVL":0.60489,"USDLYD":6.324994,"USDMAD":9.17375,"USDMDL":17.150468,"USDMGA":4174.999864,"USDMKD":52.616752,"USDMMK":2099.28391,"USDMNT":3579.674299,"USDMOP":8.066645,"USDMRU":39.999704,"USDMUR":46.810267,"USDMVR":15.409396,"USDMWK":1741.498252,"USDMXN":17.17134,"USDMYR":3.930501,"USDMZN":63.897729,"USDNAD":16.409646,"USDNGN":1370.482409,"USDNIO":36.704971,"USDNOK":9.18055,"USDNPR":153.052216,"USDNZD":1.68652,"USDOMR":0.384507,"USDPAB":1.000021,"USDPEN":3.428498,"USDPGK":4.35995,"USDPHP":61.506005,"USDPKR":278.596166,"USDPLN":3.626602,"USDPYG":6115.348988,"USDQAR":3.643504,"USDRON":4.446798,"USDRSD":100.249636,"USDRUB":74.175058,"USDRWF":1460,"USDSAR":3.758072,"USDSBD":8.032258,"USDSCR":13.940746,"USDSDG":600.484438,"USDSEK":9.32838,"USDSGD":1.272501,"USDSHP":0.746601,"USDSLE":24.607442,"USDSLL":20969.502105,"USDSOS":571.498169,"USDSRD":37.193998,"USDSTD":20697.981008,"USDSTN":21.25,"USDSVC":8.749995,"USDSYP":110.578962,"USDSZL":16.48503,"USDTHB":32.34012,"USDTJS":9.365014,"USDTMT":3.51,"USDTND":2.880501,"USDTOP":2.40776,"USDTRY":45.432305,"USDTTD":6.784798,"USDTWD":31.516499,"USDTZS":2597.649816,"USDUAH":43.974218,"USDUGX":3749.695849,"USDUYU":39.725261,"USDUZS":12077.999808,"USDVES":508.06467,"USDVND":26351,"USDVUV":117.978874,"USDWST":2.702738,"USDXAF":560.031931,"USDXAG":0.011483,"USDXAU":0.000213,"USDXCD":2.70255,"USDXCG":1.802233,"USDXDR":0.694969,"USDXOF":558.504811,"USDXPF":102.302706,"USDYER":238.625013,"USDZAR":16.41936,"USDZMK":9001.197727,"USDZMW":18.875077,"USDZWL":321.999592}}