{"success":true,"terms":"https:\/\/currencylayer.com\/terms","privacy":"https:\/\/currencylayer.com\/privacy","timestamp":1755739565,"source":"USD","quotes":{"USDAED":3.672505,"USDAFN":68.590587,"USDALL":83.349619,"USDAMD":381.498727,"USDANG":1.789783,"USDAOA":917.000215,"USDARS":1300.522368,"USDAUD":1.556275,"USDAWG":1.80025,"USDAZN":1.707442,"USDBAM":1.677085,"USDBBD":2.011508,"USDBDT":121.343863,"USDBGN":1.67872,"USDBHD":0.377046,"USDBIF":2978.845643,"USDBMD":1,"USDBND":1.28401,"USDBOB":6.901105,"USDBRL":5.475902,"USDBSD":0.998722,"USDBTC":8.75814e-6,"USDBTN":86.903506,"USDBWP":13.427486,"USDBYN":3.356829,"USDBYR":19600,"USDBZD":2.003619,"USDCAD":1.388035,"USDCDF":2873.000238,"USDCHF":0.804715,"USDCLF":0.024631,"USDCLP":966.269689,"USDCNY":7.176202,"USDCNH":7.17861,"USDCOP":4026.7,"USDCRC":504.7205,"USDCUC":1,"USDCUP":26.5,"USDCVE":94.551488,"USDCZK":21.02695,"USDDJF":177.844091,"USDDKK":6.40917,"USDDOP":62.124985,"USDDZD":129.925009,"USDEGP":48.582503,"USDERN":15,"USDETB":141.803924,"USDEUR":0.85872,"USDFJD":2.272799,"USDFKP":0.741171,"USDGBP":0.74321,"USDGEL":2.69503,"USDGGP":0.741171,"USDGHS":10.935611,"USDGIP":0.741171,"USDGMD":72.000161,"USDGNF":8658.071763,"USDGTQ":7.654842,"USDGYD":208.945369,"USDHKD":7.80895,"USDHNL":26.16812,"USDHRK":6.469202,"USDHTG":130.681964,"USDHUF":338.8095,"USDIDR":16275.35,"USDILS":3.41442,"USDIMP":0.741171,"USDINR":87.020267,"USDIQD":1308.105883,"USDIRR":42049.999369,"USDISK":123.140235,"USDJEP":0.741171,"USDJMD":160.008232,"USDJOD":0.709004,"USDJPY":147.497499,"USDKES":129.039817,"USDKGS":87.442299,"USDKHR":4002.778278,"USDKMF":422.497519,"USDKPW":899.981998,"USDKRW":1398.269617,"USDKWD":0.30566,"USDKYD":0.83224,"USDKZT":537.77492,"USDLAK":21615.000099,"USDLBP":89871.033022,"USDLKR":301.237363,"USDLRD":200.241813,"USDLSL":17.670172,"USDLTL":2.95274,"USDLVL":0.60489,"USDLYD":5.41507,"USDMAD":9.019791,"USDMDL":16.793147,"USDMGA":4403.227604,"USDMKD":52.81045,"USDMMK":2098.706911,"USDMNT":3601.092413,"USDMOP":8.039342,"USDMRU":39.389808,"USDMUR":45.939561,"USDMVR":15.400031,"USDMWK":1731.793276,"USDMXN":18.77275,"USDMYR":4.220963,"USDMZN":63.909868,"USDNAD":17.670487,"USDNGN":1537.159624,"USDNIO":36.752159,"USDNOK":10.243535,"USDNPR":139.045953,"USDNZD":1.717901,"USDOMR":0.384497,"USDPAB":0.998722,"USDPEN":3.510365,"USDPGK":4.143502,"USDPHP":56.9515,"USDPKR":283.387527,"USDPLN":3.64798,"USDPYG":7216.662808,"USDQAR":3.630883,"USDRON":4.340802,"USDRSD":100.623972,"USDRUB":80.500374,"USDRWF":1445.647793,"USDSAR":3.752817,"USDSBD":8.220372,"USDSCR":14.630104,"USDSDG":600.511502,"USDSEK":9.59228,"USDSGD":1.285615,"USDSHP":0.785843,"USDSLE":23.297745,"USDSLL":20969.49797,"USDSOS":570.747477,"USDSRD":37.819058,"USDSTD":20697.981008,"USDSTN":21.008493,"USDSVC":8.738713,"USDSYP":13001.883701,"USDSZL":17.669538,"USDTHB":32.567031,"USDTJS":9.328068,"USDTMT":3.5,"USDTND":2.879002,"USDTOP":2.342102,"USDTRY":40.916898,"USDTTD":6.775563,"USDTWD":30.363959,"USDTZS":2508.38505,"USDUAH":41.318224,"USDUGX":3560.311785,"USDUYU":40.11336,"USDUZS":12500.000051,"USDVES":137.956899,"USDVND":26397.5,"USDVUV":119.442673,"USDWST":2.685572,"USDXAF":562.47867,"USDXAG":0.026431,"USDXAU":0.000299,"USDXCD":2.70255,"USDXCG":1.799964,"USDXDR":0.699543,"USDXOF":561.999657,"USDXPF":102.749755,"USDYER":240.199706,"USDZAR":17.69555,"USDZMK":9001.206315,"USDZMW":23.31524,"USDZWL":321.999592}}