{"success":true,"terms":"https:\/\/currencylayer.com\/terms","privacy":"https:\/\/currencylayer.com\/privacy","timestamp":1753926557,"source":"USD","quotes":{"USDAED":3.672499,"USDAFN":69.550068,"USDALL":84.350483,"USDAMD":383.83995,"USDANG":1.789699,"USDAOA":916.999994,"USDARS":1320.046399,"USDAUD":1.551338,"USDAWG":1.8025,"USDAZN":1.699023,"USDBAM":1.695528,"USDBBD":2.019931,"USDBDT":122.652264,"USDBGN":1.710505,"USDBHD":0.376954,"USDBIF":2942.5,"USDBMD":1,"USDBND":1.289721,"USDBOB":6.912904,"USDBRL":5.576697,"USDBSD":1.000429,"USDBTC":8.463208e-6,"USDBTN":87.444679,"USDBWP":13.523249,"USDBYN":3.273935,"USDBYR":19600,"USDBZD":2.009545,"USDCAD":1.38312,"USDCDF":2890.000133,"USDCHF":0.81324,"USDCLF":0.02503,"USDCLP":981.929553,"USDCNY":7.176897,"USDCNH":7.19912,"USDCOP":4188.5,"USDCRC":505.767255,"USDCUC":1,"USDCUP":26.5,"USDCVE":95.950067,"USDCZK":21.516025,"USDDJF":177.719547,"USDDKK":6.52818,"USDDOP":61.000021,"USDDZD":130.663751,"USDEGP":48.732982,"USDERN":15,"USDETB":138.202184,"USDEUR":0.874701,"USDFJD":2.26865,"USDFKP":0.749719,"USDGBP":0.75447,"USDGEL":2.699176,"USDGGP":0.749719,"USDGHS":10.485792,"USDGIP":0.749719,"USDGMD":71.999821,"USDGNF":8675.000145,"USDGTQ":7.675736,"USDGYD":209.303031,"USDHKD":7.84966,"USDHNL":26.350135,"USDHRK":6.5909,"USDHTG":131.278148,"USDHUF":350.330502,"USDIDR":16440.8,"USDILS":3.38463,"USDIMP":0.749719,"USDINR":87.653899,"USDIQD":1310,"USDIRR":42112.525372,"USDISK":124.360138,"USDJEP":0.749719,"USDJMD":160.078717,"USDJOD":0.708969,"USDJPY":149.178048,"USDKES":129.499511,"USDKGS":87.45014,"USDKHR":4015.000169,"USDKMF":431.501522,"USDKPW":899.916557,"USDKRW":1388.749963,"USDKWD":0.30591,"USDKYD":0.833727,"USDKZT":543.834174,"USDLAK":21579.999831,"USDLBP":90510.565691,"USDLKR":302.24403,"USDLRD":200.999674,"USDLSL":18.009758,"USDLTL":2.95274,"USDLVL":0.60489,"USDLYD":5.415002,"USDMAD":9.104003,"USDMDL":17.067261,"USDMGA":4429.999919,"USDMKD":53.968518,"USDMMK":2098.902778,"USDMNT":3590.484358,"USDMOP":8.089174,"USDMRU":39.819543,"USDMUR":46.149739,"USDMVR":15.400534,"USDMWK":1736.49452,"USDMXN":18.84874,"USDMYR":4.252985,"USDMZN":63.95994,"USDNAD":18.009922,"USDNGN":1530.179962,"USDNIO":36.750081,"USDNOK":10.30502,"USDNPR":139.9101,"USDNZD":1.69447,"USDOMR":0.384507,"USDPAB":1.000438,"USDPEN":3.569031,"USDPGK":4.13025,"USDPHP":58.031026,"USDPKR":283.250011,"USDPLN":3.738202,"USDPYG":7492.815376,"USDQAR":3.64075,"USDRON":4.438011,"USDRSD":102.486,"USDRUB":81.095112,"USDRWF":1440,"USDSAR":3.751367,"USDSBD":8.244163,"USDSCR":14.145159,"USDSDG":600.496037,"USDSEK":9.779685,"USDSGD":1.29388,"USDSHP":0.785843,"USDSLE":23.000327,"USDSLL":20969.503947,"USDSOS":571.489005,"USDSRD":36.669865,"USDSTD":20697.981008,"USDSTN":21.575,"USDSVC":8.753321,"USDSYP":13001.94935,"USDSZL":18.010227,"USDTHB":32.695041,"USDTJS":9.563891,"USDTMT":3.51,"USDTND":2.880027,"USDTOP":2.342099,"USDTRY":40.596185,"USDTTD":6.788933,"USDTWD":29.890394,"USDTZS":2570.000021,"USDUAH":41.765937,"USDUGX":3586.538128,"USDUYU":40.034504,"USDUZS":12604.999718,"USDVES":123.721575,"USDVND":26227.5,"USDVUV":119.475888,"USDWST":2.757115,"USDXAF":568.669132,"USDXAG":0.027027,"USDXAU":0.000304,"USDXCD":2.70255,"USDXCG":1.80294,"USDXDR":0.69341,"USDXOF":566.50795,"USDXPF":104.924946,"USDYER":240.649934,"USDZAR":17.994565,"USDZMK":9001.205351,"USDZMW":22.984061,"USDZWL":321.999592}}