{"success":true,"terms":"https:\/\/currencylayer.com\/terms","privacy":"https:\/\/currencylayer.com\/privacy","timestamp":1772157908,"source":"USD","quotes":{"USDAED":3.672504,"USDAFN":62.496714,"USDALL":81.717639,"USDAMD":376.873298,"USDANG":1.789731,"USDAOA":917.000338,"USDARS":1408.500325,"USDAUD":1.407658,"USDAWG":1.79625,"USDAZN":1.666171,"USDBAM":1.658751,"USDBBD":2.016589,"USDBDT":122.332666,"USDBGN":1.647646,"USDBHD":0.377082,"USDBIF":2969.454351,"USDBMD":1,"USDBND":1.264826,"USDBOB":6.919094,"USDBRL":5.138603,"USDBSD":1.001132,"USDBTC":1.4836839e-5,"USDBTN":90.979331,"USDBWP":13.155906,"USDBYN":2.889553,"USDBYR":19600,"USDBZD":2.013621,"USDCAD":1.36774,"USDCDF":2155.000211,"USDCHF":0.773795,"USDCLF":0.021924,"USDCLP":865.670034,"USDCNY":6.841405,"USDCNH":6.85365,"USDCOP":3766.71,"USDCRC":473.862986,"USDCUC":1,"USDCUP":26.5,"USDCVE":93.522465,"USDCZK":20.5639,"USDDJF":178.268374,"USDDKK":6.336305,"USDDOP":60.572907,"USDDZD":129.862519,"USDEGP":47.953596,"USDERN":15,"USDETB":155.134491,"USDEUR":0.847975,"USDFJD":2.19495,"USDFKP":0.738003,"USDGBP":0.741825,"USDGEL":2.670099,"USDGGP":0.738003,"USDGHS":10.670953,"USDGIP":0.738003,"USDGMD":73.000088,"USDGNF":8782.117883,"USDGTQ":7.682071,"USDGYD":209.381811,"USDHKD":7.822595,"USDHNL":26.495346,"USDHRK":6.389402,"USDHTG":131.300067,"USDHUF":318.498506,"USDIDR":16782,"USDILS":3.130275,"USDIMP":0.738003,"USDINR":90.97625,"USDIQD":1311.477217,"USDIRR":1314046.000397,"USDISK":121.510086,"USDJEP":0.738003,"USDJMD":155.976507,"USDJOD":0.708978,"USDJPY":155.944984,"USDKES":128.999884,"USDKGS":87.450305,"USDKHR":4010.754375,"USDKMF":418.000277,"USDKPW":899.996575,"USDKRW":1438.53964,"USDKWD":0.30666,"USDKYD":0.834383,"USDKZT":499.552615,"USDLAK":21444.691813,"USDLBP":89638.318173,"USDLKR":309.42052,"USDLRD":183.704885,"USDLSL":15.90518,"USDLTL":2.95274,"USDLVL":0.60489,"USDLYD":6.325181,"USDMAD":9.172667,"USDMDL":17.140555,"USDMGA":4231.079448,"USDMKD":52.282288,"USDMMK":2100.062479,"USDMNT":3568.923913,"USDMOP":8.065051,"USDMRU":39.972012,"USDMUR":46.309674,"USDMVR":15.459601,"USDMWK":1736.233912,"USDMXN":17.205789,"USDMYR":3.889996,"USDMZN":63.904987,"USDNAD":15.90518,"USDNGN":1353.970026,"USDNIO":36.843065,"USDNOK":9.559205,"USDNPR":145.566652,"USDNZD":1.672902,"USDOMR":0.384517,"USDPAB":1.001115,"USDPEN":3.358296,"USDPGK":4.307857,"USDPHP":57.660499,"USDPKR":279.782963,"USDPLN":3.58025,"USDPYG":6447.963225,"USDQAR":3.648299,"USDRON":4.320704,"USDRSD":99.59597,"USDRUB":76.874663,"USDRWF":1459.508513,"USDSAR":3.750609,"USDSBD":8.04851,"USDSCR":13.568493,"USDSDG":601.491712,"USDSEK":9.056515,"USDSGD":1.26481,"USDSHP":0.750259,"USDSLE":24.496025,"USDSLL":20969.49935,"USDSOS":571.125671,"USDSRD":37.797003,"USDSTD":20697.981008,"USDSTN":20.779353,"USDSVC":8.761953,"USDSYP":110.750917,"USDSZL":15.902499,"USDTHB":31.100081,"USDTJS":9.51135,"USDTMT":3.51,"USDTND":2.880066,"USDTOP":2.40776,"USDTRY":43.957302,"USDTTD":6.793461,"USDTWD":31.313004,"USDTZS":2556.162017,"USDUAH":43.252974,"USDUGX":3603.796148,"USDUYU":38.326979,"USDUZS":12141.704302,"USDVES":410.571865,"USDVND":26035,"USDVUV":118.964651,"USDWST":2.714572,"USDXAF":556.33187,"USDXAG":0.011153,"USDXAU":0.000193,"USDXCD":2.70255,"USDXCG":1.804296,"USDXDR":0.691898,"USDXOF":556.339133,"USDXPF":101.147086,"USDYER":238.488769,"USDZAR":15.93785,"USDZMK":9001.198421,"USDZMW":18.743586,"USDZWL":321.999592}}