{"success":true,"terms":"https:\/\/currencylayer.com\/terms","privacy":"https:\/\/currencylayer.com\/privacy","timestamp":1771812667,"source":"USD","quotes":{"USDAED":3.672498,"USDAFN":62.999959,"USDALL":81.555516,"USDAMD":374.58884,"USDANG":1.789731,"USDAOA":916.99981,"USDARS":1371.013104,"USDAUD":1.413248,"USDAWG":1.8,"USDAZN":1.698233,"USDBAM":1.653772,"USDBBD":2.004008,"USDBDT":121.593398,"USDBGN":1.647646,"USDBHD":0.375265,"USDBIF":2950.724025,"USDBMD":1,"USDBND":1.2627,"USDBOB":6.875354,"USDBRL":5.184398,"USDBSD":0.994986,"USDBTC":1.5463168e-5,"USDBTN":90.487304,"USDBWP":13.174873,"USDBYN":2.853229,"USDBYR":19600,"USDBZD":2.001133,"USDCAD":1.366415,"USDCDF":2279.999632,"USDCHF":0.771395,"USDCLF":0.021864,"USDCLP":863.310465,"USDCNY":6.90875,"USDCNH":6.886905,"USDCOP":3699.93,"USDCRC":474.873798,"USDCUC":1,"USDCUP":26.5,"USDCVE":93.237107,"USDCZK":20.48845,"USDDJF":177.189823,"USDDKK":6.31709,"USDDOP":61.160295,"USDDZD":129.607739,"USDEGP":47.40033,"USDERN":15,"USDETB":154.843273,"USDEUR":0.84556,"USDFJD":2.22225,"USDFKP":0.741846,"USDGBP":0.739535,"USDGEL":2.675002,"USDGGP":0.741846,"USDGHS":10.93495,"USDGIP":0.741846,"USDGMD":73.495433,"USDGNF":8729.695678,"USDGTQ":7.634679,"USDGYD":208.137795,"USDHKD":7.815395,"USDHNL":26.323533,"USDHRK":6.370197,"USDHTG":130.42118,"USDHUF":321.493497,"USDIDR":16841,"USDILS":3.115575,"USDIMP":0.741846,"USDINR":90.76895,"USDIQD":1303.513296,"USDIRR":42125.000158,"USDISK":122.519814,"USDJEP":0.741846,"USDJMD":155.03581,"USDJOD":0.708959,"USDJPY":154.179501,"USDKES":128.260238,"USDKGS":87.450025,"USDKHR":4001.268365,"USDKMF":418.000467,"USDKPW":900.008676,"USDKRW":1443.43057,"USDKWD":0.306659,"USDKYD":0.829155,"USDKZT":496.621993,"USDLAK":21320.762694,"USDLBP":89103.223761,"USDLKR":307.851013,"USDLRD":183.582355,"USDLSL":16.029595,"USDLTL":2.95274,"USDLVL":0.60489,"USDLYD":6.294445,"USDMAD":9.123648,"USDMDL":17.089103,"USDMGA":4258.305641,"USDMKD":52.12134,"USDMMK":2100.077619,"USDMNT":3567.724943,"USDMOP":8.009639,"USDMRU":39.840018,"USDMUR":46.420288,"USDMVR":15.459726,"USDMWK":1725.391712,"USDMXN":17.159805,"USDMYR":3.886021,"USDMZN":63.904998,"USDNAD":16.029595,"USDNGN":1339.430089,"USDNIO":36.613466,"USDNOK":9.509798,"USDNPR":144.779855,"USDNZD":1.669765,"USDOMR":0.38318,"USDPAB":0.994986,"USDPEN":3.342311,"USDPGK":4.339499,"USDPHP":57.928502,"USDPKR":278.079535,"USDPLN":3.57148,"USDPYG":6433.119403,"USDQAR":3.626747,"USDRON":4.308596,"USDRSD":99.285503,"USDRUB":76.432044,"USDRWF":1453.201762,"USDSAR":3.751502,"USDSBD":8.045182,"USDSCR":15.167962,"USDSDG":601.499382,"USDSEK":9.024835,"USDSGD":1.26465,"USDSHP":0.750259,"USDSLE":24.497886,"USDSLL":20969.49935,"USDSOS":567.633157,"USDSRD":37.635497,"USDSTD":20697.981008,"USDSTN":20.716626,"USDSVC":8.705872,"USDSYP":11059.574895,"USDSZL":16.024454,"USDTHB":31.035054,"USDTJS":9.427716,"USDTMT":3.5,"USDTND":2.8889,"USDTOP":2.40776,"USDTRY":43.8341,"USDTTD":6.734875,"USDTWD":31.473803,"USDTZS":2564.623024,"USDUAH":43.067401,"USDUGX":3581.847239,"USDUYU":38.608863,"USDUZS":12151.780996,"USDVES":401.83138,"USDVND":25970,"USDVUV":118.401697,"USDWST":2.714426,"USDXAF":554.65953,"USDXAG":0.01146,"USDXAU":0.000194,"USDXCD":2.70255,"USDXCG":1.793261,"USDXDR":0.689818,"USDXOF":554.65953,"USDXPF":100.843463,"USDYER":238.450261,"USDZAR":16.01529,"USDZMK":9001.198278,"USDZMW":18.840212,"USDZWL":321.999592}}