{"success":true,"terms":"https:\/\/currencylayer.com\/terms","privacy":"https:\/\/currencylayer.com\/privacy","timestamp":1760664244,"source":"USD","quotes":{"USDAED":3.672502,"USDAFN":66.201406,"USDALL":82.644628,"USDAMD":380.965397,"USDANG":1.789982,"USDAOA":916.999832,"USDARS":1405.506202,"USDAUD":1.54177,"USDAWG":1.8,"USDAZN":1.703071,"USDBAM":1.670639,"USDBBD":2.005236,"USDBDT":121.26182,"USDBGN":1.67016,"USDBHD":0.376985,"USDBIF":2934.448355,"USDBMD":1,"USDBND":1.290019,"USDBOB":6.879703,"USDBRL":5.445801,"USDBSD":0.995579,"USDBTC":9.182399e-6,"USDBTN":87.470049,"USDBWP":13.298368,"USDBYN":3.391092,"USDBYR":19600,"USDBZD":2.002332,"USDCAD":1.40414,"USDCDF":2114.999919,"USDCHF":0.791275,"USDCLF":0.02435,"USDCLP":955.24012,"USDCNY":7.123972,"USDCNH":7.119685,"USDCOP":3862.5,"USDCRC":500.568051,"USDCUC":1,"USDCUP":26.5,"USDCVE":94.186434,"USDCZK":20.743198,"USDDJF":177.289365,"USDDKK":6.381865,"USDDOP":62.98957,"USDDZD":130.063257,"USDEGP":47.599902,"USDERN":15,"USDETB":147.199211,"USDEUR":0.854405,"USDFJD":2.273299,"USDFKP":0.746654,"USDGBP":0.743931,"USDGEL":2.704986,"USDGGP":0.746654,"USDGHS":10.67719,"USDGIP":0.746654,"USDGMD":71.999607,"USDGNF":8640.277446,"USDGTQ":7.625483,"USDGYD":208.290625,"USDHKD":7.76712,"USDHNL":26.149982,"USDHRK":6.436598,"USDHTG":130.274712,"USDHUF":333.109005,"USDIDR":16576.95,"USDILS":3.297102,"USDIMP":0.746654,"USDINR":87.887298,"USDIQD":1304.273548,"USDIRR":42074.999954,"USDISK":120.989959,"USDJEP":0.746654,"USDJMD":160.002392,"USDJOD":0.709005,"USDJPY":150.258499,"USDKES":128.840134,"USDKGS":87.450215,"USDKHR":4005.364404,"USDKMF":421.99976,"USDKPW":900.038713,"USDKRW":1417.785035,"USDKWD":0.30562,"USDKYD":0.829682,"USDKZT":534.573628,"USDLAK":21606.061383,"USDLBP":89156.263213,"USDLKR":301.659705,"USDLRD":182.194033,"USDLSL":17.234366,"USDLTL":2.95274,"USDLVL":0.60489,"USDLYD":5.403743,"USDMAD":9.176127,"USDMDL":16.796149,"USDMGA":4433.358675,"USDMKD":52.643718,"USDMMK":2099.376681,"USDMNT":3595.517312,"USDMOP":7.971111,"USDMRU":39.874602,"USDMUR":45.196877,"USDMVR":15.310441,"USDMWK":1726.447248,"USDMXN":18.432385,"USDMYR":4.223497,"USDMZN":63.901675,"USDNAD":17.234366,"USDNGN":1462.309996,"USDNIO":36.636826,"USDNOK":10.06358,"USDNPR":139.952335,"USDNZD":1.744774,"USDOMR":0.384502,"USDPAB":0.995567,"USDPEN":3.389027,"USDPGK":4.185602,"USDPHP":58.094501,"USDPKR":281.847737,"USDPLN":3.633895,"USDPYG":7039.468345,"USDQAR":3.628909,"USDRON":4.345497,"USDRSD":100.080139,"USDRUB":80.498306,"USDRWF":1445.155338,"USDSAR":3.750336,"USDSBD":8.237372,"USDSCR":14.825571,"USDSDG":601.501466,"USDSEK":9.420635,"USDSGD":1.292845,"USDSHP":0.750259,"USDSLE":23.119717,"USDSLL":20969.499529,"USDSOS":568.990407,"USDSRD":39.241503,"USDSTD":20697.981008,"USDSTN":20.928008,"USDSVC":8.711102,"USDSYP":13002.6477,"USDSZL":17.222543,"USDTHB":32.570503,"USDTJS":9.159587,"USDTMT":3.5,"USDTND":2.918229,"USDTOP":2.342104,"USDTRY":41.949692,"USDTTD":6.757553,"USDTWD":30.650499,"USDTZS":2451.559491,"USDUAH":41.450793,"USDUGX":3452.576192,"USDUYU":39.976936,"USDUZS":12179.996412,"USDVES":201.21765,"USDVND":26335,"USDVUV":122.596043,"USDWST":2.809024,"USDXAF":560.326138,"USDXAG":0.018586,"USDXAU":0.00023,"USDXCD":2.70255,"USDXCG":1.794326,"USDXDR":0.696866,"USDXOF":560.323745,"USDXPF":101.871546,"USDYER":238.901559,"USDZAR":17.324815,"USDZMK":9001.195518,"USDZMW":22.525274,"USDZWL":321.999592}}