{"success":true,"terms":"https:\/\/currencylayer.com\/terms","privacy":"https:\/\/currencylayer.com\/privacy","timestamp":1771207868,"source":"USD","quotes":{"USDAED":3.672504,"USDAFN":63.520523,"USDALL":81.288822,"USDAMD":376.301041,"USDANG":1.789731,"USDAOA":916.999718,"USDARS":1396.456298,"USDAUD":1.41206,"USDAWG":1.8,"USDAZN":1.705277,"USDBAM":1.648308,"USDBBD":2.013148,"USDBDT":122.236737,"USDBGN":1.647646,"USDBHD":0.376821,"USDBIF":2948.551009,"USDBMD":1,"USDBND":1.263342,"USDBOB":6.906578,"USDBRL":5.2247,"USDBSD":0.999486,"USDBTC":1.4606174e-5,"USDBTN":90.53053,"USDBWP":13.182358,"USDBYN":2.864548,"USDBYR":19600,"USDBZD":2.010198,"USDCAD":1.36168,"USDCDF":2254.999896,"USDCHF":0.76847,"USDCLF":0.021845,"USDCLP":862.580023,"USDCNY":6.90865,"USDCNH":6.900202,"USDCOP":3662.29826,"USDCRC":484.785146,"USDCUC":1,"USDCUP":26.5,"USDCVE":92.92908,"USDCZK":20.44905,"USDDJF":177.984172,"USDDKK":6.296851,"USDDOP":62.26691,"USDDZD":129.063197,"USDEGP":46.6461,"USDERN":15,"USDETB":155.660701,"USDEUR":0.842898,"USDFJD":2.19355,"USDFKP":0.732487,"USDGBP":0.733055,"USDGEL":2.675014,"USDGGP":0.732487,"USDGHS":10.999115,"USDGIP":0.732487,"USDGMD":73.514885,"USDGNF":8772.528644,"USDGTQ":7.665922,"USDGYD":209.102018,"USDHKD":7.814325,"USDHNL":26.408654,"USDHRK":6.350993,"USDHTG":131.053315,"USDHUF":319.230089,"USDIDR":16832,"USDILS":3.09073,"USDIMP":0.732487,"USDINR":90.58835,"USDIQD":1309.386352,"USDIRR":42125.000158,"USDISK":122.219588,"USDJEP":0.732487,"USDJMD":156.425805,"USDJOD":0.708975,"USDJPY":153.041972,"USDKES":128.8804,"USDKGS":87.450208,"USDKHR":4020.092032,"USDKMF":415.000074,"USDKPW":900.035341,"USDKRW":1442.600781,"USDKWD":0.30661,"USDKYD":0.832947,"USDKZT":494.618672,"USDLAK":21449.461024,"USDLBP":89505.356044,"USDLKR":309.057656,"USDLRD":186.346972,"USDLSL":16.041753,"USDLTL":2.95274,"USDLVL":0.60489,"USDLYD":6.301675,"USDMAD":9.139185,"USDMDL":16.971623,"USDMGA":4372.487379,"USDMKD":51.950241,"USDMMK":2099.386751,"USDMNT":3566.581342,"USDMOP":8.049153,"USDMRU":39.835483,"USDMUR":45.905167,"USDMVR":15.405007,"USDMWK":1733.150163,"USDMXN":17.16695,"USDMYR":3.903989,"USDMZN":63.909707,"USDNAD":16.041753,"USDNGN":1353.901488,"USDNIO":36.779052,"USDNOK":9.5036,"USDNPR":144.854004,"USDNZD":1.656465,"USDOMR":0.382786,"USDPAB":0.999536,"USDPEN":3.353336,"USDPGK":4.290645,"USDPHP":57.905504,"USDPKR":279.547412,"USDPLN":3.54861,"USDPYG":6555.415086,"USDQAR":3.642577,"USDRON":4.272101,"USDRSD":98.962503,"USDRUB":77.230068,"USDRWF":1459.237596,"USDSAR":3.750099,"USDSBD":8.045182,"USDSCR":13.539995,"USDSDG":601.500479,"USDSEK":8.916701,"USDSGD":1.262605,"USDSHP":0.750259,"USDSLE":24.449899,"USDSLL":20969.49935,"USDSOS":570.751914,"USDSRD":37.754013,"USDSTD":20697.981008,"USDSTN":20.648358,"USDSVC":8.745818,"USDSYP":11059.574895,"USDSZL":16.038634,"USDTHB":31.039012,"USDTJS":9.429944,"USDTMT":3.5,"USDTND":2.881716,"USDTOP":2.40776,"USDTRY":43.7131,"USDTTD":6.784604,"USDTWD":31.350338,"USDTZS":2604.330149,"USDUAH":43.104989,"USDUGX":3537.988285,"USDUYU":38.531878,"USDUZS":12284.028656,"USDVES":392.73007,"USDVND":25970,"USDVUV":119.056861,"USDWST":2.712216,"USDXAF":552.845741,"USDXAG":0.012988,"USDXAU":0.000199,"USDXCD":2.70255,"USDXCG":1.801333,"USDXDR":0.687563,"USDXOF":552.845741,"USDXPF":100.512423,"USDYER":238.34986,"USDZAR":15.940704,"USDZMK":9001.197724,"USDZMW":18.166035,"USDZWL":321.999592}}