{"success":true,"terms":"https:\/\/currencylayer.com\/terms","privacy":"https:\/\/currencylayer.com\/privacy","timestamp":1751938924,"source":"USD","quotes":{"USDAED":3.6725,"USDAFN":69.769422,"USDALL":83.375907,"USDAMD":383.424939,"USDANG":1.789623,"USDAOA":916.999945,"USDARS":1262.006503,"USDAUD":1.53551,"USDAWG":1.8,"USDAZN":1.694587,"USDBAM":1.665311,"USDBBD":2.016186,"USDBDT":122.12681,"USDBGN":1.665345,"USDBHD":0.376957,"USDBIF":2974.851951,"USDBMD":1,"USDBND":1.277199,"USDBOB":6.900398,"USDBRL":5.487901,"USDBSD":0.998599,"USDBTC":9.26535e-6,"USDBTN":85.726085,"USDBWP":13.322945,"USDBYN":3.267927,"USDBYR":19600,"USDBZD":2.005798,"USDCAD":1.365935,"USDCDF":2885.000244,"USDCHF":0.796845,"USDCLF":0.024533,"USDCLP":941.439904,"USDCNY":7.174899,"USDCNH":7.174895,"USDCOP":4032.1,"USDCRC":504.325466,"USDCUC":1,"USDCUP":26.5,"USDCVE":93.889298,"USDCZK":20.990057,"USDDJF":177.820162,"USDDKK":6.353195,"USDDOP":59.764654,"USDDZD":129.628494,"USDEGP":49.676199,"USDERN":15,"USDETB":138.586305,"USDEUR":0.85162,"USDFJD":2.24775,"USDFKP":0.732656,"USDGBP":0.73368,"USDGEL":2.710022,"USDGGP":0.732656,"USDGHS":10.385508,"USDGIP":0.732656,"USDGMD":71.498148,"USDGNF":8660.260804,"USDGTQ":7.676162,"USDGYD":208.919258,"USDHKD":7.849915,"USDHNL":26.08903,"USDHRK":6.419203,"USDHTG":130.631916,"USDHUF":340.6315,"USDIDR":16266,"USDILS":3.342685,"USDIMP":0.732656,"USDINR":85.7769,"USDIQD":1308.118372,"USDIRR":42124.999442,"USDISK":121.440284,"USDJEP":0.732656,"USDJMD":159.378087,"USDJOD":0.709003,"USDJPY":146.082018,"USDKES":129.020134,"USDKGS":87.450132,"USDKHR":4011.256381,"USDKMF":420.498241,"USDKPW":900.000531,"USDKRW":1368.809983,"USDKWD":0.30529,"USDKYD":0.832145,"USDKZT":518.73454,"USDLAK":21518.249045,"USDLBP":89471.622766,"USDLKR":300.439782,"USDLRD":200.218832,"USDLSL":17.730162,"USDLTL":2.95274,"USDLVL":0.60489,"USDLYD":5.378711,"USDMAD":8.988399,"USDMDL":16.846255,"USDMGA":4379.108341,"USDMKD":52.408571,"USDMMK":2099.541197,"USDMNT":3583.600295,"USDMOP":8.074265,"USDMRU":39.59419,"USDMUR":44.980345,"USDMVR":15.401245,"USDMWK":1731.208065,"USDMXN":18.626705,"USDMYR":4.240901,"USDMZN":63.960281,"USDNAD":17.730313,"USDNGN":1529.580281,"USDNIO":36.749273,"USDNOK":10.106005,"USDNPR":137.158986,"USDNZD":1.663135,"USDOMR":0.384494,"USDPAB":0.998425,"USDPEN":3.543406,"USDPGK":4.186676,"USDPHP":56.479001,"USDPKR":283.719219,"USDPLN":3.619293,"USDPYG":7957.801344,"USDQAR":3.650498,"USDRON":4.310702,"USDRSD":99.757269,"USDRUB":78.702004,"USDRWF":1441.96383,"USDSAR":3.750501,"USDSBD":8.336924,"USDSCR":14.674739,"USDSDG":600.508022,"USDSEK":9.50508,"USDSGD":1.278555,"USDSHP":0.785843,"USDSLE":22.498387,"USDSLL":20969.503664,"USDSOS":570.65495,"USDSRD":37.252498,"USDSTD":20697.981008,"USDSVC":8.737819,"USDSYP":13001.92652,"USDSZL":17.725043,"USDTHB":32.510182,"USDTJS":9.611424,"USDTMT":3.51,"USDTND":2.912429,"USDTOP":2.3421,"USDTRY":40.003701,"USDTTD":6.768361,"USDTWD":29.072023,"USDTZS":2640.191984,"USDUAH":41.778635,"USDUGX":3582.178513,"USDUYU":40.079529,"USDUZS":12539.646724,"USDVES":111.28225,"USDVND":26152.5,"USDVUV":118.428418,"USDWST":2.592008,"USDXAF":558.527468,"USDXAG":0.027217,"USDXAU":0.0003,"USDXCD":2.70255,"USDXDR":0.694629,"USDXOF":558.525091,"USDXPF":101.546701,"USDYER":242.15009,"USDZAR":17.822697,"USDZMK":9001.197463,"USDZMW":24.190149,"USDZWL":321.999592}}