{"success":true,"terms":"https:\/\/currencylayer.com\/terms","privacy":"https:\/\/currencylayer.com\/privacy","timestamp":1767836767,"source":"USD","quotes":{"USDAED":3.672499,"USDAFN":65.509666,"USDALL":82.61987,"USDAMD":381.750273,"USDANG":1.790403,"USDAOA":916.9999,"USDARS":1460.487599,"USDAUD":1.48757,"USDAWG":1.8,"USDAZN":1.700541,"USDBAM":1.674071,"USDBBD":2.015167,"USDBDT":122.264164,"USDBGN":1.666695,"USDBHD":0.376935,"USDBIF":2963,"USDBMD":1,"USDBND":1.282216,"USDBOB":6.928752,"USDBRL":5.384901,"USDBSD":1.000522,"USDBTC":1.0955146e-5,"USDBTN":89.986604,"USDBWP":13.362265,"USDBYN":2.941735,"USDBYR":19600,"USDBZD":2.012206,"USDCAD":1.38648,"USDCDF":2244.498806,"USDCHF":0.79798,"USDCLF":0.022823,"USDCLP":895.339789,"USDCNY":6.99725,"USDCNH":6.994755,"USDCOP":3752.5,"USDCRC":497.393627,"USDCUC":1,"USDCUP":26.5,"USDCVE":94.575015,"USDCZK":20.806199,"USDDJF":177.719934,"USDDKK":6.401165,"USDDOP":63.399678,"USDDZD":129.938975,"USDEGP":47.248702,"USDERN":15,"USDETB":155.374982,"USDEUR":0.85664,"USDFJD":2.272303,"USDFKP":0.740905,"USDGBP":0.74324,"USDGEL":2.684979,"USDGGP":0.740905,"USDGHS":10.714982,"USDGIP":0.740905,"USDGMD":72.999541,"USDGNF":8740.999961,"USDGTQ":7.669329,"USDGYD":209.332483,"USDHKD":7.78775,"USDHNL":26.429995,"USDHRK":6.453902,"USDHTG":131.020551,"USDHUF":329.402497,"USDIDR":16760,"USDILS":3.169525,"USDIMP":0.740905,"USDINR":89.91435,"USDIQD":1310,"USDIRR":42125.000158,"USDISK":126.090267,"USDJEP":0.740905,"USDJMD":158.393892,"USDJOD":0.708972,"USDJPY":156.9425,"USDKES":128.999924,"USDKGS":87.443497,"USDKHR":4024.501353,"USDKMF":422.501068,"USDKPW":900.012534,"USDKRW":1449.250152,"USDKWD":0.30725,"USDKYD":0.833783,"USDKZT":510.592404,"USDLAK":21600.000089,"USDLBP":89550.000064,"USDLKR":310.27399,"USDLRD":179.500338,"USDLSL":16.459735,"USDLTL":2.95274,"USDLVL":0.60489,"USDLYD":5.414976,"USDMAD":9.2145,"USDMDL":16.728723,"USDMGA":4595.000512,"USDMKD":52.723784,"USDMMK":2099.886973,"USDMNT":3558.449574,"USDMOP":8.023401,"USDMRU":39.719747,"USDMUR":46.449707,"USDMVR":15.449951,"USDMWK":1736.000299,"USDMXN":17.98625,"USDMYR":4.062498,"USDMZN":63.90702,"USDNAD":16.46016,"USDNGN":1424.840019,"USDNIO":36.785006,"USDNOK":10.088205,"USDNPR":143.977951,"USDNZD":1.733955,"USDOMR":0.384501,"USDPAB":1.000668,"USDPEN":3.363502,"USDPGK":4.26825,"USDPHP":59.220206,"USDPKR":280.075022,"USDPLN":3.605735,"USDPYG":6756.028041,"USDQAR":3.64125,"USDRON":4.358601,"USDRSD":100.484982,"USDRUB":80.499681,"USDRWF":1455,"USDSAR":3.749963,"USDSBD":8.594038,"USDSCR":13.712724,"USDSDG":601.495865,"USDSEK":9.182735,"USDSGD":1.28374,"USDSHP":0.750259,"USDSLE":24.09567,"USDSLL":20969.503664,"USDSOS":571.500625,"USDSRD":38.215027,"USDSTD":20697.981008,"USDSTN":21.35,"USDSVC":8.754676,"USDSYP":11057.972941,"USDSZL":16.459749,"USDTHB":31.379633,"USDTJS":9.290113,"USDTMT":3.51,"USDTND":2.8915,"USDTOP":2.40776,"USDTRY":43.044801,"USDTTD":6.783419,"USDTWD":31.518098,"USDTZS":2475.000296,"USDUAH":42.834656,"USDUGX":3605.26924,"USDUYU":38.962929,"USDUZS":12010.000239,"USDVES":311.541545,"USDVND":26274,"USDVUV":120.776234,"USDWST":2.775529,"USDXAF":561.467615,"USDXAG":0.012729,"USDXAU":0.000225,"USDXCD":2.70255,"USDXCG":1.803234,"USDXDR":0.697518,"USDXOF":560.502165,"USDXPF":102.50406,"USDYER":238.450328,"USDZAR":16.458355,"USDZMK":9001.192693,"USDZMW":19.985107,"USDZWL":321.999592}}