{"success":true,"terms":"https:\/\/currencylayer.com\/terms","privacy":"https:\/\/currencylayer.com\/privacy","timestamp":1757294768,"source":"USD","quotes":{"USDAED":3.672501,"USDAFN":68.264659,"USDALL":82.911506,"USDAMD":380.976754,"USDANG":1.789783,"USDAOA":916.999642,"USDARS":1360.4201,"USDAUD":1.525774,"USDAWG":1.8025,"USDAZN":1.705597,"USDBAM":1.669505,"USDBBD":2.010098,"USDBDT":121.461222,"USDBGN":1.669526,"USDBHD":0.376861,"USDBIF":2977.660928,"USDBMD":1,"USDBND":1.284091,"USDBOB":6.891875,"USDBRL":5.413984,"USDBSD":0.998045,"USDBTC":9.021241e-6,"USDBTN":88.031563,"USDBWP":13.418069,"USDBYN":3.372386,"USDBYR":19600,"USDBZD":2.007205,"USDCAD":1.384135,"USDCDF":2875.000155,"USDCHF":0.79842,"USDCLF":0.024655,"USDCLP":967.209756,"USDCNY":7.13285,"USDCNH":7.12628,"USDCOP":3968.24,"USDCRC":505.689433,"USDCUC":1,"USDCUP":26.5,"USDCVE":94.0627,"USDCZK":20.827975,"USDDJF":177.722388,"USDDKK":6.376555,"USDDOP":63.11728,"USDDZD":129.834311,"USDEGP":48.591503,"USDERN":15,"USDETB":142.765158,"USDEUR":0.85403,"USDFJD":2.2528,"USDFKP":0.74048,"USDGBP":0.741185,"USDGEL":2.707781,"USDGGP":0.74048,"USDGHS":12.068245,"USDGIP":0.74048,"USDGMD":71.496617,"USDGNF":8650.595828,"USDGTQ":7.649392,"USDGYD":208.667093,"USDHKD":7.799025,"USDHNL":26.148344,"USDHRK":6.432301,"USDHTG":130.441834,"USDHUF":335.825993,"USDIDR":16371.05,"USDILS":3.346245,"USDIMP":0.74048,"USDINR":88.223198,"USDIQD":1307.485798,"USDIRR":42075.000474,"USDISK":122.130242,"USDJEP":0.74048,"USDJMD":159.696791,"USDJOD":0.70897,"USDJPY":148.361955,"USDKES":129.143779,"USDKGS":87.449851,"USDKHR":4001.707213,"USDKMF":420.498055,"USDKPW":899.957587,"USDKRW":1388.080299,"USDKWD":0.30552,"USDKYD":0.831679,"USDKZT":536.353432,"USDLAK":21652.859405,"USDLBP":89372.463156,"USDLKR":301.352557,"USDLRD":199.974408,"USDLSL":17.642992,"USDLTL":2.95274,"USDLVL":0.60489,"USDLYD":5.417887,"USDMAD":9.064278,"USDMDL":16.751388,"USDMGA":4438.829515,"USDMKD":52.531616,"USDMMK":2099.79447,"USDMNT":3595.654581,"USDMOP":8.021016,"USDMRU":40.011268,"USDMUR":46.070164,"USDMVR":15.409951,"USDMWK":1730.545976,"USDMXN":18.725455,"USDMYR":4.21984,"USDMZN":63.900372,"USDNAD":17.642992,"USDNGN":1521.430302,"USDNIO":36.731001,"USDNOK":10.035302,"USDNPR":140.944284,"USDNZD":1.698265,"USDOMR":0.384408,"USDPAB":0.997398,"USDPEN":3.515453,"USDPGK":4.165689,"USDPHP":56.819501,"USDPKR":283.201222,"USDPLN":3.631635,"USDPYG":7193.433975,"USDQAR":3.645383,"USDRON":4.3353,"USDRSD":100.026889,"USDRUB":81.27363,"USDRWF":1445.601096,"USDSAR":3.752202,"USDSBD":8.223823,"USDSCR":14.78668,"USDSDG":600.499211,"USDSEK":9.392825,"USDSGD":1.28533,"USDSHP":0.785843,"USDSLE":23.249792,"USDSLL":20969.49797,"USDSOS":570.394462,"USDSRD":38.877494,"USDSTD":20697.981008,"USDSTN":20.913805,"USDSVC":8.732506,"USDSYP":13002.099791,"USDSZL":17.637368,"USDTHB":32.090471,"USDTJS":9.425123,"USDTMT":3.51,"USDTND":2.916784,"USDTOP":2.342099,"USDTRY":41.261601,"USDTTD":6.773454,"USDTWD":30.499048,"USDTZS":2501.72198,"USDUAH":41.139669,"USDUGX":3508.637236,"USDUYU":39.957347,"USDUZS":12412.450864,"USDVES":152.63057,"USDVND":26400,"USDVUV":120.159591,"USDWST":2.775446,"USDXAF":559.93871,"USDXAG":0.024485,"USDXAU":0.000279,"USDXCD":2.70255,"USDXCG":1.798657,"USDXDR":0.696384,"USDXOF":559.93393,"USDXPF":101.802413,"USDYER":240.10253,"USDZAR":17.606815,"USDZMK":9001.196166,"USDZMW":23.827978,"USDZWL":321.999592}}