{"success":true,"terms":"https:\/\/currencylayer.com\/terms","privacy":"https:\/\/currencylayer.com\/privacy","timestamp":1754877004,"source":"USD","quotes":{"USDAED":3.672498,"USDAFN":68.232749,"USDALL":83.558715,"USDAMD":383.502854,"USDANG":1.789699,"USDAOA":916.999725,"USDARS":1323.889102,"USDAUD":1.533472,"USDAWG":1.8025,"USDAZN":1.696673,"USDBAM":1.678726,"USDBBD":2.017189,"USDBDT":121.342432,"USDBGN":1.679231,"USDBHD":0.376664,"USDBIF":2978.990118,"USDBMD":1,"USDBND":1.283861,"USDBOB":6.900991,"USDBRL":5.433796,"USDBSD":0.999064,"USDBTC":8.356313e-6,"USDBTN":87.452899,"USDBWP":13.442146,"USDBYN":3.297455,"USDBYR":19600,"USDBZD":2.0068,"USDCAD":1.375435,"USDCDF":2890.000147,"USDCHF":0.807135,"USDCLF":0.024682,"USDCLP":968.279902,"USDCNY":7.181495,"USDCNH":7.18878,"USDCOP":4044.89,"USDCRC":506.224779,"USDCUC":1,"USDCUP":26.5,"USDCVE":94.644007,"USDCZK":20.95305,"USDDJF":177.901416,"USDDKK":6.40321,"USDDOP":61.011419,"USDDZD":128.955898,"USDEGP":48.155028,"USDERN":15,"USDETB":138.627715,"USDEUR":0.85795,"USDFJD":2.252302,"USDFKP":0.743868,"USDGBP":0.74353,"USDGEL":2.698224,"USDGGP":0.743868,"USDGHS":10.536887,"USDGIP":0.743868,"USDGMD":72.499126,"USDGNF":8663.249448,"USDGTQ":7.66319,"USDGYD":208.952405,"USDHKD":7.849845,"USDHNL":26.159526,"USDHRK":6.466597,"USDHTG":130.72148,"USDHUF":339.130383,"USDIDR":16256,"USDILS":3.430964,"USDIMP":0.743868,"USDINR":87.533503,"USDIQD":1308.355865,"USDIRR":42124.999829,"USDISK":122.689813,"USDJEP":0.743868,"USDJMD":159.95604,"USDJOD":0.708973,"USDJPY":147.622503,"USDKES":128.989725,"USDKGS":87.450287,"USDKHR":4001.940439,"USDKMF":422.150125,"USDKPW":900,"USDKRW":1388.720028,"USDKWD":0.30553,"USDKYD":0.832325,"USDKZT":539.727909,"USDLAK":21608.514656,"USDLBP":89486.545642,"USDLKR":300.373375,"USDLRD":200.248916,"USDLSL":17.702931,"USDLTL":2.95274,"USDLVL":0.60489,"USDLYD":5.416892,"USDMAD":9.044505,"USDMDL":16.768379,"USDMGA":4408.879578,"USDMKD":52.817476,"USDMMK":2099.737573,"USDMNT":3594.27935,"USDMOP":8.075018,"USDMRU":39.850605,"USDMUR":45.409922,"USDMVR":15.402126,"USDMWK":1732.384873,"USDMXN":18.58556,"USDMYR":4.242497,"USDMZN":63.960111,"USDNAD":17.702931,"USDNGN":1530.630376,"USDNIO":36.765148,"USDNOK":10.27931,"USDNPR":139.966515,"USDNZD":1.67973,"USDOMR":0.38169,"USDPAB":0.998755,"USDPEN":3.535041,"USDPGK":4.213997,"USDPHP":56.999853,"USDPKR":283.47835,"USDPLN":3.642205,"USDPYG":7482.677794,"USDQAR":3.650401,"USDRON":4.345022,"USDRSD":100.553624,"USDRUB":79.710673,"USDRWF":1445.099361,"USDSAR":3.750526,"USDSBD":8.217066,"USDSCR":14.725034,"USDSDG":600.479477,"USDSEK":9.56426,"USDSGD":1.284625,"USDSHP":0.785843,"USDSLE":23.085115,"USDSLL":20969.503947,"USDSOS":570.964931,"USDSRD":37.278985,"USDSTD":20697.981008,"USDSTN":21.03564,"USDSVC":8.738681,"USDSYP":13001.8509,"USDSZL":17.701706,"USDTHB":32.346503,"USDTJS":9.328183,"USDTMT":3.51,"USDTND":2.928973,"USDTOP":2.342101,"USDTRY":40.751502,"USDTTD":6.779108,"USDTWD":29.908697,"USDTZS":2481.868021,"USDUAH":41.327043,"USDUGX":3563.795545,"USDUYU":40.075533,"USDUZS":12578.000944,"USDVES":128.74775,"USDVND":26225,"USDVUV":119.401493,"USDWST":2.653916,"USDXAF":563.200666,"USDXAG":0.026181,"USDXAU":0.000296,"USDXCD":2.70255,"USDXCG":1.800009,"USDXDR":0.700441,"USDXOF":563.203084,"USDXPF":102.364705,"USDYER":240.449821,"USDZAR":17.73005,"USDZMK":9001.213126,"USDZMW":23.152942,"USDZWL":321.999592}}