{"success":true,"terms":"https:\/\/currencylayer.com\/terms","privacy":"https:\/\/currencylayer.com\/privacy","timestamp":1764726008,"source":"USD","quotes":{"USDAED":3.672503,"USDAFN":66.000065,"USDALL":83.249937,"USDAMD":381.239811,"USDANG":1.790055,"USDAOA":916.999984,"USDARS":1456.512605,"USDAUD":1.521294,"USDAWG":1.8025,"USDAZN":1.699485,"USDBAM":1.684843,"USDBBD":2.01467,"USDBDT":122.230454,"USDBGN":1.68146,"USDBHD":0.376998,"USDBIF":2965,"USDBMD":1,"USDBND":1.298295,"USDBOB":6.912296,"USDBRL":5.328402,"USDBSD":1.000314,"USDBTC":1.0884004e-5,"USDBTN":89.994702,"USDBWP":13.368021,"USDBYN":2.903845,"USDBYR":19600,"USDBZD":2.011733,"USDCAD":1.396415,"USDCDF":2215.000029,"USDCHF":0.802098,"USDCLF":0.023553,"USDCLP":923.95951,"USDCNY":7.070501,"USDCNH":7.06209,"USDCOP":3818,"USDCRC":492.574343,"USDCUC":1,"USDCUP":26.5,"USDCVE":95.425017,"USDCZK":20.744503,"USDDJF":177.720097,"USDDKK":6.418299,"USDDOP":63.249772,"USDDZD":130.198966,"USDEGP":47.510294,"USDERN":15,"USDETB":154.449925,"USDEUR":0.85936,"USDFJD":2.26765,"USDFKP":0.756023,"USDGBP":0.75605,"USDGEL":2.703383,"USDGGP":0.756023,"USDGHS":11.375009,"USDGIP":0.756023,"USDGMD":72.494418,"USDGNF":8690.000072,"USDGTQ":7.662687,"USDGYD":209.272676,"USDHKD":7.78415,"USDHNL":26.296786,"USDHRK":6.475398,"USDHTG":130.898847,"USDHUF":327.279856,"USDIDR":16616,"USDILS":3.253245,"USDIMP":0.756023,"USDINR":89.92755,"USDIQD":1310,"USDIRR":42112.496617,"USDISK":127.700622,"USDJEP":0.756023,"USDJMD":160.257404,"USDJOD":0.709027,"USDJPY":155.67102,"USDKES":129.250113,"USDKGS":87.449748,"USDKHR":4002.508602,"USDKMF":425.000208,"USDKPW":899.979922,"USDKRW":1468.844655,"USDKWD":0.30686,"USDKYD":0.833628,"USDKZT":507.14138,"USDLAK":21697.493572,"USDLBP":89484.312366,"USDLKR":308.90562,"USDLRD":177.502396,"USDLSL":17.140157,"USDLTL":2.95274,"USDLVL":0.60489,"USDLYD":5.450323,"USDMAD":9.24875,"USDMDL":16.989568,"USDMGA":4495.000381,"USDMKD":53.019583,"USDMMK":2100.259683,"USDMNT":3556.277985,"USDMOP":8.02207,"USDMRU":39.779818,"USDMUR":46.13951,"USDMVR":15.392482,"USDMWK":1736.99963,"USDMXN":18.2716,"USDMYR":4.128497,"USDMZN":63.909969,"USDNAD":17.14004,"USDNGN":1447.239688,"USDNIO":36.760255,"USDNOK":10.117505,"USDNPR":143.990559,"USDNZD":1.74066,"USDOMR":0.384502,"USDPAB":1.000319,"USDPEN":3.367498,"USDPGK":4.2555,"USDPHP":58.6775,"USDPKR":280.424978,"USDPLN":3.63535,"USDPYG":6937.337399,"USDQAR":3.641099,"USDRON":4.3743,"USDRSD":100.873986,"USDRUB":77.394742,"USDRWF":1450,"USDSAR":3.75382,"USDSBD":8.230592,"USDSCR":15.035913,"USDSDG":601.500338,"USDSEK":9.415565,"USDSGD":1.295625,"USDSHP":0.750259,"USDSLE":22.999946,"USDSLL":20969.498139,"USDSOS":571.498985,"USDSRD":38.541499,"USDSTD":20697.981008,"USDSTN":21.45,"USDSVC":8.752509,"USDSYP":11056.987507,"USDSZL":17.140208,"USDTHB":31.949846,"USDTJS":9.237614,"USDTMT":3.51,"USDTND":2.956502,"USDTOP":2.40776,"USDTRY":42.475605,"USDTTD":6.781296,"USDTWD":31.398502,"USDTZS":2464.516011,"USDUAH":42.302616,"USDUGX":3575.889665,"USDUYU":39.291529,"USDUZS":11915.000227,"USDVES":247.097797,"USDVND":26375,"USDVUV":122.349181,"USDWST":2.800331,"USDXAF":565.075851,"USDXAG":0.017105,"USDXAU":0.000237,"USDXCD":2.70255,"USDXCG":1.802746,"USDXDR":0.70274,"USDXOF":564.496327,"USDXPF":103.250295,"USDYER":238.402175,"USDZAR":17.10069,"USDZMK":9001.197134,"USDZMW":22.981832,"USDZWL":321.999592}}