{"success":true,"terms":"https:\/\/currencylayer.com\/terms","privacy":"https:\/\/currencylayer.com\/privacy","timestamp":1752371593,"source":"USD","quotes":{"USDAED":3.672504,"USDAFN":69.214655,"USDALL":83.647557,"USDAMD":383.908341,"USDANG":1.790403,"USDAOA":917.000367,"USDARS":1260.752854,"USDAUD":1.519295,"USDAWG":1.8025,"USDAZN":1.70397,"USDBAM":1.672267,"USDBBD":2.01864,"USDBDT":121.568124,"USDBGN":1.672267,"USDBHD":0.376983,"USDBIF":2978.838015,"USDBMD":1,"USDBND":1.279295,"USDBOB":6.923176,"USDBRL":5.561904,"USDBSD":0.999786,"USDBTC":8.489289e-6,"USDBTN":85.706468,"USDBWP":13.347869,"USDBYN":3.271771,"USDBYR":19600,"USDBZD":2.008208,"USDCAD":1.36975,"USDCDF":2886.000362,"USDCHF":0.796266,"USDCLF":0.024944,"USDCLP":949.775555,"USDCNY":7.16855,"USDCNH":7.173775,"USDCOP":4013.423966,"USDCRC":504.211021,"USDCUC":1,"USDCUP":26.5,"USDCVE":94.279851,"USDCZK":21.098704,"USDDJF":178.034287,"USDDKK":6.38285,"USDDOP":60.202642,"USDDZD":129.769569,"USDEGP":49.489975,"USDERN":15,"USDETB":137.738703,"USDEUR":0.855404,"USDFJD":2.24225,"USDFKP":0.740605,"USDGBP":0.740851,"USDGEL":2.710391,"USDGGP":0.740605,"USDGHS":10.403856,"USDGIP":0.740605,"USDGMD":71.500007,"USDGNF":8656.000355,"USDGTQ":7.679975,"USDGYD":209.168584,"USDHKD":7.85008,"USDHNL":26.350388,"USDHRK":6.444604,"USDHTG":131.223079,"USDHUF":341.890388,"USDIDR":16229.4,"USDILS":3.33125,"USDIMP":0.740605,"USDINR":85.831857,"USDIQD":1310,"USDIRR":42125.000352,"USDISK":121.810386,"USDJEP":0.740605,"USDJMD":159.875462,"USDJOD":0.70904,"USDJPY":147.39104,"USDKES":129.503801,"USDKGS":87.450384,"USDKHR":4021.00035,"USDKMF":421.149877,"USDKPW":899.984353,"USDKRW":1379.160383,"USDKWD":0.305804,"USDKYD":0.833145,"USDKZT":519.104758,"USDLAK":21530.000349,"USDLBP":89600.000349,"USDLKR":300.657878,"USDLRD":201.000348,"USDLSL":17.730381,"USDLTL":2.95274,"USDLVL":0.60489,"USDLYD":5.395039,"USDMAD":9.002504,"USDMDL":16.877731,"USDMGA":4430.000347,"USDMKD":52.664912,"USDMMK":2099.371826,"USDMNT":3590.088439,"USDMOP":8.083827,"USDMRU":39.703743,"USDMUR":45.460378,"USDMVR":15.403739,"USDMWK":1733.573702,"USDMXN":18.64035,"USDMYR":4.252504,"USDMZN":63.959999,"USDNAD":17.730377,"USDNGN":1528.520377,"USDNIO":36.750377,"USDNOK":10.135704,"USDNPR":137.132313,"USDNZD":1.664586,"USDOMR":0.384493,"USDPAB":1,"USDPEN":3.546504,"USDPGK":4.125039,"USDPHP":56.488497,"USDPKR":284.375038,"USDPLN":3.64905,"USDPYG":7748.406097,"USDQAR":3.640604,"USDRON":4.346804,"USDRSD":100.169038,"USDRUB":78.05652,"USDRWF":1434,"USDSAR":3.750502,"USDSBD":8.336924,"USDSCR":14.597391,"USDSDG":600.503676,"USDSEK":9.562745,"USDSGD":1.280704,"USDSHP":0.785843,"USDSLE":22.503667,"USDSLL":20969.503664,"USDSOS":571.503662,"USDSRD":37.207504,"USDSTD":20697.981008,"USDSVC":8.747921,"USDSYP":13001.968504,"USDSZL":17.730369,"USDTHB":32.444957,"USDTJS":9.662771,"USDTMT":3.51,"USDTND":2.903038,"USDTOP":2.40776,"USDTRY":40.17475,"USDTTD":6.792443,"USDTWD":29.241899,"USDTZS":2592.503631,"USDUAH":41.770787,"USDUGX":3583.481559,"USDUYU":40.648392,"USDUZS":12655.000334,"USDVES":114.26852,"USDVND":26114.5,"USDVUV":119.565982,"USDWST":2.741215,"USDXAF":561.171214,"USDXAG":0.026049,"USDXAU":0.000298,"USDXCD":2.70255,"USDXDR":0.695413,"USDXOF":561.171214,"USDXPF":102.088305,"USDYER":241.849959,"USDZAR":17.94685,"USDZMK":9001.203587,"USDZMW":23.44008,"USDZWL":321.999592}}