{"success":true,"terms":"https:\/\/currencylayer.com\/terms","privacy":"https:\/\/currencylayer.com\/privacy","timestamp":1775961425,"source":"USD","quotes":{"USDAED":3.672504,"USDAFN":64.503991,"USDALL":81.624824,"USDAMD":375.516815,"USDAOA":917.000367,"USDARS":1371.22092,"USDAUD":1.41603,"USDAWG":1.8,"USDAZN":1.70397,"USDBAM":1.667278,"USDBBD":2.011082,"USDBDT":122.671668,"USDBHD":0.377307,"USDBIF":2967.989429,"USDBMD":1,"USDBND":1.272324,"USDBOB":6.899962,"USDBRL":5.009204,"USDBSD":0.998508,"USDBTC":1.3629549e-5,"USDBTN":92.62947,"USDBWP":13.405226,"USDBYN":2.865862,"USDBYR":19600,"USDBZD":2.008184,"USDCAD":1.38415,"USDCDF":2300.000362,"USDCHF":0.789223,"USDCLF":0.02274,"USDCLP":892.843442,"USDCNY":6.828041,"USDCNH":6.824955,"USDCOP":3636.503133,"USDCRC":462.128639,"USDCUC":1,"USDCUP":26.5,"USDCVE":93.998551,"USDCZK":20.788404,"USDDJF":177.809983,"USDDKK":6.372904,"USDDOP":60.125314,"USDDZD":132.246707,"USDEGP":53.108563,"USDERN":15,"USDETB":156.679852,"USDEUR":0.852704,"USDFJD":2.211504,"USDFKP":0.743031,"USDGBP":0.743218,"USDGEL":2.690391,"USDGGP":0.743031,"USDGHS":10.988449,"USDGIP":0.743031,"USDGMD":73.503851,"USDGNF":8760.922382,"USDGTQ":7.638208,"USDGYD":208.899876,"USDHKD":7.83195,"USDHNL":26.518904,"USDHRK":6.425904,"USDHTG":130.923661,"USDHUF":320.203831,"USDIDR":17089.3,"USDILS":3.03421,"USDIMP":0.743031,"USDINR":93.090504,"USDIQD":1308.043135,"USDIRR":1316125.000352,"USDISK":122.190386,"USDJEP":0.743031,"USDJMD":157.870509,"USDJOD":0.70904,"USDJPY":159.27504,"USDKES":129.210179,"USDKGS":87.450384,"USDKHR":3997.272069,"USDKMF":420.00035,"USDKPW":899.981018,"USDKRW":1484.570383,"USDKWD":0.30869,"USDKYD":0.832104,"USDKZT":471.85542,"USDLAK":22019.52176,"USDLBP":89419.71783,"USDLKR":315.118708,"USDLRD":183.726184,"USDLSL":16.382337,"USDLTL":2.95274,"USDLVL":0.60489,"USDLYD":6.347556,"USDMAD":9.280849,"USDMDL":17.20387,"USDMGA":4143.898385,"USDMKD":52.54678,"USDMMK":2100.296476,"USDMNT":3579.27255,"USDMOP":8.05507,"USDMRU":39.91049,"USDMUR":46.520378,"USDMVR":15.460378,"USDMWK":1731.383999,"USDMXN":17.301404,"USDMYR":3.965039,"USDMZN":63.960377,"USDNAD":16.382337,"USDNGN":1359.503725,"USDNIO":36.741827,"USDNOK":9.524904,"USDNPR":148.206811,"USDNZD":1.713797,"USDOMR":0.384504,"USDPAB":0.998508,"USDPEN":3.369933,"USDPGK":4.322066,"USDPHP":59.876504,"USDPKR":278.505946,"USDPLN":3.627503,"USDPYG":6457.525255,"USDQAR":3.640254,"USDRON":4.342304,"USDRSD":100.055411,"USDRUB":77.104556,"USDRWF":1458.164614,"USDSAR":3.753582,"USDSBD":8.058149,"USDSCR":15.185201,"USDSDG":601.000339,"USDSEK":9.27195,"USDSGD":1.273804,"USDSLE":24.625038,"USDSOS":570.649162,"USDSRD":37.449038,"USDSTD":20697.981008,"USDSTN":20.885725,"USDSVC":8.737053,"USDSYP":110.53314,"USDSZL":16.386343,"USDTHB":32.208038,"USDTJS":9.490729,"USDTMT":3.505,"USDTND":2.917693,"USDTRY":44.665038,"USDTTD":6.776352,"USDTWD":31.741804,"USDTZS":2591.108648,"USDUAH":43.382209,"USDUGX":3694.642172,"USDUYU":40.288138,"USDUZS":12141.852436,"USDVES":475.837804,"USDVND":26336,"USDVUV":119.536694,"USDWST":2.734496,"USDXAF":559.189293,"USDXAG":0.01312,"USDXAU":0.00021,"USDXCD":2.70255,"USDXCG":1.799582,"USDXDR":0.695452,"USDXOF":559.189293,"USDXPF":101.666596,"USDYER":237.150363,"USDZAR":16.41806,"USDZMK":9001.203584,"USDZMW":18.996633,"USDZWL":321.999592}}