{"success":true,"terms":"https:\/\/currencylayer.com\/terms","privacy":"https:\/\/currencylayer.com\/privacy","timestamp":1771898883,"source":"USD","quotes":{"USDAED":3.672501,"USDAFN":62.999973,"USDALL":81.862163,"USDAMD":375.981328,"USDANG":1.789731,"USDAOA":917.00012,"USDARS":1369.244296,"USDAUD":1.416701,"USDAWG":1.8,"USDAZN":1.704939,"USDBAM":1.65999,"USDBBD":2.011534,"USDBDT":122.050586,"USDBGN":1.647646,"USDBHD":0.377086,"USDBIF":2961.454249,"USDBMD":1,"USDBND":1.267291,"USDBOB":6.900912,"USDBRL":5.173501,"USDBSD":0.998727,"USDBTC":1.5598166e-5,"USDBTN":90.821752,"USDBWP":13.22441,"USDBYN":2.863933,"USDBYR":19600,"USDBZD":2.008649,"USDCAD":1.37057,"USDCDF":2280.000072,"USDCHF":0.775355,"USDCLF":0.021955,"USDCLP":866.889005,"USDCNY":6.90875,"USDCNH":6.89458,"USDCOP":3693.69,"USDCRC":476.610768,"USDCUC":1,"USDCUP":26.5,"USDCVE":93.583705,"USDCZK":20.553961,"USDDJF":177.856052,"USDDKK":6.340097,"USDDOP":61.384004,"USDDZD":130.027989,"USDEGP":47.755897,"USDERN":15,"USDETB":155.418224,"USDEUR":0.84869,"USDFJD":2.22225,"USDFKP":0.741637,"USDGBP":0.74124,"USDGEL":2.674979,"USDGGP":0.741637,"USDGHS":10.975599,"USDGIP":0.741637,"USDGMD":73.48613,"USDGNF":8761.73826,"USDGTQ":7.66306,"USDGYD":208.910635,"USDHKD":7.81923,"USDHNL":26.421276,"USDHRK":6.395902,"USDHTG":130.896006,"USDHUF":322.005019,"USDIDR":16839,"USDILS":3.12132,"USDIMP":0.741637,"USDINR":90.99235,"USDIQD":1308.431046,"USDIRR":1283812.000395,"USDISK":122.979939,"USDJEP":0.741637,"USDJMD":155.615438,"USDJOD":0.709033,"USDJPY":154.9115,"USDKES":128.73046,"USDKGS":87.450182,"USDKHR":4015.818864,"USDKMF":417.999702,"USDKPW":900.002843,"USDKRW":1446.349777,"USDKWD":0.30672,"USDKYD":0.832283,"USDKZT":498.497708,"USDLAK":21401.290104,"USDLBP":89437.491778,"USDLKR":309.01375,"USDLRD":184.26089,"USDLSL":16.090069,"USDLTL":2.95274,"USDLVL":0.60489,"USDLYD":6.318112,"USDMAD":9.157564,"USDMDL":17.153212,"USDMGA":4274.316754,"USDMKD":52.317341,"USDMMK":2099.784524,"USDMNT":3568.599802,"USDMOP":8.039857,"USDMRU":39.985742,"USDMUR":46.209785,"USDMVR":15.460315,"USDMWK":1731.871788,"USDMXN":17.25705,"USDMYR":3.895969,"USDMZN":63.904988,"USDNAD":16.090137,"USDNGN":1344.649823,"USDNIO":36.747389,"USDNOK":9.57075,"USDNPR":145.31744,"USDNZD":1.677901,"USDOMR":0.384521,"USDPAB":0.998684,"USDPEN":3.354863,"USDPGK":4.355335,"USDPHP":57.688498,"USDPKR":279.125106,"USDPLN":3.58282,"USDPYG":6457.307758,"USDQAR":3.640229,"USDRON":4.324699,"USDRSD":99.64739,"USDRUB":76.718095,"USDRWF":1458.659571,"USDSAR":3.75181,"USDSBD":8.045182,"USDSCR":15.147889,"USDSDG":601.496786,"USDSEK":9.072975,"USDSGD":1.266995,"USDSHP":0.750259,"USDSLE":24.492364,"USDSLL":20969.49935,"USDSOS":569.765024,"USDSRD":37.593497,"USDSTD":20697.981008,"USDSTN":20.792226,"USDSVC":8.738717,"USDSYP":110.541824,"USDSZL":16.084705,"USDTHB":31.058501,"USDTJS":9.462562,"USDTMT":3.5,"USDTND":2.899639,"USDTOP":2.40776,"USDTRY":43.848981,"USDTTD":6.760312,"USDTWD":31.469505,"USDTZS":2567.833029,"USDUAH":43.229149,"USDUGX":3595.147061,"USDUYU":38.751565,"USDUZS":12197.419793,"USDVES":401.83138,"USDVND":26166.5,"USDVUV":118.440218,"USDWST":2.714422,"USDXAF":556.742672,"USDXAG":0.011531,"USDXAU":0.000193,"USDXCD":2.70255,"USDXCG":1.800026,"USDXDR":0.692412,"USDXOF":556.745035,"USDXPF":101.222203,"USDYER":238.449721,"USDZAR":16.015125,"USDZMK":9001.198466,"USDZMW":18.910971,"USDZWL":321.999592}}