{"success":true,"terms":"https:\/\/currencylayer.com\/terms","privacy":"https:\/\/currencylayer.com\/privacy","timestamp":1763343548,"source":"USD","quotes":{"USDAED":3.6725,"USDAFN":66.242312,"USDALL":83.179218,"USDAMD":382.091093,"USDANG":1.790055,"USDAOA":916.999731,"USDARS":1409.388802,"USDAUD":1.53232,"USDAWG":1.80375,"USDAZN":1.703383,"USDBAM":1.682336,"USDBBD":2.013075,"USDBDT":122.136682,"USDBGN":1.682336,"USDBHD":0.375296,"USDBIF":2949.980646,"USDBMD":1,"USDBND":1.301363,"USDBOB":6.90637,"USDBRL":5.2956,"USDBSD":0.999441,"USDBTC":1.0521863e-5,"USDBTN":88.628446,"USDBWP":14.229065,"USDBYN":3.409316,"USDBYR":19600,"USDBZD":2.01015,"USDCAD":1.40285,"USDCDF":2173.999922,"USDCHF":0.79454,"USDCLF":0.023592,"USDCLP":930.299772,"USDCNY":7.09955,"USDCNH":7.103435,"USDCOP":3744.269064,"USDCRC":500.9677,"USDCUC":1,"USDCUP":26.5,"USDCVE":94.847533,"USDCZK":20.823023,"USDDJF":177.979442,"USDDKK":6.432855,"USDDOP":64.375726,"USDDZD":129.671842,"USDEGP":47.058298,"USDERN":15,"USDETB":154.855963,"USDEUR":0.86147,"USDFJD":2.27535,"USDFKP":0.759703,"USDGBP":0.759705,"USDGEL":2.696236,"USDGGP":0.759703,"USDGHS":10.944045,"USDGIP":0.759703,"USDGMD":72.50221,"USDGNF":8675.755881,"USDGTQ":7.660746,"USDGYD":209.074878,"USDHKD":7.77317,"USDHNL":26.293923,"USDHRK":6.4909,"USDHTG":130.936304,"USDHUF":331.192971,"USDIDR":16694,"USDILS":3.2277,"USDIMP":0.759703,"USDINR":88.68955,"USDIQD":1309.363038,"USDIRR":42099.99985,"USDISK":126.989774,"USDJEP":0.759703,"USDJMD":160.526429,"USDJOD":0.708998,"USDJPY":154.573986,"USDKES":129.284762,"USDKGS":87.450228,"USDKHR":4009.289923,"USDKMF":424.000287,"USDKPW":899.992823,"USDKRW":1457.650381,"USDKWD":0.30669,"USDKYD":0.83291,"USDKZT":523.900047,"USDLAK":21688.529526,"USDLBP":89503.763279,"USDLKR":306.567459,"USDLRD":181.40295,"USDLSL":17.141542,"USDLTL":2.95274,"USDLVL":0.60489,"USDLYD":5.452669,"USDMAD":9.241323,"USDMDL":16.871532,"USDMGA":4468.625005,"USDMKD":52.922455,"USDMMK":2099.201903,"USDMNT":3573.89283,"USDMOP":8.00215,"USDMRU":39.576792,"USDMUR":45.649803,"USDMVR":15.406315,"USDMWK":1733.086749,"USDMXN":18.316285,"USDMYR":4.134504,"USDMZN":63.950198,"USDNAD":17.141542,"USDNGN":1440.780201,"USDNIO":36.781214,"USDNOK":10.109897,"USDNPR":141.805514,"USDNZD":1.764275,"USDOMR":0.382771,"USDPAB":0.999441,"USDPEN":3.370436,"USDPGK":4.226055,"USDPHP":59.144981,"USDPKR":282.529182,"USDPLN":3.64045,"USDPYG":7042.277751,"USDQAR":3.643198,"USDRON":4.377035,"USDRSD":100.795665,"USDRUB":80.994818,"USDRWF":1452.75472,"USDSAR":3.733087,"USDSBD":8.244163,"USDSCR":14.010059,"USDSDG":601.501199,"USDSEK":9.46428,"USDSGD":1.29969,"USDSHP":0.750259,"USDSLE":23.402199,"USDSLL":20969.498139,"USDSOS":570.212034,"USDSRD":38.589498,"USDSTD":20697.981008,"USDSTN":21.074362,"USDSVC":8.74543,"USDSYP":11056.850738,"USDSZL":17.134747,"USDTHB":32.370035,"USDTJS":9.225238,"USDTMT":3.51,"USDTND":2.938884,"USDTOP":2.40776,"USDTRY":42.330496,"USDTTD":6.777343,"USDTWD":30.87097,"USDTZS":2448.754892,"USDUAH":42.002581,"USDUGX":3568.01858,"USDUYU":39.766032,"USDUZS":12033.030837,"USDVES":236.1628,"USDVND":26350,"USDVUV":121.850043,"USDWST":2.813716,"USDXAF":564.239818,"USDXAG":0.019551,"USDXAU":0.000244,"USDXCD":2.70255,"USDXCG":1.801299,"USDXDR":0.701733,"USDXOF":564.239818,"USDXPF":102.584835,"USDYER":238.524996,"USDZAR":17.088298,"USDZMK":9001.203637,"USDZMW":22.46355,"USDZWL":321.999592}}