{"success":true,"terms":"https:\/\/currencylayer.com\/terms","privacy":"https:\/\/currencylayer.com\/privacy","timestamp":1776393424,"source":"USD","quotes":{"USDAED":3.672504,"USDAFN":64.497187,"USDALL":81.171477,"USDAMD":372.989262,"USDANG":1.789884,"USDAOA":916.999896,"USDARS":1356.227031,"USDAUD":1.396102,"USDAWG":1.8,"USDAZN":1.699662,"USDBAM":1.660201,"USDBBD":2.014092,"USDBDT":122.940452,"USDBGN":1.668102,"USDBHD":0.377084,"USDBIF":2973.385967,"USDBMD":1,"USDBND":1.27204,"USDBOB":6.909724,"USDBRL":4.991904,"USDBSD":1,"USDBTC":1.3388297e-5,"USDBTN":93.304754,"USDBWP":13.416808,"USDBYN":2.846823,"USDBYR":19600,"USDBZD":2.011205,"USDCAD":1.37013,"USDCDF":2306.000198,"USDCHF":0.783503,"USDCLF":0.022528,"USDCLP":886.620495,"USDCNY":6.82155,"USDCNH":6.825865,"USDCOP":3615.45,"USDCRC":457.914173,"USDCUC":1,"USDCUP":26.5,"USDCVE":93.599593,"USDCZK":20.655701,"USDDJF":178.073005,"USDDKK":6.34613,"USDDOP":59.875207,"USDDZD":132.1229,"USDEGP":51.768299,"USDERN":15,"USDETB":156.146865,"USDEUR":0.84921,"USDFJD":2.218301,"USDFKP":0.736978,"USDGBP":0.739798,"USDGEL":2.695033,"USDGGP":0.736978,"USDGHS":11.02415,"USDGIP":0.736978,"USDGMD":72.999783,"USDGNF":8773.717051,"USDGTQ":7.647383,"USDGYD":209.218624,"USDHKD":7.828825,"USDHNL":26.566493,"USDHRK":6.398599,"USDHTG":130.896897,"USDHUF":309.779793,"USDIDR":17174.45,"USDILS":2.99713,"USDIMP":0.736978,"USDINR":92.97065,"USDIQD":1310,"USDIRR":1321000.000095,"USDISK":122.280367,"USDJEP":0.736978,"USDJMD":157.911715,"USDJOD":0.708998,"USDJPY":159.407013,"USDKES":129.240408,"USDKGS":87.449564,"USDKHR":4009.508044,"USDKMF":418.999829,"USDKPW":900.009772,"USDKRW":1480.449656,"USDKWD":0.30847,"USDKYD":0.833326,"USDKZT":471.652307,"USDLAK":22061.881924,"USDLBP":89529.107044,"USDLKR":315.835491,"USDLRD":183.990493,"USDLSL":16.409721,"USDLTL":2.95274,"USDLVL":0.60489,"USDLYD":6.319713,"USDMAD":9.235498,"USDMDL":17.089258,"USDMGA":4151.952462,"USDMKD":52.350441,"USDMMK":2100.36648,"USDMNT":3591.239924,"USDMOP":8.060778,"USDMRU":39.910213,"USDMUR":46.210031,"USDMVR":15.449643,"USDMWK":1736.999839,"USDMXN":17.250445,"USDMYR":3.960498,"USDMZN":63.955008,"USDNAD":16.410053,"USDNGN":1340.879703,"USDNIO":36.801222,"USDNOK":9.36206,"USDNPR":149.294113,"USDNZD":1.699305,"USDOMR":0.384526,"USDPAB":0.999958,"USDPEN":3.440346,"USDPGK":4.3338,"USDPHP":60.116007,"USDPKR":278.923681,"USDPLN":3.59975,"USDPYG":6374.363328,"USDQAR":3.646503,"USDRON":4.327602,"USDRSD":99.658181,"USDRUB":76.373364,"USDRWF":1460,"USDSAR":3.751411,"USDSBD":8.035575,"USDSCR":13.757903,"USDSDG":600.999807,"USDSEK":9.189955,"USDSGD":1.2728,"USDSHP":0.746601,"USDSLE":24.674975,"USDSLL":20969.496166,"USDSOS":571.47708,"USDSRD":37.50199,"USDSTD":20697.981008,"USDSTN":21.1,"USDSVC":8.749204,"USDSYP":110.527167,"USDSZL":16.409754,"USDTHB":32.061499,"USDTJS":9.484487,"USDTMT":3.505,"USDTND":2.885498,"USDTOP":2.40776,"USDTRY":44.855297,"USDTTD":6.792581,"USDTWD":31.560195,"USDTZS":2611.220037,"USDUAH":43.692869,"USDUGX":3695.089343,"USDUYU":39.913416,"USDUZS":12164.169602,"USDVES":479.657875,"USDVND":26334,"USDVUV":118.468315,"USDWST":2.71595,"USDXAF":556.839559,"USDXAG":0.012752,"USDXAU":0.000209,"USDXCD":2.70255,"USDXCG":1.802131,"USDXDR":0.69253,"USDXOF":556.839559,"USDXPF":101.649566,"USDYER":238.650176,"USDZAR":16.423046,"USDZMK":9001.20348,"USDZMW":19.124788,"USDZWL":321.999592}}