{"success":true,"terms":"https:\/\/currencylayer.com\/terms","privacy":"https:\/\/currencylayer.com\/privacy","timestamp":1755308242,"source":"USD","quotes":{"USDAED":3.67295,"USDAFN":69.000368,"USDALL":83.803989,"USDAMD":383.103986,"USDANG":1.789783,"USDAOA":917.000367,"USDARS":1297.536634,"USDAUD":1.537304,"USDAWG":1.80075,"USDAZN":1.70397,"USDBAM":1.673054,"USDBBD":2.018392,"USDBDT":121.454234,"USDBGN":1.67146,"USDBHD":0.376789,"USDBIF":2960,"USDBMD":1,"USDBND":1.281694,"USDBOB":6.907525,"USDBRL":5.400904,"USDBSD":0.999658,"USDBTC":8.513283e-6,"USDBTN":87.426861,"USDBWP":13.378101,"USDBYN":3.334902,"USDBYR":19600,"USDBZD":2.00793,"USDCAD":1.38195,"USDCDF":2895.000362,"USDCHF":0.806593,"USDCLF":0.024552,"USDCLP":963.170396,"USDCNY":7.182104,"USDCNH":7.188904,"USDCOP":4016,"USDCRC":505.132592,"USDCUC":1,"USDCUP":26.5,"USDCVE":94.903894,"USDCZK":20.904404,"USDDJF":177.720393,"USDDKK":6.37675,"USDDOP":61.72504,"USDDZD":129.567223,"USDEGP":48.265049,"USDERN":15,"USDETB":141.150392,"USDEUR":0.85425,"USDFJD":2.255904,"USDFKP":0.739045,"USDGBP":0.73749,"USDGEL":2.690391,"USDGGP":0.739045,"USDGHS":10.65039,"USDGIP":0.739045,"USDGMD":72.503851,"USDGNF":8677.503848,"USDGTQ":7.667237,"USDGYD":209.056342,"USDHKD":7.82445,"USDHNL":26.403838,"USDHRK":6.43704,"USDHTG":130.804106,"USDHUF":337.803831,"USDIDR":16203,"USDILS":3.37948,"USDIMP":0.739045,"USDINR":87.51385,"USDIQD":1310,"USDIRR":42112.503816,"USDISK":122.380386,"USDJEP":0.739045,"USDJMD":159.957228,"USDJOD":0.70904,"USDJPY":147.12504,"USDKES":129.503801,"USDKGS":87.378804,"USDKHR":4005.00035,"USDKMF":420.503794,"USDKPW":899.956741,"USDKRW":1388.970383,"USDKWD":0.30545,"USDKYD":0.83302,"USDKZT":541.497006,"USDLAK":21602.503779,"USDLBP":89195.979899,"USDLKR":300.889649,"USDLRD":201.503772,"USDLSL":17.590381,"USDLTL":2.95274,"USDLVL":0.60489,"USDLYD":5.415039,"USDMAD":9.009504,"USDMDL":16.668948,"USDMGA":4440.000347,"USDMKD":52.634731,"USDMMK":2099.016085,"USDMNT":3589.3757,"USDMOP":8.055945,"USDMRU":39.950379,"USDMUR":45.580378,"USDMVR":15.410378,"USDMWK":1735.000345,"USDMXN":18.743504,"USDMYR":4.213039,"USDMZN":63.903729,"USDNAD":17.590377,"USDNGN":1532.720377,"USDNIO":36.760377,"USDNOK":10.19562,"USDNPR":139.882806,"USDNZD":1.687764,"USDOMR":0.384284,"USDPAB":0.999645,"USDPEN":3.560375,"USDPGK":4.140375,"USDPHP":56.553038,"USDPKR":282.050374,"USDPLN":3.639079,"USDPYG":7320.786997,"USDQAR":3.640604,"USDRON":4.325804,"USDRSD":100.223038,"USDRUB":80.100397,"USDRWF":1445,"USDSAR":3.752253,"USDSBD":8.223773,"USDSCR":14.145454,"USDSDG":600.503676,"USDSEK":9.558804,"USDSGD":1.280704,"USDSHP":0.785843,"USDSLE":23.303667,"USDSLL":20969.49797,"USDSOS":571.503662,"USDSRD":37.56037,"USDSTD":20697.981008,"USDSTN":21.3,"USDSVC":8.746792,"USDSYP":13001.259394,"USDSZL":17.590369,"USDTHB":32.440369,"USDTJS":9.321608,"USDTMT":3.51,"USDTND":2.88425,"USDTOP":2.342104,"USDTRY":40.803635,"USDTTD":6.782633,"USDTWD":30.032504,"USDTZS":2612.503628,"USDUAH":41.258597,"USDUGX":3558.597092,"USDUYU":39.991446,"USDUZS":12550.000334,"USDVES":135.47035,"USDVND":26270,"USDVUV":119.348233,"USDWST":2.651079,"USDXAF":561.119404,"USDXAG":0.026323,"USDXAU":0.0003,"USDXCD":2.70255,"USDXCG":1.801625,"USDXDR":0.702337,"USDXOF":561.000332,"USDXPF":102.375037,"USDYER":240.275037,"USDZAR":17.595245,"USDZMK":9001.203584,"USDZMW":23.166512,"USDZWL":321.999592}}