{"success":true,"terms":"https:\/\/currencylayer.com\/terms","privacy":"https:\/\/currencylayer.com\/privacy","timestamp":1758935949,"source":"USD","quotes":{"USDAED":3.672504,"USDAFN":68.503991,"USDALL":82.740403,"USDAMD":382.259795,"USDANG":1.790403,"USDAOA":917.000367,"USDARS":1335.242684,"USDAUD":1.529052,"USDAWG":1.40625,"USDAZN":1.70397,"USDBAM":1.671788,"USDBBD":2.00789,"USDBDT":121.405095,"USDBGN":1.671125,"USDBHD":0.378658,"USDBIF":2935.502207,"USDBMD":1,"USDBND":1.290041,"USDBOB":6.888711,"USDBRL":5.351104,"USDBSD":0.996936,"USDBTC":9.144028e-6,"USDBTN":88.388076,"USDBWP":13.367126,"USDBYN":3.377682,"USDBYR":19600,"USDBZD":2.005069,"USDCAD":1.39425,"USDCDF":2726.000362,"USDCHF":0.798015,"USDCLF":0.024495,"USDCLP":960.930396,"USDCNY":7.13375,"USDCNH":7.142485,"USDCOP":3901.56,"USDCRC":503.553768,"USDCUC":1,"USDCUP":26.5,"USDCVE":94.62504,"USDCZK":20.74175,"USDDJF":177.531788,"USDDKK":6.37839,"USDDOP":62.07504,"USDDZD":129.67904,"USDEGP":48.338673,"USDERN":15,"USDETB":144.350392,"USDEUR":0.854515,"USDFJD":2.26405,"USDFKP":0.749128,"USDGBP":0.746157,"USDGEL":2.703861,"USDGGP":0.749128,"USDGHS":12.403856,"USDGIP":0.749128,"USDGMD":72.000355,"USDGNF":8680.000355,"USDGTQ":7.641777,"USDGYD":208.543648,"USDHKD":7.77875,"USDHNL":26.17504,"USDHRK":6.439604,"USDHTG":130.448719,"USDHUF":333.920388,"USDIDR":16677.95,"USDILS":3.357545,"USDIMP":0.749128,"USDINR":88.67225,"USDIQD":1310,"USDIRR":42075.000352,"USDISK":121.160386,"USDJEP":0.749128,"USDJMD":159.622527,"USDJOD":0.70904,"USDJPY":149.57104,"USDKES":129.503801,"USDKGS":87.450384,"USDKHR":4005.00035,"USDKMF":421.00035,"USDKPW":900.026515,"USDKRW":1409.703789,"USDKWD":0.30561,"USDKYD":0.830765,"USDKZT":543.326908,"USDLAK":21670.000349,"USDLBP":89550.000349,"USDLKR":301.61939,"USDLRD":181.250382,"USDLSL":17.350381,"USDLTL":2.95274,"USDLVL":0.60489,"USDLYD":5.415039,"USDMAD":9.088039,"USDMDL":16.70848,"USDMGA":4450.000347,"USDMKD":52.6462,"USDMMK":2099.509666,"USDMNT":3595.087718,"USDMOP":7.98899,"USDMRU":39.920379,"USDMUR":45.780378,"USDMVR":15.310378,"USDMWK":1737.000345,"USDMXN":18.36545,"USDMYR":4.221504,"USDMZN":63.910377,"USDNAD":17.350377,"USDNGN":1486.860377,"USDNIO":36.635039,"USDNOK":9.976125,"USDNPR":141.419883,"USDNZD":1.733854,"USDOMR":0.386234,"USDPAB":0.996944,"USDPEN":3.492504,"USDPGK":4.17875,"USDPHP":58.070375,"USDPKR":281.403701,"USDPLN":3.646034,"USDPYG":7064.796967,"USDQAR":3.640504,"USDRON":4.342104,"USDRSD":99.720373,"USDRUB":83.743688,"USDRWF":1447.5,"USDSAR":3.750459,"USDSBD":8.230592,"USDSCR":14.252202,"USDSDG":600.503676,"USDSEK":9.409504,"USDSGD":1.291804,"USDSHP":0.785843,"USDSLE":23.350371,"USDSLL":20969.503664,"USDSOS":571.503662,"USDSRD":38.279038,"USDSTD":20697.981008,"USDSTN":21.3,"USDSVC":8.72308,"USDSYP":13002.233368,"USDSZL":17.350369,"USDTHB":32.225038,"USDTJS":9.336302,"USDTMT":3.51,"USDTND":2.909038,"USDTOP":2.342104,"USDTRY":41.322604,"USDTTD":6.766477,"USDTWD":30.459204,"USDTZS":2451.253038,"USDUAH":41.33543,"USDUGX":3484.13292,"USDUYU":39.781688,"USDUZS":12160.000334,"USDVES":173.518904,"USDVND":26410,"USDVUV":119.797118,"USDWST":2.681262,"USDXAF":560.70212,"USDXAG":0.021719,"USDXAU":0.000266,"USDXCD":2.70255,"USDXCG":1.796758,"USDXDR":0.697333,"USDXOF":561.503593,"USDXPF":102.403591,"USDYER":239.303589,"USDZAR":17.33583,"USDZMK":9001.203584,"USDZMW":23.627109,"USDZWL":321.999592}}