{"success":true,"terms":"https:\/\/currencylayer.com\/terms","privacy":"https:\/\/currencylayer.com\/privacy","timestamp":1783478468,"source":"USD","quotes":{"USDAED":3.672496,"USDAFN":63.999901,"USDALL":82.179533,"USDAMD":367.110799,"USDANG":1.790403,"USDAOA":917.501353,"USDARS":1492.06537,"USDAUD":1.441099,"USDAWG":1.8025,"USDAZN":1.702835,"USDBAM":1.714396,"USDBBD":2.018662,"USDBDT":123.526266,"USDBGN":1.69088,"USDBHD":0.377891,"USDBIF":2982.757563,"USDBMD":1,"USDBND":1.29453,"USDBOB":6.923833,"USDBRL":5.172903,"USDBSD":1.002275,"USDBTC":1.5920816e-5,"USDBTN":95.132866,"USDBWP":13.536992,"USDBYN":2.862828,"USDBYR":19600,"USDBZD":2.01577,"USDCAD":1.419455,"USDCDF":2255.000268,"USDCHF":0.80865,"USDCLF":0.023547,"USDCLP":926.750228,"USDCNY":6.79415,"USDCNH":6.80258,"USDCOP":3337.66,"USDCRC":456.607396,"USDCUC":1,"USDCUP":26.5,"USDCVE":96.654585,"USDCZK":21.237008,"USDDJF":178.479232,"USDDKK":6.550255,"USDDOP":59.186276,"USDDZD":133.248619,"USDEGP":48.805597,"USDERN":15,"USDETB":160.77919,"USDEUR":0.87627,"USDFJD":2.239195,"USDFKP":0.74808,"USDGBP":0.748855,"USDGEL":2.645046,"USDGGP":0.74808,"USDGHS":11.438587,"USDGIP":0.74808,"USDGMD":73.496429,"USDGNF":8790.245527,"USDGTQ":7.647265,"USDGYD":209.651122,"USDHKD":7.842345,"USDHNL":26.829418,"USDHRK":6.604197,"USDHTG":131.118513,"USDHUF":311.477007,"USDIDR":17995,"USDILS":3.03695,"USDIMP":0.74808,"USDINR":95.191603,"USDIQD":1312.938289,"USDIRR":1374999.999926,"USDISK":125.830333,"USDJEP":0.74808,"USDJMD":157.854137,"USDJOD":0.708976,"USDJPY":162.377016,"USDKES":129.249994,"USDKGS":87.449973,"USDKHR":4026.139666,"USDKMF":430.999897,"USDKPW":900.00035,"USDKRW":1509.925031,"USDKWD":0.30976,"USDKYD":0.8352,"USDKZT":470.303604,"USDLAK":22584.151473,"USDLBP":89752.497162,"USDLKR":335.562763,"USDLRD":182.21184,"USDLSL":16.279541,"USDLTL":2.95274,"USDLVL":0.60489,"USDLYD":6.428794,"USDMAD":9.372107,"USDMDL":17.63507,"USDMGA":4249.686621,"USDMKD":54.045167,"USDMMK":2099.417966,"USDMNT":3585.605216,"USDMOP":8.09581,"USDMRU":39.997721,"USDMUR":47.080178,"USDMVR":15.459767,"USDMWK":1737.567826,"USDMXN":17.504398,"USDMYR":4.077604,"USDMZN":63.909719,"USDNAD":16.279612,"USDNGN":1372.729795,"USDNIO":36.886719,"USDNOK":9.79284,"USDNPR":152.214236,"USDNZD":1.75458,"USDOMR":0.384497,"USDPAB":1.002279,"USDPEN":3.407258,"USDPGK":4.404804,"USDPHP":61.591973,"USDPKR":278.656189,"USDPLN":3.76952,"USDPYG":6101.831601,"USDQAR":3.653879,"USDRON":4.586398,"USDRSD":102.811428,"USDRUB":76.499696,"USDRWF":1468.806704,"USDSAR":3.72926,"USDSBD":8.097299,"USDSCR":13.450603,"USDSDG":600.49704,"USDSEK":9.68837,"USDSGD":1.29279,"USDSHP":0.746601,"USDSLE":24.374996,"USDSLL":20969.503664,"USDSOS":572.75345,"USDSRD":37.586997,"USDSTD":20697.981008,"USDSTN":21.476157,"USDSVC":8.770123,"USDSYP":110.532098,"USDSZL":16.270375,"USDTHB":33.374007,"USDTJS":9.265744,"USDTMT":3.51,"USDTND":2.964486,"USDTOP":2.40776,"USDTRY":46.859599,"USDTTD":6.802274,"USDTWD":32.080505,"USDTZS":2624.994972,"USDUAH":44.603564,"USDUGX":3668.478261,"USDUYU":40.339582,"USDUZS":12044.179523,"USDVES":674.08685,"USDVND":26301.5,"USDVUV":120.145102,"USDWST":2.767779,"USDXAF":575.002411,"USDXAG":0.01664,"USDXAU":0.000243,"USDXCD":2.70255,"USDXCG":1.806268,"USDXDR":0.715112,"USDXOF":574.99485,"USDXPF":104.540673,"USDYER":237.049909,"USDZAR":16.271098,"USDZMK":9001.1682,"USDZMW":18.466784,"USDZWL":321.999592}}