{"success":true,"terms":"https:\/\/currencylayer.com\/terms","privacy":"https:\/\/currencylayer.com\/privacy","timestamp":1778556064,"source":"USD","quotes":{"USDAED":3.672502,"USDAFN":63.496685,"USDALL":81.039619,"USDAMD":368.959983,"USDANG":1.789884,"USDAOA":917.999921,"USDARS":1393.232244,"USDAUD":1.382925,"USDAWG":1.8,"USDAZN":1.699746,"USDBAM":1.662282,"USDBBD":2.014644,"USDBDT":122.958587,"USDBGN":1.668102,"USDBHD":0.377533,"USDBIF":2977.26954,"USDBMD":1,"USDBND":1.270084,"USDBOB":6.910324,"USDBRL":4.907803,"USDBSD":1.000268,"USDBTC":1.2318199e-5,"USDBTN":95.270549,"USDBWP":13.449092,"USDBYN":2.797248,"USDBYR":19600,"USDBZD":2.011754,"USDCAD":1.36919,"USDCDF":2210.999852,"USDCHF":0.779715,"USDCLF":0.022797,"USDCLP":897.219777,"USDCNY":6.795014,"USDCNH":6.792349,"USDCOP":3761.36,"USDCRC":458.445416,"USDCUC":1,"USDCUP":26.5,"USDCVE":94.024993,"USDCZK":20.693029,"USDDJF":178.124163,"USDDKK":6.353515,"USDDOP":59.222241,"USDDZD":132.258119,"USDEGP":52.719008,"USDERN":15,"USDETB":156.185401,"USDEUR":0.85044,"USDFJD":2.18535,"USDFKP":0.732576,"USDGBP":0.735935,"USDGEL":2.675003,"USDGGP":0.732576,"USDGHS":11.289744,"USDGIP":0.732576,"USDGMD":73.000051,"USDGNF":8776.872639,"USDGTQ":7.632816,"USDGYD":209.180985,"USDHKD":7.828065,"USDHNL":26.597313,"USDHRK":6.406802,"USDHTG":130.909431,"USDHUF":302.820983,"USDIDR":17503.4,"USDILS":2.90185,"USDIMP":0.732576,"USDINR":95.45945,"USDIQD":1310.402563,"USDIRR":1311552.498512,"USDISK":122.12032,"USDJEP":0.732576,"USDJMD":157.804154,"USDJOD":0.708985,"USDJPY":157.563019,"USDKES":129.189813,"USDKGS":87.450087,"USDKHR":4013.207379,"USDKMF":418.999813,"USDKPW":900.018246,"USDKRW":1485.68987,"USDKWD":0.30797,"USDKYD":0.833602,"USDKZT":463.427901,"USDLAK":21943.259277,"USDLBP":89689.796925,"USDLKR":322.205035,"USDLRD":183.225031,"USDLSL":16.440191,"USDLTL":2.95274,"USDLVL":0.60489,"USDLYD":6.326731,"USDMAD":9.09625,"USDMDL":17.144533,"USDMGA":4158.627899,"USDMKD":52.403621,"USDMMK":2098.953745,"USDMNT":3580.85029,"USDMOP":8.066566,"USDMRU":39.941016,"USDMUR":46.730091,"USDMVR":15.409762,"USDMWK":1734.503948,"USDMXN":17.214605,"USDMYR":3.932018,"USDMZN":63.921651,"USDNAD":16.440191,"USDNGN":1364.240289,"USDNIO":36.808825,"USDNOK":9.198965,"USDNPR":152.457324,"USDNZD":1.67871,"USDOMR":0.38449,"USDPAB":1.000093,"USDPEN":3.4365,"USDPGK":4.344741,"USDPHP":61.432027,"USDPKR":278.652541,"USDPLN":3.60575,"USDPYG":6148.249823,"USDQAR":3.642499,"USDRON":4.427801,"USDRSD":99.831973,"USDRUB":73.600939,"USDRWF":1462.871519,"USDSAR":3.751783,"USDSBD":8.032258,"USDSCR":13.687566,"USDSDG":600.497801,"USDSEK":9.245075,"USDSGD":1.270775,"USDSHP":0.746601,"USDSLE":24.59704,"USDSLL":20969.496166,"USDSOS":571.654407,"USDSRD":37.403499,"USDSTD":20697.981008,"USDSTN":20.822798,"USDSVC":8.752486,"USDSYP":110.529423,"USDSZL":16.434852,"USDTHB":32.349858,"USDTJS":9.361093,"USDTMT":3.51,"USDTND":2.861502,"USDTOP":2.40776,"USDTRY":45.395104,"USDTTD":6.780669,"USDTWD":31.421986,"USDTZS":2612.497197,"USDUAH":43.959578,"USDUGX":3760.261051,"USDUYU":39.871738,"USDUZS":12145.318868,"USDVES":499.83502,"USDVND":26329.5,"USDVUV":118.32345,"USDWST":2.709295,"USDXAF":557.506863,"USDXAG":0.011606,"USDXAU":0.000212,"USDXCD":2.70255,"USDXCG":1.802767,"USDXDR":0.69336,"USDXOF":557.504494,"USDXPF":101.362004,"USDYER":238.608796,"USDZAR":16.470955,"USDZMK":9001.203933,"USDZMW":18.912361,"USDZWL":321.999592}}