{"success":true,"terms":"https:\/\/currencylayer.com\/terms","privacy":"https:\/\/currencylayer.com\/privacy","timestamp":1764467287,"source":"USD","quotes":{"USDAED":3.672504,"USDAFN":66.111997,"USDALL":83.269388,"USDAMD":379.445618,"USDANG":1.790055,"USDAOA":916.000367,"USDARS":1450.250402,"USDAUD":1.534213,"USDAWG":1.8,"USDAZN":1.70397,"USDBAM":1.686253,"USDBBD":2.008363,"USDBDT":121.851964,"USDBGN":1.68575,"USDBHD":0.375393,"USDBIF":2945.035996,"USDBMD":1,"USDBND":1.294909,"USDBOB":6.890546,"USDBRL":5.336904,"USDBSD":0.997112,"USDBTC":1.0988685e-5,"USDBTN":89.185671,"USDBWP":14.2665,"USDBYN":2.901755,"USDBYR":19600,"USDBZD":2.005518,"USDCAD":1.39845,"USDCDF":2201.000362,"USDCHF":0.802777,"USDCLF":0.023657,"USDCLP":928.070396,"USDCNY":7.07555,"USDCNH":7.07164,"USDCOP":3734.965728,"USDCRC":497.13325,"USDCUC":1,"USDCUP":26.5,"USDCVE":95.068328,"USDCZK":20.807504,"USDDJF":177.566065,"USDDKK":6.440393,"USDDOP":62.464974,"USDDZD":129.815924,"USDEGP":47.446653,"USDERN":15,"USDETB":153.883433,"USDEUR":0.862404,"USDFJD":2.27125,"USDFKP":0.755433,"USDGBP":0.754632,"USDGEL":2.703861,"USDGGP":0.755433,"USDGHS":11.298013,"USDGIP":0.755433,"USDGMD":72.503851,"USDGNF":8663.189206,"USDGTQ":7.638919,"USDGYD":208.621805,"USDHKD":7.78504,"USDHNL":26.257706,"USDHRK":6.496104,"USDHTG":130.48239,"USDHUF":329.050388,"USDIDR":16647.85,"USDILS":3.255655,"USDIMP":0.755433,"USDINR":89.34785,"USDIQD":1306.289606,"USDIRR":42100.000352,"USDISK":127.980386,"USDJEP":0.755433,"USDJMD":159.658577,"USDJOD":0.70904,"USDJPY":156.16504,"USDKES":129.128767,"USDKGS":87.450384,"USDKHR":3989.308962,"USDKMF":425.00035,"USDKPW":900.013883,"USDKRW":1467.630383,"USDKWD":0.30698,"USDKYD":0.83097,"USDKZT":511.79894,"USDLAK":21645.902487,"USDLBP":89304.996336,"USDLKR":307.298358,"USDLRD":176.997025,"USDLSL":17.076087,"USDLTL":2.95274,"USDLVL":0.60489,"USDLYD":5.43691,"USDMAD":9.251024,"USDMDL":16.936673,"USDMGA":4478.16528,"USDMKD":53.045652,"USDMMK":2100.198951,"USDMNT":3556.442351,"USDMOP":7.997672,"USDMRU":39.787041,"USDMUR":46.170378,"USDMVR":15.403739,"USDMWK":1729.102901,"USDMXN":18.295039,"USDMYR":4.132504,"USDMZN":63.910377,"USDNAD":17.076087,"USDNGN":1447.170377,"USDNIO":36.6944,"USDNOK":10.130304,"USDNPR":142.6969,"USDNZD":1.743984,"USDOMR":0.38286,"USDPAB":0.997198,"USDPEN":3.355951,"USDPGK":4.285899,"USDPHP":58.635038,"USDPKR":281.721774,"USDPLN":3.65355,"USDPYG":6973.315515,"USDQAR":3.634522,"USDRON":4.392604,"USDRSD":101.151011,"USDRUB":77.716946,"USDRWF":1450.35996,"USDSAR":3.750823,"USDSBD":8.230592,"USDSCR":13.512954,"USDSDG":601.503676,"USDSEK":9.451038,"USDSGD":1.296904,"USDSHP":0.750259,"USDSLE":22.960371,"USDSLL":20969.498139,"USDSOS":568.866664,"USDSRD":38.484038,"USDSTD":20697.981008,"USDSTN":21.123421,"USDSVC":8.725266,"USDSYP":11058.319108,"USDSZL":17.088417,"USDTHB":32.110369,"USDTJS":9.223693,"USDTMT":3.51,"USDTND":2.942536,"USDTOP":2.40776,"USDTRY":42.495038,"USDTTD":6.759495,"USDTWD":31.391904,"USDTZS":2462.990904,"USDUAH":42.183644,"USDUGX":3624.60663,"USDUYU":39.643057,"USDUZS":11868.776135,"USDVES":245.362604,"USDVND":26365,"USDVUV":122.327105,"USDWST":2.804997,"USDXAF":565.553304,"USDXAG":0.017694,"USDXAU":0.000236,"USDXCD":2.70255,"USDXCG":1.797129,"USDXDR":0.703367,"USDXOF":565.553304,"USDXPF":102.823641,"USDYER":238.303589,"USDZAR":17.111925,"USDZMK":9001.203584,"USDZMW":22.859853,"USDZWL":321.999592}}