{"success":true,"terms":"https:\/\/currencylayer.com\/terms","privacy":"https:\/\/currencylayer.com\/privacy","timestamp":1777517706,"source":"USD","quotes":{"USDAED":3.672502,"USDAFN":62.999936,"USDALL":81.849978,"USDAMD":371.190078,"USDANG":1.789884,"USDAOA":917.999812,"USDARS":1390.9464,"USDAUD":1.403794,"USDAWG":1.8025,"USDAZN":1.669553,"USDBAM":1.670824,"USDBBD":2.014762,"USDBDT":122.736126,"USDBGN":1.668102,"USDBHD":0.377578,"USDBIF":2976,"USDBMD":1,"USDBND":1.277332,"USDBOB":6.912076,"USDBRL":5.019007,"USDBSD":1.00029,"USDBTC":1.3209141e-5,"USDBTN":94.827262,"USDBWP":13.520821,"USDBYN":2.816686,"USDBYR":19600,"USDBZD":2.011858,"USDCAD":1.36815,"USDCDF":2320.000488,"USDCHF":0.791715,"USDCLF":0.022994,"USDCLP":904.969824,"USDCNY":6.838249,"USDCNH":6.84375,"USDCOP":3635.61,"USDCRC":454.91047,"USDCUC":1,"USDCUP":26.5,"USDCVE":94.874946,"USDCZK":20.905801,"USDDJF":177.71975,"USDDKK":6.40591,"USDDOP":59.37496,"USDDZD":132.501318,"USDEGP":53.010798,"USDERN":15,"USDETB":157.000072,"USDEUR":0.857198,"USDFJD":2.207601,"USDFKP":0.740121,"USDGBP":0.742285,"USDGEL":2.689916,"USDGGP":0.740121,"USDGHS":11.18983,"USDGIP":0.740121,"USDGMD":72.99964,"USDGNF":8774.999726,"USDGTQ":7.642463,"USDGYD":209.283551,"USDHKD":7.836115,"USDHNL":26.60942,"USDHRK":6.457799,"USDHTG":131.014215,"USDHUF":313.660194,"USDIDR":17377.95,"USDILS":2.97245,"USDIMP":0.740121,"USDINR":95.021596,"USDIQD":1310,"USDIRR":1315499.99956,"USDISK":123.279856,"USDJEP":0.740121,"USDJMD":156.856547,"USDJOD":0.708992,"USDJPY":160.3915,"USDKES":129.12972,"USDKGS":87.429303,"USDKHR":4009.999995,"USDKMF":422.00025,"USDKPW":899.966666,"USDKRW":1486.509681,"USDKWD":0.308045,"USDKYD":0.833615,"USDKZT":463.325246,"USDLAK":21975.000165,"USDLBP":89532.56298,"USDLKR":319.599166,"USDLRD":183.874996,"USDLSL":16.869597,"USDLTL":2.95274,"USDLVL":0.60489,"USDLYD":6.350279,"USDMAD":9.26375,"USDMDL":17.220744,"USDMGA":4150.000638,"USDMKD":52.798595,"USDMMK":2099.979587,"USDMNT":3578.886171,"USDMOP":8.075024,"USDMRU":39.979907,"USDMUR":46.829936,"USDMVR":15.45496,"USDMWK":1741.500803,"USDMXN":17.5562,"USDMYR":3.969038,"USDMZN":63.905008,"USDNAD":16.870279,"USDNGN":1375.070183,"USDNIO":36.71013,"USDNOK":9.326397,"USDNPR":151.723313,"USDNZD":1.71516,"USDOMR":0.384496,"USDPAB":1.00029,"USDPEN":3.523966,"USDPGK":4.340069,"USDPHP":61.559981,"USDPKR":278.875005,"USDPLN":3.65254,"USDPYG":6223.516949,"USDQAR":3.6435,"USDRON":4.373981,"USDRSD":100.659776,"USDRUB":74.749381,"USDRWF":1461,"USDSAR":3.750573,"USDSBD":8.03884,"USDSCR":13.772909,"USDSDG":600.498853,"USDSEK":9.3206,"USDSGD":1.281255,"USDSHP":0.746601,"USDSLE":24.600338,"USDSLL":20969.496166,"USDSOS":571.500677,"USDSRD":37.461027,"USDSTD":20697.981008,"USDSTN":21.2,"USDSVC":8.753075,"USDSYP":110.735099,"USDSZL":16.850038,"USDTHB":32.767502,"USDTJS":9.37795,"USDTMT":3.505,"USDTND":2.89225,"USDTOP":2.40776,"USDTRY":45.183399,"USDTTD":6.801873,"USDTWD":31.646495,"USDTZS":2595.00007,"USDUAH":44.090008,"USDUGX":3726.421542,"USDUYU":39.810005,"USDUZS":12049.999766,"USDVES":485.587755,"USDVND":26356,"USDVUV":118.372169,"USDWST":2.715876,"USDXAF":560.376399,"USDXAG":0.013837,"USDXAU":0.000219,"USDXCD":2.70255,"USDXCG":1.802812,"USDXDR":0.697718,"USDXOF":558.999692,"USDXPF":102.599955,"USDYER":238.624994,"USDZAR":16.84925,"USDZMK":9001.198247,"USDZMW":18.880707,"USDZWL":321.999592}}