{"success":true,"terms":"https:\/\/currencylayer.com\/terms","privacy":"https:\/\/currencylayer.com\/privacy","timestamp":1767404408,"source":"USD","quotes":{"USDAED":3.672904,"USDAFN":65.503991,"USDALL":82.275041,"USDAMD":381.225294,"USDANG":1.790403,"USDAOA":917.000367,"USDARS":1477.202504,"USDAUD":1.494104,"USDAWG":1.80125,"USDAZN":1.70397,"USDBAM":1.66801,"USDBBD":2.013927,"USDBDT":122.256478,"USDBGN":1.666704,"USDBHD":0.377874,"USDBIF":2961,"USDBMD":1,"USDBND":1.286358,"USDBOB":6.909559,"USDBRL":5.423104,"USDBSD":0.999714,"USDBTC":1.110467e-5,"USDBTN":90.094539,"USDBWP":13.969732,"USDBYN":2.936714,"USDBYR":19600,"USDBZD":2.010601,"USDCAD":1.37375,"USDCDF":2196.000362,"USDCHF":0.791936,"USDCLF":0.023109,"USDCLP":906.560396,"USDCNY":6.99385,"USDCNH":6.96975,"USDCOP":3777.12,"USDCRC":497.383873,"USDCUC":1,"USDCUP":26.5,"USDCVE":94.37504,"USDCZK":20.602104,"USDDJF":177.720393,"USDDKK":6.373604,"USDDOP":63.000359,"USDDZD":129.72104,"USDEGP":47.77972,"USDERN":15,"USDETB":155.203874,"USDEUR":0.852504,"USDFJD":2.28275,"USDFKP":0.742037,"USDGBP":0.742556,"USDGEL":2.690391,"USDGGP":0.742037,"USDGHS":10.472182,"USDGIP":0.742037,"USDGMD":74.000355,"USDGNF":8746.007582,"USDGTQ":7.669195,"USDGYD":209.153671,"USDHKD":7.79195,"USDHNL":26.450388,"USDHRK":6.42904,"USDHTG":130.853237,"USDHUF":326.970388,"USDIDR":16702.5,"USDILS":3.186525,"USDIMP":0.742037,"USDINR":90.01445,"USDIQD":1310,"USDIRR":42125.000352,"USDISK":125.770386,"USDJEP":0.742037,"USDJMD":158.86093,"USDJOD":0.70904,"USDJPY":156.78504,"USDKES":129.000351,"USDKGS":87.443504,"USDKHR":4015.00035,"USDKMF":421.00035,"USDKPW":900.018728,"USDKRW":1442.570383,"USDKWD":0.30732,"USDKYD":0.833067,"USDKZT":507.225797,"USDLAK":21600.000349,"USDLBP":89869.037002,"USDLKR":309.722098,"USDLRD":178.650382,"USDLSL":16.50377,"USDLTL":2.95274,"USDLVL":0.60489,"USDLYD":5.420381,"USDMAD":9.132504,"USDMDL":16.82679,"USDMGA":4580.000347,"USDMKD":52.474319,"USDMMK":2099.849502,"USDMNT":3560.529231,"USDMOP":8.024579,"USDMRU":39.720379,"USDMUR":46.150378,"USDMVR":15.460378,"USDMWK":1737.000345,"USDMXN":17.905104,"USDMYR":4.054039,"USDMZN":63.903729,"USDNAD":16.503727,"USDNGN":1434.370377,"USDNIO":36.603722,"USDNOK":10.065104,"USDNPR":144.150921,"USDNZD":1.733704,"USDOMR":0.385371,"USDPAB":0.999714,"USDPEN":3.36225,"USDPGK":4.256504,"USDPHP":58.812504,"USDPKR":280.050374,"USDPLN":3.59195,"USDPYG":6562.703885,"USDQAR":3.641038,"USDRON":4.342204,"USDRSD":99.827038,"USDRUB":80.439112,"USDRWF":1453,"USDSAR":3.750315,"USDSBD":8.143457,"USDSCR":14.549409,"USDSDG":601.503676,"USDSEK":9.221038,"USDSGD":1.285604,"USDSHP":0.750259,"USDSLE":24.000338,"USDSLL":20969.503664,"USDSOS":571.503662,"USDSRD":38.126504,"USDSTD":20697.981008,"USDSTN":21.05,"USDSVC":8.747713,"USDSYP":11057.202013,"USDSZL":16.503649,"USDTHB":31.490369,"USDTJS":9.232304,"USDTMT":3.5,"USDTND":2.874038,"USDTOP":2.40776,"USDTRY":43.037504,"USDTTD":6.796386,"USDTWD":31.373704,"USDTZS":2470.000335,"USDUAH":42.325645,"USDUGX":3622.066719,"USDUYU":39.043611,"USDUZS":12030.000334,"USDVES":300.62476,"USDVND":26300,"USDVUV":121.184452,"USDWST":2.775493,"USDXAF":559.4349,"USDXAG":0.013762,"USDXAU":0.000231,"USDXCD":2.70255,"USDXCG":1.802078,"USDXDR":0.693651,"USDXOF":557.000332,"USDXPF":102.250363,"USDYER":238.403589,"USDZAR":16.489745,"USDZMK":9001.203584,"USDZMW":22.068424,"USDZWL":321.999592}}