{"success":true,"terms":"https:\/\/currencylayer.com\/terms","privacy":"https:\/\/currencylayer.com\/privacy","timestamp":1758763265,"source":"USD","quotes":{"USDAED":3.672496,"USDAFN":67.475889,"USDALL":82.482125,"USDAMD":382.958801,"USDANG":1.790403,"USDAOA":916.99981,"USDARS":1337.477299,"USDAUD":1.517819,"USDAWG":1.40625,"USDAZN":1.701901,"USDBAM":1.664787,"USDBBD":2.014726,"USDBDT":121.739352,"USDBGN":1.66535,"USDBHD":0.37692,"USDBIF":2986.078304,"USDBMD":1,"USDBND":1.287725,"USDBOB":6.912666,"USDBRL":5.331497,"USDBSD":1.00034,"USDBTC":8.827099e-6,"USDBTN":88.793837,"USDBWP":13.315458,"USDBYN":3.388236,"USDBYR":19600,"USDBZD":2.011832,"USDCAD":1.389435,"USDCDF":2808.99986,"USDCHF":0.79487,"USDCLF":0.02428,"USDCLP":952.509669,"USDCNY":7.13215,"USDCNH":7.133396,"USDCOP":3886.99,"USDCRC":504.35619,"USDCUC":1,"USDCUP":26.5,"USDCVE":93.858529,"USDCZK":20.704502,"USDDJF":178.132448,"USDDKK":6.35615,"USDDOP":61.935791,"USDDZD":129.513933,"USDEGP":48.163241,"USDERN":15,"USDETB":145.40711,"USDEUR":0.851635,"USDFJD":2.2554,"USDFKP":0.739839,"USDGBP":0.743465,"USDGEL":2.697167,"USDGGP":0.739839,"USDGHS":12.354443,"USDGIP":0.739839,"USDGMD":74.000019,"USDGNF":8679.886107,"USDGTQ":7.662581,"USDGYD":209.286687,"USDHKD":7.779275,"USDHNL":26.253607,"USDHRK":6.414199,"USDHTG":130.892593,"USDHUF":333.38703,"USDIDR":16716.9,"USDILS":3.356185,"USDIMP":0.739839,"USDINR":88.744404,"USDIQD":1310.430242,"USDIRR":42074.999898,"USDISK":121.100855,"USDJEP":0.739839,"USDJMD":159.95778,"USDJOD":0.709012,"USDJPY":148.687504,"USDKES":129.240326,"USDKGS":87.45024,"USDKHR":4008.393025,"USDKMF":420.000328,"USDKPW":900.036397,"USDKRW":1400.680147,"USDKWD":0.30544,"USDKYD":0.833585,"USDKZT":541.945259,"USDLAK":21664.872043,"USDLBP":89579.502894,"USDLKR":302.594899,"USDLRD":180.05618,"USDLSL":17.321172,"USDLTL":2.95274,"USDLVL":0.60489,"USDLYD":5.400068,"USDMAD":9.059244,"USDMDL":16.680215,"USDMGA":4426.285325,"USDMKD":52.434234,"USDMMK":2099.371169,"USDMNT":3594.923948,"USDMOP":8.01367,"USDMRU":39.820052,"USDMUR":45.310487,"USDMVR":15.310079,"USDMWK":1734.593122,"USDMXN":18.42045,"USDMYR":4.217014,"USDMZN":63.910091,"USDNAD":17.321172,"USDNGN":1490.449933,"USDNIO":36.815247,"USDNOK":9.942495,"USDNPR":142.073163,"USDNZD":1.72047,"USDOMR":0.384496,"USDPAB":1.00034,"USDPEN":3.501602,"USDPGK":4.187983,"USDPHP":57.755501,"USDPKR":283.608529,"USDPLN":3.633645,"USDPYG":7115.25366,"USDQAR":3.646578,"USDRON":4.323501,"USDRSD":99.80699,"USDRUB":83.750357,"USDRWF":1450.447306,"USDSAR":3.750745,"USDSBD":8.223773,"USDSCR":15.134629,"USDSDG":601.502159,"USDSEK":9.402021,"USDSGD":1.28787,"USDSHP":0.785843,"USDSLE":23.304528,"USDSLL":20969.503664,"USDSOS":571.666908,"USDSRD":38.117502,"USDSTD":20697.981008,"USDSTN":20.854791,"USDSVC":8.752942,"USDSYP":13002.670751,"USDSZL":17.314436,"USDTHB":32.103998,"USDTJS":9.378107,"USDTMT":3.51,"USDTND":2.907644,"USDTOP":2.342097,"USDTRY":41.475301,"USDTTD":6.790063,"USDTWD":30.409501,"USDTZS":2465.000276,"USDUAH":41.466547,"USDUGX":3495.914198,"USDUYU":39.896153,"USDUZS":12174.786454,"USDVES":169.763601,"USDVND":26419,"USDVUV":119.321226,"USDWST":2.679003,"USDXAF":558.351563,"USDXAG":0.022767,"USDXAU":0.000267,"USDXCD":2.70255,"USDXCG":1.802852,"USDXDR":0.694416,"USDXOF":558.356316,"USDXPF":101.514719,"USDYER":239.24995,"USDZAR":17.32288,"USDZMK":9001.204216,"USDZMW":23.662751,"USDZWL":321.999592}}