{"success":true,"terms":"https:\/\/currencylayer.com\/terms","privacy":"https:\/\/currencylayer.com\/privacy","timestamp":1763862547,"source":"USD","quotes":{"USDAED":3.672504,"USDAFN":66.304961,"USDALL":83.901211,"USDAMD":381.613785,"USDANG":1.790055,"USDAOA":917.000367,"USDARS":1424.503978,"USDAUD":1.550869,"USDAWG":1.8,"USDAZN":1.70397,"USDBAM":1.697817,"USDBBD":2.011806,"USDBDT":122.453231,"USDBGN":1.698222,"USDBHD":0.376579,"USDBIF":2945.613959,"USDBMD":1,"USDBND":1.307522,"USDBOB":6.902209,"USDBRL":5.403604,"USDBSD":0.998828,"USDBTC":1.1746533e-5,"USDBTN":89.386692,"USDBWP":13.464994,"USDBYN":3.412127,"USDBYR":19600,"USDBZD":2.008855,"USDCAD":1.41005,"USDCDF":2220.000362,"USDCHF":0.80974,"USDCLF":0.023938,"USDCLP":939.070396,"USDCNY":7.10715,"USDCNH":7.105395,"USDCOP":3759.538174,"USDCRC":499.934893,"USDCUC":1,"USDCUP":26.5,"USDCVE":95.7203,"USDCZK":21.026104,"USDDJF":177.872303,"USDDKK":6.486804,"USDDOP":63.049612,"USDDZD":130.676679,"USDEGP":47.417857,"USDERN":15,"USDETB":154.608186,"USDEUR":0.868404,"USDFJD":2.29104,"USDFKP":0.763498,"USDGBP":0.764555,"USDGEL":2.703861,"USDGGP":0.763498,"USDGHS":11.107253,"USDGIP":0.763498,"USDGMD":73.503851,"USDGNF":8675.723773,"USDGTQ":7.653978,"USDGYD":208.976084,"USDHKD":7.78515,"USDHNL":26.286731,"USDHRK":6.544204,"USDHTG":130.786927,"USDHUF":333.070388,"USDIDR":16671.6,"USDILS":3.287935,"USDIMP":0.763498,"USDINR":89.62415,"USDIQD":1308.47693,"USDIRR":42100.000352,"USDISK":127.690386,"USDJEP":0.763498,"USDJMD":160.623291,"USDJOD":0.70904,"USDJPY":156.39504,"USDKES":129.250401,"USDKGS":87.450384,"USDKHR":3994.965059,"USDKMF":428.00035,"USDKPW":900.025833,"USDKRW":1469.730383,"USDKWD":0.307204,"USDKYD":0.832415,"USDKZT":520.039932,"USDLAK":21687.573245,"USDLBP":89500.759582,"USDLKR":307.443899,"USDLRD":178.792482,"USDLSL":17.360389,"USDLTL":2.95274,"USDLVL":0.60489,"USDLYD":5.467251,"USDMAD":9.283215,"USDMDL":17.140501,"USDMGA":4509.744347,"USDMKD":53.409436,"USDMMK":2100.056486,"USDMNT":3566.737973,"USDMOP":8.009809,"USDMRU":39.53557,"USDMUR":46.203741,"USDMVR":15.403739,"USDMWK":1732.019619,"USDMXN":18.478204,"USDMYR":4.167504,"USDMZN":63.910377,"USDNAD":17.360389,"USDNGN":1452.420377,"USDNIO":36.755067,"USDNOK":10.253504,"USDNPR":143.01836,"USDNZD":1.781896,"USDOMR":0.384504,"USDPAB":0.998828,"USDPEN":3.376101,"USDPGK":4.226746,"USDPHP":58.791504,"USDPKR":282.246973,"USDPLN":3.68085,"USDPYG":7007.248578,"USDQAR":3.640436,"USDRON":4.419904,"USDRSD":101.836017,"USDRUB":78.970441,"USDRWF":1452.319979,"USDSAR":3.750378,"USDSBD":8.230592,"USDSCR":13.939407,"USDSDG":601.000339,"USDSEK":9.552038,"USDSGD":1.303604,"USDSHP":0.750259,"USDSLE":23.375038,"USDSLL":20969.498139,"USDSOS":569.816398,"USDSRD":38.552504,"USDSTD":20697.981008,"USDSTN":21.268284,"USDSVC":8.739963,"USDSYP":11056.971414,"USDSZL":17.356656,"USDTHB":32.395038,"USDTJS":9.214289,"USDTMT":3.51,"USDTND":2.955771,"USDTOP":2.40776,"USDTRY":42.326504,"USDTTD":6.786753,"USDTWD":31.353604,"USDTZS":2457.137897,"USDUAH":42.250705,"USDUGX":3630.365901,"USDUYU":39.723946,"USDUZS":11957.116194,"USDVES":241.176038,"USDVND":26353,"USDVUV":122.643314,"USDWST":2.821686,"USDXAF":569.431833,"USDXAG":0.020001,"USDXAU":0.000246,"USDXCD":2.70255,"USDXCG":1.800165,"USDXDR":0.70819,"USDXOF":569.431833,"USDXPF":103.528799,"USDYER":238.503589,"USDZAR":17.374204,"USDZMK":9001.203584,"USDZMW":23.047875,"USDZWL":321.999592}}