{"success":true,"terms":"https:\/\/currencylayer.com\/terms","privacy":"https:\/\/currencylayer.com\/privacy","timestamp":1758505028,"source":"USD","quotes":{"USDAED":3.672503,"USDAFN":67.413816,"USDALL":82.597453,"USDAMD":383.092836,"USDANG":1.790403,"USDAOA":916.999881,"USDARS":1477.173401,"USDAUD":1.5179,"USDAWG":1.40625,"USDAZN":1.698228,"USDBAM":1.665007,"USDBBD":2.018113,"USDBDT":121.849061,"USDBGN":1.666255,"USDBHD":0.377836,"USDBIF":2990.407388,"USDBMD":1,"USDBND":1.286739,"USDBOB":6.918657,"USDBRL":5.334596,"USDBSD":1.001989,"USDBTC":8.716876e-6,"USDBTN":88.16158,"USDBWP":13.347533,"USDBYN":3.392828,"USDBYR":19600,"USDBZD":2.015422,"USDCAD":1.37931,"USDCDF":2823.99988,"USDCHF":0.79639,"USDCLF":0.024355,"USDCLP":955.439843,"USDCNY":7.1134,"USDCNH":7.11524,"USDCOP":3900.65,"USDCRC":505.463142,"USDCUC":1,"USDCUP":26.5,"USDCVE":93.870515,"USDCZK":20.694003,"USDDJF":178.433594,"USDDKK":6.35821,"USDDOP":62.124342,"USDDZD":128.154339,"USDEGP":47.635883,"USDERN":15,"USDETB":143.812672,"USDEUR":0.85194,"USDFJD":2.251802,"USDFKP":0.741517,"USDGBP":0.74221,"USDGEL":2.694926,"USDGGP":0.741517,"USDGHS":12.286213,"USDGIP":0.741517,"USDGMD":73.99976,"USDGNF":8691.466568,"USDGTQ":7.669519,"USDGYD":209.475163,"USDHKD":7.769305,"USDHNL":26.261533,"USDHRK":6.419401,"USDHTG":131.101873,"USDHUF":332.225042,"USDIDR":16641.55,"USDILS":3.336205,"USDIMP":0.741517,"USDINR":88.21115,"USDIQD":1312.743615,"USDIRR":42062.497294,"USDISK":121.829881,"USDJEP":0.741517,"USDJMD":160.678838,"USDJOD":0.708975,"USDJPY":148.168499,"USDKES":129.310231,"USDKGS":87.44983,"USDKHR":4027.022883,"USDKMF":418.00008,"USDKPW":900.02117,"USDKRW":1394.439675,"USDKWD":0.30541,"USDKYD":0.83502,"USDKZT":542.434686,"USDLAK":21695.030778,"USDLBP":89728.737317,"USDLKR":302.991318,"USDLRD":178.725578,"USDLSL":17.383478,"USDLTL":2.95274,"USDLVL":0.60489,"USDLYD":5.403955,"USDMAD":9.032052,"USDMDL":16.623146,"USDMGA":4430.150583,"USDMKD":52.385817,"USDMMK":2099.524485,"USDMNT":3596.290536,"USDMOP":8.025867,"USDMRU":40.079571,"USDMUR":45.34969,"USDMVR":15.301252,"USDMWK":1737.47098,"USDMXN":18.420501,"USDMYR":4.210501,"USDMZN":63.89594,"USDNAD":17.384811,"USDNGN":1497.699971,"USDNIO":36.871071,"USDNOK":9.935715,"USDNPR":141.163942,"USDNZD":1.70866,"USDOMR":0.380245,"USDPAB":1.001234,"USDPEN":3.487847,"USDPGK":4.188125,"USDPHP":57.184503,"USDPKR":284.342607,"USDPLN":3.634003,"USDPYG":7135.128688,"USDQAR":3.640489,"USDRON":4.326499,"USDRSD":99.740348,"USDRUB":83.654952,"USDRWF":1452.414016,"USDSAR":3.75934,"USDSBD":8.196859,"USDSCR":15.251556,"USDSDG":601.498588,"USDSEK":9.417605,"USDSGD":1.285375,"USDSHP":0.785843,"USDSLE":23.30433,"USDSLL":20969.503664,"USDSOS":572.599402,"USDSRD":38.096497,"USDSTD":20697.981008,"USDSTN":20.872469,"USDSVC":8.7677,"USDSYP":13001.909178,"USDSZL":17.385933,"USDTHB":31.839753,"USDTJS":9.371643,"USDTMT":3.5,"USDTND":2.913038,"USDTOP":2.342097,"USDTRY":41.397202,"USDTTD":6.781856,"USDTWD":30.279802,"USDTZS":2470.607957,"USDUAH":41.394049,"USDUGX":3506.576427,"USDUYU":39.994892,"USDUZS":12329.630103,"USDVES":163.442845,"USDVND":26385,"USDVUV":118.866423,"USDWST":2.673784,"USDXAF":558.846282,"USDXAG":0.023134,"USDXAU":0.000271,"USDXCD":2.70255,"USDXCG":1.805851,"USDXDR":0.695022,"USDXOF":558.846282,"USDXPF":101.528115,"USDYER":239.450349,"USDZAR":17.345095,"USDZMK":9001.196016,"USDZMW":23.694457,"USDZWL":321.999592}}