{"success":true,"terms":"https:\/\/currencylayer.com\/terms","privacy":"https:\/\/currencylayer.com\/privacy","timestamp":1762997887,"source":"USD","quotes":{"USDAED":3.672504,"USDAFN":66.000494,"USDALL":83.299074,"USDAMD":382.09031,"USDANG":1.790261,"USDAOA":917.000116,"USDARS":1408.500101,"USDAUD":1.524925,"USDAWG":1.8025,"USDAZN":1.691881,"USDBAM":1.68937,"USDBBD":2.014244,"USDBDT":122.111228,"USDBGN":1.68784,"USDBHD":0.377031,"USDBIF":2950,"USDBMD":1,"USDBND":1.30343,"USDBOB":6.910223,"USDBRL":5.292806,"USDBSD":1.000082,"USDBTC":9.777226e-6,"USDBTN":88.671219,"USDBWP":14.25758,"USDBYN":3.410338,"USDBYR":19600,"USDBZD":2.011289,"USDCAD":1.401195,"USDCDF":2137.497023,"USDCHF":0.79842,"USDCLF":0.023707,"USDCLP":930.020415,"USDCNY":7.11275,"USDCNH":7.11358,"USDCOP":3706.75,"USDCRC":502.36889,"USDCUC":1,"USDCUP":26.5,"USDCVE":95.375026,"USDCZK":20.92465,"USDDJF":177.720238,"USDDKK":6.446095,"USDDOP":64.300836,"USDDZD":130.367575,"USDEGP":47.1924,"USDERN":15,"USDETB":153.594993,"USDEUR":0.86322,"USDFJD":2.27695,"USDFKP":0.75922,"USDGBP":0.76235,"USDGEL":2.698038,"USDGGP":0.75922,"USDGHS":10.965019,"USDGIP":0.75922,"USDGMD":73.507217,"USDGNF":8684.999693,"USDGTQ":7.664334,"USDGYD":209.232018,"USDHKD":7.770945,"USDHNL":26.309814,"USDHRK":6.505502,"USDHTG":130.904411,"USDHUF":332.0215,"USDIDR":16736,"USDILS":3.20022,"USDIMP":0.75922,"USDINR":88.62435,"USDIQD":1310,"USDIRR":42112.513261,"USDISK":126.889742,"USDJEP":0.75922,"USDJMD":160.817476,"USDJOD":0.70898,"USDJPY":154.932503,"USDKES":129.249722,"USDKGS":87.450031,"USDKHR":4020.000354,"USDKMF":427.499577,"USDKPW":899.988373,"USDKRW":1472.630131,"USDKWD":0.30719,"USDKYD":0.833377,"USDKZT":524.809647,"USDLAK":21694.99973,"USDLBP":89550.000028,"USDLKR":304.582734,"USDLRD":183.249499,"USDLSL":17.244997,"USDLTL":2.95274,"USDLVL":0.60489,"USDLYD":5.46897,"USDMAD":9.2725,"USDMDL":16.941349,"USDMGA":4499.999927,"USDMKD":53.084556,"USDMMK":2099.257186,"USDMNT":3579.013865,"USDMOP":8.005511,"USDMRU":39.84947,"USDMUR":45.869997,"USDMVR":15.405027,"USDMWK":1735.999785,"USDMXN":18.30415,"USDMYR":4.134954,"USDMZN":63.960325,"USDNAD":17.244979,"USDNGN":1441.979746,"USDNIO":36.769805,"USDNOK":10.090995,"USDNPR":141.874295,"USDNZD":1.768045,"USDOMR":0.384501,"USDPAB":1.000073,"USDPEN":3.37875,"USDPGK":4.120309,"USDPHP":59.134997,"USDPKR":280.850187,"USDPLN":3.654375,"USDPYG":7057.035009,"USDQAR":3.640903,"USDRON":4.389017,"USDRSD":101.135965,"USDRUB":81.274618,"USDRWF":1450,"USDSAR":3.750335,"USDSBD":8.237372,"USDSCR":14.331722,"USDSDG":600.501748,"USDSEK":9.455605,"USDSGD":1.302799,"USDSHP":0.750259,"USDSLE":23.195699,"USDSLL":20969.500866,"USDSOS":571.501996,"USDSRD":38.556503,"USDSTD":20697.981008,"USDSTN":21.38,"USDSVC":8.750858,"USDSYP":11056.952587,"USDSZL":17.244999,"USDTHB":32.380197,"USDTJS":9.260569,"USDTMT":3.5,"USDTND":2.950503,"USDTOP":2.40776,"USDTRY":42.251398,"USDTTD":6.781462,"USDTWD":31.099098,"USDTZS":2440.000258,"USDUAH":42.073999,"USDUGX":3625.244555,"USDUYU":39.767991,"USDUZS":12004.999843,"USDVES":233.26555,"USDVND":26330,"USDVUV":122.202554,"USDWST":2.815308,"USDXAF":566.596269,"USDXAG":0.01885,"USDXAU":0.000239,"USDXCD":2.70255,"USDXCG":1.802343,"USDXDR":0.704774,"USDXOF":565.000074,"USDXPF":103.298331,"USDYER":238.487551,"USDZAR":17.1034,"USDZMK":9001.201618,"USDZMW":22.426266,"USDZWL":321.999592}}