{"success":true,"terms":"https:\/\/currencylayer.com\/terms","privacy":"https:\/\/currencylayer.com\/privacy","timestamp":1774232528,"source":"USD","quotes":{"USDAED":3.672498,"USDAFN":62.999411,"USDALL":83.045552,"USDAMD":377.608336,"USDANG":1.790083,"USDAOA":917.000383,"USDARS":1383.136504,"USDAUD":1.429603,"USDAWG":1.8025,"USDAZN":1.701827,"USDBAM":1.692703,"USDBBD":2.017085,"USDBDT":122.889314,"USDBGN":1.709309,"USDBHD":0.375272,"USDBIF":2964.437482,"USDBMD":1,"USDBND":1.280822,"USDBOB":6.920277,"USDBRL":5.3197,"USDBSD":1.001532,"USDBTC":1.470917e-5,"USDBTN":93.628346,"USDBWP":13.656801,"USDBYN":3.038457,"USDBYR":19600,"USDBZD":2.014228,"USDCAD":1.370815,"USDCDF":2274.999929,"USDCHF":0.788355,"USDCLF":0.023138,"USDCLP":913.629666,"USDCNY":6.886398,"USDCNH":6.91422,"USDCOP":3696.54,"USDCRC":467.791212,"USDCUC":1,"USDCUP":26.5,"USDCVE":95.432004,"USDCZK":21.211302,"USDDJF":178.340531,"USDDKK":6.46644,"USDDOP":59.449729,"USDDZD":131.454091,"USDEGP":51.927055,"USDERN":15,"USDETB":157.836062,"USDEUR":0.865401,"USDFJD":2.21445,"USDFKP":0.749593,"USDGBP":0.750025,"USDGEL":2.715015,"USDGGP":0.749593,"USDGHS":10.917148,"USDGIP":0.749593,"USDGMD":73.497998,"USDGNF":8778.549977,"USDGTQ":7.671603,"USDGYD":209.529662,"USDHKD":7.83231,"USDHNL":26.509205,"USDHRK":6.522201,"USDHTG":131.388314,"USDHUF":340.447497,"USDIDR":16988,"USDILS":3.109125,"USDIMP":0.749593,"USDINR":93.71845,"USDIQD":1311.97909,"USDIRR":1315624.999961,"USDISK":124.459954,"USDJEP":0.749593,"USDJMD":157.346743,"USDJOD":0.709051,"USDJPY":159.459497,"USDKES":129.743905,"USDKGS":87.447899,"USDKHR":4001.973291,"USDKMF":426.999812,"USDKPW":900.029607,"USDKRW":1508.789884,"USDKWD":0.30657,"USDKYD":0.834581,"USDKZT":481.491739,"USDLAK":21506.092917,"USDLBP":89692.06536,"USDLKR":312.41778,"USDLRD":183.27376,"USDLSL":16.894603,"USDLTL":2.95274,"USDLVL":0.60489,"USDLYD":6.411466,"USDMAD":9.358386,"USDMDL":17.440975,"USDMGA":4176.061001,"USDMKD":53.348104,"USDMMK":2098.81595,"USDMNT":3568.179446,"USDMOP":8.084003,"USDMRU":40.089837,"USDMUR":46.510034,"USDMVR":15.459934,"USDMWK":1736.722073,"USDMXN":17.9545,"USDMYR":3.939499,"USDMZN":63.898224,"USDNAD":16.894749,"USDNGN":1354.06053,"USDNIO":36.852081,"USDNOK":9.582401,"USDNPR":149.804404,"USDNZD":1.717699,"USDOMR":0.382195,"USDPAB":1.001519,"USDPEN":3.46252,"USDPGK":4.323066,"USDPHP":60.157499,"USDPKR":279.628351,"USDPLN":3.70134,"USDPYG":6541.287659,"USDQAR":3.662273,"USDRON":4.404298,"USDRSD":101.650468,"USDRUB":84.38709,"USDRWF":1457.231632,"USDSAR":3.754903,"USDSBD":8.05166,"USDSCR":13.74181,"USDSDG":600.999774,"USDSEK":9.36155,"USDSGD":1.282595,"USDSHP":0.750259,"USDSLE":24.574967,"USDSLL":20969.510825,"USDSOS":572.35094,"USDSRD":37.487498,"USDSTD":20697.981008,"USDSTN":21.204227,"USDSVC":8.762971,"USDSYP":110.711277,"USDSZL":16.900787,"USDTHB":32.87999,"USDTJS":9.619362,"USDTMT":3.51,"USDTND":2.95786,"USDTOP":2.40776,"USDTRY":44.323497,"USDTTD":6.794814,"USDTWD":32.088197,"USDTZS":2595.522982,"USDUAH":43.875212,"USDUGX":3785.603628,"USDUYU":40.356396,"USDUZS":12210.172836,"USDVES":454.69063,"USDVND":26325,"USDVUV":118.849952,"USDWST":2.727811,"USDXAF":567.726608,"USDXAG":0.01498,"USDXAU":0.000227,"USDXCD":2.70255,"USDXCG":1.80494,"USDXDR":0.706079,"USDXOF":567.716781,"USDXPF":103.216984,"USDYER":238.648038,"USDZAR":17.095198,"USDZMK":9001.196938,"USDZMW":19.554625,"USDZWL":321.999592}}