{"success":true,"terms":"https:\/\/currencylayer.com\/terms","privacy":"https:\/\/currencylayer.com\/privacy","timestamp":1784341685,"source":"USD","quotes":{"USDAED":3.672504,"USDAFN":66.000368,"USDALL":82.065819,"USDAMD":366.850403,"USDANG":1.790258,"USDAOA":918.000367,"USDARS":1477.015602,"USDAUD":1.43185,"USDAWG":1.8,"USDAZN":1.70397,"USDBAM":1.711051,"USDBBD":2.013578,"USDBDT":123.231705,"USDBGN":1.717508,"USDBHD":0.37699,"USDBIF":2973.665792,"USDBMD":1,"USDBND":1.290819,"USDBOB":6.923833,"USDBRL":5.109704,"USDBSD":0.999746,"USDBTC":1.5598045e-5,"USDBTN":96.20602,"USDBWP":13.613298,"USDBYN":2.892751,"USDBYR":19600,"USDBZD":2.010507,"USDCAD":1.40265,"USDCDF":2260.000362,"USDCHF":0.807644,"USDCLF":0.023667,"USDCLP":931.460396,"USDCNY":6.77325,"USDCNH":6.77849,"USDCOP":3271.49,"USDCRC":453.72027,"USDCUC":1,"USDCUP":26.5,"USDCVE":96.47066,"USDCZK":21.170704,"USDDJF":177.720393,"USDDKK":6.53604,"USDDOP":58.591939,"USDDZD":133.07704,"USDEGP":50.499541,"USDERN":15,"USDETB":161.352347,"USDEUR":0.874104,"USDFJD":2.24225,"USDFKP":0.741639,"USDGBP":0.74355,"USDGEL":2.62504,"USDGGP":0.741639,"USDGHS":11.535803,"USDGIP":0.741639,"USDGMD":74.000355,"USDGNF":8767.847144,"USDGTQ":7.627363,"USDGYD":209.152271,"USDHKD":7.84035,"USDHNL":26.773638,"USDHRK":6.587104,"USDHTG":130.665488,"USDHUF":317.240388,"USDIDR":17942.45,"USDILS":3.03755,"USDIMP":0.741639,"USDINR":96.52615,"USDIQD":1309.635255,"USDIRR":1375000.000352,"USDISK":125.360386,"USDJEP":0.741639,"USDJMD":158.358413,"USDJOD":0.70904,"USDJPY":162.45604,"USDKES":129.250385,"USDKGS":87.450384,"USDKHR":4041.870984,"USDKMF":429.00035,"USDKPW":900.000068,"USDKRW":1487.770383,"USDKWD":0.30905,"USDKYD":0.833089,"USDKZT":472.493438,"USDLAK":22557.193474,"USDLBP":89520.580902,"USDLKR":335.94331,"USDLRD":180.94884,"USDLSL":16.498307,"USDLTL":2.95274,"USDLVL":0.60489,"USDLYD":6.382383,"USDMAD":9.327058,"USDMDL":17.580129,"USDMGA":4254.649011,"USDMKD":53.874394,"USDMMK":2099.396771,"USDMNT":3588.131807,"USDMOP":8.073156,"USDMRU":39.848993,"USDMUR":47.150378,"USDMVR":15.460378,"USDMWK":1733.515895,"USDMXN":17.539904,"USDMYR":4.095904,"USDMZN":63.910377,"USDNAD":16.498307,"USDNGN":1379.890377,"USDNIO":36.789956,"USDNOK":9.647404,"USDNPR":153.931154,"USDNZD":1.71145,"USDOMR":0.384118,"USDPAB":0.999694,"USDPEN":3.391238,"USDPGK":4.46791,"USDPHP":61.674038,"USDPKR":277.958794,"USDPLN":3.79305,"USDPYG":6059.545578,"USDQAR":3.654275,"USDRON":4.573038,"USDRSD":102.593038,"USDRUB":78.12447,"USDRWF":1472.123187,"USDSAR":3.761064,"USDSBD":8.071362,"USDSCR":13.451668,"USDSDG":600.503676,"USDSEK":9.646704,"USDSGD":1.291204,"USDSHP":0.746601,"USDSLE":24.375038,"USDSLL":20969.507346,"USDSOS":571.311085,"USDSRD":37.611038,"USDSTD":20697.981008,"USDSTN":21.435008,"USDSVC":8.746851,"USDSYP":110.532098,"USDSZL":16.485564,"USDTHB":33.630369,"USDTJS":9.237398,"USDTMT":3.51,"USDTND":2.951865,"USDTOP":2.40776,"USDTRY":47.142504,"USDTTD":6.788884,"USDTWD":32.413104,"USDTZS":2625.998038,"USDUAH":44.654255,"USDUGX":3693.820593,"USDUYU":40.182321,"USDUZS":12006.578947,"USDVES":724.839804,"USDVND":26295,"USDVUV":119.374527,"USDWST":2.738989,"USDXAF":573.873066,"USDXAG":0.017893,"USDXAU":0.000249,"USDXCD":2.70255,"USDXCG":1.801766,"USDXDR":0.712694,"USDXOF":573.870556,"USDXPF":104.34174,"USDYER":238.603589,"USDZAR":15.987037,"USDZMK":9001.203584,"USDZMW":18.218801,"USDZWL":321.999592}}