{"success":true,"terms":"https:\/\/currencylayer.com\/terms","privacy":"https:\/\/currencylayer.com\/privacy","timestamp":1767578107,"source":"USD","quotes":{"USDAED":3.672499,"USDAFN":66.138707,"USDALL":82.567358,"USDAMD":381.671242,"USDANG":1.790403,"USDAOA":916.999931,"USDARS":1480.831905,"USDAUD":1.496155,"USDAWG":1.80125,"USDAZN":1.698032,"USDBAM":1.669961,"USDBBD":2.016283,"USDBDT":122.399491,"USDBGN":1.666702,"USDBHD":0.378238,"USDBIF":2961.027651,"USDBMD":1,"USDBND":1.287808,"USDBOB":6.917642,"USDBRL":5.422029,"USDBSD":1.000884,"USDBTC":1.0761384e-5,"USDBTN":90.199929,"USDBWP":13.986074,"USDBYN":2.940149,"USDBYR":19600,"USDBZD":2.012953,"USDCAD":1.374605,"USDCDF":2196.000139,"USDCHF":0.792605,"USDCLF":0.022977,"USDCLP":901.390206,"USDCNY":6.99385,"USDCNH":6.978151,"USDCOP":3774.02,"USDCRC":497.965701,"USDCUC":1,"USDCUP":26.5,"USDCVE":94.149842,"USDCZK":20.641104,"USDDJF":178.232785,"USDDKK":6.383025,"USDDOP":63.142256,"USDDZD":130.147332,"USDEGP":47.897603,"USDERN":15,"USDETB":155.55733,"USDEUR":0.85453,"USDFJD":2.280096,"USDFKP":0.742599,"USDGBP":0.74395,"USDGEL":2.689571,"USDGGP":0.742599,"USDGHS":10.484432,"USDGIP":0.742599,"USDGMD":74.000267,"USDGNF":8755.827257,"USDGTQ":7.678167,"USDGYD":209.398334,"USDHKD":7.79325,"USDHNL":26.392524,"USDHRK":6.4358,"USDHTG":131.000713,"USDHUF":327.597992,"USDIDR":16703,"USDILS":3.186525,"USDIMP":0.742599,"USDINR":90.014497,"USDIQD":1311.36091,"USDIRR":42125.000053,"USDISK":125.960255,"USDJEP":0.742599,"USDJMD":159.046761,"USDJOD":0.70905,"USDJPY":157.042985,"USDKES":129.109707,"USDKGS":87.443498,"USDKHR":4013.268273,"USDKMF":420.999899,"USDKPW":900.014462,"USDKRW":1447.280541,"USDKWD":0.30732,"USDKYD":0.834041,"USDKZT":507.819137,"USDLAK":21639.137099,"USDLBP":89632.374601,"USDLKR":310.084403,"USDLRD":178.181554,"USDLSL":16.525426,"USDLTL":2.95274,"USDLVL":0.60489,"USDLYD":5.420244,"USDMAD":9.153194,"USDMDL":16.846473,"USDMGA":4593.716513,"USDMKD":52.554508,"USDMMK":2099.911685,"USDMNT":3557.613412,"USDMOP":8.033966,"USDMRU":39.883364,"USDMUR":46.250147,"USDMVR":15.459965,"USDMWK":1735.946686,"USDMXN":17.97925,"USDMYR":4.062996,"USDMZN":63.899573,"USDNAD":16.525426,"USDNGN":1440.469621,"USDNIO":36.83851,"USDNOK":10.075598,"USDNPR":144.319545,"USDNZD":1.736845,"USDOMR":0.385761,"USDPAB":1.000884,"USDPEN":3.363574,"USDPGK":4.324717,"USDPHP":58.875056,"USDPKR":280.353323,"USDPLN":3.59671,"USDPYG":6570.380775,"USDQAR":3.649528,"USDRON":4.346797,"USDRSD":100.156682,"USDRUB":80.215,"USDRWF":1457.864605,"USDSAR":3.7505,"USDSBD":8.143457,"USDSCR":14.564006,"USDSDG":601.501015,"USDSEK":9.23434,"USDSGD":1.287745,"USDSHP":0.750259,"USDSLE":23.999777,"USDSLL":20969.503664,"USDSOS":570.969932,"USDSRD":38.126497,"USDSTD":20697.981008,"USDSTN":20.919162,"USDSVC":8.757946,"USDSYP":11056.822884,"USDSZL":16.527987,"USDTHB":31.539714,"USDTJS":9.243104,"USDTMT":3.5,"USDTND":2.918035,"USDTOP":2.40776,"USDTRY":43.043705,"USDTTD":6.804336,"USDTWD":31.408957,"USDTZS":2482.144004,"USDUAH":42.375156,"USDUGX":3626.303723,"USDUYU":39.089283,"USDUZS":12014.532538,"USDVES":300.624759,"USDVND":26300,"USDVUV":120.598576,"USDWST":2.767791,"USDXAF":560.089313,"USDXAG":0.01324,"USDXAU":0.000227,"USDXCD":2.70255,"USDXCG":1.804186,"USDXDR":0.696571,"USDXOF":560.089313,"USDXPF":101.830229,"USDYER":238.39673,"USDZAR":16.5006,"USDZMK":9001.196866,"USDZMW":22.094239,"USDZWL":321.999592}}