{"success":true,"terms":"https:\/\/currencylayer.com\/terms","privacy":"https:\/\/currencylayer.com\/privacy","timestamp":1767059044,"source":"USD","quotes":{"USDAED":3.6725,"USDAFN":65.491881,"USDALL":81.874962,"USDAMD":381.460229,"USDANG":1.790403,"USDAOA":916.999553,"USDARS":1457.000309,"USDAUD":1.492303,"USDAWG":1.8,"USDAZN":1.700031,"USDBAM":1.663067,"USDBBD":2.015017,"USDBDT":122.369327,"USDBGN":1.660986,"USDBHD":0.377043,"USDBIF":2965,"USDBMD":1,"USDBND":1.286458,"USDBOB":6.928454,"USDBRL":5.570695,"USDBSD":1.000493,"USDBTC":1.1473581e-5,"USDBTN":89.919475,"USDBWP":13.153129,"USDBYN":2.889418,"USDBYR":19600,"USDBZD":2.012074,"USDCAD":1.368715,"USDCDF":2200.000238,"USDCHF":0.788949,"USDCLF":0.023318,"USDCLP":914.749951,"USDCNY":7.005902,"USDCNH":7.00214,"USDCOP":3731.15,"USDCRC":495.650621,"USDCUC":1,"USDCUP":26.5,"USDCVE":94.250133,"USDCZK":20.614966,"USDDJF":177.719918,"USDDKK":6.343225,"USDDOP":62.950135,"USDDZD":129.517991,"USDEGP":47.666197,"USDERN":15,"USDETB":154.999738,"USDEUR":0.8493,"USDFJD":2.272297,"USDFKP":0.740878,"USDGBP":0.740465,"USDGEL":2.685031,"USDGGP":0.740878,"USDGHS":11.325043,"USDGIP":0.740878,"USDGMD":74.000345,"USDGNF":8742.503542,"USDGTQ":7.670788,"USDGYD":209.317948,"USDHKD":7.77761,"USDHNL":26.449997,"USDHRK":6.400601,"USDHTG":131.017066,"USDHUF":328.356505,"USDIDR":16777,"USDILS":3.18085,"USDIMP":0.740878,"USDINR":89.90065,"USDIQD":1310,"USDIRR":42124.999933,"USDISK":125.210244,"USDJEP":0.740878,"USDJMD":159.385044,"USDJOD":0.70899,"USDJPY":156.260967,"USDKES":128.903227,"USDKGS":87.411505,"USDKHR":4015.00014,"USDKMF":418.511276,"USDKPW":900.000979,"USDKRW":1434.019686,"USDKWD":0.30695,"USDKYD":0.833709,"USDKZT":502.232086,"USDLAK":21625.000043,"USDLBP":89528.462192,"USDLKR":310.143104,"USDLRD":177.875,"USDLSL":16.680194,"USDLTL":2.95274,"USDLVL":0.60489,"USDLYD":5.414983,"USDMAD":9.102498,"USDMDL":16.777063,"USDMGA":4575.000229,"USDMKD":52.287276,"USDMMK":2100.336705,"USDMNT":3556.548102,"USDMOP":8.010731,"USDMRU":39.760528,"USDMUR":46.059802,"USDMVR":15.460099,"USDMWK":1737.505896,"USDMXN":17.97825,"USDMYR":4.053029,"USDMZN":63.902241,"USDNAD":16.680022,"USDNGN":1455.390065,"USDNIO":36.75021,"USDNOK":10.037027,"USDNPR":143.87133,"USDNZD":1.72234,"USDOMR":0.384508,"USDPAB":1.000468,"USDPEN":3.365981,"USDPGK":4.257503,"USDPHP":58.854988,"USDPKR":280.149772,"USDPLN":3.59096,"USDPYG":6780.49693,"USDQAR":3.640988,"USDRON":4.327903,"USDRSD":99.645034,"USDRUB":78.500718,"USDRWF":1452.5,"USDSAR":3.750668,"USDSBD":8.133497,"USDSCR":14.306285,"USDSDG":601.499323,"USDSEK":9.175905,"USDSGD":1.28549,"USDSHP":0.750259,"USDSLE":24.100338,"USDSLL":20969.503664,"USDSOS":571.503233,"USDSRD":38.24896,"USDSTD":20697.981008,"USDSTN":21.25,"USDSVC":8.754028,"USDSYP":11056.906484,"USDSZL":16.689804,"USDTHB":31.580159,"USDTJS":9.209445,"USDTMT":3.5,"USDTND":2.888988,"USDTOP":2.40776,"USDTRY":42.939995,"USDTTD":6.801697,"USDTWD":31.412297,"USDTZS":2454.999867,"USDUAH":42.252667,"USDUGX":3618.986072,"USDUYU":39.284712,"USDUZS":12045.000135,"USDVES":294.601185,"USDVND":26285,"USDVUV":120.879191,"USDWST":2.770882,"USDXAF":557.777079,"USDXAG":0.013613,"USDXAU":0.00023,"USDXCD":2.70255,"USDXCG":1.8031,"USDXDR":0.692271,"USDXOF":555.49002,"USDXPF":101.649682,"USDYER":238.34993,"USDZAR":16.66935,"USDZMK":9001.202208,"USDZMW":22.410333,"USDZWL":321.999592}}