{"success":true,"terms":"https:\/\/currencylayer.com\/terms","privacy":"https:\/\/currencylayer.com\/privacy","timestamp":1773886868,"source":"USD","quotes":{"USDAED":3.672499,"USDAFN":63.99982,"USDALL":83.571528,"USDAMD":379.306739,"USDANG":1.790083,"USDAOA":917.000324,"USDARS":1394.506197,"USDAUD":1.417726,"USDAWG":1.8,"USDAZN":1.699385,"USDBAM":1.70403,"USDBBD":2.026631,"USDBDT":123.441516,"USDBGN":1.709309,"USDBHD":0.377542,"USDBIF":2983.464413,"USDBMD":1,"USDBND":1.284852,"USDBOB":6.95265,"USDBRL":5.263803,"USDBSD":1.006257,"USDBTC":1.4037334e-5,"USDBTN":93.307018,"USDBWP":13.64595,"USDBYN":3.067036,"USDBYR":19600,"USDBZD":2.023756,"USDCAD":1.37142,"USDCDF":2269.99989,"USDCHF":0.791085,"USDCLF":0.023189,"USDCLP":915.629984,"USDCNY":6.87305,"USDCNH":6.898125,"USDCOP":3706.3,"USDCRC":469.967975,"USDCUC":1,"USDCUP":26.5,"USDCVE":96.081456,"USDCZK":21.27835,"USDDJF":179.186419,"USDDKK":6.502815,"USDDOP":60.835276,"USDDZD":132.529467,"USDEGP":52.233401,"USDERN":15,"USDETB":157.116838,"USDEUR":0.87023,"USDFJD":2.2179,"USDFKP":0.749449,"USDGBP":0.75204,"USDGEL":2.714947,"USDGGP":0.749449,"USDGHS":10.968788,"USDGIP":0.749449,"USDGMD":74.000118,"USDGNF":8818.979979,"USDGTQ":7.707255,"USDGYD":210.505219,"USDHKD":7.838325,"USDHNL":26.6321,"USDHRK":6.560104,"USDHTG":131.875123,"USDHUF":342.478503,"USDIDR":16978,"USDILS":3.10005,"USDIMP":0.749449,"USDINR":93.01715,"USDIQD":1318.032101,"USDIRR":1314999.999904,"USDISK":124.620233,"USDJEP":0.749449,"USDJMD":157.992201,"USDJOD":0.709002,"USDJPY":159.562001,"USDKES":130.246134,"USDKGS":87.44966,"USDKHR":4029.54184,"USDKMF":428.000457,"USDKPW":899.9784,"USDKRW":1496.680028,"USDKWD":0.30656,"USDKYD":0.838475,"USDKZT":485.403559,"USDLAK":21591.404221,"USDLBP":90120.825254,"USDLKR":313.313697,"USDLRD":184.128893,"USDLSL":16.795929,"USDLTL":2.95274,"USDLVL":0.60489,"USDLYD":6.420803,"USDMAD":9.415922,"USDMDL":17.543921,"USDMGA":4190.776631,"USDMKD":53.654672,"USDMMK":2100.10344,"USDMNT":3571.101739,"USDMOP":8.123072,"USDMRU":40.161217,"USDMUR":46.510183,"USDMVR":15.460122,"USDMWK":1744.806191,"USDMXN":17.792899,"USDMYR":3.935023,"USDMZN":63.903721,"USDNAD":16.795929,"USDNGN":1359.749705,"USDNIO":37.027516,"USDNOK":9.57516,"USDNPR":149.303937,"USDNZD":1.71646,"USDOMR":0.384475,"USDPAB":1.006169,"USDPEN":3.436114,"USDPGK":4.341518,"USDPHP":60.063499,"USDPKR":281.091833,"USDPLN":3.71605,"USDPYG":6503.590351,"USDQAR":3.658789,"USDRON":4.4321,"USDRSD":102.248,"USDRUB":83.86553,"USDRWF":1468.813316,"USDSAR":3.754755,"USDSBD":8.04524,"USDSCR":13.860713,"USDSDG":601.000082,"USDSEK":9.38349,"USDSGD":1.281275,"USDSHP":0.750259,"USDSLE":24.65034,"USDSLL":20969.510825,"USDSOS":575.063724,"USDSRD":37.374995,"USDSTD":20697.981008,"USDSTN":21.350297,"USDSVC":8.803744,"USDSYP":110.58576,"USDSZL":16.800579,"USDTHB":32.755021,"USDTJS":9.62383,"USDTMT":3.5,"USDTND":2.960823,"USDTOP":2.40776,"USDTRY":44.321704,"USDTTD":6.820677,"USDTWD":31.888953,"USDTZS":2603.729903,"USDUAH":44.250993,"USDUGX":3785.225075,"USDUYU":40.745194,"USDUZS":12269.740855,"USDVES":450.94284,"USDVND":26316,"USDVUV":119.592862,"USDWST":2.733704,"USDXAF":571.627633,"USDXAG":0.013118,"USDXAU":0.000206,"USDXCD":2.70255,"USDXCG":1.813334,"USDXDR":0.710924,"USDXOF":571.630124,"USDXPF":103.919416,"USDYER":238.575013,"USDZAR":16.931515,"USDZMK":9001.191204,"USDZMW":19.677217,"USDZWL":321.999592}}