{"success":true,"terms":"https:\/\/currencylayer.com\/terms","privacy":"https:\/\/currencylayer.com\/privacy","timestamp":1763429825,"source":"USD","quotes":{"USDAED":3.672504,"USDAFN":64.999741,"USDALL":83.330055,"USDAMD":381.720206,"USDANG":1.790055,"USDAOA":917.000152,"USDARS":1386.910297,"USDAUD":1.54083,"USDAWG":1.8,"USDAZN":1.701482,"USDBAM":1.685795,"USDBBD":2.014024,"USDBDT":122.249852,"USDBGN":1.68747,"USDBHD":0.377026,"USDBIF":2945,"USDBMD":1,"USDBND":1.301798,"USDBOB":6.934358,"USDBRL":5.329102,"USDBSD":0.999944,"USDBTC":1.0887044e-5,"USDBTN":88.555666,"USDBWP":14.215219,"USDBYN":3.411498,"USDBYR":19600,"USDBZD":2.011293,"USDCAD":1.40499,"USDCDF":2204.999825,"USDCHF":0.796202,"USDCLF":0.02355,"USDCLP":923.869688,"USDCNY":7.10775,"USDCNH":7.108915,"USDCOP":3756.25,"USDCRC":500.87703,"USDCUC":1,"USDCUP":26.5,"USDCVE":95.375025,"USDCZK":20.842098,"USDDJF":177.719572,"USDDKK":6.442601,"USDDOP":63.902481,"USDDZD":130.38596,"USDEGP":47.046188,"USDERN":15,"USDETB":154.750177,"USDEUR":0.86267,"USDFJD":2.283703,"USDFKP":0.758909,"USDGBP":0.76027,"USDGEL":2.704966,"USDGGP":0.758909,"USDGHS":10.99498,"USDGIP":0.758909,"USDGMD":73.000226,"USDGNF":8686.999893,"USDGTQ":7.662703,"USDGYD":209.211621,"USDHKD":7.77435,"USDHNL":26.275004,"USDHRK":6.501403,"USDHTG":130.981369,"USDHUF":331.668024,"USDIDR":16746,"USDILS":3.251785,"USDIMP":0.758909,"USDINR":88.61135,"USDIQD":1310,"USDIRR":42125.00059,"USDISK":126.820122,"USDJEP":0.758909,"USDJMD":160.408218,"USDJOD":0.709021,"USDJPY":155.238014,"USDKES":129.250259,"USDKGS":87.450192,"USDKHR":4015.999505,"USDKMF":425.000047,"USDKPW":899.999507,"USDKRW":1465.50327,"USDKWD":0.30685,"USDKYD":0.83333,"USDKZT":522.330875,"USDLAK":21689.999789,"USDLBP":89549.999721,"USDLKR":306.990816,"USDLRD":180.999691,"USDLSL":17.159801,"USDLTL":2.95274,"USDLVL":0.604891,"USDLYD":5.449901,"USDMAD":9.260271,"USDMDL":16.944142,"USDMGA":4495.000206,"USDMKD":53.078144,"USDMMK":2099.826799,"USDMNT":3572.941142,"USDMOP":8.006103,"USDMRU":39.849774,"USDMUR":45.796935,"USDMVR":15.410216,"USDMWK":1736.00003,"USDMXN":18.440279,"USDMYR":4.167502,"USDMZN":63.960156,"USDNAD":17.159845,"USDNGN":1444.750389,"USDNIO":36.7804,"USDNOK":10.108265,"USDNPR":141.68872,"USDNZD":1.768705,"USDOMR":0.384504,"USDPAB":0.999944,"USDPEN":3.360498,"USDPGK":4.230499,"USDPHP":58.901128,"USDPKR":280.660348,"USDPLN":3.651701,"USDPYG":7039.515931,"USDQAR":3.64085,"USDRON":4.387902,"USDRSD":101.127016,"USDRUB":81.247568,"USDRWF":1450,"USDSAR":3.750351,"USDSBD":8.230592,"USDSCR":13.448178,"USDSDG":601.498365,"USDSEK":9.474402,"USDSGD":1.30302,"USDSHP":0.750259,"USDSLE":23.374988,"USDSLL":20969.498139,"USDSOS":571.502062,"USDSRD":38.6165,"USDSTD":20697.981008,"USDSTN":21.35,"USDSVC":8.749618,"USDSYP":11056.807322,"USDSZL":17.159966,"USDTHB":32.460074,"USDTJS":9.23972,"USDTMT":3.5,"USDTND":2.96125,"USDTOP":2.40776,"USDTRY":42.3232,"USDTTD":6.780742,"USDTWD":31.213903,"USDTZS":2441.382035,"USDUAH":42.056345,"USDUGX":3572.767667,"USDUYU":39.770205,"USDUZS":12029.999781,"USDVES":236.164505,"USDVND":26355,"USDVUV":122.160884,"USDWST":2.813716,"USDXAF":565.399749,"USDXAG":0.019996,"USDXAU":0.000248,"USDXCD":2.70255,"USDXCG":1.802157,"USDXDR":0.702882,"USDXOF":567.000042,"USDXPF":103.298948,"USDYER":238.549785,"USDZAR":17.16655,"USDZMK":9001.201522,"USDZMW":22.674361,"USDZWL":321.999592}}