{"success":true,"terms":"https:\/\/currencylayer.com\/terms","privacy":"https:\/\/currencylayer.com\/privacy","timestamp":1782878104,"source":"USD","quotes":{"USDAED":3.672504,"USDAFN":63.495095,"USDALL":82.371399,"USDAMD":367.851352,"USDANG":1.790403,"USDAOA":917.499323,"USDARS":1484.025503,"USDAUD":1.451463,"USDAWG":1.8025,"USDAZN":1.707292,"USDBAM":1.714193,"USDBBD":2.01284,"USDBDT":123.126005,"USDBGN":1.69088,"USDBHD":0.376798,"USDBIF":2974.065017,"USDBMD":1,"USDBND":1.293681,"USDBOB":6.920579,"USDBRL":5.176602,"USDBSD":0.99936,"USDBTC":1.6896187e-5,"USDBTN":94.548403,"USDBWP":13.543977,"USDBYN":2.929664,"USDBYR":19600,"USDBZD":2.00986,"USDCAD":1.42197,"USDCDF":2265.000043,"USDCHF":0.80958,"USDCLF":0.023428,"USDCLP":922.069933,"USDCNY":6.79395,"USDCNH":6.798815,"USDCOP":3431.21,"USDCRC":455.680892,"USDCUC":1,"USDCUP":26.5,"USDCVE":96.643148,"USDCZK":21.283801,"USDDJF":177.959305,"USDDKK":6.555215,"USDDOP":59.574207,"USDDZD":133.178685,"USDEGP":49.228702,"USDERN":15,"USDETB":159.958017,"USDEUR":0.87701,"USDFJD":2.24725,"USDFKP":0.75464,"USDGBP":0.755715,"USDGEL":2.63979,"USDGGP":0.75464,"USDGHS":11.312552,"USDGIP":0.75464,"USDGMD":73.499227,"USDGNF":8760.39722,"USDGTQ":7.624348,"USDGYD":209.037245,"USDHKD":7.84395,"USDHNL":26.740874,"USDHRK":6.607018,"USDHTG":130.665334,"USDHUF":312.413501,"USDIDR":17951,"USDILS":2.98005,"USDIMP":0.75464,"USDINR":94.7116,"USDIQD":1309.200868,"USDIRR":1375999.999905,"USDISK":126.090284,"USDJEP":0.75464,"USDJMD":157.456506,"USDJOD":0.709026,"USDJPY":162.8085,"USDKES":129.489547,"USDKGS":87.450178,"USDKHR":4022.157363,"USDKMF":432.000099,"USDKPW":900.00035,"USDKRW":1557.335048,"USDKWD":0.30975,"USDKYD":0.832833,"USDKZT":478.894226,"USDLAK":22414.367353,"USDLBP":89490.161707,"USDLKR":335.788879,"USDLRD":181.37517,"USDLSL":16.355047,"USDLTL":2.95274,"USDLVL":0.60489,"USDLYD":6.420201,"USDMAD":9.392039,"USDMDL":17.658556,"USDMGA":4239.449581,"USDMKD":54.064128,"USDMMK":2099.487458,"USDMNT":3582.059186,"USDMOP":8.072573,"USDMRU":39.934089,"USDMUR":47.209838,"USDMVR":15.460033,"USDMWK":1732.8542,"USDMXN":17.527196,"USDMYR":4.092967,"USDMZN":63.850371,"USDNAD":16.355047,"USDNGN":1380.160082,"USDNIO":36.777015,"USDNOK":9.93274,"USDNPR":151.280096,"USDNZD":1.764525,"USDOMR":0.384496,"USDPAB":0.999343,"USDPEN":3.415547,"USDPGK":4.389402,"USDPHP":61.601503,"USDPKR":277.893999,"USDPLN":3.77185,"USDPYG":6077.471547,"USDQAR":3.652921,"USDRON":4.5951,"USDRSD":102.913996,"USDRUB":78.700758,"USDRWF":1464.831938,"USDSAR":3.751501,"USDSBD":8.065041,"USDSCR":13.37834,"USDSDG":600.496392,"USDSEK":9.72963,"USDSGD":1.29643,"USDSHP":0.746601,"USDSLE":24.798872,"USDSLL":20969.503664,"USDSOS":571.103028,"USDSRD":37.5045,"USDSTD":20697.981008,"USDSTN":21.47371,"USDSVC":8.744659,"USDSYP":110.532098,"USDSZL":16.352449,"USDTHB":33.2788,"USDTJS":9.233796,"USDTMT":3.51,"USDTND":2.961742,"USDTOP":2.40776,"USDTRY":46.674299,"USDTTD":6.783122,"USDTWD":31.871897,"USDTZS":2624.997961,"USDUAH":44.785486,"USDUGX":3662.753244,"USDUYU":40.115693,"USDUZS":11997.23033,"USDVES":622.24352,"USDVND":26317.5,"USDVUV":119.95305,"USDWST":2.78094,"USDXAF":574.921776,"USDXAG":0.017318,"USDXAU":0.000251,"USDXCD":2.70255,"USDXCG":1.801082,"USDXDR":0.715018,"USDXOF":574.931854,"USDXPF":104.528762,"USDYER":238.60327,"USDZAR":16.422301,"USDZMK":9001.134371,"USDZMW":18.013454,"USDZWL":321.999592}}