{"success":true,"terms":"https:\/\/currencylayer.com\/terms","privacy":"https:\/\/currencylayer.com\/privacy","timestamp":1771553165,"source":"USD","quotes":{"USDAED":3.672501,"USDAFN":62.999802,"USDALL":81.993631,"USDAMD":377.1483,"USDANG":1.789731,"USDAOA":916.999678,"USDARS":1390.504896,"USDAUD":1.421939,"USDAWG":1.8,"USDAZN":1.698368,"USDBAM":1.663194,"USDBBD":2.017773,"USDBDT":122.422253,"USDBGN":1.647646,"USDBHD":0.376972,"USDBIF":2970.789574,"USDBMD":1,"USDBND":1.269952,"USDBOB":6.923031,"USDBRL":5.210898,"USDBSD":1.001833,"USDBTC":1.4859691e-5,"USDBTN":91.210361,"USDBWP":13.298184,"USDBYN":2.854823,"USDBYR":19600,"USDBZD":2.014797,"USDCAD":1.369755,"USDCDF":2270.000318,"USDCHF":0.775844,"USDCLF":0.021917,"USDCLP":865.389652,"USDCNY":6.90875,"USDCNH":6.90036,"USDCOP":3701.28,"USDCRC":481.395972,"USDCUC":1,"USDCUP":26.5,"USDCVE":93.768337,"USDCZK":20.62505,"USDDJF":178.400442,"USDDKK":6.35474,"USDDOP":61.643515,"USDDZD":130.105872,"USDEGP":47.496201,"USDERN":15,"USDETB":153.978656,"USDEUR":0.850503,"USDFJD":2.20465,"USDFKP":0.738781,"USDGBP":0.743895,"USDGEL":2.680216,"USDGGP":0.738781,"USDGHS":11.010009,"USDGIP":0.738781,"USDGMD":73.471922,"USDGNF":8789.451977,"USDGTQ":7.686682,"USDGYD":209.595809,"USDHKD":7.81374,"USDHNL":26.503678,"USDHRK":6.407906,"USDHTG":131.315107,"USDHUF":322.659791,"USDIDR":16913,"USDILS":3.128105,"USDIMP":0.738781,"USDINR":91.03075,"USDIQD":1312.408051,"USDIRR":42125.000158,"USDISK":123.239802,"USDJEP":0.738781,"USDJMD":156.095072,"USDJOD":0.709008,"USDJPY":155.1525,"USDKES":129.230213,"USDKGS":87.449819,"USDKHR":4023.980611,"USDKMF":419.000157,"USDKPW":899.997043,"USDKRW":1448.830242,"USDKWD":0.30678,"USDKYD":0.834829,"USDKZT":493.3627,"USDLAK":21462.829736,"USDLBP":89762.657959,"USDLKR":309.916407,"USDLRD":185.835892,"USDLSL":16.211541,"USDLTL":2.95274,"USDLVL":0.604891,"USDLYD":6.338705,"USDMAD":9.179373,"USDMDL":17.151385,"USDMGA":4359.02887,"USDMKD":52.418086,"USDMMK":2099.599767,"USDMNT":3570.336145,"USDMOP":8.06383,"USDMRU":39.88673,"USDMUR":46.199323,"USDMVR":15.389175,"USDMWK":1737.148688,"USDMXN":17.2728,"USDMYR":3.909905,"USDMZN":63.909796,"USDNAD":16.211679,"USDNGN":1345.579699,"USDNIO":36.863812,"USDNOK":9.58053,"USDNPR":145.933926,"USDNZD":1.67975,"USDOMR":0.384396,"USDPAB":1.001845,"USDPEN":3.358448,"USDPGK":4.303773,"USDPHP":58.127497,"USDPKR":280.106468,"USDPLN":3.591985,"USDPYG":6495.174115,"USDQAR":3.651663,"USDRON":4.335298,"USDRSD":99.891981,"USDRUB":76.750668,"USDRWF":1463.157447,"USDSAR":3.750824,"USDSBD":8.05166,"USDSCR":15.127408,"USDSDG":601.5023,"USDSEK":9.086703,"USDSGD":1.268965,"USDSHP":0.750259,"USDSLE":24.506258,"USDSLL":20969.49935,"USDSOS":571.537906,"USDSRD":37.622967,"USDSTD":20697.981008,"USDSTN":20.834308,"USDSVC":8.765828,"USDSYP":11059.574895,"USDSZL":16.218446,"USDTHB":31.179031,"USDTJS":9.46723,"USDTMT":3.51,"USDTND":2.904169,"USDTOP":2.40776,"USDTRY":43.8439,"USDTTD":6.781016,"USDTWD":31.582501,"USDTZS":2590.00014,"USDUAH":43.335686,"USDUGX":3591.200156,"USDUYU":38.582229,"USDUZS":12154.635055,"USDVES":398.24717,"USDVND":25970,"USDVUV":118.54274,"USDWST":2.70123,"USDXAF":557.810281,"USDXAG":0.01272,"USDXAU":0.0002,"USDXCD":2.70255,"USDXCG":1.80555,"USDXDR":0.693737,"USDXOF":557.812653,"USDXPF":101.417601,"USDYER":238.500902,"USDZAR":16.16498,"USDZMK":9001.219621,"USDZMW":18.818827,"USDZWL":321.999592}}