{"success":true,"terms":"https:\/\/currencylayer.com\/terms","privacy":"https:\/\/currencylayer.com\/privacy","timestamp":1783567025,"source":"USD","quotes":{"USDAED":3.672498,"USDAFN":63.999923,"USDALL":82.095267,"USDAMD":365.662073,"USDANG":1.790403,"USDAOA":917.0001,"USDARS":1487.517301,"USDAUD":1.443001,"USDAWG":1.8,"USDAZN":1.705751,"USDBAM":1.71174,"USDBBD":2.011071,"USDBDT":123.063593,"USDBGN":1.69088,"USDBHD":0.376513,"USDBIF":2979.073492,"USDBMD":1,"USDBND":1.291737,"USDBOB":6.923833,"USDBRL":5.164098,"USDBSD":0.998622,"USDBTC":1.6168567e-5,"USDBTN":95.363126,"USDBWP":13.559841,"USDBYN":2.869333,"USDBYR":19600,"USDBZD":2.008183,"USDCAD":1.41646,"USDCDF":2262.000301,"USDCHF":0.80746,"USDCLF":0.023761,"USDCLP":935.159447,"USDCNY":6.80325,"USDCNH":6.80347,"USDCOP":3344.94,"USDCRC":454.231177,"USDCUC":1,"USDCUP":26.5,"USDCVE":96.504855,"USDCZK":21.240981,"USDDJF":177.808897,"USDDKK":6.54333,"USDDOP":58.804996,"USDDZD":133.190169,"USDEGP":49.624102,"USDERN":15,"USDETB":161.159193,"USDEUR":0.87531,"USDFJD":2.238198,"USDFKP":0.747893,"USDGBP":0.746635,"USDGEL":2.639733,"USDGGP":0.747893,"USDGHS":11.397889,"USDGIP":0.747893,"USDGMD":73.484438,"USDGNF":8757.373663,"USDGTQ":7.618689,"USDGYD":208.869401,"USDHKD":7.83915,"USDHNL":26.726647,"USDHRK":6.594701,"USDHTG":130.679083,"USDHUF":315.440496,"USDIDR":18087,"USDILS":3.04275,"USDIMP":0.747893,"USDINR":95.58775,"USDIQD":1307.897615,"USDIRR":1374750.000363,"USDISK":125.349662,"USDJEP":0.747893,"USDJMD":158.171817,"USDJOD":0.708991,"USDJPY":162.486497,"USDKES":129.260176,"USDKGS":87.450075,"USDKHR":4021.635436,"USDKMF":431.000316,"USDKPW":900.00035,"USDKRW":1507.099513,"USDKWD":0.30993,"USDKYD":0.832068,"USDKZT":468.476905,"USDLAK":22494.125061,"USDLBP":89416.532101,"USDLKR":334.62136,"USDLRD":181.230198,"USDLSL":16.37001,"USDLTL":2.95274,"USDLVL":0.60489,"USDLYD":6.406582,"USDMAD":9.347704,"USDMDL":17.56399,"USDMGA":4237.629308,"USDMKD":53.952458,"USDMMK":2099.538185,"USDMNT":3585.774335,"USDMOP":8.062438,"USDMRU":39.836858,"USDMUR":47.17978,"USDMVR":15.449789,"USDMWK":1731.37176,"USDMXN":17.566404,"USDMYR":4.081984,"USDMZN":63.899892,"USDNAD":16.369866,"USDNGN":1375.089723,"USDNIO":36.741249,"USDNOK":9.756695,"USDNPR":152.579665,"USDNZD":1.74827,"USDOMR":0.384505,"USDPAB":0.99853,"USDPEN":3.401702,"USDPGK":4.390045,"USDPHP":61.586498,"USDPKR":277.55841,"USDPLN":3.77241,"USDPYG":6068.748222,"USDQAR":3.630364,"USDRON":4.581397,"USDRSD":102.708037,"USDRUB":76.799027,"USDRWF":1468.204652,"USDSAR":3.755473,"USDSBD":8.078071,"USDSCR":13.234606,"USDSDG":600.50203,"USDSEK":9.68807,"USDSGD":1.293465,"USDSHP":0.746601,"USDSLE":24.325007,"USDSLL":20969.503664,"USDSOS":570.650866,"USDSRD":37.605501,"USDSTD":20697.981008,"USDSTN":21.442606,"USDSVC":8.737282,"USDSYP":110.532098,"USDSZL":16.377918,"USDTHB":33.508996,"USDTJS":9.246092,"USDTMT":3.5,"USDTND":2.952165,"USDTOP":2.40776,"USDTRY":46.8731,"USDTTD":6.782049,"USDTWD":32.125005,"USDTZS":2628.497984,"USDUAH":44.426056,"USDUGX":3689.019587,"USDUYU":40.20725,"USDUZS":11994.783735,"USDVES":685.08515,"USDVND":26302.5,"USDVUV":119.800928,"USDWST":2.768482,"USDXAF":574.081497,"USDXAG":0.017318,"USDXAU":0.000246,"USDXCD":2.70255,"USDXCG":1.799256,"USDXDR":0.713973,"USDXOF":574.104107,"USDXPF":104.377812,"USDYER":237.075018,"USDZAR":16.40135,"USDZMK":9001.202449,"USDZMW":18.147605,"USDZWL":321.999592}}