{"success":true,"terms":"https:\/\/currencylayer.com\/terms","privacy":"https:\/\/currencylayer.com\/privacy","timestamp":1775874065,"source":"USD","quotes":{"USDAED":3.67315,"USDAFN":64.503991,"USDALL":81.825041,"USDAMD":375.730403,"USDAOA":917.000367,"USDARS":1371.22092,"USDAUD":1.415228,"USDAWG":1.8,"USDAZN":1.70397,"USDBAM":1.669184,"USDBBD":2.013382,"USDBDT":122.811959,"USDBHD":0.377307,"USDBIF":2970,"USDBMD":1,"USDBND":1.273779,"USDBOB":6.907027,"USDBRL":5.009204,"USDBSD":0.99965,"USDBTC":1.3629549e-5,"USDBTN":92.724325,"USDBWP":13.418953,"USDBYN":2.86914,"USDBYR":19600,"USDBZD":2.01024,"USDCAD":1.38435,"USDCDF":2300.000362,"USDCHF":0.789223,"USDCLF":0.02274,"USDCLP":894.990396,"USDCNY":6.828041,"USDCNH":6.824955,"USDCOP":3648.52,"USDCRC":462.657142,"USDCUC":1,"USDCUP":26.5,"USDCVE":94.52504,"USDCZK":20.788404,"USDDJF":177.720393,"USDDKK":6.372904,"USDDOP":60.37504,"USDDZD":132.19904,"USDEGP":53.108563,"USDERN":15,"USDETB":156.503874,"USDEUR":0.852704,"USDFJD":2.211504,"USDFKP":0.743942,"USDGBP":0.743218,"USDGEL":2.690391,"USDGGP":0.743942,"USDGHS":11.02039,"USDGIP":0.743942,"USDGMD":73.503851,"USDGNF":8777.503848,"USDGTQ":7.646943,"USDGYD":209.113794,"USDHKD":7.83205,"USDHNL":26.60504,"USDHRK":6.425904,"USDHTG":131.073388,"USDHUF":320.203831,"USDIDR":17089.3,"USDILS":3.03421,"USDIMP":0.743942,"USDINR":93.10625,"USDIQD":1310,"USDIRR":1316125.000352,"USDISK":122.190386,"USDJEP":0.743942,"USDJMD":158.051054,"USDJOD":0.70904,"USDJPY":159.25504,"USDKES":129.150385,"USDKGS":87.450384,"USDKHR":4015.00035,"USDKMF":420.00035,"USDKPW":900.013392,"USDKRW":1484.570383,"USDKWD":0.30869,"USDKYD":0.832956,"USDKZT":472.33861,"USDLAK":21960.000349,"USDLBP":89550.000349,"USDLKR":315.479086,"USDLRD":184.203772,"USDLSL":16.440381,"USDLTL":2.95274,"USDLVL":0.60489,"USDLYD":6.355039,"USDMAD":9.282504,"USDMDL":17.221487,"USDMGA":4145.000347,"USDMKD":52.551042,"USDMMK":2100.499472,"USDMNT":3595.336475,"USDMOP":8.063319,"USDMRU":39.995039,"USDMUR":46.503741,"USDMVR":15.460378,"USDMWK":1736.503736,"USDMXN":17.301804,"USDMYR":3.965039,"USDMZN":63.960377,"USDNAD":16.440377,"USDNGN":1359.503725,"USDNIO":36.730377,"USDNOK":9.524904,"USDNPR":148.358578,"USDNZD":1.713797,"USDOMR":0.384827,"USDPAB":0.999531,"USDPEN":3.388039,"USDPGK":4.311504,"USDPHP":59.876504,"USDPKR":278.950374,"USDPLN":3.628288,"USDPYG":6464.910259,"USDQAR":3.646038,"USDRON":4.342304,"USDRSD":100.136038,"USDRUB":77.104556,"USDRWF":1460.5,"USDSAR":3.753193,"USDSBD":8.058149,"USDSCR":14.033008,"USDSDG":601.000339,"USDSEK":9.27195,"USDSGD":1.274104,"USDSLE":24.625038,"USDSOS":571.503662,"USDSRD":37.449038,"USDSTD":20697.981008,"USDSTN":21.25,"USDSVC":8.747045,"USDSYP":110.548127,"USDSZL":16.435038,"USDTHB":32.103646,"USDTJS":9.500448,"USDTMT":3.505,"USDTND":2.887038,"USDTRY":44.665038,"USDTTD":6.784102,"USDTWD":31.741804,"USDTZS":2605.000335,"USDUAH":43.431822,"USDUGX":3698.867467,"USDUYU":40.334212,"USDUZS":12160.000334,"USDVES":475.837804,"USDVND":26336,"USDVUV":119.210481,"USDWST":2.744958,"USDXAF":559.761915,"USDXAG":0.01312,"USDXAU":0.00021,"USDXCD":2.70255,"USDXCG":1.80164,"USDXDR":0.698112,"USDXOF":560.503593,"USDXPF":102.250363,"USDYER":237.150363,"USDZAR":16.41824,"USDZMK":9001.203584,"USDZMW":19.016086,"USDZWL":321.999592}}