{"success":true,"terms":"https:\/\/currencylayer.com\/terms","privacy":"https:\/\/currencylayer.com\/privacy","timestamp":1754013544,"source":"USD","quotes":{"USDAED":3.672498,"USDAFN":69.999615,"USDALL":84.350086,"USDAMD":383.820367,"USDANG":1.789699,"USDAOA":916.999866,"USDARS":1371.488098,"USDAUD":1.555621,"USDAWG":1.8025,"USDAZN":1.700129,"USDBAM":1.708921,"USDBBD":2.018218,"USDBDT":122.195767,"USDBGN":1.71259,"USDBHD":0.376964,"USDBIF":2942.5,"USDBMD":1,"USDBND":1.297101,"USDBOB":6.907097,"USDBRL":5.601099,"USDBSD":0.999672,"USDBTC":8.676752e-6,"USDBTN":87.54407,"USDBWP":13.649927,"USDBYN":3.271194,"USDBYR":19600,"USDBZD":2.00782,"USDCAD":1.385915,"USDCDF":2889.999705,"USDCHF":0.814315,"USDCLF":0.024812,"USDCLP":973.379694,"USDCNY":7.20045,"USDCNH":7.21939,"USDCOP":4186.71,"USDCRC":505.122436,"USDCUC":1,"USDCUP":26.5,"USDCVE":95.94967,"USDCZK":21.550242,"USDDJF":177.719685,"USDDKK":6.54428,"USDDOP":60.999955,"USDDZD":130.927596,"USDEGP":48.576426,"USDERN":15,"USDETB":138.196561,"USDEUR":0.87673,"USDFJD":2.273299,"USDFKP":0.753407,"USDGBP":0.757865,"USDGEL":2.756157,"USDGGP":0.753407,"USDGHS":10.495038,"USDGIP":0.753407,"USDGMD":72.50274,"USDGNF":8675.000238,"USDGTQ":7.676882,"USDGYD":209.126455,"USDHKD":7.849955,"USDHNL":26.349893,"USDHRK":6.602197,"USDHTG":131.169313,"USDHUF":350.667503,"USDIDR":16513.3,"USDILS":3.392025,"USDIMP":0.753407,"USDINR":87.649498,"USDIQD":1310,"USDIRR":42112.501099,"USDISK":124.669607,"USDJEP":0.753407,"USDJMD":159.943729,"USDJOD":0.709016,"USDJPY":150.90901,"USDKES":129.500226,"USDKGS":87.450161,"USDKHR":4015.000178,"USDKMF":431.512517,"USDKPW":899.943686,"USDKRW":1400.250109,"USDKWD":0.30615,"USDKYD":0.832958,"USDKZT":539.837043,"USDLAK":21579.99963,"USDLBP":89549.999703,"USDLKR":302.068634,"USDLRD":201.000257,"USDLSL":18.009928,"USDLTL":2.95274,"USDLVL":0.60489,"USDLYD":5.415027,"USDMAD":9.103998,"USDMDL":17.212259,"USDMGA":4430.000274,"USDMKD":53.918885,"USDMMK":2099.176207,"USDMNT":3589.345014,"USDMOP":8.082308,"USDMRU":39.819869,"USDMUR":46.649764,"USDMVR":15.40449,"USDMWK":1736.50195,"USDMXN":18.88116,"USDMYR":4.284044,"USDMZN":63.959732,"USDNAD":18.009938,"USDNGN":1530.449988,"USDNIO":36.750224,"USDNOK":10.340375,"USDNPR":140.070338,"USDNZD":1.701355,"USDOMR":0.384497,"USDPAB":0.999585,"USDPEN":3.569027,"USDPGK":4.13025,"USDPHP":58.554997,"USDPKR":283.250239,"USDPLN":3.749201,"USDPYG":7486.402062,"USDQAR":3.64075,"USDRON":4.449396,"USDRSD":102.704833,"USDRUB":81.10363,"USDRWF":1440,"USDSAR":3.751341,"USDSBD":8.244163,"USDSCR":14.145032,"USDSDG":600.50116,"USDSEK":9.80553,"USDSGD":1.29965,"USDSHP":0.785843,"USDSLE":23.000178,"USDSLL":20969.503947,"USDSOS":571.502639,"USDSRD":36.815503,"USDSTD":20697.981008,"USDSTN":21.925,"USDSVC":8.746368,"USDSYP":13001.531245,"USDSZL":18.009557,"USDTHB":32.838503,"USDTJS":9.425981,"USDTMT":3.51,"USDTND":2.87995,"USDTOP":2.342102,"USDTRY":40.667798,"USDTTD":6.786518,"USDTWD":30.06102,"USDTZS":2569.999835,"USDUAH":41.696586,"USDUGX":3583.302388,"USDUYU":40.0886,"USDUZS":12605.000204,"USDVES":123.721575,"USDVND":26195,"USDVUV":119.302744,"USDWST":2.758516,"USDXAF":573.151008,"USDXAG":0.027414,"USDXAU":0.000305,"USDXCD":2.702549,"USDXCG":1.80154,"USDXDR":0.69341,"USDXOF":566.495264,"USDXPF":104.925028,"USDYER":240.650127,"USDZAR":18.23705,"USDZMK":9001.201145,"USDZMW":22.965115,"USDZWL":321.999592}}