{"success":true,"terms":"https:\/\/currencylayer.com\/terms","privacy":"https:\/\/currencylayer.com\/privacy","timestamp":1780286765,"source":"USD","quotes":{"USDAED":3.6725,"USDAFN":63.000088,"USDALL":81.850331,"USDAMD":368.180055,"USDANG":1.79046,"USDAOA":918.000194,"USDARS":1413.984503,"USDAUD":1.39238,"USDAWG":1.8,"USDAZN":1.704195,"USDBAM":1.679981,"USDBBD":2.014233,"USDBDT":122.76083,"USDBGN":1.66992,"USDBHD":0.377275,"USDBIF":2976,"USDBMD":1,"USDBND":1.278067,"USDBOB":6.910443,"USDBRL":5.036501,"USDBSD":1.000073,"USDBTC":1.3581328e-5,"USDBTN":94.959542,"USDBWP":13.418887,"USDBYN":2.740298,"USDBYR":19600,"USDBZD":2.011459,"USDCAD":1.38119,"USDCDF":2272.000223,"USDCHF":0.783155,"USDCLF":0.022597,"USDCLP":889.359856,"USDCNY":6.76635,"USDCNH":6.767435,"USDCOP":3682.64,"USDCRC":452.064266,"USDCUC":1,"USDCUP":26.5,"USDCVE":94.874994,"USDCZK":20.851298,"USDDJF":177.720101,"USDDKK":6.418375,"USDDOP":58.339722,"USDDZD":132.780279,"USDEGP":52.405598,"USDERN":15,"USDETB":157.999666,"USDEUR":0.858701,"USDFJD":2.2218,"USDFKP":0.743091,"USDGBP":0.743415,"USDGEL":2.670329,"USDGGP":0.743091,"USDGHS":11.740488,"USDGIP":0.743091,"USDGMD":72.494452,"USDGNF":8779.999739,"USDGTQ":7.628513,"USDGYD":209.220224,"USDHKD":7.83742,"USDHNL":26.570295,"USDHRK":6.4709,"USDHTG":130.96772,"USDHUF":304.088503,"USDIDR":17815,"USDILS":2.80215,"USDIMP":0.743091,"USDINR":94.87095,"USDIQD":1310,"USDIRR":1351049.999677,"USDISK":123.149733,"USDJEP":0.743091,"USDJMD":157.513861,"USDJOD":0.70899,"USDJPY":159.479501,"USDKES":129.449762,"USDKGS":87.449926,"USDKHR":4009.999821,"USDKMF":422.000297,"USDKPW":899.855249,"USDKRW":1515.449988,"USDKWD":0.30944,"USDKYD":0.833462,"USDKZT":487.321548,"USDLAK":21952.501438,"USDLBP":89549.999803,"USDLKR":330.034874,"USDLRD":183.124977,"USDLSL":16.239868,"USDLTL":2.95274,"USDLVL":0.60489,"USDLYD":6.350506,"USDMAD":9.18375,"USDMDL":17.306602,"USDMGA":4190.000281,"USDMKD":52.848875,"USDMMK":2099.714623,"USDMNT":3575.454737,"USDMOP":8.070537,"USDMRU":40.000109,"USDMUR":47.359813,"USDMVR":15.398985,"USDMWK":1736.999852,"USDMXN":17.341096,"USDMYR":3.967201,"USDMZN":63.904998,"USDNAD":16.239572,"USDNGN":1371.498985,"USDNIO":36.570486,"USDNOK":9.247505,"USDNPR":151.935268,"USDNZD":1.67562,"USDOMR":0.385278,"USDPAB":1.000103,"USDPEN":3.399497,"USDPGK":4.354974,"USDPHP":61.780197,"USDPKR":278.549807,"USDPLN":3.63375,"USDPYG":6017.110756,"USDQAR":3.641004,"USDRON":4.509497,"USDRSD":100.68103,"USDRUB":71.255287,"USDRWF":1462.5,"USDSAR":3.772303,"USDSBD":8.03246,"USDSCR":13.535984,"USDSDG":600.493384,"USDSEK":9.25443,"USDSGD":1.27782,"USDSHP":0.746601,"USDSLE":24.601142,"USDSLL":20969.502105,"USDSOS":571.504849,"USDSRD":37.170501,"USDSTD":20697.981008,"USDSTN":21.4,"USDSVC":8.751074,"USDSYP":110.532098,"USDSZL":16.240298,"USDTHB":32.550361,"USDTJS":9.231047,"USDTMT":3.5,"USDTND":2.894008,"USDTOP":2.40776,"USDTRY":45.913301,"USDTTD":6.793623,"USDTWD":31.3536,"USDTZS":2624.629782,"USDUAH":44.293077,"USDUGX":3769.922222,"USDUYU":40.112866,"USDUZS":12022.498726,"USDVES":548.68505,"USDVND":26317,"USDVUV":117.26616,"USDWST":2.715189,"USDXAF":563.44981,"USDXAG":0.013264,"USDXAU":0.000221,"USDXCD":2.70255,"USDXCG":1.802416,"USDXDR":0.699507,"USDXOF":562.498524,"USDXPF":102.600548,"USDYER":238.599887,"USDZAR":16.223099,"USDZMK":9001.207442,"USDZMW":18.382896,"USDZWL":321.999592}}