{"success":true,"terms":"https:\/\/currencylayer.com\/terms","privacy":"https:\/\/currencylayer.com\/privacy","timestamp":1774578427,"source":"USD","quotes":{"USDAED":3.6725,"USDAFN":62.99981,"USDALL":83.141978,"USDAMD":376.485471,"USDANG":1.790083,"USDAOA":916.999812,"USDARS":1368.011902,"USDAUD":1.451084,"USDAWG":1.8025,"USDAZN":1.701037,"USDBAM":1.694558,"USDBBD":2.010968,"USDBDT":122.511751,"USDBGN":1.709309,"USDBHD":0.377033,"USDBIF":2965.773868,"USDBMD":1,"USDBND":1.283101,"USDBOB":6.914956,"USDBRL":5.237302,"USDBSD":0.998423,"USDBTC":1.4512135e-5,"USDBTN":94.09624,"USDBWP":13.729041,"USDBYN":2.998376,"USDBYR":19600,"USDBZD":2.008109,"USDCAD":1.38495,"USDCDF":2285.496392,"USDCHF":0.795025,"USDCLF":0.023512,"USDCLP":928.389758,"USDCNY":6.91145,"USDCNH":6.920375,"USDCOP":3689.45,"USDCRC":462.899991,"USDCUC":1,"USDCUP":26.5,"USDCVE":95.540739,"USDCZK":21.244974,"USDDJF":177.799726,"USDDKK":6.476703,"USDDOP":60.195193,"USDDZD":133.015237,"USDEGP":52.699016,"USDERN":15,"USDETB":154.307745,"USDEUR":0.86672,"USDFJD":2.257401,"USDFKP":0.747836,"USDGBP":0.74955,"USDGEL":2.695008,"USDGGP":0.747836,"USDGHS":10.916401,"USDGIP":0.747836,"USDGMD":73.508216,"USDGNF":8752.907745,"USDGTQ":7.638886,"USDGYD":208.893799,"USDHKD":7.83099,"USDHNL":26.511932,"USDHRK":6.529899,"USDHTG":130.753836,"USDHUF":336.437992,"USDIDR":16938,"USDILS":3.1241,"USDIMP":0.747836,"USDINR":94.20835,"USDIQD":1307.999879,"USDIRR":1313300.000176,"USDISK":124.290078,"USDJEP":0.747836,"USDJMD":156.917785,"USDJOD":0.709019,"USDJPY":159.579499,"USDKES":129.649737,"USDKGS":87.450169,"USDKHR":3998.336553,"USDKMF":426.999677,"USDKPW":900.057798,"USDKRW":1506.090086,"USDKWD":0.30722,"USDKYD":0.832088,"USDKZT":480.998402,"USDLAK":21565.798992,"USDLBP":89410.383591,"USDLKR":314.008846,"USDLRD":183.234482,"USDLSL":17.08101,"USDLTL":2.95274,"USDLVL":0.60489,"USDLYD":6.375734,"USDMAD":9.322411,"USDMDL":17.537157,"USDMGA":4161.215702,"USDMKD":53.410676,"USDMMK":2099.983779,"USDMNT":3583.827699,"USDMOP":8.045798,"USDMRU":39.8269,"USDMUR":46.629976,"USDMVR":15.459815,"USDMWK":1731.28406,"USDMXN":17.90175,"USDMYR":4.007502,"USDMZN":63.91046,"USDNAD":17.080862,"USDNGN":1384.169968,"USDNIO":36.742473,"USDNOK":9.689455,"USDNPR":150.534765,"USDNZD":1.733865,"USDOMR":0.384506,"USDPAB":0.998471,"USDPEN":3.455542,"USDPGK":4.314509,"USDPHP":60.343501,"USDPKR":278.731944,"USDPLN":3.70795,"USDPYG":6536.015664,"USDQAR":3.640948,"USDRON":4.416899,"USDRSD":101.779023,"USDRUB":81.377138,"USDRWF":1458.028296,"USDSAR":3.751823,"USDSBD":8.041975,"USDSCR":13.66079,"USDSDG":601.000254,"USDSEK":9.432965,"USDSGD":1.285815,"USDSHP":0.750259,"USDSLE":24.549914,"USDSLL":20969.510825,"USDSOS":570.594376,"USDSRD":37.561984,"USDSTD":20697.981008,"USDSTN":21.225996,"USDSVC":8.73675,"USDSYP":111.44287,"USDSZL":17.078983,"USDTHB":32.898054,"USDTJS":9.556146,"USDTMT":3.51,"USDTND":2.938146,"USDTOP":2.40776,"USDTRY":44.461012,"USDTTD":6.776842,"USDTWD":31.994699,"USDTZS":2573.987015,"USDUAH":43.811372,"USDUGX":3714.470144,"USDUYU":40.481936,"USDUZS":12161.933849,"USDVES":466.018145,"USDVND":26342.5,"USDVUV":119.023334,"USDWST":2.74953,"USDXAF":568.30701,"USDXAG":0.014532,"USDXAU":0.000226,"USDXCD":2.70255,"USDXCG":1.799507,"USDXDR":0.706792,"USDXOF":568.311934,"USDXPF":103.329218,"USDYER":238.650208,"USDZAR":17.07975,"USDZMK":9001.197801,"USDZMW":18.745993,"USDZWL":321.999592}}