{"success":true,"terms":"https:\/\/currencylayer.com\/terms","privacy":"https:\/\/currencylayer.com\/privacy","timestamp":1765763225,"source":"USD","quotes":{"USDAED":3.672496,"USDAFN":66.067856,"USDALL":82.329403,"USDAMD":381.252395,"USDANG":1.790403,"USDAOA":917.000148,"USDARS":1435.059099,"USDAUD":1.503341,"USDAWG":1.8,"USDAZN":1.701759,"USDBAM":1.665148,"USDBBD":2.010898,"USDBDT":122.012686,"USDBGN":1.665148,"USDBHD":0.375208,"USDBIF":2951.002512,"USDBMD":1,"USDBND":1.28943,"USDBOB":6.898812,"USDBRL":5.418901,"USDBSD":0.998425,"USDBTC":1.1237312e-5,"USDBTN":90.29075,"USDBWP":13.228896,"USDBYN":2.94334,"USDBYR":19600,"USDBZD":2.008003,"USDCAD":1.37637,"USDCDF":2240.000178,"USDCHF":0.79614,"USDCLF":0.023268,"USDCLP":912.797463,"USDCNY":7.054501,"USDCNH":7.05047,"USDCOP":3802.48,"USDCRC":499.425312,"USDCUC":1,"USDCUP":26.5,"USDCVE":93.878507,"USDCZK":20.68745,"USDDJF":177.795752,"USDDKK":6.362697,"USDDOP":63.471117,"USDDZD":129.080073,"USDEGP":47.344301,"USDERN":15,"USDETB":156.002554,"USDEUR":0.851902,"USDFJD":2.271796,"USDFKP":0.747509,"USDGBP":0.748055,"USDGEL":2.719283,"USDGGP":0.747509,"USDGHS":11.461411,"USDGIP":0.747509,"USDGMD":73.000115,"USDGNF":8683.325529,"USDGTQ":7.647184,"USDGYD":208.879997,"USDHKD":7.78365,"USDHNL":26.285812,"USDHRK":6.4201,"USDHTG":130.867141,"USDHUF":327.743029,"USDIDR":16634,"USDILS":3.222795,"USDIMP":0.747509,"USDINR":90.583497,"USDIQD":1307.905155,"USDIRR":42122.49805,"USDISK":126.420234,"USDJEP":0.747509,"USDJMD":159.856966,"USDJOD":0.708998,"USDJPY":155.759503,"USDKES":128.749722,"USDKGS":87.450338,"USDKHR":3997.275552,"USDKMF":419.500575,"USDKPW":899.996355,"USDKRW":1477.489719,"USDKWD":0.3067,"USDKYD":0.832063,"USDKZT":520.710059,"USDLAK":21644.885275,"USDLBP":89408.028607,"USDLKR":308.509642,"USDLRD":176.22068,"USDLSL":16.844664,"USDLTL":2.95274,"USDLVL":0.60489,"USDLYD":5.423354,"USDMAD":9.185305,"USDMDL":16.877953,"USDMGA":4422.970499,"USDMKD":52.403048,"USDMMK":2099.82189,"USDMNT":3545.972795,"USDMOP":8.006045,"USDMRU":39.956579,"USDMUR":45.919875,"USDMVR":15.401759,"USDMWK":1731.301349,"USDMXN":18.006702,"USDMYR":4.0935,"USDMZN":63.90977,"USDNAD":16.844664,"USDNGN":1448.919991,"USDNIO":36.745988,"USDNOK":10.122925,"USDNPR":144.46554,"USDNZD":1.72207,"USDOMR":0.382674,"USDPAB":0.998425,"USDPEN":3.361458,"USDPGK":4.303776,"USDPHP":59.154993,"USDPKR":279.805628,"USDPLN":3.597115,"USDPYG":6706.398195,"USDQAR":3.638755,"USDRON":4.337899,"USDRSD":99.936146,"USDRUB":79.724824,"USDRWF":1453.152271,"USDSAR":3.752203,"USDSBD":8.176752,"USDSCR":15.027055,"USDSDG":601.505751,"USDSEK":9.265198,"USDSGD":1.291445,"USDSHP":0.750259,"USDSLE":24.125018,"USDSLL":20969.503664,"USDSOS":569.579839,"USDSRD":38.548027,"USDSTD":20697.981008,"USDSTN":20.859052,"USDSVC":8.736112,"USDSYP":11056.819441,"USDSZL":16.838789,"USDTHB":31.490262,"USDTJS":9.175429,"USDTMT":3.51,"USDTND":2.918735,"USDTOP":2.40776,"USDTRY":42.69867,"USDTTD":6.775361,"USDTWD":31.335096,"USDTZS":2471.074005,"USDUAH":42.185773,"USDUGX":3548.593078,"USDUYU":39.180963,"USDUZS":12028.436422,"USDVES":267.43975,"USDVND":26306,"USDVUV":120.685003,"USDWST":2.775482,"USDXAF":558.475161,"USDXAG":0.016006,"USDXAU":0.000231,"USDXCD":2.70255,"USDXCG":1.799413,"USDXDR":0.694564,"USDXOF":558.475161,"USDXPF":101.536759,"USDYER":238.495844,"USDZAR":16.870979,"USDZMK":9001.187145,"USDZMW":23.038611,"USDZWL":321.999592}}