{"success":true,"terms":"https:\/\/currencylayer.com\/terms","privacy":"https:\/\/currencylayer.com\/privacy","timestamp":1755999845,"source":"USD","quotes":{"USDAED":3.672504,"USDAFN":67.695851,"USDALL":82.775385,"USDAMD":377.841273,"USDANG":1.789783,"USDAOA":917.000367,"USDARS":1317.235277,"USDAUD":1.546073,"USDAWG":1.80125,"USDAZN":1.70397,"USDBAM":1.668131,"USDBBD":1.991983,"USDBDT":120.269521,"USDBGN":1.66862,"USDBHD":0.375965,"USDBIF":2950.147128,"USDBMD":1,"USDBND":1.275108,"USDBOB":6.834407,"USDBRL":5.422204,"USDBSD":0.98904,"USDBTC":8.54668e-6,"USDBTN":86.494094,"USDBWP":13.299501,"USDBYN":3.331144,"USDBYR":19600,"USDBZD":1.984221,"USDCAD":1.38335,"USDCDF":2866.000362,"USDCHF":0.808124,"USDCLF":0.024472,"USDCLP":960.023882,"USDCNY":7.16775,"USDCNH":7.17073,"USDCOP":3986.609237,"USDCRC":498.869888,"USDCUC":1,"USDCUP":26.5,"USDCVE":94.046654,"USDCZK":20.923204,"USDDJF":176.118385,"USDDKK":6.36904,"USDDOP":61.699859,"USDDZD":129.134718,"USDEGP":48.361977,"USDERN":15,"USDETB":140.270374,"USDEUR":0.853104,"USDFJD":2.261504,"USDFKP":0.739259,"USDGBP":0.745295,"USDGEL":2.69504,"USDGGP":0.739259,"USDGHS":10.903663,"USDGIP":0.739259,"USDGMD":72.503851,"USDGNF":8574.352851,"USDGTQ":7.584119,"USDGYD":206.831848,"USDHKD":7.81505,"USDHNL":25.873172,"USDHRK":6.427704,"USDHTG":129.412768,"USDHUF":337.340388,"USDIDR":16233.5,"USDILS":3.368604,"USDIMP":0.739259,"USDINR":87.33025,"USDIQD":1295.407054,"USDIRR":42050.000352,"USDISK":122.380386,"USDJEP":0.739259,"USDJMD":158.548339,"USDJOD":0.70904,"USDJPY":146.95904,"USDKES":127.732526,"USDKGS":87.427404,"USDKHR":3966.05399,"USDKMF":422.503794,"USDKPW":899.882972,"USDKRW":1384.203789,"USDKWD":0.30539,"USDKYD":0.824172,"USDKZT":531.638876,"USDLAK":21432.896925,"USDLBP":88998.763273,"USDLKR":298.486076,"USDLRD":198.302699,"USDLSL":17.449529,"USDLTL":2.95274,"USDLVL":0.60489,"USDLYD":5.36654,"USDMAD":8.951085,"USDMDL":16.659986,"USDMGA":4379.717685,"USDMKD":52.488379,"USDMMK":2098.955206,"USDMNT":3597.499929,"USDMOP":7.965883,"USDMRU":39.442194,"USDMUR":46.110378,"USDMVR":15.410378,"USDMWK":1714.955862,"USDMXN":18.59755,"USDMYR":4.227504,"USDMZN":63.903729,"USDNAD":17.449529,"USDNGN":1535.370377,"USDNIO":36.393876,"USDNOK":10.05555,"USDNPR":138.39055,"USDNZD":1.719543,"USDOMR":0.383402,"USDPAB":0.98904,"USDPEN":3.472643,"USDPGK":4.180136,"USDPHP":56.499504,"USDPKR":280.587658,"USDPLN":3.639046,"USDPYG":7167.896286,"USDQAR":3.605015,"USDRON":4.310604,"USDRSD":99.944561,"USDRUB":79.832829,"USDRWF":1431.617553,"USDSAR":3.752303,"USDSBD":8.217016,"USDSCR":15.053947,"USDSDG":600.503676,"USDSEK":9.498104,"USDSGD":1.281204,"USDSHP":0.785843,"USDSLE":23.303667,"USDSLL":20969.49797,"USDSOS":565.226662,"USDSRD":38.108504,"USDSTD":20697.981008,"USDSTN":20.896413,"USDSVC":8.653674,"USDSYP":13000.67778,"USDSZL":17.442108,"USDTHB":32.405038,"USDTJS":9.445264,"USDTMT":3.5,"USDTND":2.904004,"USDTOP":2.342104,"USDTRY":41.175038,"USDTTD":6.715851,"USDTWD":30.382304,"USDTZS":2467.653205,"USDUAH":40.877308,"USDUGX":3524.244104,"USDUYU":39.583778,"USDUZS":12277.709071,"USDVES":137.956904,"USDVND":26350,"USDVUV":120.171224,"USDWST":2.714637,"USDXAF":559.475457,"USDXAG":0.02571,"USDXAU":0.000297,"USDXCD":2.70255,"USDXCG":1.782507,"USDXDR":0.695808,"USDXOF":559.475457,"USDXPF":101.718623,"USDYER":240.203589,"USDZAR":17.44912,"USDZMK":9001.203584,"USDZMW":22.870911,"USDZWL":321.999592}}