{"success":true,"terms":"https:\/\/currencylayer.com\/terms","privacy":"https:\/\/currencylayer.com\/privacy","timestamp":1770690544,"source":"USD","quotes":{"USDAED":3.672497,"USDAFN":65.518268,"USDALL":81.051571,"USDAMD":375.859332,"USDANG":1.79008,"USDAOA":916.501753,"USDARS":1416.494102,"USDAUD":1.411323,"USDAWG":1.8,"USDAZN":1.693911,"USDBAM":1.642701,"USDBBD":2.007895,"USDBDT":121.837729,"USDBGN":1.67937,"USDBHD":0.377004,"USDBIF":2949.857215,"USDBMD":1,"USDBND":1.265076,"USDBOB":6.903242,"USDBRL":5.193802,"USDBSD":0.996892,"USDBTC":1.4245177e-5,"USDBTN":90.375901,"USDBWP":13.137914,"USDBYN":2.873173,"USDBYR":19600,"USDBZD":2.004955,"USDCAD":1.355345,"USDCDF":2215.000206,"USDCHF":0.766765,"USDCLF":0.0216,"USDCLP":852.870182,"USDCNY":6.922503,"USDCNH":6.906135,"USDCOP":3671.73,"USDCRC":494.204603,"USDCUC":1,"USDCUP":26.5,"USDCVE":92.612579,"USDCZK":20.3431,"USDDJF":177.523938,"USDDKK":6.27405,"USDDOP":62.758273,"USDDZD":129.390276,"USDEGP":46.858403,"USDERN":15,"USDETB":155.496052,"USDEUR":0.83977,"USDFJD":2.190598,"USDFKP":0.735168,"USDGBP":0.73065,"USDGEL":2.689737,"USDGGP":0.735168,"USDGHS":10.970939,"USDGIP":0.735168,"USDGMD":73.504736,"USDGNF":8751.926558,"USDGTQ":7.647373,"USDGYD":208.567109,"USDHKD":7.816465,"USDHNL":26.333781,"USDHRK":6.327099,"USDHTG":130.732404,"USDHUF":316.441501,"USDIDR":16788,"USDILS":3.0824,"USDIMP":0.735168,"USDINR":90.72335,"USDIQD":1305.980178,"USDIRR":42125.000158,"USDISK":121.770466,"USDJEP":0.735168,"USDJMD":155.929783,"USDJOD":0.709021,"USDJPY":155.775497,"USDKES":128.601822,"USDKGS":87.449899,"USDKHR":4020.661851,"USDKMF":414.000015,"USDKPW":899.993603,"USDKRW":1456.670148,"USDKWD":0.30681,"USDKYD":0.830758,"USDKZT":492.323198,"USDLAK":21424.491853,"USDLBP":89273.55955,"USDLKR":308.550311,"USDLRD":185.426737,"USDLSL":15.97833,"USDLTL":2.95274,"USDLVL":0.60489,"USDLYD":6.302705,"USDMAD":9.117504,"USDMDL":16.932639,"USDMGA":4376.784814,"USDMKD":51.771632,"USDMMK":2099.674626,"USDMNT":3566.287566,"USDMOP":8.025869,"USDMRU":39.586763,"USDMUR":45.980341,"USDMVR":15.460257,"USDMWK":1728.624223,"USDMXN":17.190935,"USDMYR":3.925501,"USDMZN":63.759784,"USDNAD":15.97833,"USDNGN":1356.110128,"USDNIO":36.687385,"USDNOK":9.59064,"USDNPR":144.601881,"USDNZD":1.65348,"USDOMR":0.384494,"USDPAB":0.996892,"USDPEN":3.348144,"USDPGK":4.337309,"USDPHP":58.489993,"USDPKR":278.761885,"USDPLN":3.53341,"USDPYG":6573.156392,"USDQAR":3.634035,"USDRON":4.274504,"USDRSD":98.576002,"USDRUB":76.999328,"USDRWF":1455.48463,"USDSAR":3.750394,"USDSBD":8.054878,"USDSCR":13.650659,"USDSDG":601.494157,"USDSEK":8.92524,"USDSGD":1.2652,"USDSHP":0.750259,"USDSLE":24.525023,"USDSLL":20969.499267,"USDSOS":568.704855,"USDSRD":37.971503,"USDSTD":20697.981008,"USDSTN":20.57786,"USDSVC":8.723333,"USDSYP":11059.574895,"USDSZL":15.970939,"USDTHB":31.079738,"USDTJS":9.336094,"USDTMT":3.5,"USDTND":2.879712,"USDTOP":2.40776,"USDTRY":43.602096,"USDTTD":6.753738,"USDTWD":31.547803,"USDTZS":2583.597019,"USDUAH":42.973963,"USDUGX":3548.630942,"USDUYU":38.224264,"USDUZS":12265.141398,"USDVES":384.79041,"USDVND":25872.5,"USDVUV":119.675943,"USDWST":2.73072,"USDXAF":550.946582,"USDXAG":0.012066,"USDXAU":0.000198,"USDXCD":2.70255,"USDXCG":1.796657,"USDXDR":0.685201,"USDXOF":550.946582,"USDXPF":100.167141,"USDYER":238.350398,"USDZAR":15.897305,"USDZMK":9001.198782,"USDZMW":18.8468,"USDZWL":321.999592}}