{"success":true,"terms":"https:\/\/currencylayer.com\/terms","privacy":"https:\/\/currencylayer.com\/privacy","timestamp":1762911428,"source":"USD","quotes":{"USDAED":3.672497,"USDAFN":66.435741,"USDALL":83.53057,"USDAMD":382.56502,"USDANG":1.789982,"USDAOA":917.000157,"USDARS":1409.987991,"USDAUD":1.53321,"USDAWG":1.8075,"USDAZN":1.704017,"USDBAM":1.689442,"USDBBD":2.013285,"USDBDT":122.056035,"USDBGN":1.68831,"USDBHD":0.377003,"USDBIF":2946.89287,"USDBMD":1,"USDBND":1.301505,"USDBOB":6.907037,"USDBRL":5.2733,"USDBSD":0.999603,"USDBTC":9.686919e-6,"USDBTN":88.487984,"USDBWP":13.358845,"USDBYN":3.408255,"USDBYR":19600,"USDBZD":2.010435,"USDCAD":1.401915,"USDCDF":2199.999858,"USDCHF":0.800955,"USDCLF":0.023863,"USDCLP":936.130096,"USDCNY":7.11965,"USDCNH":7.12162,"USDCOP":3758.53,"USDCRC":502.133614,"USDCUC":1,"USDCUP":26.5,"USDCVE":95.247762,"USDCZK":20.9496,"USDDJF":177.720197,"USDDKK":6.451275,"USDDOP":64.284573,"USDDZD":130.252035,"USDEGP":47.1931,"USDERN":15,"USDETB":153.590432,"USDEUR":0.86395,"USDFJD":2.27898,"USDFKP":0.760151,"USDGBP":0.76119,"USDGEL":2.705038,"USDGGP":0.760151,"USDGHS":10.945355,"USDGIP":0.760151,"USDGMD":73.497068,"USDGNF":8676.948858,"USDGTQ":7.662008,"USDGYD":209.102845,"USDHKD":7.770085,"USDHNL":26.297763,"USDHRK":6.507897,"USDHTG":130.815611,"USDHUF":332.519554,"USDIDR":16702,"USDILS":3.221505,"USDIMP":0.760151,"USDINR":88.52525,"USDIQD":1309.44617,"USDIRR":42112.501353,"USDISK":126.659673,"USDJEP":0.760151,"USDJMD":160.435014,"USDJOD":0.70899,"USDJPY":154.322048,"USDKES":129.250287,"USDKGS":87.450097,"USDKHR":4018.451013,"USDKMF":421.000222,"USDKPW":899.978423,"USDKRW":1465.529801,"USDKWD":0.30711,"USDKYD":0.83306,"USDKZT":524.69637,"USDLAK":21702.399668,"USDLBP":89515.401759,"USDLKR":304.156661,"USDLRD":182.929357,"USDLSL":17.153914,"USDLTL":2.95274,"USDLVL":0.60489,"USDLYD":5.454946,"USDMAD":9.275395,"USDMDL":16.96353,"USDMGA":4487.500648,"USDMKD":53.107696,"USDMMK":2099.547411,"USDMNT":3580.914225,"USDMOP":8.003559,"USDMRU":39.664324,"USDMUR":45.889675,"USDMVR":15.40499,"USDMWK":1733.324119,"USDMXN":18.32365,"USDMYR":4.122015,"USDMZN":63.950221,"USDNAD":17.15384,"USDNGN":1436.390529,"USDNIO":36.789731,"USDNOK":10.063403,"USDNPR":141.580429,"USDNZD":1.768485,"USDOMR":0.3845,"USDPAB":0.999603,"USDPEN":3.366187,"USDPGK":4.287078,"USDPHP":58.96498,"USDPKR":282.655788,"USDPLN":3.656501,"USDPYG":7054.717902,"USDQAR":3.65382,"USDRON":4.391404,"USDRSD":101.25304,"USDRUB":80.948929,"USDRWF":1452.412625,"USDSAR":3.750432,"USDSBD":8.237372,"USDSCR":13.900211,"USDSDG":600.497378,"USDSEK":9.466201,"USDSGD":1.30231,"USDSHP":0.750259,"USDSLE":23.198788,"USDSLL":20969.499529,"USDSOS":571.238533,"USDSRD":38.574029,"USDSTD":20697.981008,"USDSTN":21.163381,"USDSVC":8.746917,"USDSYP":11056.693449,"USDSZL":17.147522,"USDTHB":32.42989,"USDTJS":9.226457,"USDTMT":3.5,"USDTND":2.950348,"USDTOP":2.342104,"USDTRY":42.238294,"USDTTD":6.778329,"USDTWD":31.020802,"USDTZS":2453.097167,"USDUAH":41.983562,"USDUGX":3558.903305,"USDUYU":39.778347,"USDUZS":11985.332544,"USDVES":230.803899,"USDVND":26315,"USDVUV":122.395188,"USDWST":2.82323,"USDXAF":566.623188,"USDXAG":0.019528,"USDXAU":0.000242,"USDXCD":2.70255,"USDXCG":1.801565,"USDXDR":0.705352,"USDXOF":566.620741,"USDXPF":103.017712,"USDYER":238.501494,"USDZAR":17.17104,"USDZMK":9001.203421,"USDZMW":22.51611,"USDZWL":321.999592}}