{"success":true,"terms":"https:\/\/currencylayer.com\/terms","privacy":"https:\/\/currencylayer.com\/privacy","timestamp":1757726228,"source":"USD","quotes":{"USDAED":3.673042,"USDAFN":69.000368,"USDALL":82.503989,"USDAMD":383.470403,"USDANG":1.790403,"USDAOA":917.000367,"USDARS":1449.82499,"USDAUD":1.50355,"USDAWG":1.8,"USDAZN":1.70397,"USDBAM":1.667292,"USDBBD":2.014654,"USDBDT":121.734979,"USDBGN":1.66676,"USDBHD":0.375921,"USDBIF":2947.5,"USDBMD":1,"USDBND":1.283231,"USDBOB":6.911867,"USDBRL":5.346404,"USDBSD":1.000294,"USDBTC":8.598199e-6,"USDBTN":88.23908,"USDBWP":13.325036,"USDBYN":3.388134,"USDBYR":19600,"USDBZD":2.011859,"USDCAD":1.38545,"USDCDF":2835.000362,"USDCHF":0.79671,"USDCLF":0.02434,"USDCLP":954.860396,"USDCNY":7.124704,"USDCNH":7.12213,"USDCOP":3896.25,"USDCRC":503.904385,"USDCUC":1,"USDCUP":26.5,"USDCVE":94.37504,"USDCZK":20.726804,"USDDJF":177.720393,"USDDKK":6.36065,"USDDOP":63.22504,"USDDZD":129.73604,"USDEGP":48.013462,"USDERN":15,"USDETB":143.650392,"USDEUR":0.852104,"USDFJD":2.238704,"USDFKP":0.737136,"USDGBP":0.737626,"USDGEL":2.690391,"USDGGP":0.737136,"USDGHS":12.203856,"USDGIP":0.737136,"USDGMD":71.503851,"USDGNF":8660.000355,"USDGTQ":7.668865,"USDGYD":209.274967,"USDHKD":7.77821,"USDHNL":26.180388,"USDHRK":6.420404,"USDHTG":130.890119,"USDHUF":333.080388,"USDIDR":16407.9,"USDILS":3.335965,"USDIMP":0.737136,"USDINR":88.27785,"USDIQD":1310,"USDIRR":42075.000352,"USDISK":122.050386,"USDJEP":0.737136,"USDJMD":160.463411,"USDJOD":0.70904,"USDJPY":147.71304,"USDKES":129.503801,"USDKGS":87.450384,"USDKHR":4004.00035,"USDKMF":419.503794,"USDKPW":899.95109,"USDKRW":1393.030383,"USDKWD":0.30537,"USDKYD":0.833635,"USDKZT":540.88683,"USDLAK":21675.000349,"USDLBP":89550.000349,"USDLKR":301.815376,"USDLRD":194.095039,"USDLSL":17.370381,"USDLTL":2.95274,"USDLVL":0.60489,"USDLYD":5.410381,"USDMAD":9.025039,"USDMDL":16.614737,"USDMGA":4475.000347,"USDMKD":52.461979,"USDMMK":2099.069477,"USDMNT":3596.841777,"USDMOP":8.018584,"USDMRU":39.915039,"USDMUR":45.503741,"USDMVR":15.310378,"USDMWK":1738.000345,"USDMXN":18.440204,"USDMYR":4.205039,"USDMZN":63.910377,"USDNAD":17.370377,"USDNGN":1502.303725,"USDNIO":36.730377,"USDNOK":9.860104,"USDNPR":141.174966,"USDNZD":1.678698,"USDOMR":0.383399,"USDPAB":1.000345,"USDPEN":3.491504,"USDPGK":4.185504,"USDPHP":57.170375,"USDPKR":281.550374,"USDPLN":3.627061,"USDPYG":7148.093842,"USDQAR":3.640604,"USDRON":4.317038,"USDRSD":99.829591,"USDRUB":83.75163,"USDRWF":1445,"USDSAR":3.751657,"USDSBD":8.206879,"USDSCR":14.224722,"USDSDG":601.503676,"USDSEK":9.316804,"USDSGD":1.284504,"USDSHP":0.785843,"USDSLE":23.375038,"USDSLL":20969.503664,"USDSOS":571.503662,"USDSRD":39.375038,"USDSTD":20697.981008,"USDSTN":21.25,"USDSVC":8.751652,"USDSYP":13001.882518,"USDSZL":17.370369,"USDTHB":31.660369,"USDTJS":9.412813,"USDTMT":3.51,"USDTND":2.90364,"USDTOP":2.342104,"USDTRY":41.326504,"USDTTD":6.801045,"USDTWD":30.299904,"USDTZS":2460.000335,"USDUAH":41.238923,"USDUGX":3515.696596,"USDUYU":40.067006,"USDUZS":12435.000334,"USDVES":158.73035,"USDVND":26385,"USDVUV":119.422851,"USDWST":2.656919,"USDXAF":559.186909,"USDXAG":0.023705,"USDXAU":0.000274,"USDXCD":2.70255,"USDXCG":1.802814,"USDXDR":0.695271,"USDXOF":557.503593,"USDXPF":102.050363,"USDYER":239.550363,"USDZAR":17.38729,"USDZMK":9001.203584,"USDZMW":23.73205,"USDZWL":321.999592}}