{"success":true,"terms":"https:\/\/currencylayer.com\/terms","privacy":"https:\/\/currencylayer.com\/privacy","timestamp":1755653237,"source":"USD","quotes":{"USDAED":3.6725,"USDAFN":69.502391,"USDALL":83.397232,"USDAMD":382.970185,"USDANG":1.789783,"USDAOA":916.999753,"USDARS":1291.500099,"USDAUD":1.550832,"USDAWG":1.80025,"USDAZN":1.702932,"USDBAM":1.673519,"USDBBD":2.019466,"USDBDT":121.522237,"USDBGN":1.680796,"USDBHD":0.37702,"USDBIF":2962,"USDBMD":1,"USDBND":1.283248,"USDBOB":6.936001,"USDBRL":5.499295,"USDBSD":1.000193,"USDBTC":8.850223e-6,"USDBTN":87.076873,"USDBWP":13.953289,"USDBYN":3.352172,"USDBYR":19600,"USDBZD":2.00901,"USDCAD":1.38748,"USDCDF":2895.999826,"USDCHF":0.80899,"USDCLF":0.024562,"USDCLP":963.539871,"USDCNY":7.182403,"USDCNH":7.190549,"USDCOP":4033.63,"USDCRC":505.439875,"USDCUC":1,"USDCUP":26.5,"USDCVE":94.999909,"USDCZK":21.024597,"USDDJF":177.719613,"USDDKK":6.41761,"USDDOP":61.875034,"USDDZD":129.947533,"USDEGP":48.453903,"USDERN":15,"USDETB":140.925062,"USDEUR":0.859699,"USDFJD":2.265599,"USDFKP":0.739708,"USDGBP":0.74218,"USDGEL":2.694986,"USDGGP":0.739708,"USDGHS":10.887821,"USDGIP":0.739708,"USDGMD":72.000094,"USDGNF":8678.498435,"USDGTQ":7.665946,"USDGYD":209.252279,"USDHKD":7.805395,"USDHNL":26.303112,"USDHRK":6.4748,"USDHTG":130.951719,"USDHUF":338.559499,"USDIDR":16283.75,"USDILS":3.39587,"USDIMP":0.739708,"USDINR":87.135099,"USDIQD":1310,"USDIRR":42064.999729,"USDISK":123.24979,"USDJEP":0.739708,"USDJMD":160.138619,"USDJOD":0.708999,"USDJPY":147.621993,"USDKES":129.502706,"USDKGS":87.450517,"USDKHR":4006.000129,"USDKMF":423.507153,"USDKPW":899.979822,"USDKRW":1396.249828,"USDKWD":0.30575,"USDKYD":0.833501,"USDKZT":538.378933,"USDLAK":21600.000145,"USDLBP":89583.646475,"USDLKR":301.751984,"USDLRD":201.562923,"USDLSL":17.689787,"USDLTL":2.95274,"USDLVL":0.60489,"USDLYD":5.419568,"USDMAD":9.019497,"USDMDL":16.712801,"USDMGA":4435.000296,"USDMKD":52.83176,"USDMMK":2098.533403,"USDMNT":3597.063411,"USDMOP":8.037957,"USDMRU":39.950341,"USDMUR":45.680215,"USDMVR":15.394249,"USDMWK":1737.000054,"USDMXN":18.842255,"USDMYR":4.231015,"USDMZN":63.9104,"USDNAD":17.690279,"USDNGN":1534.50998,"USDNIO":36.803383,"USDNOK":10.297335,"USDNPR":139.323593,"USDNZD":1.698788,"USDOMR":0.384496,"USDPAB":1.000184,"USDPEN":3.53375,"USDPGK":4.15375,"USDPHP":57.379499,"USDPKR":281.94987,"USDPLN":3.651096,"USDPYG":7226.987828,"USDQAR":3.64075,"USDRON":4.348019,"USDRSD":100.709007,"USDRUB":80.774328,"USDRWF":1444,"USDSAR":3.752562,"USDSBD":8.220372,"USDSCR":14.143684,"USDSDG":600.472598,"USDSEK":9.61112,"USDSGD":1.28586,"USDSHP":0.785843,"USDSLE":23.306691,"USDSLL":20969.49797,"USDSOS":571.496031,"USDSRD":37.64993,"USDSTD":20697.981008,"USDSTN":21.35,"USDSVC":8.751792,"USDSYP":13001.624023,"USDSZL":17.689778,"USDTHB":32.598893,"USDTJS":9.296517,"USDTMT":3.5,"USDTND":2.884009,"USDTOP":2.3421,"USDTRY":40.89599,"USDTTD":6.778559,"USDTWD":30.20301,"USDTZS":2502.999885,"USDUAH":41.389658,"USDUGX":3565.576401,"USDUYU":40.071021,"USDUZS":12525.000188,"USDVES":136.622005,"USDVND":26320,"USDVUV":119.390828,"USDWST":2.678368,"USDXAF":561.280248,"USDXAG":0.026852,"USDXAU":0.000302,"USDXCD":2.702549,"USDXCG":1.802554,"USDXDR":0.697125,"USDXOF":561.482409,"USDXPF":102.950101,"USDYER":240.198647,"USDZAR":17.718995,"USDZMK":9001.198985,"USDZMW":23.279156,"USDZWL":321.999592}}