{"success":true,"terms":"https:\/\/currencylayer.com\/terms","privacy":"https:\/\/currencylayer.com\/privacy","timestamp":1752803298,"source":"USD","quotes":{"USDAED":3.672503,"USDAFN":68.853094,"USDALL":84.001806,"USDAMD":382.724493,"USDANG":1.789699,"USDAOA":917.00044,"USDARS":1272.681899,"USDAUD":1.536771,"USDAWG":1.8,"USDAZN":1.699696,"USDBAM":1.682192,"USDBBD":2.012379,"USDBDT":120.973638,"USDBGN":1.68763,"USDBHD":0.376786,"USDBIF":2970.042367,"USDBMD":1,"USDBND":1.282264,"USDBOB":6.885993,"USDBRL":5.551098,"USDBSD":0.996667,"USDBTC":8.299168e-6,"USDBTN":85.768481,"USDBWP":13.464376,"USDBYN":3.261746,"USDBYR":19600,"USDBZD":2.002056,"USDCAD":1.373445,"USDCDF":2885.999966,"USDCHF":0.80251,"USDCLF":0.025146,"USDCLP":964.950215,"USDCNY":7.183698,"USDCNH":7.181085,"USDCOP":4011.59,"USDCRC":502.896861,"USDCUC":1,"USDCUP":26.5,"USDCVE":94.855285,"USDCZK":21.184993,"USDDJF":177.483387,"USDDKK":6.41723,"USDDOP":59.958794,"USDDZD":130.290974,"USDEGP":49.366603,"USDERN":15,"USDETB":138.325283,"USDEUR":0.85986,"USDFJD":2.2574,"USDFKP":0.744821,"USDGBP":0.74424,"USDGEL":2.709685,"USDGGP":0.744821,"USDGHS":10.39008,"USDGIP":0.744821,"USDGMD":71.500846,"USDGNF":8648.862546,"USDGTQ":7.647608,"USDGYD":208.439073,"USDHKD":7.84912,"USDHNL":26.084226,"USDHRK":6.481301,"USDHTG":130.859854,"USDHUF":343.376027,"USDIDR":16311,"USDILS":3.36122,"USDIMP":0.744821,"USDINR":86.020802,"USDIQD":1305.696183,"USDIRR":42112.501112,"USDISK":121.989948,"USDJEP":0.744821,"USDJMD":159.77978,"USDJOD":0.708993,"USDJPY":148.493496,"USDKES":128.749512,"USDKGS":87.449952,"USDKHR":3994.958988,"USDKMF":425.497547,"USDKPW":899.969073,"USDKRW":1390.57997,"USDKWD":0.305571,"USDKYD":0.830577,"USDKZT":532.300453,"USDLAK":21493.490015,"USDLBP":89303.66598,"USDLKR":300.375502,"USDLRD":199.835693,"USDLSL":17.846522,"USDLTL":2.95274,"USDLVL":0.60489,"USDLYD":5.420332,"USDMAD":9.031523,"USDMDL":16.943597,"USDMGA":4456.009807,"USDMKD":52.957344,"USDMMK":2098.975061,"USDMNT":3586.266887,"USDMOP":8.058016,"USDMRU":39.647645,"USDMUR":45.649915,"USDMVR":15.40203,"USDMWK":1728.209209,"USDMXN":18.756225,"USDMYR":4.242978,"USDMZN":63.959507,"USDNAD":17.846522,"USDNGN":1525.670438,"USDNIO":36.680359,"USDNOK":10.2666,"USDNPR":137.228218,"USDNZD":1.677993,"USDOMR":0.384249,"USDPAB":0.996517,"USDPEN":3.535737,"USDPGK":4.187617,"USDPHP":57.18101,"USDPKR":283.950279,"USDPLN":3.663277,"USDPYG":7714.707236,"USDQAR":3.634033,"USDRON":4.365398,"USDRSD":100.760023,"USDRUB":77.956778,"USDRWF":1432.288866,"USDSAR":3.751157,"USDSBD":8.298847,"USDSCR":14.634677,"USDSDG":600.514885,"USDSEK":9.715896,"USDSGD":1.284675,"USDSHP":0.785843,"USDSLE":22.849677,"USDSLL":20969.503947,"USDSOS":569.560636,"USDSRD":36.88202,"USDSTD":20697.981008,"USDSVC":8.721273,"USDSYP":13001.847148,"USDSZL":17.842964,"USDTHB":32.41497,"USDTJS":9.528283,"USDTMT":3.51,"USDTND":2.935598,"USDTOP":2.342094,"USDTRY":40.332498,"USDTTD":6.765912,"USDTWD":29.375897,"USDTZS":2608.286976,"USDUAH":41.725973,"USDUGX":3570.906276,"USDUYU":40.31984,"USDUZS":12736.086438,"USDVES":116.965027,"USDVND":26149.5,"USDVUV":119.635846,"USDWST":2.760133,"USDXAF":564.276221,"USDXAG":0.026212,"USDXAU":0.0003,"USDXCD":2.70255,"USDXDR":0.701779,"USDXOF":564.276221,"USDXPF":102.594101,"USDYER":241.350213,"USDZAR":17.804545,"USDZMK":9001.198148,"USDZMW":23.297246,"USDZWL":321.999592}}