{"success":true,"terms":"https:\/\/currencylayer.com\/terms","privacy":"https:\/\/currencylayer.com\/privacy","timestamp":1770084548,"source":"USD","quotes":{"USDAED":3.672498,"USDAFN":66.000383,"USDALL":81.854119,"USDAMD":380.151858,"USDANG":1.79008,"USDAOA":917.000283,"USDARS":1451.993898,"USDAUD":1.434545,"USDAWG":1.8,"USDAZN":1.701249,"USDBAM":1.655536,"USDBBD":2.022821,"USDBDT":122.831966,"USDBGN":1.67937,"USDBHD":0.376854,"USDBIF":2985.360155,"USDBMD":1,"USDBND":1.275728,"USDBOB":6.964795,"USDBRL":5.262487,"USDBSD":1.004342,"USDBTC":1.2709032e-5,"USDBTN":91.842522,"USDBWP":13.218663,"USDBYN":2.875814,"USDBYR":19600,"USDBZD":2.019858,"USDCAD":1.36662,"USDCDF":2154.999909,"USDCHF":0.778355,"USDCLF":0.021919,"USDCLP":865.50261,"USDCNY":6.946498,"USDCNH":6.93766,"USDCOP":3622.05,"USDCRC":498.317638,"USDCUC":1,"USDCUP":26.5,"USDCVE":93.33655,"USDCZK":20.577985,"USDDJF":178.843207,"USDDKK":6.323295,"USDDOP":63.434557,"USDDZD":129.84954,"USDEGP":47.091699,"USDERN":15,"USDETB":156.554678,"USDEUR":0.84672,"USDFJD":2.20465,"USDFKP":0.729754,"USDGBP":0.730855,"USDGEL":2.694981,"USDGGP":0.729754,"USDGHS":11.012638,"USDGIP":0.729754,"USDGMD":73.498611,"USDGNF":8812.687019,"USDGTQ":7.706307,"USDGYD":210.120453,"USDHKD":7.811365,"USDHNL":26.511592,"USDHRK":6.380198,"USDHTG":131.627397,"USDHUF":322.562499,"USDIDR":16764,"USDILS":3.10084,"USDIMP":0.729754,"USDINR":90.3384,"USDIQD":1315.670299,"USDIRR":42125.000158,"USDISK":122.950028,"USDJEP":0.729754,"USDJMD":157.689801,"USDJOD":0.708986,"USDJPY":155.492953,"USDKES":129.549955,"USDKGS":87.449486,"USDKHR":4043.661727,"USDKMF":418.000144,"USDKPW":900,"USDKRW":1449.760395,"USDKWD":0.30712,"USDKYD":0.836906,"USDKZT":507.178168,"USDLAK":21598.652412,"USDLBP":89936.006501,"USDLKR":311.010475,"USDLRD":186.300651,"USDLSL":16.079552,"USDLTL":2.952741,"USDLVL":0.60489,"USDLYD":6.345176,"USDMAD":9.158604,"USDMDL":17.00314,"USDMGA":4478.679505,"USDMKD":52.180942,"USDMMK":2099.986463,"USDMNT":3564.625242,"USDMOP":8.079484,"USDMRU":39.880648,"USDMUR":45.650278,"USDMVR":15.449778,"USDMWK":1741.44535,"USDMXN":17.377415,"USDMYR":3.947008,"USDMZN":63.750043,"USDNAD":16.079688,"USDNGN":1400.539669,"USDNIO":36.957405,"USDNOK":9.68176,"USDNPR":146.947413,"USDNZD":1.661805,"USDOMR":0.384376,"USDPAB":1.004342,"USDPEN":3.382683,"USDPGK":4.303496,"USDPHP":58.864503,"USDPKR":281.134032,"USDPLN":3.57485,"USDPYG":6677.840135,"USDQAR":3.671415,"USDRON":4.314602,"USDRSD":99.440058,"USDRUB":76.449689,"USDRWF":1468.295284,"USDSAR":3.750318,"USDSBD":8.058101,"USDSCR":15.047339,"USDSDG":601.497594,"USDSEK":8.94486,"USDSGD":1.270825,"USDSHP":0.750259,"USDSLE":24.474995,"USDSLL":20969.499267,"USDSOS":573.994599,"USDSRD":38.02498,"USDSTD":20697.981008,"USDSTN":20.738722,"USDSVC":8.788065,"USDSYP":11059.574895,"USDSZL":16.072154,"USDTHB":31.474031,"USDTJS":9.380296,"USDTMT":3.51,"USDTND":2.897568,"USDTOP":2.40776,"USDTRY":43.480703,"USDTTD":6.79979,"USDTWD":31.611977,"USDTZS":2588.489926,"USDUAH":43.252481,"USDUGX":3587.360437,"USDUYU":38.963238,"USDUZS":12278.117779,"USDVES":369.79158,"USDVND":25997,"USDVUV":119.156711,"USDWST":2.710781,"USDXAF":555.248757,"USDXAG":0.011925,"USDXAU":0.000208,"USDXCD":2.70255,"USDXCG":1.81001,"USDXDR":0.690551,"USDXOF":555.251107,"USDXPF":100.950591,"USDYER":238.375058,"USDZAR":16.030755,"USDZMK":9001.167185,"USDZMW":19.709321,"USDZWL":321.999592}}