{"success":true,"terms":"https:\/\/currencylayer.com\/terms","privacy":"https:\/\/currencylayer.com\/privacy","timestamp":1753148837,"source":"USD","quotes":{"USDAED":3.672498,"USDAFN":68.819504,"USDALL":83.581783,"USDAMD":382.590097,"USDANG":1.789699,"USDAOA":916.999703,"USDARS":1274.004498,"USDAUD":1.534813,"USDAWG":1.8025,"USDAZN":1.700052,"USDBAM":1.673161,"USDBBD":2.011626,"USDBDT":121.171162,"USDBGN":1.673018,"USDBHD":0.376989,"USDBIF":2969.046061,"USDBMD":1,"USDBND":1.27785,"USDBOB":6.884397,"USDBRL":5.567201,"USDBSD":0.996317,"USDBTC":8.483664e-6,"USDBTN":85.962999,"USDBWP":14.234449,"USDBYN":3.260402,"USDBYR":19600,"USDBZD":2.001275,"USDCAD":1.36885,"USDCDF":2885.999528,"USDCHF":0.798565,"USDCLF":0.024865,"USDCLP":954.198951,"USDCNY":7.17597,"USDCNH":7.173845,"USDCOP":4031.25,"USDCRC":502.651839,"USDCUC":1,"USDCUP":26.5,"USDCVE":94.334296,"USDCZK":21.072204,"USDDJF":177.234249,"USDDKK":6.388695,"USDDOP":60.25663,"USDDZD":129.984644,"USDEGP":49.2518,"USDERN":15,"USDETB":138.449701,"USDEUR":0.85582,"USDFJD":2.252797,"USDFKP":0.745454,"USDGBP":0.74188,"USDGEL":2.709855,"USDGGP":0.745454,"USDGHS":10.411721,"USDGIP":0.745454,"USDGMD":71.496482,"USDGNF":8644.140291,"USDGTQ":7.651802,"USDGYD":208.371297,"USDHKD":7.84985,"USDHNL":26.071856,"USDHRK":6.4464,"USDHTG":130.727676,"USDHUF":341.668021,"USDIDR":16312.6,"USDILS":3.35098,"USDIMP":0.745454,"USDINR":86.23685,"USDIQD":1305.153113,"USDIRR":42112.498755,"USDISK":121.889949,"USDJEP":0.745454,"USDJMD":159.300287,"USDJOD":0.70899,"USDJPY":147.63099,"USDKES":128.720272,"USDKGS":87.450038,"USDKHR":3996.595366,"USDKMF":421.999723,"USDKPW":899.999994,"USDKRW":1385.710165,"USDKWD":0.30535,"USDKYD":0.830264,"USDKZT":528.195191,"USDLAK":21486.776085,"USDLBP":89267.134626,"USDLKR":300.631788,"USDLRD":199.756176,"USDLSL":17.677142,"USDLTL":2.95274,"USDLVL":0.60489,"USDLYD":5.407625,"USDMAD":9.007379,"USDMDL":16.932086,"USDMGA":4431.118772,"USDMKD":52.663772,"USDMMK":2099.873804,"USDMNT":3585.655238,"USDMOP":8.05506,"USDMRU":39.628743,"USDMUR":45.689456,"USDMVR":15.403007,"USDMWK":1727.451978,"USDMXN":18.680735,"USDMYR":4.231499,"USDMZN":63.95935,"USDNAD":17.677142,"USDNGN":1527.960218,"USDNIO":36.663815,"USDNOK":10.173225,"USDNPR":137.526091,"USDNZD":1.6785,"USDOMR":0.384502,"USDPAB":0.996343,"USDPEN":3.55247,"USDPGK":4.18734,"USDPHP":57.039774,"USDPKR":283.802081,"USDPLN":3.632636,"USDPYG":7577.176931,"USDQAR":3.641792,"USDRON":4.338401,"USDRSD":100.251985,"USDRUB":78.200305,"USDRWF":1439.527115,"USDSAR":3.751602,"USDSBD":8.285095,"USDSCR":14.580312,"USDSDG":600.501804,"USDSEK":9.580399,"USDSGD":1.281695,"USDSHP":0.785843,"USDSLE":22.999611,"USDSLL":20969.503947,"USDSOS":569.265643,"USDSRD":36.675016,"USDSTD":20697.981008,"USDSTN":20.958084,"USDSVC":8.71756,"USDSYP":13001.892716,"USDSZL":17.669879,"USDTHB":32.284983,"USDTJS":9.529676,"USDTMT":3.51,"USDTND":2.927174,"USDTOP":2.342098,"USDTRY":40.41986,"USDTTD":6.763595,"USDTWD":29.379502,"USDTZS":2589.999816,"USDUAH":41.695801,"USDUGX":3570.099455,"USDUYU":40.226714,"USDUZS":12531.386212,"USDVES":116.965015,"USDVND":26146,"USDVUV":119.789533,"USDWST":2.646901,"USDXAF":561.129004,"USDXAG":0.025769,"USDXAU":0.000295,"USDXCD":2.70255,"USDXCG":1.795527,"USDXDR":0.697858,"USDXOF":561.172208,"USDXPF":102.027111,"USDYER":240.950188,"USDZAR":17.627303,"USDZMK":9001.212855,"USDZMW":22.914608,"USDZWL":321.999592}}