{"success":true,"terms":"https:\/\/currencylayer.com\/terms","privacy":"https:\/\/currencylayer.com\/privacy","timestamp":1780372807,"source":"USD","quotes":{"USDAED":3.672501,"USDAFN":62.508409,"USDALL":82.049946,"USDAMD":368.642993,"USDANG":1.79046,"USDAOA":917.999997,"USDARS":1427.256123,"USDAUD":1.396658,"USDAWG":1.8025,"USDAZN":1.67429,"USDBAM":1.681396,"USDBBD":2.01679,"USDBDT":122.910935,"USDBGN":1.66992,"USDBHD":0.377673,"USDBIF":2981.013502,"USDBMD":1,"USDBND":1.279321,"USDBOB":6.918815,"USDBRL":5.0402,"USDBSD":1.001294,"USDBTC":1.410887e-5,"USDBTN":95.070861,"USDBWP":13.443319,"USDBYN":2.766284,"USDBYR":19600,"USDBZD":2.013867,"USDCAD":1.384505,"USDCDF":2259.999788,"USDCHF":0.786402,"USDCLF":0.022682,"USDCLP":892.720177,"USDCNY":6.76525,"USDCNH":6.76012,"USDCOP":3567.1,"USDCRC":454.953813,"USDCUC":1,"USDCUP":26.5,"USDCVE":94.795755,"USDCZK":20.865979,"USDDJF":178.310601,"USDDKK":6.423399,"USDDOP":58.476868,"USDDZD":132.50505,"USDEGP":52.008399,"USDERN":15,"USDETB":157.949921,"USDEUR":0.85953,"USDFJD":2.196899,"USDFKP":0.743127,"USDGBP":0.743035,"USDGEL":2.659781,"USDGGP":0.743127,"USDGHS":11.775427,"USDGIP":0.743127,"USDGMD":72.999518,"USDGNF":8777.774434,"USDGTQ":7.63851,"USDGYD":209.490159,"USDHKD":7.83775,"USDHNL":26.56969,"USDHRK":6.476704,"USDHTG":131.080878,"USDHUF":305.816979,"USDIDR":17867.6,"USDILS":2.82165,"USDIMP":0.743127,"USDINR":95.10825,"USDIQD":1310,"USDIRR":1351250.000258,"USDISK":123.439772,"USDJEP":0.743127,"USDJMD":157.722794,"USDJOD":0.708954,"USDJPY":159.720499,"USDKES":129.729881,"USDKGS":87.449969,"USDKHR":4018.277402,"USDKMF":423.999481,"USDKPW":899.855249,"USDKRW":1517.720303,"USDKWD":0.30919,"USDKYD":0.834419,"USDKZT":489.67293,"USDLAK":21946.071878,"USDLBP":89670.516728,"USDLKR":331.314503,"USDLRD":182.74823,"USDLSL":16.310342,"USDLTL":2.95274,"USDLVL":0.60489,"USDLYD":6.345001,"USDMAD":9.199502,"USDMDL":17.273114,"USDMGA":4184.999665,"USDMKD":52.984658,"USDMMK":2099.46933,"USDMNT":3576.500339,"USDMOP":8.083528,"USDMRU":39.980271,"USDMUR":47.350186,"USDMVR":15.40979,"USDMWK":1737.000128,"USDMXN":17.352541,"USDMYR":3.965101,"USDMZN":63.904974,"USDNAD":16.30997,"USDNGN":1371.709759,"USDNIO":36.599581,"USDNOK":9.28665,"USDNPR":152.112071,"USDNZD":1.685305,"USDOMR":0.384486,"USDPAB":1.00129,"USDPEN":3.403996,"USDPGK":4.35925,"USDPHP":61.677502,"USDPKR":278.300028,"USDPLN":3.641099,"USDPYG":6026.556395,"USDQAR":3.643503,"USDRON":4.5101,"USDRSD":100.902008,"USDRUB":72.000017,"USDRWF":1462,"USDSAR":3.756754,"USDSBD":8.026013,"USDSCR":12.814958,"USDSDG":600.510995,"USDSEK":9.30315,"USDSGD":1.27835,"USDSHP":0.746601,"USDSLE":24.649647,"USDSLL":20969.502105,"USDSOS":571.502605,"USDSRD":37.284498,"USDSTD":20697.981008,"USDSTN":21.35,"USDSVC":8.761998,"USDSYP":110.532098,"USDSZL":16.320361,"USDTHB":32.5435,"USDTJS":9.242382,"USDTMT":3.51,"USDTND":2.911505,"USDTOP":2.40776,"USDTRY":45.936597,"USDTTD":6.800177,"USDTWD":31.464499,"USDTZS":2610.002992,"USDUAH":44.374817,"USDUGX":3774.914998,"USDUYU":40.199623,"USDUZS":11969.999705,"USDVES":557.27663,"USDVND":26328.5,"USDVUV":118.463821,"USDWST":2.715189,"USDXAF":563.934215,"USDXAG":0.013285,"USDXAU":0.000222,"USDXCD":2.70255,"USDXCG":1.804669,"USDXDR":0.701353,"USDXOF":563.000166,"USDXPF":103.050104,"USDYER":238.624979,"USDZAR":16.29845,"USDZMK":9001.198684,"USDZMW":18.199169,"USDZWL":321.999592}}