{"success":true,"terms":"https:\/\/currencylayer.com\/terms","privacy":"https:\/\/currencylayer.com\/privacy","timestamp":1781582945,"source":"USD","quotes":{"USDAED":3.672498,"USDAFN":62.999637,"USDALL":81.920234,"USDAMD":369.022152,"USDANG":1.790403,"USDAOA":917.499594,"USDARS":1429.503695,"USDAUD":1.416852,"USDAWG":1.8025,"USDAZN":1.709359,"USDBAM":1.687089,"USDBBD":2.017174,"USDBDT":122.938906,"USDBGN":1.69088,"USDBHD":0.377743,"USDBIF":2994.099786,"USDBMD":1,"USDBND":1.284073,"USDBOB":6.920735,"USDBRL":5.075897,"USDBSD":1.001557,"USDBTC":1.5117421e-5,"USDBTN":94.807122,"USDBWP":13.437361,"USDBYN":2.772827,"USDBYR":19600,"USDBZD":2.014241,"USDCAD":1.400265,"USDCDF":2321.000506,"USDCHF":0.79537,"USDCLF":0.022625,"USDCLP":890.459862,"USDCNY":6.76055,"USDCNH":6.761525,"USDCOP":3491.5,"USDCRC":455.637457,"USDCUC":1,"USDCUP":26.5,"USDCVE":95.397692,"USDCZK":20.854899,"USDDJF":178.341147,"USDDKK":6.452985,"USDDOP":58.450301,"USDDZD":132.878993,"USDEGP":50.418398,"USDERN":15,"USDETB":159.504511,"USDEUR":0.86335,"USDFJD":2.23225,"USDFKP":0.746148,"USDGBP":0.746265,"USDGEL":2.644987,"USDGGP":0.746148,"USDGHS":11.224968,"USDGIP":0.746148,"USDGMD":72.490866,"USDGNF":8775.000095,"USDGTQ":7.634911,"USDGYD":209.537036,"USDHKD":7.83274,"USDHNL":26.719932,"USDHRK":6.5026,"USDHTG":130.901343,"USDHUF":302.516496,"USDIDR":17712,"USDILS":2.902595,"USDIMP":0.746148,"USDINR":94.57325,"USDIQD":1310,"USDIRR":1375752.504306,"USDISK":124.659735,"USDJEP":0.746148,"USDJMD":158.757133,"USDJOD":0.708973,"USDJPY":160.229838,"USDKES":129.469831,"USDKGS":87.449847,"USDKHR":4009.999862,"USDKMF":425.000336,"USDKPW":900.00035,"USDKRW":1514.754974,"USDKWD":0.30819,"USDKYD":0.834674,"USDKZT":490.263143,"USDLAK":22024.999725,"USDLBP":89549.999677,"USDLKR":333.00411,"USDLRD":182.175004,"USDLSL":16.219805,"USDLTL":2.95274,"USDLVL":0.60489,"USDLYD":6.380139,"USDMAD":9.27225,"USDMDL":17.421534,"USDMGA":4205.000005,"USDMKD":53.201864,"USDMMK":2099.090156,"USDMNT":3576.689019,"USDMOP":8.081808,"USDMRU":40.059856,"USDMUR":47.13022,"USDMVR":15.450262,"USDMWK":1736.999651,"USDMXN":17.22555,"USDMYR":4.062501,"USDMZN":63.909729,"USDNAD":16.220256,"USDNGN":1358.999863,"USDNIO":31.61977,"USDNOK":9.55785,"USDNPR":151.694838,"USDNZD":1.72243,"USDOMR":0.384496,"USDPAB":1.001488,"USDPEN":3.406503,"USDPGK":4.358988,"USDPHP":60.296992,"USDPKR":278.325001,"USDPLN":3.671597,"USDPYG":6132.175158,"USDQAR":3.643497,"USDRON":4.519805,"USDRSD":101.340284,"USDRUB":72.451599,"USDRWF":1514.5,"USDSAR":3.752194,"USDSBD":8.065041,"USDSCR":12.521952,"USDSDG":600.501015,"USDSEK":9.416202,"USDSGD":1.283165,"USDSHP":0.746601,"USDSLE":24.750087,"USDSLL":20969.503664,"USDSOS":571.501973,"USDSRD":37.517951,"USDSTD":20697.981008,"USDSTN":21.375,"USDSVC":8.763273,"USDSYP":110.532098,"USDSZL":16.220012,"USDTHB":32.565499,"USDTJS":9.284125,"USDTMT":3.5,"USDTND":2.912005,"USDTOP":2.40776,"USDTRY":46.302969,"USDTTD":6.798097,"USDTWD":31.57001,"USDTZS":2629.997977,"USDUAH":44.900392,"USDUGX":3720.444763,"USDUYU":40.61969,"USDUZS":11999.999807,"USDVES":591.77565,"USDVND":26286.5,"USDVUV":119.50104,"USDWST":2.743493,"USDXAF":565.843581,"USDXAG":0.014326,"USDXAU":0.000231,"USDXCD":2.70255,"USDXCG":1.805015,"USDXDR":0.703697,"USDXOF":564.494841,"USDXPF":102.449978,"USDYER":238.602876,"USDZAR":16.220025,"USDZMK":9001.198459,"USDZMW":17.605527,"USDZWL":321.999592}}