{"success":true,"terms":"https:\/\/currencylayer.com\/terms","privacy":"https:\/\/currencylayer.com\/privacy","timestamp":1756171626,"source":"USD","quotes":{"USDAED":3.672502,"USDAFN":68.683677,"USDALL":83.476424,"USDAMD":383.330901,"USDANG":1.789783,"USDAOA":916.999805,"USDARS":1359.046803,"USDAUD":1.541877,"USDAWG":1.8,"USDAZN":1.701962,"USDBAM":1.679101,"USDBBD":2.021515,"USDBDT":122.167944,"USDBGN":1.67615,"USDBHD":0.377035,"USDBIF":2993.148803,"USDBMD":1,"USDBND":1.28842,"USDBOB":6.948892,"USDBRL":5.410303,"USDBSD":1.003469,"USDBTC":9.107634e-6,"USDBTN":87.826236,"USDBWP":13.428402,"USDBYN":3.392229,"USDBYR":19600,"USDBZD":2.013101,"USDCAD":1.38516,"USDCDF":2867.999703,"USDCHF":0.804335,"USDCLF":0.024538,"USDCLP":962.629709,"USDCNY":7.151499,"USDCNH":7.15493,"USDCOP":4025.75,"USDCRC":505.254301,"USDCUC":1,"USDCUP":26.5,"USDCVE":94.665133,"USDCZK":21.099504,"USDDJF":178.687638,"USDDKK":6.41282,"USDDOP":62.407706,"USDDZD":129.675924,"USDEGP":48.494606,"USDERN":15,"USDETB":142.748229,"USDEUR":0.85918,"USDFJD":2.262978,"USDFKP":0.742771,"USDGBP":0.742305,"USDGEL":2.695009,"USDGGP":0.742771,"USDGHS":11.087836,"USDGIP":0.742771,"USDGMD":71.496617,"USDGNF":8699.646279,"USDGTQ":7.694091,"USDGYD":209.934838,"USDHKD":7.80848,"USDHNL":26.286328,"USDHRK":6.4722,"USDHTG":131.303071,"USDHUF":341.4045,"USDIDR":16259,"USDILS":3.36365,"USDIMP":0.742771,"USDINR":87.602595,"USDIQD":1314.657578,"USDIRR":42062.500406,"USDISK":123.210432,"USDJEP":0.742771,"USDJMD":160.711219,"USDJOD":0.709004,"USDJPY":147.300499,"USDKES":129.589881,"USDKGS":87.370603,"USDKHR":4024.039493,"USDKMF":416.999526,"USDKPW":899.986573,"USDKRW":1390.29499,"USDKWD":0.30543,"USDKYD":0.836209,"USDKZT":537.243085,"USDLAK":21760.332423,"USDLBP":90331.991174,"USDLKR":303.064124,"USDLRD":201.184753,"USDLSL":17.6059,"USDLTL":2.95274,"USDLVL":0.60489,"USDLYD":5.444852,"USDMAD":9.036994,"USDMDL":16.777705,"USDMGA":4408.595688,"USDMKD":52.833558,"USDMMK":2099.484683,"USDMNT":3594.349624,"USDMOP":8.07373,"USDMRU":39.827089,"USDMUR":45.649665,"USDMVR":15.385566,"USDMWK":1740.01511,"USDMXN":18.666701,"USDMYR":4.211993,"USDMZN":63.949814,"USDNAD":17.6059,"USDNGN":1533.67983,"USDNIO":36.926062,"USDNOK":10.117425,"USDNPR":140.527407,"USDNZD":1.70936,"USDOMR":0.384498,"USDPAB":1.003434,"USDPEN":3.512135,"USDPGK":4.242934,"USDPHP":56.731502,"USDPKR":284.675515,"USDPLN":3.659597,"USDPYG":7272.680443,"USDQAR":3.647267,"USDRON":4.342503,"USDRSD":100.669602,"USDRUB":80.714577,"USDRWF":1453.003194,"USDSAR":3.752243,"USDSBD":8.217066,"USDSCR":14.814125,"USDSDG":600.498754,"USDSEK":9.57307,"USDSGD":1.284565,"USDSHP":0.785843,"USDSLE":23.310374,"USDSLL":20969.49797,"USDSOS":573.508706,"USDSRD":38.229897,"USDSTD":20697.981008,"USDSTN":21.034376,"USDSVC":8.780199,"USDSYP":13001.915896,"USDSZL":17.600041,"USDTHB":32.431027,"USDTJS":9.592634,"USDTMT":3.51,"USDTND":2.925678,"USDTOP":2.342101,"USDTRY":41.01028,"USDTTD":6.818455,"USDTWD":30.482982,"USDTZS":2504.999534,"USDUAH":41.624698,"USDUGX":3574.893328,"USDUYU":40.213085,"USDUZS":12399.660025,"USDVES":139.25164,"USDVND":26305,"USDVUV":120.416059,"USDWST":2.711516,"USDXAF":563.169237,"USDXAG":0.025845,"USDXAU":0.000296,"USDXCD":2.70255,"USDXCG":1.808395,"USDXDR":0.700396,"USDXOF":563.164402,"USDXPF":102.387555,"USDYER":240.174986,"USDZAR":17.598402,"USDZMK":9001.200142,"USDZMW":23.374572,"USDZWL":321.999592}}