{"success":true,"terms":"https:\/\/currencylayer.com\/terms","privacy":"https:\/\/currencylayer.com\/privacy","timestamp":1755912245,"source":"USD","quotes":{"USDAED":3.672904,"USDAFN":69.503991,"USDALL":83.658384,"USDAMD":382.620403,"USDANG":1.789783,"USDAOA":917.000367,"USDARS":1317.235277,"USDAUD":1.540104,"USDAWG":1.80125,"USDAZN":1.70397,"USDBAM":1.685947,"USDBBD":2.013275,"USDBDT":121.554058,"USDBGN":1.668705,"USDBHD":0.376029,"USDBIF":2965,"USDBMD":1,"USDBND":1.288738,"USDBOB":6.907252,"USDBRL":5.422204,"USDBSD":0.999612,"USDBTC":8.54668e-6,"USDBTN":87.418646,"USDBWP":13.441372,"USDBYN":3.366751,"USDBYR":19600,"USDBZD":2.00537,"USDCAD":1.38345,"USDCDF":2866.000362,"USDCHF":0.801819,"USDCLF":0.024489,"USDCLP":960.703912,"USDCNY":7.16775,"USDCNH":7.17073,"USDCOP":4012,"USDCRC":504.202405,"USDCUC":1,"USDCUP":26.5,"USDCVE":94.450394,"USDCZK":20.923204,"USDDJF":177.720393,"USDDKK":6.36904,"USDDOP":62.650393,"USDDZD":129.503881,"USDEGP":48.361977,"USDERN":15,"USDETB":141.765474,"USDEUR":0.853104,"USDFJD":2.261504,"USDFKP":0.745437,"USDGBP":0.739481,"USDGEL":2.69504,"USDGGP":0.745437,"USDGHS":11.000356,"USDGIP":0.745437,"USDGMD":72.503851,"USDGNF":8665.931073,"USDGTQ":7.665121,"USDGYD":209.038209,"USDHKD":7.81515,"USDHNL":26.14951,"USDHRK":6.427704,"USDHTG":130.796086,"USDHUF":337.340388,"USDIDR":16233.5,"USDILS":3.368604,"USDIMP":0.745437,"USDINR":87.33025,"USDIQD":1309.242625,"USDIRR":42050.000352,"USDISK":122.380386,"USDJEP":0.745437,"USDJMD":160.241712,"USDJOD":0.70904,"USDJPY":146.96904,"USDKES":129.203801,"USDKGS":87.427404,"USDKHR":4008.361528,"USDKMF":422.503794,"USDKPW":899.968769,"USDKRW":1384.203789,"USDKWD":0.30539,"USDKYD":0.832963,"USDKZT":537.321667,"USDLAK":21661.343781,"USDLBP":89947.374546,"USDLKR":301.674051,"USDLRD":200.418076,"USDLSL":17.635898,"USDLTL":2.95274,"USDLVL":0.60489,"USDLYD":5.423857,"USDMAD":9.046609,"USDMDL":16.837704,"USDMGA":4426.39979,"USDMKD":53.04898,"USDMMK":2099.610431,"USDMNT":3597.28806,"USDMOP":8.050859,"USDMRU":39.863455,"USDMUR":46.110378,"USDMVR":15.410378,"USDMWK":1733.250005,"USDMXN":18.598504,"USDMYR":4.227504,"USDMZN":63.903729,"USDNAD":17.635898,"USDNGN":1535.370377,"USDNIO":36.78258,"USDNOK":10.05555,"USDNPR":139.867422,"USDNZD":1.704159,"USDOMR":0.383468,"USDPAB":0.999582,"USDPEN":3.509732,"USDPGK":4.224745,"USDPHP":56.499504,"USDPKR":283.58447,"USDPLN":3.63912,"USDPYG":7244.452873,"USDQAR":3.643487,"USDRON":4.310604,"USDRSD":99.996587,"USDRUB":80.326581,"USDRWF":1446.88921,"USDSAR":3.752314,"USDSBD":8.217016,"USDSCR":13.325152,"USDSDG":600.503676,"USDSEK":9.498104,"USDSGD":1.281304,"USDSHP":0.785843,"USDSLE":23.303667,"USDSLL":20969.49797,"USDSOS":571.256169,"USDSRD":38.108504,"USDSTD":20697.981008,"USDSTN":21.119779,"USDSVC":8.746099,"USDSYP":13002.323746,"USDSZL":17.628019,"USDTHB":32.360369,"USDTJS":9.546021,"USDTMT":3.5,"USDTND":2.935021,"USDTOP":2.342104,"USDTRY":41.175038,"USDTTD":6.787638,"USDTWD":30.382304,"USDTZS":2490.000335,"USDUAH":41.313541,"USDUGX":3561.915435,"USDUYU":40.006207,"USDUZS":12408.840922,"USDVES":137.956904,"USDVND":26350,"USDVUV":120.302159,"USDWST":2.707429,"USDXAF":565.443614,"USDXAG":0.025695,"USDXAU":0.000297,"USDXCD":2.70255,"USDXCG":1.80156,"USDXDR":0.702356,"USDXOF":565.446051,"USDXPF":102.805027,"USDYER":240.203589,"USDZAR":17.449285,"USDZMK":9001.203584,"USDZMW":23.114686,"USDZWL":321.999592}}