{"success":true,"terms":"https:\/\/currencylayer.com\/terms","privacy":"https:\/\/currencylayer.com\/privacy","timestamp":1760404983,"source":"USD","quotes":{"USDAED":3.672497,"USDAFN":66.118848,"USDALL":83.714292,"USDAMD":383.445997,"USDANG":1.789982,"USDAOA":916.999662,"USDARS":1348.494202,"USDAUD":1.535544,"USDAWG":1.8,"USDAZN":1.69912,"USDBAM":1.691722,"USDBBD":2.018122,"USDBDT":121.987717,"USDBGN":1.69319,"USDBHD":0.377003,"USDBIF":2952.685754,"USDBMD":1,"USDBND":1.300839,"USDBOB":6.948391,"USDBRL":5.466901,"USDBSD":1.002011,"USDBTC":8.718624e-6,"USDBTN":88.788551,"USDBWP":13.409165,"USDBYN":3.408862,"USDBYR":19600,"USDBZD":2.015181,"USDCAD":1.403755,"USDCDF":2384.999831,"USDCHF":0.804375,"USDCLF":0.024396,"USDCLP":957.050232,"USDCNY":7.11475,"USDCNH":7.13931,"USDCOP":3925.64,"USDCRC":504.195139,"USDCUC":1,"USDCUP":26.5,"USDCVE":95.37711,"USDCZK":21.024303,"USDDJF":178.43133,"USDDKK":6.45563,"USDDOP":63.00493,"USDDZD":130.286016,"USDEGP":47.698499,"USDERN":15,"USDETB":147.042816,"USDEUR":0.864494,"USDFJD":2.27485,"USDFKP":0.747404,"USDGBP":0.749535,"USDGEL":2.709743,"USDGGP":0.747404,"USDGHS":11.973064,"USDGIP":0.747404,"USDGMD":71.999897,"USDGNF":8694.749589,"USDGTQ":7.674975,"USDGYD":209.628101,"USDHKD":7.77819,"USDHNL":26.315198,"USDHRK":6.514199,"USDHTG":131.104576,"USDHUF":338.756987,"USDIDR":16567,"USDILS":3.289298,"USDIMP":0.747404,"USDINR":88.6591,"USDIQD":1312.608393,"USDIRR":42062.502436,"USDISK":122.419885,"USDJEP":0.747404,"USDJMD":161.024829,"USDJOD":0.708979,"USDJPY":152.476964,"USDKES":129.397857,"USDKGS":87.450115,"USDKHR":4028.198253,"USDKMF":425.000054,"USDKPW":899.993821,"USDKRW":1427.334978,"USDKWD":0.30694,"USDKYD":0.834966,"USDKZT":538.320813,"USDLAK":21747.629922,"USDLBP":89727.22358,"USDLKR":303.167127,"USDLRD":183.358634,"USDLSL":17.349751,"USDLTL":2.95274,"USDLVL":0.60489,"USDLYD":5.446878,"USDMAD":9.178484,"USDMDL":16.958242,"USDMGA":4491.058106,"USDMKD":53.27449,"USDMMK":2099.746972,"USDMNT":3594.960208,"USDMOP":8.026157,"USDMRU":40.018165,"USDMUR":45.302774,"USDMVR":15.309984,"USDMWK":1737.51703,"USDMXN":18.455977,"USDMYR":4.227499,"USDMZN":63.896527,"USDNAD":17.349526,"USDNGN":1462.290174,"USDNIO":36.873973,"USDNOK":10.089025,"USDNPR":142.06124,"USDNZD":1.747599,"USDOMR":0.384481,"USDPAB":1.001994,"USDPEN":3.442364,"USDPGK":4.208978,"USDPHP":58.174998,"USDPKR":283.685228,"USDPLN":3.683805,"USDPYG":7060.960578,"USDQAR":3.663453,"USDRON":4.399304,"USDRSD":101.283983,"USDRUB":81.150734,"USDRWF":1454.391329,"USDSAR":3.750235,"USDSBD":8.230542,"USDSCR":14.840671,"USDSDG":601.498051,"USDSEK":9.508945,"USDSGD":1.298615,"USDSHP":0.750259,"USDSLE":23.203458,"USDSLL":20969.499529,"USDSOS":572.622255,"USDSRD":38.794977,"USDSTD":20697.981008,"USDSTN":21.191938,"USDSVC":8.767446,"USDSYP":13001.933177,"USDSZL":17.339705,"USDTHB":32.551979,"USDTJS":9.20305,"USDTMT":3.5,"USDTND":2.945952,"USDTOP":2.342102,"USDTRY":41.816958,"USDTTD":6.801344,"USDTWD":30.691799,"USDTZS":2455.908989,"USDUAH":41.712865,"USDUGX":3436.568794,"USDUYU":40.15241,"USDUZS":12165.090239,"USDVES":193.058024,"USDVND":26345,"USDVUV":121.813894,"USDWST":2.781604,"USDXAF":567.395131,"USDXAG":0.01896,"USDXAU":0.000241,"USDXCD":2.70255,"USDXCG":1.80582,"USDXDR":0.705664,"USDXOF":567.400039,"USDXPF":103.157612,"USDYER":238.950299,"USDZAR":17.3041,"USDZMK":9001.201398,"USDZMW":22.770149,"USDZWL":321.999592}}