{"success":true,"terms":"https:\/\/currencylayer.com\/terms","privacy":"https:\/\/currencylayer.com\/privacy","timestamp":1752198258,"source":"USD","quotes":{"USDAED":3.6725,"USDAFN":68.5008,"USDALL":83.649814,"USDAMD":383.740076,"USDANG":1.789623,"USDAOA":916.999531,"USDARS":1255.739283,"USDAUD":1.517085,"USDAWG":1.8025,"USDAZN":1.70351,"USDBAM":1.668636,"USDBBD":2.020399,"USDBDT":121.679557,"USDBGN":1.67231,"USDBHD":0.377008,"USDBIF":2981.413623,"USDBMD":1,"USDBND":1.279674,"USDBOB":6.939711,"USDBRL":5.533027,"USDBSD":1.000601,"USDBTC":8.620095e-6,"USDBTN":85.690153,"USDBWP":13.33339,"USDBYN":3.274649,"USDBYR":19600,"USDBZD":2.009991,"USDCAD":1.368425,"USDCDF":2886.000289,"USDCHF":0.797365,"USDCLF":0.024758,"USDCLP":950.060532,"USDCNY":7.175296,"USDCNH":7.17773,"USDCOP":4015.7,"USDCRC":504.651927,"USDCUC":1,"USDCUP":26.5,"USDCVE":94.750102,"USDCZK":21.080013,"USDDJF":177.720449,"USDDKK":6.38575,"USDDOP":60.139783,"USDDZD":129.785986,"USDEGP":49.515011,"USDERN":15,"USDETB":135.37498,"USDEUR":0.85588,"USDFJD":2.239203,"USDFKP":0.736163,"USDGBP":0.737055,"USDGEL":2.710125,"USDGGP":0.736163,"USDGHS":10.402058,"USDGIP":0.736163,"USDGMD":71.474628,"USDGNF":8656.000103,"USDGTQ":7.68709,"USDGYD":209.351631,"USDHKD":7.84977,"USDHNL":26.350258,"USDHRK":6.4508,"USDHTG":131.286287,"USDHUF":341.297572,"USDIDR":16230.8,"USDILS":3.30645,"USDIMP":0.736163,"USDINR":85.701398,"USDIQD":1310,"USDIRR":42112.50348,"USDISK":122.239834,"USDJEP":0.736163,"USDJMD":159.910246,"USDJOD":0.709002,"USDJPY":146.75803,"USDKES":129.500366,"USDKGS":87.449759,"USDKHR":4020.999731,"USDKMF":421.496279,"USDKPW":899.989949,"USDKRW":1373.602172,"USDKWD":0.30585,"USDKYD":0.833891,"USDKZT":519.10468,"USDLAK":21529.999808,"USDLBP":89599.999715,"USDLKR":300.589969,"USDLRD":201.000107,"USDLSL":17.730129,"USDLTL":2.95274,"USDLVL":0.60489,"USDLYD":5.395026,"USDMAD":9.002498,"USDMDL":16.930368,"USDMGA":4429.999956,"USDMKD":52.724476,"USDMMK":2099.551903,"USDMNT":3586.805132,"USDMOP":8.090897,"USDMRU":39.700239,"USDMUR":45.15012,"USDMVR":15.395433,"USDMWK":1736.530785,"USDMXN":18.63784,"USDMYR":4.254495,"USDMZN":63.960202,"USDNAD":17.72982,"USDNGN":1530.520482,"USDNIO":36.749782,"USDNOK":10.092245,"USDNPR":137.104074,"USDNZD":1.65766,"USDOMR":0.384516,"USDPAB":1.000601,"USDPEN":3.545991,"USDPGK":4.12475,"USDPHP":56.476008,"USDPKR":284.502706,"USDPLN":3.640607,"USDPYG":7755.344063,"USDQAR":3.640598,"USDRON":4.347303,"USDRSD":100.284009,"USDRUB":77.598668,"USDRWF":1434,"USDSAR":3.750423,"USDSBD":8.326487,"USDSCR":14.347863,"USDSDG":600.502614,"USDSEK":9.51366,"USDSGD":1.280855,"USDSHP":0.785843,"USDSLE":22.515054,"USDSLL":20969.503664,"USDSOS":571.491768,"USDSRD":37.367985,"USDSTD":20697.981008,"USDSVC":8.755263,"USDSYP":13001.930426,"USDSZL":17.729694,"USDTHB":32.619503,"USDTJS":9.681127,"USDTMT":3.51,"USDTND":2.899363,"USDTOP":2.342101,"USDTRY":40.16186,"USDTTD":6.794671,"USDTWD":29.254976,"USDTZS":2630.000298,"USDUAH":41.880479,"USDUGX":3585.88681,"USDUYU":40.653701,"USDUZS":12662.497294,"USDVES":113.606295,"USDVND":26088,"USDVUV":119.443863,"USDWST":2.750992,"USDXAF":559.644909,"USDXAG":0.026924,"USDXAU":0.0003,"USDXCD":2.70255,"USDXDR":0.695413,"USDXOF":557.999944,"USDXPF":102.300677,"USDYER":241.849612,"USDZAR":17.749415,"USDZMK":9001.198647,"USDZMW":23.44008,"USDZWL":321.999592}}