{"success":true,"terms":"https:\/\/currencylayer.com\/terms","privacy":"https:\/\/currencylayer.com\/privacy","timestamp":1752284765,"source":"USD","quotes":{"USDAED":3.673042,"USDAFN":69.000368,"USDALL":83.550403,"USDAMD":383.910403,"USDANG":1.789623,"USDAOA":917.000367,"USDARS":1260.752854,"USDAUD":1.520219,"USDAWG":1.8025,"USDAZN":1.70397,"USDBAM":1.672289,"USDBBD":2.018666,"USDBDT":121.569684,"USDBGN":1.673725,"USDBHD":0.376983,"USDBIF":2941,"USDBMD":1,"USDBND":1.279312,"USDBOB":6.923294,"USDBRL":5.561904,"USDBSD":0.999799,"USDBTC":8.489289e-6,"USDBTN":85.707568,"USDBWP":13.34804,"USDBYN":3.271813,"USDBYR":19600,"USDBZD":2.008234,"USDCAD":1.36995,"USDCDF":2886.000362,"USDCHF":0.796266,"USDCLF":0.024944,"USDCLP":957.230396,"USDCNY":7.16855,"USDCNH":7.173775,"USDCOP":3999,"USDCRC":504.217488,"USDCUC":1,"USDCUP":26.5,"USDCVE":94.77504,"USDCZK":21.098704,"USDDJF":177.720393,"USDDKK":6.38285,"USDDOP":60.303884,"USDDZD":129.769569,"USDEGP":49.489975,"USDERN":15,"USDETB":136.903874,"USDEUR":0.855404,"USDFJD":2.24225,"USDFKP":0.73704,"USDGBP":0.740851,"USDGEL":2.710391,"USDGGP":0.73704,"USDGHS":10.403856,"USDGIP":0.73704,"USDGMD":71.503851,"USDGNF":8656.000355,"USDGTQ":7.679975,"USDGYD":209.168601,"USDHKD":7.84945,"USDHNL":26.350388,"USDHRK":6.444604,"USDHTG":131.223093,"USDHUF":341.780388,"USDIDR":16229.4,"USDILS":3.33113,"USDIMP":0.73704,"USDINR":85.821504,"USDIQD":1310,"USDIRR":42112.503816,"USDISK":121.810386,"USDJEP":0.73704,"USDJMD":159.875506,"USDJOD":0.70904,"USDJPY":147.41604,"USDKES":129.503801,"USDKGS":87.450384,"USDKHR":4021.00035,"USDKMF":421.150384,"USDKPW":900.033937,"USDKRW":1379.160383,"USDKWD":0.30579,"USDKYD":0.833145,"USDKZT":522.370002,"USDLAK":21530.000349,"USDLBP":89579.000349,"USDLKR":300.657954,"USDLRD":201.000348,"USDLSL":17.920381,"USDLTL":2.95274,"USDLVL":0.60489,"USDLYD":5.395039,"USDMAD":9.002504,"USDMDL":16.926385,"USDMGA":4430.000347,"USDMKD":52.664912,"USDMMK":2098.907476,"USDMNT":3587.604945,"USDMOP":8.083827,"USDMRU":39.703743,"USDMUR":45.480378,"USDMVR":15.403739,"USDMWK":1736.503736,"USDMXN":18.640504,"USDMYR":4.252504,"USDMZN":63.960377,"USDNAD":17.920377,"USDNGN":1528.520377,"USDNIO":36.750377,"USDNOK":10.127404,"USDNPR":137.132279,"USDNZD":1.664171,"USDOMR":0.384498,"USDPAB":0.999803,"USDPEN":3.546504,"USDPGK":4.125039,"USDPHP":56.488504,"USDPKR":284.375038,"USDPLN":3.649167,"USDPYG":7748.378629,"USDQAR":3.640604,"USDRON":4.346804,"USDRSD":100.170151,"USDRUB":78.003762,"USDRWF":1434,"USDSAR":3.750454,"USDSBD":8.326487,"USDSCR":14.09773,"USDSDG":600.503676,"USDSEK":9.560704,"USDSGD":1.280504,"USDSHP":0.785843,"USDSLE":22.503667,"USDSLL":20969.503664,"USDSOS":571.503662,"USDSRD":37.207504,"USDSTD":20697.981008,"USDSVC":8.747921,"USDSYP":13001.953619,"USDSZL":17.920369,"USDTHB":32.450369,"USDTJS":9.662771,"USDTMT":3.51,"USDTND":2.903038,"USDTOP":2.342104,"USDTRY":40.165804,"USDTTD":6.792443,"USDTWD":29.241904,"USDTZS":2600.000335,"USDUAH":41.770789,"USDUGX":3583.475484,"USDUYU":40.426323,"USDUZS":12655.000334,"USDVES":114.26852,"USDVND":26114.5,"USDVUV":119.767188,"USDWST":2.749534,"USDXAF":560.865123,"USDXAG":0.026018,"USDXAU":0.000298,"USDXCD":2.70255,"USDXDR":0.695413,"USDXOF":560.503595,"USDXPF":102.450363,"USDYER":241.850363,"USDZAR":17.931904,"USDZMK":9001.203587,"USDZMW":23.14434,"USDZWL":321.999592}}