{"success":true,"terms":"https:\/\/currencylayer.com\/terms","privacy":"https:\/\/currencylayer.com\/privacy","timestamp":1771639270,"source":"USD","quotes":{"USDAED":3.673042,"USDAFN":63.000368,"USDALL":81.703989,"USDAMD":376.820403,"USDANG":1.789731,"USDAOA":917.000367,"USDARS":1375.170204,"USDAUD":1.412629,"USDAWG":1.8,"USDAZN":1.70397,"USDBAM":1.662318,"USDBBD":2.014364,"USDBDT":122.223308,"USDBGN":1.647646,"USDBHD":0.377042,"USDBIF":2965,"USDBMD":1,"USDBND":1.269198,"USDBOB":6.910766,"USDBRL":5.178041,"USDBSD":1.000127,"USDBTC":1.4750372e-5,"USDBTN":90.953364,"USDBWP":13.242731,"USDBYN":2.86801,"USDBYR":19600,"USDBZD":2.011474,"USDCAD":1.36865,"USDCDF":2280.000362,"USDCHF":0.775709,"USDCLF":0.021955,"USDCLP":866.903912,"USDCNY":6.90875,"USDCNH":6.897865,"USDCOP":3707.92,"USDCRC":477.32778,"USDCUC":1,"USDCUP":26.5,"USDCVE":93.750394,"USDCZK":20.55904,"USDDJF":177.720393,"USDDKK":6.340204,"USDDOP":61.150393,"USDDZD":130.05404,"USDEGP":47.532963,"USDERN":15,"USDETB":155.42504,"USDEUR":0.84825,"USDFJD":2.22125,"USDFKP":0.743825,"USDGBP":0.74195,"USDGEL":2.67504,"USDGGP":0.743825,"USDGHS":11.000356,"USDGIP":0.743825,"USDGMD":73.503851,"USDGNF":8775.000355,"USDGTQ":7.67423,"USDGYD":209.209822,"USDHKD":7.81605,"USDHNL":26.530388,"USDHRK":6.39504,"USDHTG":131.096822,"USDHUF":323.04504,"USDIDR":16862.9,"USDILS":3.115575,"USDIMP":0.743825,"USDINR":90.72685,"USDIQD":1310.5,"USDIRR":42125.000158,"USDISK":122.990386,"USDJEP":0.743825,"USDJMD":155.838968,"USDJOD":0.70904,"USDJPY":155.00504,"USDKES":129.000351,"USDKGS":87.450384,"USDKHR":4017.00035,"USDKMF":418.00035,"USDKPW":900.02738,"USDKRW":1445.395039,"USDKWD":0.30666,"USDKYD":0.83344,"USDKZT":499.20529,"USDLAK":21430.000349,"USDLBP":89459.499607,"USDLKR":309.447112,"USDLRD":185.125039,"USDLSL":16.040381,"USDLTL":2.95274,"USDLVL":0.60489,"USDLYD":6.325039,"USDMAD":9.176039,"USDMDL":17.177049,"USDMGA":4325.000347,"USDMKD":52.292488,"USDMMK":2099.774843,"USDMNT":3569.755836,"USDMOP":8.05103,"USDMRU":39.960379,"USDMUR":46.420378,"USDMVR":15.460378,"USDMWK":1736.000345,"USDMXN":17.132704,"USDMYR":3.903039,"USDMZN":63.905039,"USDNAD":16.040377,"USDNGN":1343.180377,"USDNIO":36.710377,"USDNOK":9.525104,"USDNPR":145.530501,"USDNZD":1.672801,"USDOMR":0.384474,"USDPAB":1.000123,"USDPEN":3.36175,"USDPGK":4.297039,"USDPHP":57.958504,"USDPKR":279.503701,"USDPLN":3.58165,"USDPYG":6466.33604,"USDQAR":3.641104,"USDRON":4.326104,"USDRSD":99.617038,"USDRUB":76.67622,"USDRWF":1455,"USDSAR":3.751687,"USDSBD":8.045182,"USDSCR":14.063038,"USDSDG":601.503676,"USDSEK":9.060204,"USDSGD":1.266104,"USDSHP":0.750259,"USDSLE":24.503667,"USDSLL":20969.49935,"USDSOS":571.503662,"USDSRD":37.635504,"USDSTD":20697.981008,"USDSTN":21,"USDSVC":8.751121,"USDSYP":11059.574895,"USDSZL":16.040369,"USDTHB":31.080369,"USDTJS":9.476274,"USDTMT":3.5,"USDTND":2.866504,"USDTOP":2.40776,"USDTRY":43.830368,"USDTTD":6.769793,"USDTWD":31.539504,"USDTZS":2580.000335,"USDUAH":43.290694,"USDUGX":3600.402878,"USDUYU":38.808875,"USDUZS":12215.000334,"USDVES":401.83138,"USDVND":25970,"USDVUV":119.031091,"USDWST":2.70122,"USDXAF":557.51634,"USDXAG":0.011846,"USDXAU":0.000196,"USDXCD":2.70255,"USDXCG":1.802558,"USDXDR":0.693778,"USDXOF":556.503593,"USDXPF":102.103591,"USDYER":238.450363,"USDZAR":16.03965,"USDZMK":9001.203584,"USDZMW":18.93725,"USDZWL":321.999592}}