{"success":true,"terms":"https:\/\/currencylayer.com\/terms","privacy":"https:\/\/currencylayer.com\/privacy","timestamp":1752889342,"source":"USD","quotes":{"USDAED":3.673042,"USDAFN":69.503991,"USDALL":83.850403,"USDAMD":384.230403,"USDANG":1.789699,"USDAOA":917.000367,"USDARS":1285.781246,"USDAUD":1.536804,"USDAWG":1.8,"USDAZN":1.70397,"USDBAM":1.679598,"USDBBD":2.018301,"USDBDT":121.35395,"USDBGN":1.683204,"USDBHD":0.377144,"USDBIF":2926,"USDBMD":1,"USDBND":1.283101,"USDBOB":6.907153,"USDBRL":5.580504,"USDBSD":0.999618,"USDBTC":8.502136e-6,"USDBTN":86.055589,"USDBWP":13.420986,"USDBYN":3.271344,"USDBYR":19600,"USDBZD":2.007909,"USDCAD":1.37335,"USDCDF":2886.000362,"USDCHF":0.80258,"USDCLF":0.025108,"USDCLP":963.520396,"USDCNY":7.17795,"USDCNH":7.18097,"USDCOP":4007,"USDCRC":504.446324,"USDCUC":1,"USDCUP":26.5,"USDCVE":95.150394,"USDCZK":21.19504,"USDDJF":177.720393,"USDDKK":6.421704,"USDDOP":60.450393,"USDDZD":130.32604,"USDEGP":49.420869,"USDERN":15,"USDETB":136.503874,"USDEUR":0.860392,"USDFJD":2.254904,"USDFKP":0.745565,"USDGBP":0.745545,"USDGEL":2.710391,"USDGGP":0.745565,"USDGHS":10.42504,"USDGIP":0.745565,"USDGMD":71.503851,"USDGNF":8656.000355,"USDGTQ":7.674901,"USDGYD":209.138259,"USDHKD":7.84485,"USDHNL":26.350388,"USDHRK":6.48104,"USDHTG":131.247075,"USDHUF":343.230388,"USDIDR":16328.25,"USDILS":3.35772,"USDIMP":0.745565,"USDINR":86.150804,"USDIQD":1310,"USDIRR":42112.503816,"USDISK":122.480386,"USDJEP":0.745565,"USDJMD":159.852977,"USDJOD":0.70904,"USDJPY":148.80404,"USDKES":129.503801,"USDKGS":87.450384,"USDKHR":4020.00035,"USDKMF":423.303794,"USDKPW":900.03594,"USDKRW":1391.203789,"USDKWD":0.30564,"USDKYD":0.833015,"USDKZT":532.889059,"USDLAK":21565.000349,"USDLBP":89550.000349,"USDLKR":301.585734,"USDLRD":201.000348,"USDLSL":17.720381,"USDLTL":2.95274,"USDLVL":0.60489,"USDLYD":5.430381,"USDMAD":9.052504,"USDMDL":17.003809,"USDMGA":4430.000347,"USDMKD":52.866387,"USDMMK":2099.254316,"USDMNT":3586.62497,"USDMOP":8.081516,"USDMRU":39.820379,"USDMUR":45.703741,"USDMVR":15.403739,"USDMWK":1736.503736,"USDMXN":18.752504,"USDMYR":4.246039,"USDMZN":63.960377,"USDNAD":17.720377,"USDNGN":1530.970377,"USDNIO":36.750377,"USDNOK":10.187704,"USDNPR":137.68877,"USDNZD":1.676727,"USDOMR":0.384723,"USDPAB":0.999618,"USDPEN":3.564504,"USDPGK":4.133504,"USDPHP":57.110375,"USDPKR":284.925038,"USDPLN":3.652111,"USDPYG":7736.73295,"USDQAR":3.640604,"USDRON":4.364504,"USDRSD":100.724038,"USDRUB":78.523668,"USDRWF":1437.5,"USDSAR":3.751127,"USDSBD":8.298847,"USDSCR":14.131379,"USDSDG":600.503676,"USDSEK":9.666804,"USDSGD":1.284304,"USDSHP":0.785843,"USDSLE":22.903667,"USDSLL":20969.503947,"USDSOS":571.503662,"USDSRD":37.208038,"USDSTD":20697.981008,"USDSTN":21.375,"USDSVC":8.746656,"USDSYP":13002.428432,"USDSZL":17.720369,"USDTHB":32.380369,"USDTJS":9.621322,"USDTMT":3.51,"USDTND":2.897504,"USDTOP":2.342104,"USDTRY":40.372304,"USDTTD":6.786065,"USDTWD":29.409704,"USDTZS":2605.787038,"USDUAH":41.746326,"USDUGX":3581.96394,"USDUYU":40.285286,"USDUZS":12672.503617,"USDVES":116.965038,"USDVND":26160,"USDVUV":119.712564,"USDWST":2.633295,"USDXAF":563.32642,"USDXAG":0.026189,"USDXAU":0.000298,"USDXCD":2.70255,"USDXCG":1.801545,"USDXDR":0.701779,"USDXOF":563.000332,"USDXPF":103.050363,"USDYER":241.050363,"USDZAR":17.710365,"USDZMK":9001.203584,"USDZMW":23.016115,"USDZWL":321.999592}}