{"success":true,"terms":"https:\/\/currencylayer.com\/terms","privacy":"https:\/\/currencylayer.com\/privacy","timestamp":1755567426,"source":"USD","quotes":{"USDAED":3.672498,"USDAFN":69.504398,"USDALL":83.797048,"USDAMD":383.269874,"USDANG":1.789783,"USDAOA":916.999449,"USDARS":1292.760199,"USDAUD":1.541319,"USDAWG":1.8005,"USDAZN":1.705966,"USDBAM":1.673777,"USDBBD":2.018408,"USDBDT":121.455376,"USDBGN":1.67641,"USDBHD":0.377013,"USDBIF":2960,"USDBMD":1,"USDBND":1.281889,"USDBOB":6.922521,"USDBRL":5.437901,"USDBSD":0.999649,"USDBTC":8.620207e-6,"USDBTN":87.28295,"USDBWP":13.40305,"USDBYN":3.345371,"USDBYR":19600,"USDBZD":2.007942,"USDCAD":1.38167,"USDCDF":2894.999859,"USDCHF":0.80834,"USDCLF":0.024577,"USDCLP":964.160148,"USDCNY":7.184899,"USDCNH":7.18866,"USDCOP":4015,"USDCRC":505.173255,"USDCUC":1,"USDCUP":26.5,"USDCVE":94.750389,"USDCZK":21.01305,"USDDJF":177.720102,"USDDKK":6.410015,"USDDOP":61.875012,"USDDZD":129.847962,"USDEGP":48.376104,"USDERN":15,"USDETB":141.150444,"USDEUR":0.85879,"USDFJD":2.25795,"USDFKP":0.737572,"USDGBP":0.741175,"USDGEL":2.690085,"USDGGP":0.737572,"USDGHS":10.649897,"USDGIP":0.737572,"USDGMD":72.000079,"USDGNF":8677.494813,"USDGTQ":7.667127,"USDGYD":209.133659,"USDHKD":7.805685,"USDHNL":26.286806,"USDHRK":6.465204,"USDHTG":130.799052,"USDHUF":339.3975,"USDIDR":16223.1,"USDILS":3.38105,"USDIMP":0.737572,"USDINR":87.371198,"USDIQD":1310,"USDIRR":42112.498405,"USDISK":123.160216,"USDJEP":0.737572,"USDJMD":160.101326,"USDJOD":0.709002,"USDJPY":147.965498,"USDKES":129.497745,"USDKGS":87.378799,"USDKHR":4004.999706,"USDKMF":420.499323,"USDKPW":900,"USDKRW":1389.829927,"USDKWD":0.30568,"USDKYD":0.833009,"USDKZT":538.737366,"USDLAK":21602.496025,"USDLBP":89552.498088,"USDLKR":300.964476,"USDLRD":201.501476,"USDLSL":17.590152,"USDLTL":2.95274,"USDLVL":0.60489,"USDLYD":5.41498,"USDMAD":9.009501,"USDMDL":16.663529,"USDMGA":4440.000529,"USDMKD":52.774443,"USDMMK":2099.006724,"USDMNT":3595.738654,"USDMOP":8.049548,"USDMRU":39.949983,"USDMUR":45.479891,"USDMVR":15.409574,"USDMWK":1734.999987,"USDMXN":18.8041,"USDMYR":4.230499,"USDMZN":63.901095,"USDNAD":17.590055,"USDNGN":1535.501128,"USDNIO":36.760215,"USDNOK":10.21957,"USDNPR":139.65366,"USDNZD":1.689125,"USDOMR":0.384541,"USDPAB":0.999649,"USDPEN":3.560139,"USDPGK":4.140342,"USDPHP":57.106027,"USDPKR":282.000341,"USDPLN":3.64698,"USDPYG":7320.465039,"USDQAR":3.64075,"USDRON":4.343602,"USDRSD":100.609787,"USDRUB":80.499877,"USDRWF":1445,"USDSAR":3.752322,"USDSBD":8.223773,"USDSCR":14.714976,"USDSDG":600.497249,"USDSEK":9.57928,"USDSGD":1.285485,"USDSHP":0.785843,"USDSLE":23.300719,"USDSLL":20969.49797,"USDSOS":571.497057,"USDSRD":37.720381,"USDSTD":20697.981008,"USDSTN":21.3,"USDSVC":8.747037,"USDSYP":13001.739664,"USDSZL":17.589776,"USDTHB":32.539819,"USDTJS":9.281451,"USDTMT":3.51,"USDTND":2.88425,"USDTOP":2.342105,"USDTRY":40.881498,"USDTTD":6.775324,"USDTWD":30.078967,"USDTZS":2599.999975,"USDUAH":41.223011,"USDUGX":3556.711839,"USDUYU":40.059563,"USDUZS":12522.532138,"USDVES":135.47035,"USDVND":26300,"USDVUV":119.151671,"USDWST":2.766277,"USDXAF":561.364307,"USDXAG":0.026356,"USDXAU":0.0003,"USDXCD":2.70255,"USDXCG":1.801611,"USDXDR":0.697125,"USDXOF":561.000323,"USDXPF":102.374965,"USDYER":240.274997,"USDZAR":17.654135,"USDZMK":9001.202406,"USDZMW":23.272472,"USDZWL":321.999592}}