{"success":true,"terms":"https:\/\/currencylayer.com\/terms","privacy":"https:\/\/currencylayer.com\/privacy","timestamp":1781841674,"source":"USD","quotes":{"USDAED":3.6725,"USDAFN":63.49826,"USDALL":81.649957,"USDAMD":368.209891,"USDANG":1.790403,"USDAOA":917.503082,"USDARS":1436.737304,"USDAUD":1.428449,"USDAWG":1.8,"USDAZN":1.699145,"USDBAM":1.685177,"USDBBD":2.015096,"USDBDT":122.817901,"USDBGN":1.69088,"USDBHD":0.377104,"USDBIF":2991,"USDBMD":1,"USDBND":1.281762,"USDBOB":6.938712,"USDBRL":5.090801,"USDBSD":1.000526,"USDBTC":1.5968038e-5,"USDBTN":94.560525,"USDBWP":13.406112,"USDBYN":2.76997,"USDBYR":19600,"USDBZD":2.012252,"USDCAD":1.414875,"USDCDF":2320.000121,"USDCHF":0.806685,"USDCLF":0.022506,"USDCLP":885.759871,"USDCNY":6.75745,"USDCNH":6.792925,"USDCOP":3435,"USDCRC":455.716489,"USDCUC":1,"USDCUP":26.5,"USDCVE":95.350078,"USDCZK":20.80205,"USDDJF":177.719866,"USDDKK":6.43614,"USDDOP":58.599944,"USDDZD":132.878973,"USDEGP":49.908197,"USDERN":15,"USDETB":158.375021,"USDEUR":0.873713,"USDFJD":2.2337,"USDFKP":0.746465,"USDGBP":0.758274,"USDGEL":2.644999,"USDGGP":0.746465,"USDGHS":11.2977,"USDGIP":0.746465,"USDGMD":72.999684,"USDGNF":8777.499016,"USDGTQ":7.626359,"USDGYD":209.290102,"USDHKD":7.837515,"USDHNL":26.697197,"USDHRK":6.582702,"USDHTG":130.666299,"USDHUF":300.649642,"USDIDR":17748.6,"USDILS":2.943085,"USDIMP":0.746465,"USDINR":94.309498,"USDIQD":1310,"USDIRR":1374999.999942,"USDISK":124.330031,"USDJEP":0.746465,"USDJMD":158.238482,"USDJOD":0.709019,"USDJPY":160.262999,"USDKES":129.520178,"USDKGS":87.449762,"USDKHR":4012.493065,"USDKMF":424.999812,"USDKPW":900.00035,"USDKRW":1511.864997,"USDKWD":0.308098,"USDKYD":0.8338,"USDKZT":487.920041,"USDLAK":22029.999804,"USDLBP":89550.000054,"USDLKR":335.185855,"USDLRD":182.14983,"USDLSL":16.194858,"USDLTL":2.952741,"USDLVL":0.60489,"USDLYD":6.37502,"USDMAD":9.245017,"USDMDL":17.459223,"USDMGA":4199.999949,"USDMKD":53.086638,"USDMMK":2099.945791,"USDMNT":3579.382153,"USDMOP":8.072446,"USDMRU":40.080045,"USDMUR":47.130241,"USDMVR":15.460244,"USDMWK":1736.000257,"USDMXN":17.37022,"USDMYR":4.064804,"USDMZN":63.902105,"USDNAD":16.201917,"USDNGN":1359.119651,"USDNIO":36.6101,"USDNOK":9.756905,"USDNPR":151.295881,"USDNZD":1.742251,"USDOMR":0.384498,"USDPAB":1.000526,"USDPEN":3.41251,"USDPGK":4.38775,"USDPHP":60.373009,"USDPKR":278.298187,"USDPLN":3.64767,"USDPYG":6105.515298,"USDQAR":3.640502,"USDRON":4.507036,"USDRSD":101.071054,"USDRUB":72.971546,"USDRWF":1488,"USDSAR":3.751894,"USDSBD":8.061424,"USDSCR":14.115123,"USDSDG":600.499323,"USDSEK":9.605698,"USDSGD":1.28203,"USDSHP":0.746601,"USDSLE":24.750291,"USDSLL":20969.503664,"USDSOS":571.507527,"USDSRD":37.332026,"USDSTD":20697.981008,"USDSTN":21.4,"USDSVC":8.754244,"USDSYP":110.532098,"USDSZL":16.19688,"USDTHB":32.534501,"USDTJS":9.274765,"USDTMT":3.51,"USDTND":2.91175,"USDTOP":2.40776,"USDTRY":46.436985,"USDTTD":6.796543,"USDTWD":31.558502,"USDTZS":2625.00297,"USDUAH":44.808889,"USDUGX":3701.565583,"USDUYU":40.393596,"USDUZS":12004.999858,"USDVES":596.036397,"USDVND":26326,"USDVUV":118.988901,"USDWST":2.739751,"USDXAF":565.192704,"USDXAG":0.015542,"USDXAU":0.00024,"USDXCD":2.70255,"USDXCG":1.803205,"USDXDR":0.703697,"USDXOF":565.000179,"USDXPF":103.250281,"USDYER":238.625025,"USDZAR":16.486715,"USDZMK":9001.198647,"USDZMW":17.684109,"USDZWL":321.999592}}