{"success":true,"terms":"https:\/\/currencylayer.com\/terms","privacy":"https:\/\/currencylayer.com\/privacy","timestamp":1770603664,"source":"USD","quotes":{"USDAED":3.672496,"USDAFN":64.999654,"USDALL":81.644561,"USDAMD":376.141087,"USDANG":1.79008,"USDAOA":917.000426,"USDARS":1438.501899,"USDAUD":1.42352,"USDAWG":1.8025,"USDAZN":1.702625,"USDBAM":1.653884,"USDBBD":2.008101,"USDBDT":121.931419,"USDBGN":1.67937,"USDBHD":0.375878,"USDBIF":2954.631939,"USDBMD":1,"USDBND":1.269629,"USDBOB":6.889437,"USDBRL":5.222202,"USDBSD":0.996985,"USDBTC":1.4205958e-5,"USDBTN":90.310223,"USDBWP":13.199274,"USDBYN":2.864282,"USDBYR":19600,"USDBZD":2.005133,"USDCAD":1.366197,"USDCDF":2200.000237,"USDCHF":0.776145,"USDCLF":0.021694,"USDCLP":856.610145,"USDCNY":6.93895,"USDCNH":6.93061,"USDCOP":3699.256259,"USDCRC":494.264586,"USDCUC":1,"USDCUP":26.5,"USDCVE":93.244597,"USDCZK":20.490116,"USDDJF":177.53856,"USDDKK":6.319401,"USDDOP":62.922545,"USDDZD":129.542639,"USDEGP":46.743599,"USDERN":15,"USDETB":154.992326,"USDEUR":0.845965,"USDFJD":2.209503,"USDFKP":0.73461,"USDGBP":0.73544,"USDGEL":2.694985,"USDGGP":0.73461,"USDGHS":10.95697,"USDGIP":0.73461,"USDGMD":73.00025,"USDGNF":8751.427001,"USDGTQ":7.647131,"USDGYD":208.594249,"USDHKD":7.81405,"USDHNL":26.335973,"USDHRK":6.3723,"USDHTG":130.607585,"USDHUF":319.815983,"USDIDR":16871,"USDILS":3.110675,"USDIMP":0.73461,"USDINR":90.525797,"USDIQD":1306.09242,"USDIRR":42125.000158,"USDISK":122.66979,"USDJEP":0.73461,"USDJMD":156.042163,"USDJOD":0.70901,"USDJPY":156.7935,"USDKES":128.609913,"USDKGS":87.449944,"USDKHR":4023.50852,"USDKMF":418.999946,"USDKPW":899.990005,"USDKRW":1464.215037,"USDKWD":0.30721,"USDKYD":0.830842,"USDKZT":493.296182,"USDLAK":21424.79631,"USDLBP":89285.155573,"USDLKR":308.45077,"USDLRD":187.436313,"USDLSL":16.084528,"USDLTL":2.95274,"USDLVL":0.60489,"USDLYD":6.313395,"USDMAD":9.152964,"USDMDL":16.998643,"USDMGA":4425.972357,"USDMKD":52.125307,"USDMMK":2099.624884,"USDMNT":3567.867665,"USDMOP":8.023357,"USDMRU":39.421935,"USDMUR":46.060075,"USDMVR":15.449686,"USDMWK":1728.784464,"USDMXN":17.271025,"USDMYR":3.931992,"USDMZN":63.749917,"USDNAD":16.084936,"USDNGN":1363.840478,"USDNIO":36.691895,"USDNOK":9.67784,"USDNPR":144.492692,"USDNZD":1.662105,"USDOMR":0.383405,"USDPAB":0.997011,"USDPEN":3.354658,"USDPGK":4.275524,"USDPHP":58.456045,"USDPKR":278.785014,"USDPLN":3.56685,"USDPYG":6587.403599,"USDQAR":3.634057,"USDRON":4.309298,"USDRSD":99.261333,"USDRUB":76.815702,"USDRWF":1455.142001,"USDSAR":3.750201,"USDSBD":8.058149,"USDSCR":13.848379,"USDSDG":601.500104,"USDSEK":9.014335,"USDSGD":1.271445,"USDSHP":0.750259,"USDSLE":24.449924,"USDSLL":20969.499267,"USDSOS":568.763662,"USDSRD":37.818017,"USDSTD":20697.981008,"USDSTN":20.718028,"USDSVC":8.723632,"USDSYP":11059.574895,"USDSZL":16.081146,"USDTHB":31.359918,"USDTJS":9.342049,"USDTMT":3.505,"USDTND":2.891585,"USDTOP":2.40776,"USDTRY":43.557598,"USDTTD":6.751597,"USDTWD":31.611985,"USDTZS":2577.195001,"USDUAH":42.823946,"USDUGX":3547.463711,"USDUYU":38.535857,"USDUZS":12243.189419,"USDVES":377.985125,"USDVND":25937,"USDVUV":119.182831,"USDWST":2.73071,"USDXAF":554.690017,"USDXAG":0.0124,"USDXAU":0.0002,"USDXCD":2.70255,"USDXCG":1.796902,"USDXDR":0.689856,"USDXOF":554.690017,"USDXPF":100.851138,"USDYER":238.372936,"USDZAR":16.005699,"USDZMK":9001.200217,"USDZMW":18.568958,"USDZWL":321.999592}}