{"success":true,"terms":"https:\/\/currencylayer.com\/terms","privacy":"https:\/\/currencylayer.com\/privacy","timestamp":1752976456,"source":"USD","quotes":{"USDAED":3.672504,"USDAFN":69.143127,"USDALL":83.924502,"USDAMD":384.367342,"USDANG":1.789699,"USDAOA":917.000367,"USDARS":1274.900039,"USDAUD":1.528818,"USDAWG":1.8,"USDAZN":1.70397,"USDBAM":1.681758,"USDBBD":2.020895,"USDBDT":121.509953,"USDBGN":1.683039,"USDBHD":0.377144,"USDBIF":2982.931338,"USDBMD":1,"USDBND":1.28475,"USDBOB":6.916033,"USDBRL":5.580504,"USDBSD":1.000903,"USDBTC":8.502136e-6,"USDBTN":86.166215,"USDBWP":13.438239,"USDBYN":3.275549,"USDBYR":19600,"USDBZD":2.010491,"USDCAD":1.37325,"USDCDF":2886.000362,"USDCHF":0.802729,"USDCLF":0.025118,"USDCLP":963.893547,"USDCNY":7.17795,"USDCNH":7.18097,"USDCOP":4021.75502,"USDCRC":505.094802,"USDCUC":1,"USDCUP":26.5,"USDCVE":94.81491,"USDCZK":21.19504,"USDDJF":178.055806,"USDDKK":6.421704,"USDDOP":60.449718,"USDDZD":130.36158,"USDEGP":49.420869,"USDERN":15,"USDETB":139.070295,"USDEUR":0.860392,"USDFJD":2.254904,"USDFKP":0.744195,"USDGBP":0.745684,"USDGEL":2.710391,"USDGGP":0.744195,"USDGHS":10.43467,"USDGIP":0.744195,"USDGMD":71.503851,"USDGNF":8684.810181,"USDGTQ":7.684767,"USDGYD":209.407111,"USDHKD":7.84805,"USDHNL":26.195451,"USDHRK":6.48104,"USDHTG":131.415796,"USDHUF":343.230388,"USDIDR":16328.25,"USDILS":3.362925,"USDIMP":0.744195,"USDINR":86.148804,"USDIQD":1311.148373,"USDIRR":42112.503816,"USDISK":122.480386,"USDJEP":0.744195,"USDJMD":160.058472,"USDJOD":0.70904,"USDJPY":148.789504,"USDKES":129.317683,"USDKGS":87.450384,"USDKHR":4011.350445,"USDKMF":423.303794,"USDKPW":900.009443,"USDKRW":1391.203789,"USDKWD":0.30564,"USDKYD":0.834086,"USDKZT":533.5741,"USDLAK":21584.762887,"USDLBP":89680.897717,"USDLKR":301.97343,"USDLRD":200.679307,"USDLSL":17.721398,"USDLTL":2.95274,"USDLVL":0.60489,"USDLYD":5.443914,"USDMAD":9.050604,"USDMDL":17.025667,"USDMGA":4454.189776,"USDMKD":52.934348,"USDMMK":2099.079233,"USDMNT":3586.12335,"USDMOP":8.091835,"USDMRU":39.815125,"USDMUR":45.703741,"USDMVR":15.403739,"USDMWK":1735.586225,"USDMXN":18.736904,"USDMYR":4.246039,"USDMZN":63.960377,"USDNAD":17.721398,"USDNGN":1530.970377,"USDNIO":36.837353,"USDNOK":10.18545,"USDNPR":137.865772,"USDNZD":1.677557,"USDOMR":0.384591,"USDPAB":1.000903,"USDPEN":3.56275,"USDPGK":4.144632,"USDPHP":57.110375,"USDPKR":285.057139,"USDPLN":3.652178,"USDPYG":7746.678705,"USDQAR":3.639193,"USDRON":4.364504,"USDRSD":100.735199,"USDRUB":78.619029,"USDRWF":1446.321854,"USDSAR":3.752727,"USDSBD":8.298847,"USDSCR":14.69745,"USDSDG":600.503676,"USDSEK":9.675185,"USDSGD":1.284404,"USDSHP":0.785843,"USDSLE":22.903667,"USDSLL":20969.503947,"USDSOS":571.993637,"USDSRD":37.208038,"USDSTD":20697.981008,"USDSTN":21.067114,"USDSVC":8.7579,"USDSYP":13002.928904,"USDSZL":17.717873,"USDTHB":32.375038,"USDTJS":9.63369,"USDTMT":3.51,"USDTND":2.942431,"USDTOP":2.342104,"USDTRY":40.39323,"USDTTD":6.794789,"USDTWD":29.409704,"USDTZS":2607.334795,"USDUAH":41.799991,"USDUGX":3586.56864,"USDUYU":40.337074,"USDUZS":12669.504278,"USDVES":116.965038,"USDVND":26160,"USDVUV":119.526881,"USDWST":2.650053,"USDXAF":564.045746,"USDXAG":0.026197,"USDXAU":0.000298,"USDXCD":2.70255,"USDXCG":1.803861,"USDXDR":0.701492,"USDXOF":564.045746,"USDXPF":102.549551,"USDYER":241.050363,"USDZAR":17.71245,"USDZMK":9001.203584,"USDZMW":23.045703,"USDZWL":321.999592}}