{"success":true,"terms":"https:\/\/currencylayer.com\/terms","privacy":"https:\/\/currencylayer.com\/privacy","timestamp":1780025883,"source":"USD","quotes":{"USDAED":3.672499,"USDAFN":62.999628,"USDALL":81.931682,"USDAMD":366.623603,"USDANG":1.79046,"USDAOA":918.000218,"USDARS":1409.500503,"USDAUD":1.397546,"USDAWG":1.8025,"USDAZN":1.699569,"USDBAM":1.67882,"USDBBD":2.006094,"USDBDT":122.267669,"USDBGN":1.66992,"USDBHD":0.375715,"USDBIF":2967.677695,"USDBMD":1,"USDBND":1.274866,"USDBOB":6.882492,"USDBRL":5.052496,"USDBSD":0.996056,"USDBTC":1.3654711e-5,"USDBTN":95.625153,"USDBWP":13.434854,"USDBYN":2.733355,"USDBYR":19600,"USDBZD":2.00315,"USDCAD":1.37906,"USDCDF":2273.000403,"USDCHF":0.78454,"USDCLF":0.022664,"USDCLP":892.010022,"USDCNY":6.77975,"USDCNH":6.769975,"USDCOP":3653.61,"USDCRC":452.196604,"USDCUC":1,"USDCUP":26.5,"USDCVE":94.651725,"USDCZK":20.86385,"USDDJF":177.365568,"USDDKK":6.42153,"USDDOP":58.953802,"USDDZD":133.233007,"USDEGP":52.220241,"USDERN":15,"USDETB":160.591169,"USDEUR":0.85931,"USDFJD":2.221798,"USDFKP":0.74473,"USDGBP":0.744475,"USDGEL":2.660278,"USDGGP":0.74473,"USDGHS":11.608534,"USDGIP":0.74473,"USDGMD":73.000111,"USDGNF":8730.250705,"USDGTQ":7.595143,"USDGYD":208.363198,"USDHKD":7.83507,"USDHNL":26.504318,"USDHRK":6.472298,"USDHTG":130.434223,"USDHUF":304.534014,"USDIDR":17870,"USDILS":2.82243,"USDIMP":0.74473,"USDINR":95.570264,"USDIQD":1304.823667,"USDIRR":1342124.999924,"USDISK":123.050191,"USDJEP":0.74473,"USDJMD":156.144041,"USDJOD":0.70901,"USDJPY":159.340335,"USDKES":128.999882,"USDKGS":87.4503,"USDKHR":4017.322558,"USDKMF":423.000174,"USDKPW":899.855249,"USDKRW":1503.620318,"USDKWD":0.30951,"USDKYD":0.830039,"USDKZT":481.585916,"USDLAK":21830.901288,"USDLBP":89532.632447,"USDLKR":327.191729,"USDLRD":181.774484,"USDLSL":16.3303,"USDLTL":2.95274,"USDLVL":0.60489,"USDLYD":6.326207,"USDMAD":9.156341,"USDMDL":17.273597,"USDMGA":4187.286204,"USDMKD":52.962178,"USDMMK":2099.840941,"USDMNT":3579.799096,"USDMOP":8.036756,"USDMRU":39.921715,"USDMUR":47.305413,"USDMVR":15.409668,"USDMWK":1727.198592,"USDMXN":17.32536,"USDMYR":3.965702,"USDMZN":63.904974,"USDNAD":16.33023,"USDNGN":1369.780004,"USDNIO":36.653776,"USDNOK":9.25934,"USDNPR":152.996618,"USDNZD":1.68094,"USDOMR":0.384496,"USDPAB":0.996064,"USDPEN":3.397898,"USDPGK":4.349599,"USDPHP":61.529773,"USDPKR":277.445397,"USDPLN":3.63245,"USDPYG":6043.776824,"USDQAR":3.630784,"USDRON":4.507598,"USDRSD":100.909038,"USDRUB":70.848502,"USDRWF":1463.753809,"USDSAR":3.756453,"USDSBD":8.032647,"USDSCR":13.365733,"USDSDG":600.499969,"USDSEK":9.251897,"USDSGD":1.27719,"USDSHP":0.746601,"USDSLE":24.624977,"USDSLL":20969.502105,"USDSOS":569.29482,"USDSRD":37.168504,"USDSTD":20697.981008,"USDSTN":21.031216,"USDSVC":8.714984,"USDSYP":110.532098,"USDSZL":16.326811,"USDTHB":32.619693,"USDTJS":9.192996,"USDTMT":3.51,"USDTND":2.913589,"USDTOP":2.40776,"USDTRY":45.896898,"USDTTD":6.760486,"USDTWD":31.385098,"USDTZS":2615.003055,"USDUAH":44.099232,"USDUGX":3762.215613,"USDUYU":39.921033,"USDUZS":11954.66036,"USDVES":543.90345,"USDVND":26322.5,"USDVUV":118.640469,"USDWST":2.727767,"USDXAF":563.077385,"USDXAG":0.013243,"USDXAU":0.000222,"USDXCD":2.70255,"USDXCG":1.7951,"USDXDR":0.700285,"USDXOF":563.055635,"USDXPF":102.370417,"USDYER":238.649882,"USDZAR":16.246203,"USDZMK":9001.204367,"USDZMW":18.451265,"USDZWL":321.999592}}