{"success":true,"terms":"https:\/\/currencylayer.com\/terms","privacy":"https:\/\/currencylayer.com\/privacy","timestamp":1756862405,"source":"USD","quotes":{"USDAED":3.672502,"USDAFN":69.512449,"USDALL":83.949968,"USDAMD":382.68015,"USDANG":1.789783,"USDAOA":916.99967,"USDARS":1359.517703,"USDAUD":1.535365,"USDAWG":1.8,"USDAZN":1.703279,"USDBAM":1.681158,"USDBBD":2.013857,"USDBDT":121.629927,"USDBGN":1.68083,"USDBHD":0.376992,"USDBIF":2947.5,"USDBMD":1,"USDBND":1.288359,"USDBOB":6.909357,"USDBRL":5.469903,"USDBSD":0.99988,"USDBTC":8.995152e-6,"USDBTN":88.210493,"USDBWP":13.479061,"USDBYN":3.373133,"USDBYR":19600,"USDBZD":2.010934,"USDCAD":1.379079,"USDCDF":2866.491881,"USDCHF":0.80573,"USDCLF":0.024819,"USDCLP":973.640468,"USDCNY":7.139498,"USDCNH":7.13958,"USDCOP":4005.15,"USDCRC":505.527189,"USDCUC":1,"USDCUP":26.5,"USDCVE":94.949808,"USDCZK":21.05975,"USDDJF":177.71955,"USDDKK":6.418415,"USDDOP":63.201353,"USDDZD":129.991974,"USDEGP":48.520786,"USDERN":15,"USDETB":142.650274,"USDEUR":0.86001,"USDFJD":2.261987,"USDFKP":0.738412,"USDGBP":0.747895,"USDGEL":2.694956,"USDGGP":0.738412,"USDGHS":11.750252,"USDGIP":0.738412,"USDGMD":72.000137,"USDGNF":8659.999882,"USDGTQ":7.663975,"USDGYD":209.101224,"USDHKD":7.808995,"USDHNL":26.39594,"USDHRK":6.477797,"USDHTG":130.813004,"USDHUF":340.15698,"USDIDR":16450.05,"USDILS":3.38905,"USDIMP":0.738412,"USDINR":88.033801,"USDIQD":1310,"USDIRR":42049.99978,"USDISK":123.504511,"USDJEP":0.738412,"USDJMD":160.388184,"USDJOD":0.709038,"USDJPY":148.8045,"USDKES":129.49889,"USDKGS":87.382102,"USDKHR":4004.999811,"USDKMF":423.500738,"USDKPW":899.976224,"USDKRW":1394.559792,"USDKWD":0.306004,"USDKYD":0.83319,"USDKZT":539.976706,"USDLAK":21687.504341,"USDLBP":89557.498235,"USDLKR":302.164458,"USDLRD":202.049652,"USDLSL":17.709917,"USDLTL":2.95274,"USDLVL":0.60489,"USDLYD":5.409763,"USDMAD":9.044996,"USDMDL":16.617384,"USDMGA":4475.000074,"USDMKD":52.887838,"USDMMK":2099.343657,"USDMNT":3597.508202,"USDMOP":8.039472,"USDMRU":39.97968,"USDMUR":45.850182,"USDMVR":15.392783,"USDMWK":1737.000282,"USDMXN":18.74348,"USDMYR":4.230504,"USDMZN":63.909757,"USDNAD":17.709669,"USDNGN":1537.710112,"USDNIO":36.737754,"USDNOK":10.04016,"USDNPR":141.137132,"USDNZD":1.70767,"USDOMR":0.384499,"USDPAB":0.99988,"USDPEN":3.538499,"USDPGK":4.232502,"USDPHP":57.55798,"USDPKR":281.849764,"USDPLN":3.66724,"USDPYG":7222.152979,"USDQAR":3.640802,"USDRON":4.368097,"USDRSD":100.757026,"USDRUB":80.550312,"USDRWF":1446,"USDSAR":3.75238,"USDSBD":8.230592,"USDSCR":14.185567,"USDSDG":600.503198,"USDSEK":9.468295,"USDSGD":1.28935,"USDSHP":0.785843,"USDSLE":23.301894,"USDSLL":20969.49797,"USDSOS":571.498647,"USDSRD":38.653044,"USDSTD":20697.981008,"USDSTN":21.375,"USDSVC":8.748759,"USDSYP":13001.53374,"USDSZL":17.709913,"USDTHB":32.364966,"USDTJS":9.40861,"USDTMT":3.5,"USDTND":2.88375,"USDTOP":2.342101,"USDTRY":41.171986,"USDTTD":6.787354,"USDTWD":30.760501,"USDTZS":2497.342003,"USDUAH":41.351843,"USDUGX":3540.591302,"USDUYU":40.004814,"USDUZS":12424.999892,"USDVES":149.28085,"USDVND":26295.5,"USDVUV":119.406819,"USDWST":2.661803,"USDXAF":563.851807,"USDXAG":0.024558,"USDXAU":0.000283,"USDXCD":2.70255,"USDXCG":1.802053,"USDXDR":0.697027,"USDXOF":559.496986,"USDXPF":102.950548,"USDYER":240.149579,"USDZAR":17.7141,"USDZMK":9001.198846,"USDZMW":23.692128,"USDZWL":321.999592}}