{"success":true,"terms":"https:\/\/currencylayer.com\/terms","privacy":"https:\/\/currencylayer.com\/privacy","timestamp":1775096648,"source":"USD","quotes":{"USDAED":3.672498,"USDAFN":63.000154,"USDALL":82.696296,"USDAMD":376.858962,"USDANG":1.790083,"USDAOA":916.999781,"USDARS":1391.762097,"USDAUD":1.451347,"USDAWG":1.8025,"USDAZN":1.701184,"USDBAM":1.686609,"USDBBD":2.014599,"USDBDT":123.041898,"USDBGN":1.709309,"USDBHD":0.377558,"USDBIF":2972.081492,"USDBMD":1,"USDBND":1.28326,"USDBOB":6.911836,"USDBRL":5.154396,"USDBSD":1.000289,"USDBTC":1.4948733e-5,"USDBTN":92.840973,"USDBWP":13.603929,"USDBYN":2.974652,"USDBYR":19600,"USDBZD":2.011667,"USDCAD":1.38959,"USDCDF":2295.000382,"USDCHF":0.79671,"USDCLF":0.023121,"USDCLP":912.95987,"USDCNY":6.871983,"USDCNH":6.885155,"USDCOP":3668.84,"USDCRC":465.054111,"USDCUC":1,"USDCUP":26.5,"USDCVE":95.090054,"USDCZK":21.241995,"USDDJF":178.120405,"USDDKK":6.47019,"USDDOP":60.181951,"USDDZD":132.938028,"USDEGP":53.514197,"USDERN":15,"USDETB":156.185056,"USDEUR":0.86585,"USDFJD":2.253798,"USDFKP":0.758501,"USDGBP":0.75455,"USDGEL":2.689644,"USDGGP":0.758501,"USDGHS":11.003842,"USDGIP":0.758501,"USDGMD":73.497909,"USDGNF":8772.625751,"USDGTQ":7.652738,"USDGYD":209.355772,"USDHKD":7.83705,"USDHNL":26.571696,"USDHRK":6.520301,"USDHTG":131.299369,"USDHUF":333.454967,"USDIDR":16995,"USDILS":3.13645,"USDIMP":0.758501,"USDINR":92.762399,"USDIQD":1310.292196,"USDIRR":1318875.000239,"USDISK":125.030081,"USDJEP":0.758501,"USDJMD":158.20086,"USDJOD":0.708959,"USDJPY":159.284022,"USDKES":130.169585,"USDKGS":87.449849,"USDKHR":4002.104101,"USDKMF":426.7504,"USDKPW":899.943346,"USDKRW":1520.524984,"USDKWD":0.30946,"USDKYD":0.833603,"USDKZT":475.533883,"USDLAK":22044.107185,"USDLBP":89572.937012,"USDLKR":315.333805,"USDLRD":183.557048,"USDLSL":16.799852,"USDLTL":2.95274,"USDLVL":0.60489,"USDLYD":6.380291,"USDMAD":9.344475,"USDMDL":17.619744,"USDMGA":4232.256729,"USDMKD":53.323009,"USDMMK":2100.405998,"USDMNT":3572.722217,"USDMOP":8.076125,"USDMRU":39.906696,"USDMUR":46.790244,"USDMVR":15.449623,"USDMWK":1734.466419,"USDMXN":17.91065,"USDMYR":4.023025,"USDMZN":63.959792,"USDNAD":16.799852,"USDNGN":1382.329641,"USDNIO":36.813625,"USDNOK":9.75194,"USDNPR":148.537059,"USDNZD":1.74729,"USDOMR":0.384498,"USDPAB":1.000341,"USDPEN":3.480496,"USDPGK":4.326343,"USDPHP":60.569499,"USDPKR":279.096549,"USDPLN":3.714645,"USDPYG":6496.591747,"USDQAR":3.647426,"USDRON":4.408032,"USDRSD":101.555472,"USDRUB":80.301397,"USDRWF":1463.871032,"USDSAR":3.753576,"USDSBD":8.009975,"USDSCR":13.72994,"USDSDG":601.0002,"USDSEK":9.474565,"USDSGD":1.286245,"USDSHP":0.750259,"USDSLE":24.601945,"USDSLL":20969.510825,"USDSOS":571.6306,"USDSRD":37.364052,"USDSTD":20697.981008,"USDSTN":21.127246,"USDSVC":8.752528,"USDSYP":110.747305,"USDSZL":16.793643,"USDTHB":32.720497,"USDTJS":9.565577,"USDTMT":3.5,"USDTND":2.936568,"USDTOP":2.40776,"USDTRY":44.494665,"USDTTD":6.789059,"USDTWD":31.951976,"USDTZS":2590.000212,"USDUAH":43.772124,"USDUGX":3726.268859,"USDUYU":40.661099,"USDUZS":12151.342029,"USDVES":473.325199,"USDVND":26344,"USDVUV":120.24399,"USDWST":2.777713,"USDXAF":565.643526,"USDXAG":0.01374,"USDXAU":0.000213,"USDXCD":2.70255,"USDXCG":1.802676,"USDXDR":0.703479,"USDXOF":565.643526,"USDXPF":102.845809,"USDYER":238.625001,"USDZAR":16.957901,"USDZMK":9001.195264,"USDZMW":19.279373,"USDZWL":321.999592}}