{"success":true,"terms":"https:\/\/currencylayer.com\/terms","privacy":"https:\/\/currencylayer.com\/privacy","timestamp":1751679424,"source":"USD","quotes":{"USDAED":3.67312,"USDAFN":69.846497,"USDALL":83.111239,"USDAMD":384.260403,"USDANG":1.789623,"USDAOA":917.000367,"USDARS":1239.187333,"USDAUD":1.527184,"USDAWG":1.8025,"USDAZN":1.70397,"USDBAM":1.660053,"USDBBD":2.018452,"USDBDT":122.632421,"USDBGN":1.66079,"USDBHD":0.376279,"USDBIF":2978.215939,"USDBMD":1,"USDBND":1.27315,"USDBOB":6.908113,"USDBRL":5.418604,"USDBSD":0.999677,"USDBTC":9.281173e-6,"USDBTN":85.318021,"USDBWP":13.241042,"USDBYN":3.271487,"USDBYR":19600,"USDBZD":2.008055,"USDCAD":1.36105,"USDCDF":2885.000362,"USDCHF":0.794112,"USDCLF":0.024235,"USDCLP":929.990396,"USDCNY":7.165404,"USDCNH":7.164504,"USDCOP":4000.44,"USDCRC":504.846458,"USDCUC":1,"USDCUP":26.5,"USDCVE":93.591251,"USDCZK":20.923504,"USDDJF":177.720393,"USDDKK":6.334404,"USDDOP":59.829568,"USDDZD":129.133591,"USDEGP":49.258395,"USDERN":15,"USDETB":138.738308,"USDEUR":0.84895,"USDFJD":2.239204,"USDFKP":0.732879,"USDGBP":0.732306,"USDGEL":2.720391,"USDGGP":0.732879,"USDGHS":10.346467,"USDGIP":0.732879,"USDGMD":71.503851,"USDGNF":8670.336246,"USDGTQ":7.686432,"USDGYD":209.150826,"USDHKD":7.84955,"USDHNL":26.118804,"USDHRK":6.39804,"USDHTG":131.253289,"USDHUF":338.903831,"USDIDR":16182.7,"USDILS":3.348985,"USDIMP":0.732879,"USDINR":85.68975,"USDIQD":1309.562206,"USDIRR":42125.000352,"USDISK":120.930386,"USDJEP":0.732879,"USDJMD":159.563046,"USDJOD":0.70904,"USDJPY":144.46404,"USDKES":129.160385,"USDKGS":87.450384,"USDKHR":4016.449449,"USDKMF":418.00035,"USDKPW":899.962573,"USDKRW":1363.690383,"USDKWD":0.30529,"USDKYD":0.833167,"USDKZT":519.158218,"USDLAK":21541.69991,"USDLBP":89570.184522,"USDLKR":299.935068,"USDLRD":200.436266,"USDLSL":17.585038,"USDLTL":2.95274,"USDLVL":0.60489,"USDLYD":5.38469,"USDMAD":8.972928,"USDMDL":16.839532,"USDMGA":4498.463732,"USDMKD":52.236842,"USDMMK":2099.426783,"USDMNT":3585.493314,"USDMOP":8.082977,"USDMRU":39.677292,"USDMUR":44.950378,"USDMVR":15.403739,"USDMWK":1733.572693,"USDMXN":18.631404,"USDMYR":4.221039,"USDMZN":63.960377,"USDNAD":17.584664,"USDNGN":1529.940377,"USDNIO":36.786331,"USDNOK":10.086504,"USDNPR":136.504609,"USDNZD":1.649893,"USDOMR":0.383784,"USDPAB":0.999699,"USDPEN":3.544865,"USDPGK":4.129338,"USDPHP":56.515038,"USDPKR":283.786429,"USDPLN":3.60264,"USDPYG":7966.52464,"USDQAR":3.653764,"USDRON":4.294904,"USDRSD":99.666038,"USDRUB":78.605765,"USDRWF":1437.077464,"USDSAR":3.750334,"USDSBD":8.336924,"USDSCR":14.085834,"USDSDG":600.503676,"USDSEK":9.562904,"USDSGD":1.273404,"USDSHP":0.785843,"USDSLE":22.450371,"USDSLL":20969.503664,"USDSOS":571.304894,"USDSRD":37.385038,"USDSTD":20697.981008,"USDSVC":8.747576,"USDSYP":13001.855188,"USDSZL":17.570647,"USDTHB":32.330369,"USDTJS":9.721981,"USDTMT":3.51,"USDTND":2.912628,"USDTOP":2.342104,"USDTRY":39.838704,"USDTTD":6.779949,"USDTWD":28.938038,"USDTZS":2646.706038,"USDUAH":41.692307,"USDUGX":3586.039485,"USDUYU":40.122055,"USDUZS":12553.526488,"USDVES":109.473504,"USDVND":26180,"USDVUV":119.127459,"USDWST":2.594978,"USDXAF":556.7663,"USDXAG":0.026983,"USDXAU":0.0003,"USDXCD":2.70255,"USDXDR":0.692556,"USDXOF":556.7663,"USDXPF":101.22607,"USDYER":242.150363,"USDZAR":17.606795,"USDZMK":9001.203587,"USDZMW":24.217013,"USDZWL":321.999592}}