{"success":true,"terms":"https:\/\/currencylayer.com\/terms","privacy":"https:\/\/currencylayer.com\/privacy","timestamp":1768009385,"source":"USD","quotes":{"USDAED":3.673042,"USDAFN":65.000368,"USDALL":82.925041,"USDAMD":381.210403,"USDANG":1.790403,"USDAOA":917.000367,"USDARS":1462.800504,"USDAUD":1.492983,"USDAWG":1.78075,"USDAZN":1.70397,"USDBAM":1.679721,"USDBBD":2.014497,"USDBDT":122.221125,"USDBGN":1.666695,"USDBHD":0.378423,"USDBIF":2963,"USDBMD":1,"USDBND":1.286619,"USDBOB":6.926522,"USDBRL":5.371804,"USDBSD":1.000292,"USDBTC":1.1059916e-5,"USDBTN":90.082964,"USDBWP":13.42019,"USDBYN":2.928733,"USDBYR":19600,"USDBZD":2.011569,"USDCAD":1.39175,"USDCDF":2260.000362,"USDCHF":0.800925,"USDCLF":0.022818,"USDCLP":895.130396,"USDCNY":6.97735,"USDCNH":6.976041,"USDCOP":3713,"USDCRC":497.352634,"USDCUC":1,"USDCUP":26.5,"USDCVE":95.203894,"USDCZK":20.872604,"USDDJF":177.720393,"USDDKK":6.42138,"USDDOP":63.250393,"USDDZD":130.596829,"USDEGP":47.394835,"USDERN":15,"USDETB":155.350392,"USDEUR":0.859504,"USDFJD":2.275104,"USDFKP":0.744341,"USDGBP":0.745879,"USDGEL":2.69504,"USDGGP":0.744341,"USDGHS":10.72504,"USDGIP":0.744341,"USDGMD":74.000355,"USDGNF":8741.000355,"USDGTQ":7.669383,"USDGYD":209.229924,"USDHKD":7.79525,"USDHNL":26.46504,"USDHRK":6.474704,"USDHTG":130.997879,"USDHUF":331.430388,"USDIDR":16842.65,"USDILS":3.14804,"USDIMP":0.744341,"USDINR":90.26835,"USDIQD":1310,"USDIRR":42125.000158,"USDISK":126.480386,"USDJEP":0.744341,"USDJMD":158.396029,"USDJOD":0.70904,"USDJPY":157.88404,"USDKES":129.000351,"USDKGS":87.443504,"USDKHR":4030.00035,"USDKMF":424.00035,"USDKPW":900.023113,"USDKRW":1457.330383,"USDKWD":0.30749,"USDKYD":0.833502,"USDKZT":510.950222,"USDLAK":21600.000349,"USDLBP":89537.871821,"USDLKR":309.217081,"USDLRD":180.150382,"USDLSL":16.510381,"USDLTL":2.95274,"USDLVL":0.60489,"USDLYD":5.430381,"USDMAD":9.232504,"USDMDL":16.953447,"USDMGA":4582.503755,"USDMKD":52.894615,"USDMMK":2100.01196,"USDMNT":3559.906065,"USDMOP":8.031502,"USDMRU":38.260379,"USDMUR":46.410378,"USDMVR":15.460378,"USDMWK":1737.000345,"USDMXN":17.978104,"USDMYR":4.093504,"USDMZN":63.903729,"USDNAD":16.503727,"USDNGN":1429.440377,"USDNIO":36.775039,"USDNOK":10.096604,"USDNPR":144.132399,"USDNZD":1.744288,"USDOMR":0.385979,"USDPAB":1.000202,"USDPEN":3.363039,"USDPGK":4.26375,"USDPHP":59.296038,"USDPKR":280.000342,"USDPLN":3.62025,"USDPYG":6619.08688,"USDQAR":3.64125,"USDRON":4.373904,"USDRSD":100.955038,"USDRUB":79.284922,"USDRWF":1455,"USDSAR":3.750336,"USDSBD":8.130216,"USDSCR":13.912744,"USDSDG":601.503676,"USDSEK":9.206704,"USDSGD":1.287038,"USDSHP":0.750259,"USDSLE":24.125038,"USDSLL":20969.503664,"USDSOS":571.503662,"USDSRD":38.191038,"USDSTD":20697.981008,"USDSTN":21.45,"USDSVC":8.751551,"USDSYP":11059.574895,"USDSZL":16.525038,"USDTHB":31.460369,"USDTJS":9.311857,"USDTMT":3.5,"USDTND":2.897504,"USDTOP":2.40776,"USDTRY":42.951304,"USDTTD":6.789108,"USDTWD":31.608304,"USDTZS":2497.503628,"USDUAH":43.141369,"USDUGX":3601.119929,"USDUYU":38.93968,"USDUZS":12125.000334,"USDVES":324.98266,"USDVND":26270,"USDVUV":120.874669,"USDWST":2.775444,"USDXAF":563.360287,"USDXAG":0.012506,"USDXAU":0.000222,"USDXCD":2.70255,"USDXCG":1.802613,"USDXDR":0.700294,"USDXOF":562.503593,"USDXPF":102.950363,"USDYER":238.450363,"USDZAR":16.48803,"USDZMK":9001.203584,"USDZMW":19.378803,"USDZWL":321.999592}}