{"success":true,"terms":"https:\/\/currencylayer.com\/terms","privacy":"https:\/\/currencylayer.com\/privacy","timestamp":1773972425,"source":"USD","quotes":{"USDAED":3.6725,"USDAFN":62.999889,"USDALL":82.946759,"USDAMD":374.229362,"USDANG":1.790083,"USDAOA":916.999785,"USDARS":1395.012104,"USDAUD":1.411751,"USDAWG":1.8025,"USDAZN":1.701971,"USDBAM":1.6911,"USDBBD":1.999179,"USDBDT":121.795897,"USDBGN":1.709309,"USDBHD":0.377597,"USDBIF":2947.636011,"USDBMD":1,"USDBND":1.27347,"USDBOB":6.859371,"USDBRL":5.221503,"USDBSD":0.992629,"USDBTC":1.4191664e-5,"USDBTN":92.478232,"USDBWP":13.544887,"USDBYN":3.069281,"USDBYR":19600,"USDBZD":1.996325,"USDCAD":1.37314,"USDCDF":2275.000084,"USDCHF":0.788665,"USDCLF":0.023122,"USDCLP":912.990355,"USDCNY":6.90045,"USDCNH":6.89006,"USDCOP":3693.54,"USDCRC":464.406457,"USDCUC":1,"USDCUP":26.5,"USDCVE":95.342473,"USDCZK":21.15115,"USDDJF":176.762284,"USDDKK":6.459185,"USDDOP":60.015737,"USDDZD":132.022222,"USDEGP":52.237804,"USDERN":15,"USDETB":154.979205,"USDEUR":0.86461,"USDFJD":2.207595,"USDFKP":0.750673,"USDGBP":0.745365,"USDGEL":2.715007,"USDGGP":0.750673,"USDGHS":10.835138,"USDGIP":0.750673,"USDGMD":74.000631,"USDGNF":8699.336374,"USDGTQ":7.593536,"USDGYD":207.667,"USDHKD":7.83427,"USDHNL":26.273421,"USDHRK":6.515797,"USDHTG":130.200385,"USDHUF":337.447997,"USDIDR":16934.5,"USDILS":3.12734,"USDIMP":0.750673,"USDINR":92.965497,"USDIQD":1300.274529,"USDIRR":1315124.999711,"USDISK":124.340169,"USDJEP":0.750673,"USDJMD":155.949936,"USDJOD":0.708965,"USDJPY":158.148941,"USDKES":128.747757,"USDKGS":87.447897,"USDKHR":3979.161713,"USDKMF":427.999782,"USDKPW":899.987979,"USDKRW":1494.449728,"USDKWD":0.30627,"USDKYD":0.827219,"USDKZT":477.352413,"USDLAK":21295.691835,"USDLBP":88892.155379,"USDLKR":309.36757,"USDLRD":181.649964,"USDLSL":16.725103,"USDLTL":2.95274,"USDLVL":0.60489,"USDLYD":6.356975,"USDMAD":9.3269,"USDMDL":17.395214,"USDMGA":4130.477076,"USDMKD":53.301917,"USDMMK":2099.739449,"USDMNT":3585.842291,"USDMOP":8.00882,"USDMRU":39.616785,"USDMUR":46.50999,"USDMVR":15.450244,"USDMWK":1721.277102,"USDMXN":17.753451,"USDMYR":3.93899,"USDMZN":63.902507,"USDNAD":16.725103,"USDNGN":1355.669847,"USDNIO":36.531852,"USDNOK":9.501101,"USDNPR":147.962439,"USDNZD":1.699915,"USDOMR":0.384549,"USDPAB":0.992629,"USDPEN":3.41905,"USDPGK":4.284386,"USDPHP":59.842022,"USDPKR":277.21035,"USDPLN":3.69077,"USDPYG":6450.357753,"USDQAR":3.619927,"USDRON":4.404031,"USDRSD":101.525004,"USDRUB":86.148485,"USDRWF":1449.08238,"USDSAR":3.754515,"USDSBD":8.048583,"USDSCR":14.851387,"USDSDG":600.999507,"USDSEK":9.29475,"USDSGD":1.27833,"USDSHP":0.750259,"USDSLE":24.650033,"USDSLL":20969.510825,"USDSOS":566.265321,"USDSRD":37.501985,"USDSTD":20697.981008,"USDSTN":21.184151,"USDSVC":8.685502,"USDSYP":110.528765,"USDSZL":16.729427,"USDTHB":32.585502,"USDTJS":9.504248,"USDTMT":3.5,"USDTND":2.931752,"USDTOP":2.40776,"USDTRY":44.308505,"USDTTD":6.727913,"USDTWD":31.921798,"USDTZS":2587.914016,"USDUAH":43.650937,"USDUGX":3751.788779,"USDUYU":40.206654,"USDUZS":12100.093384,"USDVES":454.68563,"USDVND":26310.5,"USDVUV":119.408419,"USDWST":2.73222,"USDXAF":567.179265,"USDXAG":0.013565,"USDXAU":0.000214,"USDXCD":2.70255,"USDXCG":1.788893,"USDXDR":0.705389,"USDXOF":567.179265,"USDXPF":103.119704,"USDYER":238.549922,"USDZAR":16.75545,"USDZMK":9001.196222,"USDZMW":19.430622,"USDZWL":321.999592}}