{"success":true,"terms":"https:\/\/currencylayer.com\/terms","privacy":"https:\/\/currencylayer.com\/privacy","timestamp":1781236744,"source":"USD","quotes":{"USDAED":3.672506,"USDAFN":63.497406,"USDALL":82.090068,"USDAMD":367.250805,"USDANG":1.79046,"USDAOA":917.999674,"USDARS":1432.5087,"USDAUD":1.420475,"USDAWG":1.8,"USDAZN":1.702808,"USDBAM":1.690443,"USDBBD":2.00739,"USDBDT":122.595562,"USDBGN":1.66992,"USDBHD":0.37615,"USDBIF":2970.85071,"USDBMD":1,"USDBND":1.284228,"USDBOB":6.886925,"USDBRL":5.115602,"USDBSD":0.996651,"USDBTC":1.5765672e-5,"USDBTN":95.391823,"USDBWP":13.52677,"USDBYN":2.750869,"USDBYR":19600,"USDBZD":2.004529,"USDCAD":1.39732,"USDCDF":2292.999894,"USDCHF":0.79573,"USDCLF":0.023033,"USDCLP":906.519848,"USDCNY":6.77625,"USDCNH":6.763085,"USDCOP":3502.41,"USDCRC":454.985479,"USDCUC":1,"USDCUP":26.5,"USDCVE":95.304566,"USDCZK":20.881398,"USDDJF":177.480067,"USDDKK":6.45863,"USDDOP":58.402804,"USDDZD":133.289843,"USDEGP":51.985902,"USDERN":15,"USDETB":159.34978,"USDEUR":0.86415,"USDFJD":2.217399,"USDFKP":0.746898,"USDGBP":0.745465,"USDGEL":2.650172,"USDGGP":0.746898,"USDGHS":11.1126,"USDGIP":0.746898,"USDGMD":72.503383,"USDGNF":8730.525724,"USDGTQ":7.597398,"USDGYD":208.4574,"USDHKD":7.83594,"USDHNL":26.73033,"USDHRK":6.51099,"USDHTG":130.272438,"USDHUF":305.259771,"USDIDR":17909,"USDILS":2.96371,"USDIMP":0.746898,"USDINR":95.205502,"USDIQD":1310,"USDIRR":1375999.999715,"USDISK":124.269774,"USDJEP":0.746898,"USDJMD":157.687072,"USDJOD":0.709015,"USDJPY":160.232989,"USDKES":129.54968,"USDKGS":87.4503,"USDKHR":4013.932946,"USDKMF":426.000336,"USDKPW":899.855249,"USDKRW":1521.355054,"USDKWD":0.30845,"USDKYD":0.830614,"USDKZT":486.769377,"USDLAK":21940.742277,"USDLBP":89252.623209,"USDLKR":332.142008,"USDLRD":181.395449,"USDLSL":16.463206,"USDLTL":2.95274,"USDLVL":0.60489,"USDLYD":6.366603,"USDMAD":9.25125,"USDMDL":17.352072,"USDMGA":4206.000262,"USDMKD":53.263462,"USDMMK":2099.64258,"USDMNT":3578.820105,"USDMOP":8.045464,"USDMRU":39.620188,"USDMUR":47.859658,"USDMVR":15.449895,"USDMWK":1728.3225,"USDMXN":17.244502,"USDMYR":4.058496,"USDMZN":63.910422,"USDNAD":16.463277,"USDNGN":1359.059958,"USDNIO":36.61945,"USDNOK":9.49992,"USDNPR":152.626916,"USDNZD":1.71705,"USDOMR":0.384503,"USDPAB":0.996651,"USDPEN":3.401002,"USDPGK":4.37675,"USDPHP":60.793996,"USDPKR":277.354371,"USDPLN":3.67265,"USDPYG":6122.863502,"USDQAR":3.645497,"USDRON":4.5249,"USDRSD":101.41302,"USDRUB":71.973142,"USDRWF":1463.644418,"USDSAR":3.75435,"USDSBD":8.045682,"USDSCR":13.570657,"USDSDG":600.485115,"USDSEK":9.449899,"USDSGD":1.28444,"USDSHP":0.746601,"USDSLE":24.596986,"USDSLL":20969.502105,"USDSOS":571.508989,"USDSRD":37.3375,"USDSTD":20697.981008,"USDSTN":21.176186,"USDSVC":8.721018,"USDSYP":110.532098,"USDSZL":16.459443,"USDTHB":32.815505,"USDTJS":9.294064,"USDTMT":3.495,"USDTND":2.918495,"USDTOP":2.40776,"USDTRY":46.237997,"USDTTD":6.772834,"USDTWD":31.611794,"USDTZS":2619.997957,"USDUAH":44.787526,"USDUGX":3757.211694,"USDUYU":40.260161,"USDUZS":11970.007995,"USDVES":581.95784,"USDVND":26333,"USDVUV":119.611663,"USDWST":2.745884,"USDXAF":566.958664,"USDXAG":0.014885,"USDXAU":0.000238,"USDXCD":2.70255,"USDXCG":1.796275,"USDXDR":0.705121,"USDXOF":566.958664,"USDXPF":103.07915,"USDYER":238.606164,"USDZAR":16.29115,"USDZMK":9001.197618,"USDZMW":17.217312,"USDZWL":321.999592}}