{"success":true,"terms":"https:\/\/currencylayer.com\/terms","privacy":"https:\/\/currencylayer.com\/privacy","timestamp":1768096507,"source":"USD","quotes":{"USDAED":3.672504,"USDAFN":65.000368,"USDALL":83.05762,"USDAMD":381.210403,"USDANG":1.790403,"USDAOA":917.000367,"USDARS":1462.800504,"USDAUD":1.491424,"USDAWG":1.78075,"USDAZN":1.70397,"USDBAM":1.679721,"USDBBD":2.015726,"USDBDT":122.221125,"USDBGN":1.666695,"USDBHD":0.378292,"USDBIF":2961.973102,"USDBMD":1,"USDBND":1.287415,"USDBOB":6.926522,"USDBRL":5.371804,"USDBSD":1.000902,"USDBTC":1.1059916e-5,"USDBTN":90.137928,"USDBWP":13.428436,"USDBYN":2.93052,"USDBYR":19600,"USDBZD":2.012805,"USDCAD":1.39175,"USDCDF":2260.000362,"USDCHF":0.800776,"USDCLF":0.022818,"USDCLP":895.130396,"USDCNY":6.97735,"USDCNH":6.976041,"USDCOP":3713,"USDCRC":497.658231,"USDCUC":1,"USDCUP":26.5,"USDCVE":95.203894,"USDCZK":20.872604,"USDDJF":178.223693,"USDDKK":6.42138,"USDDOP":63.72191,"USDDZD":130.596829,"USDEGP":47.394835,"USDERN":15,"USDETB":155.60263,"USDEUR":0.859504,"USDFJD":2.27745,"USDFKP":0.745654,"USDGBP":0.74574,"USDGEL":2.69504,"USDGGP":0.745654,"USDGHS":10.72504,"USDGIP":0.745654,"USDGMD":74.000355,"USDGNF":8760.366089,"USDGTQ":7.669383,"USDGYD":209.229924,"USDHKD":7.79525,"USDHNL":26.392816,"USDHRK":6.474704,"USDHTG":131.078933,"USDHUF":331.430388,"USDIDR":16842.65,"USDILS":3.14804,"USDIMP":0.745654,"USDINR":90.26735,"USDIQD":1311.133073,"USDIRR":42125.000158,"USDISK":126.480386,"USDJEP":0.745654,"USDJMD":158.492674,"USDJOD":0.70904,"USDJPY":157.89404,"USDKES":129.000351,"USDKGS":87.443504,"USDKHR":4019.249774,"USDKMF":424.00035,"USDKPW":900.02684,"USDKRW":1457.330383,"USDKWD":0.30749,"USDKYD":0.834014,"USDKZT":511.261977,"USDLAK":21634.512096,"USDLBP":89623.082542,"USDLKR":309.405749,"USDLRD":179.650238,"USDLSL":16.563829,"USDLTL":2.95274,"USDLVL":0.60489,"USDLYD":5.428608,"USDMAD":9.232504,"USDMDL":16.963864,"USDMGA":4640.570618,"USDMKD":52.894615,"USDMMK":2100.1161,"USDMNT":3559.876367,"USDMOP":8.036437,"USDMRU":39.912345,"USDMUR":46.410378,"USDMVR":15.460378,"USDMWK":1735.401538,"USDMXN":17.978104,"USDMYR":4.093504,"USDMZN":63.903729,"USDNAD":16.563829,"USDNGN":1429.440377,"USDNIO":36.832381,"USDNOK":10.096604,"USDNPR":144.220341,"USDNZD":1.745049,"USDOMR":0.385846,"USDPAB":1.000202,"USDPEN":3.363039,"USDPGK":4.270184,"USDPHP":59.296038,"USDPKR":280.153569,"USDPLN":3.62025,"USDPYG":6623.12551,"USDQAR":3.64125,"USDRON":4.373904,"USDRSD":100.820694,"USDRUB":79.284922,"USDRWF":1458.686031,"USDSAR":3.749936,"USDSBD":8.130216,"USDSCR":13.907962,"USDSDG":601.503676,"USDSEK":9.206704,"USDSGD":1.287104,"USDSHP":0.750259,"USDSLE":24.125038,"USDSLL":20969.503664,"USDSOS":570.962059,"USDSRD":38.191038,"USDSTD":20697.981008,"USDSTN":21.054441,"USDSVC":8.756929,"USDSYP":11059.574895,"USDSZL":16.559103,"USDTHB":31.405038,"USDTJS":9.317578,"USDTMT":3.5,"USDTND":2.897504,"USDTOP":2.40776,"USDTRY":42.951304,"USDTTD":6.79328,"USDTWD":31.608304,"USDTZS":2499.63477,"USDUAH":43.167877,"USDUGX":3601.119929,"USDUYU":38.93968,"USDUZS":12118.764233,"USDVES":324.98266,"USDVND":26270,"USDVUV":120.988544,"USDWST":2.784016,"USDXAF":563.706441,"USDXAG":0.012513,"USDXAU":0.000222,"USDXCD":2.70255,"USDXCG":1.803721,"USDXDR":0.70107,"USDXOF":563.706441,"USDXPF":102.950363,"USDYER":238.450363,"USDZAR":16.48803,"USDZMK":9001.203584,"USDZMW":19.39071,"USDZWL":321.999592}}