{"success":true,"terms":"https:\/\/currencylayer.com\/terms","privacy":"https:\/\/currencylayer.com\/privacy","timestamp":1783221908,"source":"USD","quotes":{"USDAED":3.672504,"USDAFN":64.000368,"USDALL":82.099008,"USDAMD":367.63228,"USDANG":1.790403,"USDAOA":917.503981,"USDARS":1492.901385,"USDAUD":1.443002,"USDAWG":1.8025,"USDAZN":1.70397,"USDBAM":1.709092,"USDBBD":2.014681,"USDBDT":123.336392,"USDBGN":1.69088,"USDBHD":0.377157,"USDBIF":2975.313497,"USDBMD":1,"USDBND":1.290864,"USDBOB":6.927077,"USDBRL":5.170399,"USDBSD":1.000306,"USDBTC":1.5957948e-5,"USDBTN":95.296893,"USDBWP":13.491502,"USDBYN":2.902259,"USDBYR":19600,"USDBZD":2.011797,"USDCAD":1.41995,"USDCDF":2246.000362,"USDCHF":0.801016,"USDCLF":0.023518,"USDCLP":925.617163,"USDCNY":6.789104,"USDCNH":6.785505,"USDCOP":3363.656224,"USDCRC":455.717219,"USDCUC":1,"USDCUP":26.5,"USDCVE":96.35601,"USDCZK":21.144704,"USDDJF":178.127321,"USDDKK":6.535604,"USDDOP":59.256346,"USDDZD":133.361297,"USDEGP":49.283873,"USDERN":15,"USDETB":160.4018,"USDEUR":0.873904,"USDFJD":2.26045,"USDFKP":0.748732,"USDGBP":0.746798,"USDGEL":2.63504,"USDGGP":0.748732,"USDGHS":11.363656,"USDGIP":0.748732,"USDGMD":72.503851,"USDGNF":8772.665705,"USDGTQ":7.634028,"USDGYD":209.236685,"USDHKD":7.84465,"USDHNL":26.773277,"USDHRK":6.587504,"USDHTG":130.834098,"USDHUF":308.910388,"USDIDR":17994.4,"USDILS":2.99865,"USDIMP":0.748732,"USDINR":95.215504,"USDIQD":1310.350854,"USDIRR":1375950.000352,"USDISK":125.920386,"USDJEP":0.748732,"USDJMD":158.351903,"USDJOD":0.70904,"USDJPY":161.36504,"USDKES":129.3398,"USDKGS":87.447704,"USDKHR":4005.767466,"USDKMF":431.00035,"USDKPW":900.00035,"USDKRW":1528.775039,"USDKWD":0.31029,"USDKYD":0.833661,"USDKZT":473.045834,"USDLAK":22586.621226,"USDLBP":89575.392144,"USDLKR":335.046096,"USDLRD":181.552847,"USDLSL":16.224931,"USDLTL":2.95274,"USDLVL":0.60489,"USDLYD":6.4115,"USDMAD":9.354393,"USDMDL":17.595141,"USDMGA":4240.835409,"USDMKD":53.86027,"USDMMK":2099.691108,"USDMNT":3584.859602,"USDMOP":8.08057,"USDMRU":39.921353,"USDMUR":47.050378,"USDMVR":15.460378,"USDMWK":1734.609167,"USDMXN":17.469104,"USDMYR":4.071039,"USDMZN":63.910377,"USDNAD":16.224931,"USDNGN":1370.080377,"USDNIO":36.806921,"USDNOK":9.841039,"USDNPR":152.475204,"USDNZD":1.75116,"USDOMR":0.385704,"USDPAB":1.000306,"USDPEN":3.403766,"USDPGK":4.394635,"USDPHP":61.501038,"USDPKR":278.103989,"USDPLN":3.75205,"USDPYG":6082.055315,"USDQAR":3.656661,"USDRON":4.568038,"USDRSD":102.570892,"USDRUB":76.986936,"USDRWF":1464.412112,"USDSAR":3.755774,"USDSBD":8.058541,"USDSCR":13.46616,"USDSDG":600.503676,"USDSEK":9.65806,"USDSGD":1.291404,"USDSHP":0.746601,"USDSLE":24.350371,"USDSLL":20969.503664,"USDSOS":571.678245,"USDSRD":37.566038,"USDSTD":20697.981008,"USDSTN":21.409534,"USDSVC":8.752567,"USDSYP":110.532098,"USDSZL":16.22231,"USDTHB":33.325038,"USDTJS":9.2726,"USDTMT":3.51,"USDTND":2.952244,"USDTOP":2.40776,"USDTRY":46.767504,"USDTTD":6.779394,"USDTWD":31.938038,"USDTZS":2626.818718,"USDUAH":44.550181,"USDUGX":3650.980906,"USDUYU":40.232446,"USDUZS":11983.221916,"USDVES":638.90327,"USDVND":26296,"USDVUV":119.804122,"USDWST":2.773179,"USDXAF":573.213615,"USDXAG":0.016021,"USDXAU":0.00024,"USDXCD":2.70255,"USDXCG":1.80277,"USDXDR":0.712894,"USDXOF":573.213615,"USDXPF":104.216367,"USDYER":237.050363,"USDZAR":16.231504,"USDZMK":9001.203584,"USDZMW":18.379866,"USDZWL":321.999592}}