{"success":true,"terms":"https:\/\/currencylayer.com\/terms","privacy":"https:\/\/currencylayer.com\/privacy","timestamp":1757208905,"source":"USD","quotes":{"USDAED":3.672504,"USDAFN":68.219237,"USDALL":82.857752,"USDAMD":380.976754,"USDANG":1.789783,"USDAOA":917.000367,"USDARS":1363.781872,"USDAUD":1.526718,"USDAWG":1.8025,"USDAZN":1.70397,"USDBAM":1.668415,"USDBBD":2.008787,"USDBDT":121.381958,"USDBGN":1.67037,"USDBHD":0.376029,"USDBIF":2975.730433,"USDBMD":1,"USDBND":1.283259,"USDBOB":6.891875,"USDBRL":5.415204,"USDBSD":0.997398,"USDBTC":8.95648e-6,"USDBTN":88.031563,"USDBWP":13.409256,"USDBYN":3.370186,"USDBYR":19600,"USDBZD":2.005886,"USDCAD":1.38335,"USDCDF":2875.000362,"USDCHF":0.79812,"USDCLF":0.024592,"USDCLP":969.61399,"USDCNY":7.13285,"USDCNH":7.125945,"USDCOP":3977.479207,"USDCRC":505.352954,"USDCUC":1,"USDCUP":26.5,"USDCVE":94.0627,"USDCZK":20.809504,"USDDJF":177.607166,"USDDKK":6.371104,"USDDOP":63.075283,"USDDZD":129.747921,"USDEGP":48.536575,"USDERN":15,"USDETB":142.670164,"USDEUR":0.853104,"USDFJD":2.252804,"USDFKP":0.73851,"USDGBP":0.740302,"USDGEL":2.703861,"USDGGP":0.73851,"USDGHS":12.068245,"USDGIP":0.73851,"USDGMD":71.503851,"USDGNF":8644.913628,"USDGTQ":7.649392,"USDGYD":208.667093,"USDHKD":7.796104,"USDHNL":26.130945,"USDHRK":6.429804,"USDHTG":130.356153,"USDHUF":335.310388,"USDIDR":16378.7,"USDILS":3.346245,"USDIMP":0.73851,"USDINR":88.186504,"USDIQD":1306.632544,"USDIRR":42075.000352,"USDISK":122.150386,"USDJEP":0.73851,"USDJMD":159.590531,"USDJOD":0.70904,"USDJPY":147.40504,"USDKES":129.059501,"USDKGS":87.450384,"USDKHR":3999.14694,"USDKMF":420.503794,"USDKPW":900.033647,"USDKRW":1386.503789,"USDKWD":0.30552,"USDKYD":0.831137,"USDKZT":536.003412,"USDLAK":21638.72894,"USDLBP":89314.139475,"USDLKR":301.155897,"USDLRD":199.974408,"USDLSL":17.631478,"USDLTL":2.95274,"USDLVL":0.60489,"USDLYD":5.414374,"USDMAD":9.064278,"USDMDL":16.740456,"USDMGA":4435.913841,"USDMKD":52.497334,"USDMMK":2099.502314,"USDMNT":3596.223105,"USDMOP":8.015782,"USDMRU":39.984645,"USDMUR":46.070378,"USDMVR":15.410378,"USDMWK":1729.409256,"USDMXN":18.715204,"USDMYR":4.223804,"USDMZN":63.903729,"USDNAD":17.631478,"USDNGN":1530.000344,"USDNIO":36.707187,"USDNOK":10.049304,"USDNPR":140.850501,"USDNZD":1.696929,"USDOMR":0.384159,"USDPAB":0.997398,"USDPEN":3.513158,"USDPGK":4.162935,"USDPHP":56.703704,"USDPKR":283.017616,"USDPLN":3.626762,"USDPYG":7188.739603,"USDQAR":3.645383,"USDRON":4.332204,"USDRSD":99.961612,"USDRUB":81.18038,"USDRWF":1444.65771,"USDSAR":3.750234,"USDSBD":8.223823,"USDSCR":14.776967,"USDSDG":600.503676,"USDSEK":9.395304,"USDSGD":1.285204,"USDSHP":0.785843,"USDSLE":23.250371,"USDSLL":20969.49797,"USDSOS":570.014929,"USDSRD":38.877504,"USDSTD":20697.981008,"USDSTN":20.899979,"USDSVC":8.726807,"USDSYP":13001.997909,"USDSZL":17.625933,"USDTHB":32.080369,"USDTJS":9.425123,"USDTMT":3.51,"USDTND":2.916784,"USDTOP":2.342104,"USDTRY":41.202504,"USDTTD":6.769034,"USDTWD":30.523204,"USDTZS":2498.443165,"USDUAH":41.112647,"USDUGX":3508.637236,"USDUYU":39.957347,"USDUZS":12404.350608,"USDVES":152.63057,"USDVND":26400,"USDVUV":120.279164,"USDWST":2.775516,"USDXAF":559.570911,"USDXAG":0.024382,"USDXAU":0.000279,"USDXCD":2.70255,"USDXCG":1.797483,"USDXDR":0.695927,"USDXOF":559.570911,"USDXPF":101.735978,"USDYER":240.103589,"USDZAR":17.58868,"USDZMK":9001.203584,"USDZMW":23.812327,"USDZWL":321.999592}}