{"success":true,"terms":"https:\/\/currencylayer.com\/terms","privacy":"https:\/\/currencylayer.com\/privacy","timestamp":1770170704,"source":"USD","quotes":{"USDAED":3.672498,"USDAFN":65.000602,"USDALL":81.642835,"USDAMD":377.219685,"USDANG":1.79008,"USDAOA":916.99989,"USDARS":1444.9389,"USDAUD":1.422809,"USDAWG":1.8025,"USDAZN":1.701624,"USDBAM":1.653821,"USDBBD":2.007458,"USDBDT":121.808396,"USDBGN":1.67937,"USDBHD":0.377055,"USDBIF":2953.360646,"USDBMD":1,"USDBND":1.26696,"USDBOB":6.887396,"USDBRL":5.240599,"USDBSD":0.996711,"USDBTC":1.3112622e-5,"USDBTN":90.052427,"USDBWP":13.76724,"USDBYN":2.855766,"USDBYR":19600,"USDBZD":2.004583,"USDCAD":1.36381,"USDCDF":2199.999799,"USDCHF":0.775695,"USDCLF":0.021794,"USDCLP":860.539902,"USDCNY":6.938203,"USDCNH":6.931455,"USDCOP":3646.93,"USDCRC":495.031923,"USDCUC":1,"USDCUP":26.5,"USDCVE":93.239472,"USDCZK":20.58145,"USDDJF":177.491777,"USDDKK":6.314895,"USDDOP":62.762674,"USDDZD":129.84229,"USDEGP":46.979297,"USDERN":15,"USDETB":154.611983,"USDEUR":0.84551,"USDFJD":2.197399,"USDFKP":0.732491,"USDGBP":0.72965,"USDGEL":2.694995,"USDGGP":0.732491,"USDGHS":10.919207,"USDGIP":0.732491,"USDGMD":73.000105,"USDGNF":8744.661959,"USDGTQ":7.645019,"USDGYD":208.524474,"USDHKD":7.814735,"USDHNL":26.334616,"USDHRK":6.370298,"USDHTG":130.737911,"USDHUF":322.029974,"USDIDR":16759.2,"USDILS":3.082015,"USDIMP":0.732491,"USDINR":90.41325,"USDIQD":1305.693436,"USDIRR":42125.000158,"USDISK":122.629432,"USDJEP":0.732491,"USDJMD":156.204812,"USDJOD":0.709008,"USDJPY":156.151972,"USDKES":128.530062,"USDKGS":87.449768,"USDKHR":4021.613211,"USDKMF":417.999644,"USDKPW":899.987247,"USDKRW":1449.585006,"USDKWD":0.30714,"USDKYD":0.830631,"USDKZT":499.708267,"USDLAK":21439.292404,"USDLBP":89256.37795,"USDLKR":308.507985,"USDLRD":185.387344,"USDLSL":15.964383,"USDLTL":2.95274,"USDLVL":0.60489,"USDLYD":6.301423,"USDMAD":9.14286,"USDMDL":16.878982,"USDMGA":4417.422775,"USDMKD":52.122662,"USDMMK":2100.119929,"USDMNT":3568.429082,"USDMOP":8.020954,"USDMRU":39.790284,"USDMUR":45.890334,"USDMVR":15.449897,"USDMWK":1728.325117,"USDMXN":17.2136,"USDMYR":3.924989,"USDMZN":63.750257,"USDNAD":15.964451,"USDNGN":1387.650285,"USDNIO":36.682353,"USDNOK":9.620955,"USDNPR":144.090313,"USDNZD":1.654965,"USDOMR":0.38452,"USDPAB":0.996706,"USDPEN":3.355418,"USDPGK":4.270433,"USDPHP":58.976498,"USDPKR":278.75798,"USDPLN":3.57205,"USDPYG":6612.604537,"USDQAR":3.624302,"USDRON":4.308202,"USDRSD":99.305995,"USDRUB":76.996402,"USDRWF":1454.737643,"USDSAR":3.750069,"USDSBD":8.058101,"USDSCR":13.853199,"USDSDG":601.475981,"USDSEK":8.89415,"USDSGD":1.26933,"USDSHP":0.750259,"USDSLE":24.474964,"USDSLL":20969.499267,"USDSOS":568.686313,"USDSRD":38.1145,"USDSTD":20697.981008,"USDSTN":20.71794,"USDSVC":8.721498,"USDSYP":11059.574895,"USDSZL":15.970032,"USDTHB":31.572505,"USDTJS":9.314268,"USDTMT":3.51,"USDTND":2.882209,"USDTOP":2.40776,"USDTRY":43.497901,"USDTTD":6.751283,"USDTWD":31.574502,"USDTZS":2584.039773,"USDUAH":43.134476,"USDUGX":3553.202914,"USDUYU":38.389826,"USDUZS":12201.979545,"USDVES":371.640565,"USDVND":26007.5,"USDVUV":119.537583,"USDWST":2.726316,"USDXAF":554.697053,"USDXAG":0.011374,"USDXAU":0.000198,"USDXCD":2.70255,"USDXCG":1.796311,"USDXDR":0.689842,"USDXOF":554.678291,"USDXPF":100.846021,"USDYER":238.374954,"USDZAR":15.9231,"USDZMK":9001.201791,"USDZMW":19.560456,"USDZWL":321.999592}}