{"success":true,"terms":"https:\/\/currencylayer.com\/terms","privacy":"https:\/\/currencylayer.com\/privacy","timestamp":1778642887,"source":"USD","quotes":{"USDAED":3.672499,"USDAFN":62.999871,"USDALL":81.2693,"USDAMD":368.114362,"USDANG":1.789956,"USDAOA":918.000146,"USDARS":1384.994199,"USDAUD":1.382399,"USDAWG":1.8025,"USDAZN":1.700423,"USDBAM":1.666077,"USDBBD":2.014457,"USDBDT":122.941149,"USDBGN":1.666332,"USDBHD":0.377471,"USDBIF":2977.296929,"USDBMD":1,"USDBND":1.273246,"USDBOB":6.911416,"USDBRL":4.910896,"USDBSD":1.000217,"USDBTC":1.2337226e-5,"USDBTN":95.599836,"USDBWP":13.500701,"USDBYN":2.796427,"USDBYR":19600,"USDBZD":2.01156,"USDCAD":1.36904,"USDCDF":2224.999976,"USDCHF":0.78052,"USDCLF":0.023209,"USDCLP":913.460288,"USDCNY":6.792098,"USDCNH":6.791435,"USDCOP":3788.36,"USDCRC":456.440902,"USDCUC":1,"USDCUP":26.5,"USDCVE":93.93689,"USDCZK":20.74125,"USDDJF":178.103956,"USDDKK":6.36651,"USDDOP":59.027231,"USDDZD":132.401967,"USDEGP":52.894401,"USDERN":15,"USDETB":156.17715,"USDEUR":0.852101,"USDFJD":2.18685,"USDFKP":0.732576,"USDGBP":0.738805,"USDGEL":2.670231,"USDGGP":0.732576,"USDGHS":11.291855,"USDGIP":0.732576,"USDGMD":73.507894,"USDGNF":8776.211713,"USDGTQ":7.631494,"USDGYD":209.250717,"USDHKD":7.82821,"USDHNL":26.597149,"USDHRK":6.420399,"USDHTG":130.672573,"USDHUF":304.791021,"USDIDR":17524,"USDILS":2.91395,"USDIMP":0.732576,"USDINR":95.52595,"USDIQD":1310.162706,"USDIRR":1312000.000233,"USDISK":122.359769,"USDJEP":0.732576,"USDJMD":158.040677,"USDJOD":0.708967,"USDJPY":157.652502,"USDKES":129.170176,"USDKGS":87.449642,"USDKHR":4012.437705,"USDKMF":419.999813,"USDKPW":900.018246,"USDKRW":1496.900584,"USDKWD":0.30812,"USDKYD":0.833461,"USDKZT":463.898117,"USDLAK":21925.486738,"USDLBP":89566.76932,"USDLKR":323.055495,"USDLRD":183.03638,"USDLSL":16.532284,"USDLTL":2.95274,"USDLVL":0.60489,"USDLYD":6.327815,"USDMAD":9.128129,"USDMDL":17.117957,"USDMGA":4179.356229,"USDMKD":52.519926,"USDMMK":2098.953745,"USDMNT":3580.85029,"USDMOP":8.064861,"USDMRU":39.897262,"USDMUR":46.70988,"USDMVR":15.395264,"USDMWK":1734.441354,"USDMXN":17.225099,"USDMYR":3.928042,"USDMZN":63.909877,"USDNAD":16.532073,"USDNGN":1370.100959,"USDNIO":36.810495,"USDNOK":9.181725,"USDNPR":152.953704,"USDNZD":1.68306,"USDOMR":0.384493,"USDPAB":1.000175,"USDPEN":3.427819,"USDPGK":4.355862,"USDPHP":61.479497,"USDPKR":278.627173,"USDPLN":3.62375,"USDPYG":6105.472094,"USDQAR":3.645959,"USDRON":4.4325,"USDRSD":100.013954,"USDRUB":73.825637,"USDRWF":1462.859869,"USDSAR":3.754672,"USDSBD":8.029009,"USDSCR":14.649549,"USDSDG":600.497134,"USDSEK":9.291798,"USDSGD":1.27223,"USDSHP":0.746601,"USDSLE":24.624953,"USDSLL":20969.497187,"USDSOS":571.611117,"USDSRD":37.254503,"USDSTD":20697.981008,"USDSTN":20.871402,"USDSVC":8.751171,"USDSYP":110.529423,"USDSZL":16.526884,"USDTHB":32.334497,"USDTJS":9.351751,"USDTMT":3.5,"USDTND":2.908879,"USDTOP":2.40776,"USDTRY":45.413602,"USDTTD":6.787631,"USDTWD":31.540496,"USDTZS":2600.149782,"USDUAH":43.959484,"USDUGX":3759.408104,"USDUYU":39.772219,"USDUZS":12133.112416,"USDVES":504.28356,"USDVND":26350,"USDVUV":118.32345,"USDWST":2.709295,"USDXAF":558.801055,"USDXAG":0.011555,"USDXAU":0.000213,"USDXCD":2.70255,"USDXCG":1.802539,"USDXDR":0.694969,"USDXOF":558.801055,"USDXPF":101.593413,"USDYER":238.65039,"USDZAR":16.510115,"USDZMK":9001.214039,"USDZMW":18.8284,"USDZWL":321.999592}}