{"success":true,"terms":"https:\/\/currencylayer.com\/terms","privacy":"https:\/\/currencylayer.com\/privacy","timestamp":1758418623,"source":"USD","quotes":{"USDAED":3.672504,"USDAFN":67.364747,"USDALL":82.535223,"USDAMD":383.092836,"USDANG":1.790403,"USDAOA":917.000367,"USDARS":1476.085557,"USDAUD":1.5163,"USDAWG":1.40625,"USDAZN":1.70397,"USDBAM":1.665007,"USDBBD":2.016601,"USDBDT":121.849061,"USDBGN":1.663904,"USDBHD":0.377559,"USDBIF":2988.294386,"USDBMD":1,"USDBND":1.28583,"USDBOB":6.918657,"USDBRL":5.327504,"USDBSD":1.001234,"USDBTC":8.669192e-6,"USDBTN":88.16158,"USDBWP":13.33759,"USDBYN":3.390286,"USDBYR":19600,"USDBZD":2.013706,"USDCAD":1.37815,"USDCDF":2824.000362,"USDCHF":0.785947,"USDCLF":0.024355,"USDCLP":955.442047,"USDCNY":7.113404,"USDCNH":7.11959,"USDCOP":3900.651258,"USDCRC":505.086622,"USDCUC":1,"USDCUP":26.5,"USDCVE":93.870515,"USDCZK":20.679404,"USDDJF":178.299919,"USDDKK":6.354704,"USDDOP":62.078066,"USDDZD":129.58104,"USDEGP":47.601413,"USDERN":15,"USDETB":143.704933,"USDEUR":0.851385,"USDFJD":2.251804,"USDFKP":0.741621,"USDGBP":0.733434,"USDGEL":2.703861,"USDGGP":0.741621,"USDGHS":12.286213,"USDGIP":0.741621,"USDGMD":74.000355,"USDGNF":8685.140255,"USDGTQ":7.669519,"USDGYD":209.475163,"USDHKD":7.77565,"USDHNL":26.241859,"USDHRK":6.414504,"USDHTG":131.009237,"USDHUF":332.403831,"USDIDR":16643.75,"USDILS":3.336205,"USDIMP":0.741621,"USDINR":88.09935,"USDIQD":1311.709871,"USDIRR":42062.503816,"USDISK":121.750386,"USDJEP":0.741621,"USDJMD":160.558464,"USDJOD":0.70904,"USDJPY":147.92504,"USDKES":129.306602,"USDKGS":87.450384,"USDKHR":4024.177415,"USDKMF":418.00035,"USDKPW":899.999225,"USDKRW":1397.230383,"USDKWD":0.30541,"USDKYD":0.834376,"USDKZT":542.016771,"USDLAK":21677.946622,"USDLBP":89661.516196,"USDLKR":302.754012,"USDLRD":178.725578,"USDLSL":17.371047,"USDLTL":2.95274,"USDLVL":0.60489,"USDLYD":5.399906,"USDMAD":9.032052,"USDMDL":16.610905,"USDMGA":4426.850551,"USDMKD":52.385817,"USDMMK":2099.086864,"USDMNT":3597.692797,"USDMOP":8.01924,"USDMRU":40.050228,"USDMUR":45.350378,"USDMVR":15.303739,"USDMWK":1736.176733,"USDMXN":18.404504,"USDMYR":4.207039,"USDMZN":63.903729,"USDNAD":17.371047,"USDNGN":1495.580377,"USDNIO":36.845018,"USDNOK":9.940404,"USDNPR":141.058188,"USDNZD":1.690189,"USDOMR":0.384504,"USDPAB":1.001234,"USDPEN":3.487847,"USDPGK":4.185076,"USDPHP":56.946504,"USDPKR":284.128379,"USDPLN":3.630073,"USDPYG":7129.78334,"USDQAR":3.640489,"USDRON":4.321504,"USDRSD":99.740348,"USDRUB":83.590857,"USDRWF":1451.325927,"USDSAR":3.750495,"USDSBD":8.196859,"USDSCR":15.240455,"USDSDG":601.503676,"USDSEK":9.410904,"USDSGD":1.283104,"USDSHP":0.785843,"USDSLE":23.303667,"USDSLL":20969.503664,"USDSOS":572.170434,"USDSRD":38.096504,"USDSTD":20697.981008,"USDSTN":20.857277,"USDSVC":8.760908,"USDSYP":13001.796613,"USDSZL":17.372834,"USDTHB":31.845038,"USDTJS":9.371643,"USDTMT":3.5,"USDTND":2.913038,"USDTOP":2.342104,"USDTRY":41.320368,"USDTTD":6.776487,"USDTWD":30.231038,"USDTZS":2470.608266,"USDUAH":41.363215,"USDUGX":3506.576427,"USDUYU":39.994892,"USDUZS":12329.630103,"USDVES":163.442845,"USDVND":26382.5,"USDVUV":119.151168,"USDWST":2.670988,"USDXAF":558.427617,"USDXAG":0.023214,"USDXAU":0.000271,"USDXCD":2.70255,"USDXCG":1.804452,"USDXDR":0.694505,"USDXOF":558.427617,"USDXPF":101.528115,"USDYER":239.450363,"USDZAR":17.34228,"USDZMK":9001.203584,"USDZMW":23.674286,"USDZWL":321.999592}}