{"success":true,"terms":"https:\/\/currencylayer.com\/terms","privacy":"https:\/\/currencylayer.com\/privacy","timestamp":1756430707,"source":"USD","quotes":{"USDAED":3.672501,"USDAFN":68.369187,"USDALL":83.581374,"USDAMD":382.10341,"USDANG":1.789783,"USDAOA":917.000326,"USDARS":1334.011603,"USDAUD":1.531288,"USDAWG":1.8025,"USDAZN":1.701729,"USDBAM":1.675225,"USDBBD":2.013559,"USDBDT":121.569014,"USDBGN":1.674875,"USDBHD":0.377004,"USDBIF":2981.965507,"USDBMD":1,"USDBND":1.282929,"USDBOB":6.908012,"USDBRL":5.414505,"USDBSD":0.999756,"USDBTC":8.958165e-6,"USDBTN":87.52318,"USDBWP":13.433149,"USDBYN":3.398159,"USDBYR":19600,"USDBZD":2.010647,"USDCAD":1.37534,"USDCDF":2869.999845,"USDCHF":0.802599,"USDCLF":0.024683,"USDCLP":968.320536,"USDCNY":7.154026,"USDCNH":7.126802,"USDCOP":4026.55,"USDCRC":504.674578,"USDCUC":1,"USDCUP":26.5,"USDCVE":94.44661,"USDCZK":21.033296,"USDDJF":178.023701,"USDDKK":6.39939,"USDDOP":62.913014,"USDDZD":129.732811,"USDEGP":48.503903,"USDERN":15,"USDETB":143.293062,"USDEUR":0.85731,"USDFJD":2.256898,"USDFKP":0.742604,"USDGBP":0.74077,"USDGEL":2.695,"USDGGP":0.742604,"USDGHS":11.446828,"USDGIP":0.742604,"USDGMD":71.493234,"USDGNF":8667.349045,"USDGTQ":7.663482,"USDGYD":209.159004,"USDHKD":7.792215,"USDHNL":26.169073,"USDHRK":6.454802,"USDHTG":130.811102,"USDHUF":340.062956,"USDIDR":16338.7,"USDILS":3.325198,"USDIMP":0.742604,"USDINR":87.60685,"USDIQD":1309.738455,"USDIRR":42062.506901,"USDISK":122.598579,"USDJEP":0.742604,"USDJMD":159.462434,"USDJOD":0.709013,"USDJPY":147.024496,"USDKES":129.3599,"USDKGS":87.3563,"USDKHR":4006.903729,"USDKMF":423.499323,"USDKPW":899.979857,"USDKRW":1387.409915,"USDKWD":0.30559,"USDKYD":0.833073,"USDKZT":537.480139,"USDLAK":21692.784061,"USDLBP":89524.31937,"USDLKR":302.290822,"USDLRD":200.439406,"USDLSL":17.662839,"USDLTL":2.95274,"USDLVL":0.60489,"USDLYD":5.426194,"USDMAD":9.013735,"USDMDL":16.660599,"USDMGA":4396.630364,"USDMKD":52.711598,"USDMMK":2099.67072,"USDMNT":3596.699572,"USDMOP":8.026484,"USDMRU":39.914003,"USDMUR":46.010054,"USDMVR":15.398985,"USDMWK":1733.469809,"USDMXN":18.664495,"USDMYR":4.209017,"USDMZN":63.902353,"USDNAD":17.662839,"USDNGN":1535.690262,"USDNIO":36.788481,"USDNOK":10.07942,"USDNPR":140.036917,"USDNZD":1.699395,"USDOMR":0.384497,"USDPAB":0.999756,"USDPEN":3.549939,"USDPGK":4.230461,"USDPHP":56.931987,"USDPKR":283.468653,"USDPLN":3.65595,"USDPYG":7225.788768,"USDQAR":3.654265,"USDRON":4.347301,"USDRSD":100.448955,"USDRUB":80.508292,"USDRWF":1447.556071,"USDSAR":3.752168,"USDSBD":8.210319,"USDSCR":14.199182,"USDSDG":600.512855,"USDSEK":9.49582,"USDSGD":1.28314,"USDSHP":0.785843,"USDSLE":23.290158,"USDSLL":20969.49797,"USDSOS":571.31355,"USDSRD":38.516504,"USDSTD":20697.981008,"USDSTN":20.98528,"USDSVC":8.747864,"USDSYP":13001.571027,"USDSZL":17.659328,"USDTHB":32.296999,"USDTJS":9.417337,"USDTMT":3.51,"USDTND":2.924834,"USDTOP":2.342099,"USDTRY":41.1469,"USDTTD":6.785526,"USDTWD":30.566503,"USDTZS":2507.127963,"USDUAH":41.212692,"USDUGX":3552.079898,"USDUYU":40.009079,"USDUZS":12409.581279,"USDVES":144.192755,"USDVND":26375,"USDVUV":119.916992,"USDWST":2.676634,"USDXAF":561.854756,"USDXAG":0.02568,"USDXAU":0.000293,"USDXCD":2.70255,"USDXCG":1.801736,"USDXDR":0.698767,"USDXOF":561.854756,"USDXPF":102.151205,"USDYER":240.149808,"USDZAR":17.714155,"USDZMK":9001.228417,"USDZMW":23.41786,"USDZWL":321.999592}}