{"success":true,"terms":"https:\/\/currencylayer.com\/terms","privacy":"https:\/\/currencylayer.com\/privacy","timestamp":1769738587,"source":"USD","quotes":{"USDAED":3.672502,"USDAFN":66.000377,"USDALL":81.057269,"USDAMD":379.761705,"USDANG":1.79008,"USDAOA":916.999756,"USDARS":1444.173403,"USDAUD":1.428673,"USDAWG":1.8,"USDAZN":1.701033,"USDBAM":1.641013,"USDBBD":2.019157,"USDBDT":122.492816,"USDBGN":1.67937,"USDBHD":0.376982,"USDBIF":2970.046112,"USDBMD":1,"USDBND":1.268309,"USDBOB":6.926527,"USDBRL":5.193497,"USDBSD":1.002475,"USDBTC":1.213657e-5,"USDBTN":92.231079,"USDBWP":13.073212,"USDBYN":2.831933,"USDBYR":19600,"USDBZD":2.01622,"USDCAD":1.35336,"USDCDF":2257.499508,"USDCHF":0.76855,"USDCLF":0.021755,"USDCLP":858.999848,"USDCNY":6.948399,"USDCNH":6.947395,"USDCOP":3653,"USDCRC":496.03491,"USDCUC":1,"USDCUP":26.5,"USDCVE":92.519718,"USDCZK":20.42075,"USDDJF":178.516738,"USDDKK":6.268415,"USDDOP":62.988294,"USDDZD":129.405977,"USDEGP":46.814603,"USDERN":15,"USDETB":155.960895,"USDEUR":0.839425,"USDFJD":2.19835,"USDFKP":0.725601,"USDGBP":0.72693,"USDGEL":2.695031,"USDGGP":0.725601,"USDGHS":10.951548,"USDGIP":0.725601,"USDGMD":73.495989,"USDGNF":8797.848371,"USDGTQ":7.691727,"USDGYD":209.725666,"USDHKD":7.808465,"USDHNL":26.457717,"USDHRK":6.314097,"USDHTG":131.412771,"USDHUF":319.737499,"USDIDR":16815.2,"USDILS":3.094195,"USDIMP":0.725601,"USDINR":91.90435,"USDIQD":1313.179621,"USDIRR":42125.000158,"USDISK":121.719644,"USDJEP":0.725601,"USDJMD":157.299411,"USDJOD":0.709012,"USDJPY":153.829021,"USDKES":129.269869,"USDKGS":87.449892,"USDKHR":4023.500423,"USDKMF":411.999903,"USDKPW":900.067146,"USDKRW":1439.575036,"USDKWD":0.30666,"USDKYD":0.835347,"USDKZT":503.557524,"USDLAK":21563.634075,"USDLBP":89774.109907,"USDLKR":310.155313,"USDLRD":185.450579,"USDLSL":15.81731,"USDLTL":2.95274,"USDLVL":0.60489,"USDLYD":6.297382,"USDMAD":9.077987,"USDMDL":16.862041,"USDMGA":4480.843137,"USDMKD":51.7245,"USDMMK":2100.412852,"USDMNT":3566.89232,"USDMOP":8.059052,"USDMRU":39.992447,"USDMUR":45.149876,"USDMVR":15.459718,"USDMWK":1738.298622,"USDMXN":17.282201,"USDMYR":3.938032,"USDMZN":63.759996,"USDNAD":15.816049,"USDNGN":1392.569707,"USDNIO":36.898418,"USDNOK":9.59268,"USDNPR":147.588638,"USDNZD":1.654245,"USDOMR":0.384444,"USDPAB":1.002437,"USDPEN":3.352338,"USDPGK":4.356966,"USDPHP":59.017958,"USDPKR":280.42039,"USDPLN":3.52985,"USDPYG":6727.166694,"USDQAR":3.654304,"USDRON":4.279012,"USDRSD":98.530238,"USDRUB":75.237348,"USDRWF":1462.63284,"USDSAR":3.750839,"USDSBD":8.077676,"USDSCR":14.105257,"USDSDG":601.501632,"USDSEK":8.853359,"USDSGD":1.26766,"USDSHP":0.750259,"USDSLE":24.299284,"USDSLL":20969.499267,"USDSOS":571.936832,"USDSRD":38.003496,"USDSTD":20697.981008,"USDSTN":20.559642,"USDSVC":8.771312,"USDSYP":11059.574895,"USDSZL":15.812041,"USDTHB":31.390501,"USDTJS":9.362813,"USDTMT":3.5,"USDTND":2.870784,"USDTOP":2.40776,"USDTRY":43.460403,"USDTTD":6.80388,"USDTWD":31.4335,"USDTZS":2564.99998,"USDUAH":42.904241,"USDUGX":3566.04953,"USDUYU":37.934217,"USDUZS":12197.946033,"USDVES":358.47615,"USDVND":25943.5,"USDVUV":119.569024,"USDWST":2.716811,"USDXAF":550.368754,"USDXAG":0.008788,"USDXAU":0.000188,"USDXCD":2.70255,"USDXCG":1.806618,"USDXDR":0.684545,"USDXOF":550.408008,"USDXPF":100.065026,"USDYER":238.396692,"USDZAR":15.865796,"USDZMK":9001.203496,"USDZMW":19.824038,"USDZWL":321.999592}}