{"success":true,"terms":"https:\/\/currencylayer.com\/terms","privacy":"https:\/\/currencylayer.com\/privacy","timestamp":1767232507,"source":"USD","quotes":{"USDAED":3.672504,"USDAFN":66.106128,"USDALL":82.462283,"USDAMD":381.646874,"USDANG":1.790403,"USDAOA":916.999723,"USDARS":1451.4939,"USDAUD":1.49923,"USDAWG":1.8025,"USDAZN":1.685115,"USDBAM":1.666106,"USDBBD":2.015555,"USDBDT":122.381003,"USDBGN":1.666698,"USDBHD":0.376969,"USDBIF":2960.464106,"USDBMD":1,"USDBND":1.286514,"USDBOB":6.930128,"USDBRL":5.515503,"USDBSD":1.000707,"USDBTC":1.1412112e-5,"USDBTN":90.075562,"USDBWP":13.139445,"USDBYN":2.939776,"USDBYR":19600,"USDBZD":2.012659,"USDCAD":1.372555,"USDCDF":2165.000045,"USDCHF":0.793565,"USDCLF":0.022945,"USDCLP":900.139959,"USDCNY":6.996405,"USDCNH":6.977039,"USDCOP":3769.96,"USDCRC":497.073782,"USDCUC":1,"USDCUP":26.5,"USDCVE":93.933689,"USDCZK":20.586899,"USDDJF":177.720008,"USDDKK":6.36617,"USDDOP":63.090461,"USDDZD":129.565162,"USDEGP":47.707799,"USDERN":15,"USDETB":155.306806,"USDEUR":0.85232,"USDFJD":2.273302,"USDFKP":0.741981,"USDGBP":0.74363,"USDGEL":2.69498,"USDGGP":0.741981,"USDGHS":10.508067,"USDGIP":0.741981,"USDGMD":73.999991,"USDGNF":8754.802491,"USDGTQ":7.675532,"USDGYD":209.36909,"USDHKD":7.78393,"USDHNL":26.382819,"USDHRK":6.4145,"USDHTG":130.968506,"USDHUF":327.720097,"USDIDR":16694,"USDILS":3.186885,"USDIMP":0.741981,"USDINR":89.986901,"USDIQD":1310.962883,"USDIRR":42125.000546,"USDISK":125.470057,"USDJEP":0.741981,"USDJMD":159.029535,"USDJOD":0.708972,"USDJPY":156.876022,"USDKES":129.090314,"USDKGS":87.443501,"USDKHR":4009.813693,"USDKMF":419.999774,"USDKPW":900.043914,"USDKRW":1444.639955,"USDKWD":0.30769,"USDKYD":0.833994,"USDKZT":507.398605,"USDLAK":21633.571009,"USDLBP":89616.523195,"USDLKR":309.880992,"USDLRD":178.128754,"USDLSL":16.565363,"USDLTL":2.95274,"USDLVL":0.60489,"USDLYD":5.41968,"USDMAD":9.125364,"USDMDL":16.842652,"USDMGA":4593.353608,"USDMKD":52.457549,"USDMMK":2099.836459,"USDMNT":3559.101845,"USDMOP":8.023887,"USDMRU":39.738642,"USDMUR":46.250205,"USDMVR":15.45062,"USDMWK":1735.285849,"USDMXN":18.022855,"USDMYR":4.05804,"USDMZN":63.909965,"USDNAD":16.565293,"USDNGN":1445.370206,"USDNIO":36.826906,"USDNOK":10.08779,"USDNPR":144.120729,"USDNZD":1.738325,"USDOMR":0.384498,"USDPAB":1.000716,"USDPEN":3.366031,"USDPGK":4.262823,"USDPHP":58.878499,"USDPKR":280.231968,"USDPLN":3.596303,"USDPYG":6569.722371,"USDQAR":3.640127,"USDRON":4.340799,"USDRSD":99.959697,"USDRUB":79.099677,"USDRWF":1458.083093,"USDSAR":3.750501,"USDSBD":8.136831,"USDSCR":13.816982,"USDSDG":601.491011,"USDSEK":9.22704,"USDSGD":1.28666,"USDSHP":0.750259,"USDSLE":24.050265,"USDSLL":20969.503664,"USDSOS":570.932045,"USDSRD":38.126506,"USDSTD":20697.981008,"USDSTN":20.871136,"USDSVC":8.756506,"USDSYP":11059.149576,"USDSZL":16.560607,"USDTHB":31.488054,"USDTJS":9.241824,"USDTMT":3.51,"USDTND":2.91815,"USDTOP":2.40776,"USDTRY":42.955698,"USDTTD":6.802286,"USDTWD":31.384498,"USDTZS":2470.316009,"USDUAH":42.338589,"USDUGX":3623.089636,"USDUYU":39.186789,"USDUZS":12013.255301,"USDVES":297.770445,"USDVND":26300,"USDVUV":120.744286,"USDWST":2.776281,"USDXAF":558.798674,"USDXAG":0.013939,"USDXAU":0.000231,"USDXCD":2.70255,"USDXCG":1.803607,"USDXDR":0.694966,"USDXOF":558.798674,"USDXPF":101.595577,"USDYER":238.450254,"USDZAR":16.57019,"USDZMK":9001.19479,"USDZMW":22.191554,"USDZWL":321.999592}}