{"success":true,"terms":"https:\/\/currencylayer.com\/terms","privacy":"https:\/\/currencylayer.com\/privacy","timestamp":1774318024,"source":"USD","quotes":{"USDAED":3.672499,"USDAFN":62.501705,"USDALL":82.819398,"USDAMD":376.075163,"USDANG":1.790083,"USDAOA":916.999605,"USDARS":1397.0681,"USDAUD":1.434607,"USDAWG":1.8,"USDAZN":1.695129,"USDBAM":1.688145,"USDBBD":2.009072,"USDBDT":122.394372,"USDBGN":1.709309,"USDBHD":0.377529,"USDBIF":2958.624827,"USDBMD":1,"USDBND":1.276256,"USDBOB":6.893129,"USDBRL":5.231697,"USDBSD":0.997544,"USDBTC":1.4171442e-5,"USDBTN":93.230733,"USDBWP":13.63089,"USDBYN":2.970277,"USDBYR":19600,"USDBZD":2.006223,"USDCAD":1.374905,"USDCDF":2273.000005,"USDCHF":0.78806,"USDCLF":0.023051,"USDCLP":910.170317,"USDCNY":6.880502,"USDCNH":6.89694,"USDCOP":3712.86,"USDCRC":465.238726,"USDCUC":1,"USDCUP":26.5,"USDCVE":95.175414,"USDCZK":21.109499,"USDDJF":177.636605,"USDDKK":6.44889,"USDDOP":59.194938,"USDDZD":132.330957,"USDEGP":52.344202,"USDERN":15,"USDETB":155.750187,"USDEUR":0.86306,"USDFJD":2.22225,"USDFKP":0.749521,"USDGBP":0.746455,"USDGEL":2.715019,"USDGGP":0.749521,"USDGHS":10.912826,"USDGIP":0.749521,"USDGMD":72.999886,"USDGNF":8743.725967,"USDGTQ":7.640618,"USDGYD":208.6928,"USDHKD":7.83207,"USDHNL":26.402945,"USDHRK":6.503697,"USDHTG":130.655262,"USDHUF":335.969499,"USDIDR":16892.8,"USDILS":3.11565,"USDIMP":0.749521,"USDINR":93.48625,"USDIQD":1306.805921,"USDIRR":1315050.000098,"USDISK":123.939702,"USDJEP":0.749521,"USDJMD":157.11949,"USDJOD":0.708993,"USDJPY":158.632972,"USDKES":129.28285,"USDKGS":87.449952,"USDKHR":3997.255178,"USDKMF":425.000282,"USDKPW":900.003974,"USDKRW":1499.305954,"USDKWD":0.30655,"USDKYD":0.831294,"USDKZT":480.792301,"USDLAK":21441.54953,"USDLBP":89332.395375,"USDLKR":313.246356,"USDLRD":182.547937,"USDLSL":16.914492,"USDLTL":2.95274,"USDLVL":0.60489,"USDLYD":6.385596,"USDMAD":9.32385,"USDMDL":17.446884,"USDMGA":4151.759319,"USDMKD":53.207145,"USDMMK":2099.452431,"USDMNT":3566.950214,"USDMOP":8.048336,"USDMRU":39.820637,"USDMUR":46.570368,"USDMVR":15.450228,"USDMWK":1729.410597,"USDMXN":17.866939,"USDMYR":3.947498,"USDMZN":63.910044,"USDNAD":16.912959,"USDNGN":1377.329832,"USDNIO":36.709839,"USDNOK":9.764305,"USDNPR":149.169001,"USDNZD":1.71255,"USDOMR":0.384504,"USDPAB":0.997544,"USDPEN":3.4702,"USDPGK":4.307127,"USDPHP":59.886497,"USDPKR":278.458498,"USDPLN":3.679899,"USDPYG":6518.521076,"USDQAR":3.647765,"USDRON":4.397605,"USDRSD":101.402028,"USDRUB":81.923932,"USDRWF":1458.380986,"USDSAR":3.754068,"USDSBD":8.051718,"USDSCR":14.57036,"USDSDG":600.999766,"USDSEK":9.371801,"USDSGD":1.27852,"USDSHP":0.750259,"USDSLE":24.549905,"USDSLL":20969.510825,"USDSOS":570.111649,"USDSRD":37.336498,"USDSTD":20697.981008,"USDSTN":21.147215,"USDSVC":8.728114,"USDSYP":110.564047,"USDSZL":16.908277,"USDTHB":32.630999,"USDTJS":9.531352,"USDTMT":3.5,"USDTND":2.939722,"USDTOP":2.40776,"USDTRY":44.3453,"USDTTD":6.771674,"USDTWD":32.064982,"USDTZS":2594.999472,"USDUAH":43.799335,"USDUGX":3765.930542,"USDUYU":40.64581,"USDUZS":12161.753917,"USDVES":456.504355,"USDVND":26354.5,"USDVUV":119.226095,"USDWST":2.727792,"USDXAF":566.190351,"USDXAG":0.014927,"USDXAU":0.000231,"USDXCD":2.70255,"USDXCG":1.797757,"USDXDR":0.704159,"USDXOF":566.190351,"USDXPF":102.939019,"USDYER":238.65029,"USDZAR":16.96225,"USDZMK":9001.193742,"USDZMW":19.326828,"USDZWL":321.999592}}