{"success":true,"terms":"https:\/\/currencylayer.com\/terms","privacy":"https:\/\/currencylayer.com\/privacy","timestamp":1766454246,"source":"USD","quotes":{"USDAED":3.672497,"USDAFN":65.999525,"USDALL":82.413532,"USDAMD":381.505044,"USDANG":1.790403,"USDAOA":916.999766,"USDARS":1451.750269,"USDAUD":1.500386,"USDAWG":1.8025,"USDAZN":1.764276,"USDBAM":1.666503,"USDBBD":2.013642,"USDBDT":122.171618,"USDBGN":1.66197,"USDBHD":0.377003,"USDBIF":2960,"USDBMD":1,"USDBND":1.290015,"USDBOB":6.92273,"USDBRL":5.591799,"USDBSD":0.999749,"USDBTC":1.1305439e-5,"USDBTN":89.631315,"USDBWP":13.185989,"USDBYN":2.907816,"USDBYR":19600,"USDBZD":2.010685,"USDCAD":1.37425,"USDCDF":2260.000122,"USDCHF":0.790605,"USDCLF":0.023193,"USDCLP":909.849605,"USDCNY":7.04095,"USDCNH":7.030115,"USDCOP":3802.96,"USDCRC":498.36831,"USDCUC":1,"USDCUP":26.5,"USDCVE":94.45016,"USDCZK":20.66985,"USDDJF":177.720143,"USDDKK":6.344845,"USDDOP":62.603665,"USDDZD":129.753088,"USDEGP":47.419202,"USDERN":15,"USDETB":155.349776,"USDEUR":0.84936,"USDFJD":2.27745,"USDFKP":0.750114,"USDGBP":0.741725,"USDGEL":2.685035,"USDGGP":0.750114,"USDGHS":11.479703,"USDGIP":0.750114,"USDGMD":73.506991,"USDGNF":8685.999881,"USDGTQ":7.660619,"USDGYD":209.163024,"USDHKD":7.777205,"USDHNL":26.34994,"USDHRK":6.402703,"USDHTG":130.901562,"USDHUF":330.147502,"USDIDR":16767.9,"USDILS":3.200203,"USDIMP":0.750114,"USDINR":89.55315,"USDIQD":1310,"USDIRR":42100.000214,"USDISK":125.710151,"USDJEP":0.750114,"USDJMD":159.578049,"USDJOD":0.709035,"USDJPY":156.48103,"USDKES":128.903264,"USDKGS":87.449781,"USDKHR":4011.000169,"USDKMF":419.000521,"USDKPW":899.999969,"USDKRW":1483.939883,"USDKWD":0.3073,"USDKYD":0.833142,"USDKZT":515.528744,"USDLAK":21634.999856,"USDLBP":89599.99966,"USDLKR":309.526853,"USDLRD":177.49917,"USDLSL":16.730028,"USDLTL":2.95274,"USDLVL":0.60489,"USDLYD":5.424978,"USDMAD":9.13875,"USDMDL":16.926118,"USDMGA":4547.550068,"USDMKD":52.301495,"USDMMK":2100.312258,"USDMNT":3551.223311,"USDMOP":8.011554,"USDMRU":39.759739,"USDMUR":46.169801,"USDMVR":15.459967,"USDMWK":1737.000397,"USDMXN":17.972797,"USDMYR":4.069897,"USDMZN":63.903933,"USDNAD":16.729774,"USDNGN":1459.819752,"USDNIO":36.698797,"USDNOK":10.100895,"USDNPR":143.404875,"USDNZD":1.721451,"USDOMR":0.384499,"USDPAB":0.99977,"USDPEN":3.366503,"USDPGK":4.25025,"USDPHP":58.690054,"USDPKR":280.149717,"USDPLN":3.58125,"USDPYG":6755.311671,"USDQAR":3.6411,"USDRON":4.3214,"USDRSD":99.755011,"USDRUB":78.802387,"USDRWF":1452,"USDSAR":3.750212,"USDSBD":8.146749,"USDSCR":15.082385,"USDSDG":601.498755,"USDSEK":9.222075,"USDSGD":1.28709,"USDSHP":0.750259,"USDSLE":24.049915,"USDSLL":20969.503664,"USDSOS":571.484438,"USDSRD":38.406498,"USDSTD":20697.981008,"USDSTN":21.25,"USDSVC":8.748333,"USDSYP":11058.38145,"USDSZL":16.705023,"USDTHB":31.120035,"USDTJS":9.197788,"USDTMT":3.5,"USDTND":2.89503,"USDTOP":2.40776,"USDTRY":42.828702,"USDTTD":6.796861,"USDTWD":31.536036,"USDTZS":2485.980973,"USDUAH":42.082661,"USDUGX":3602.605669,"USDUYU":39.187284,"USDUZS":12002.499154,"USDVES":282.15965,"USDVND":26340,"USDVUV":120.603378,"USDWST":2.787816,"USDXAF":558.912945,"USDXAG":0.014402,"USDXAU":0.000223,"USDXCD":2.70255,"USDXCG":1.801846,"USDXDR":0.695829,"USDXOF":558.499919,"USDXPF":101.87498,"USDYER":238.495387,"USDZAR":16.704302,"USDZMK":9001.19681,"USDZMW":22.594085,"USDZWL":321.999592}}