{"success":true,"terms":"https:\/\/currencylayer.com\/terms","privacy":"https:\/\/currencylayer.com\/privacy","timestamp":1753062725,"source":"USD","quotes":{"USDAED":3.672504,"USDAFN":69.212462,"USDALL":84.011552,"USDAMD":384.739526,"USDANG":1.789699,"USDAOA":916.999851,"USDARS":1275.975283,"USDAUD":1.537516,"USDAWG":1.8,"USDAZN":1.700609,"USDBAM":1.683408,"USDBBD":2.022991,"USDBDT":121.629182,"USDBGN":1.68343,"USDBHD":0.377641,"USDBIF":2985.948226,"USDBMD":1,"USDBND":1.286049,"USDBOB":6.922819,"USDBRL":5.585202,"USDBSD":1.001941,"USDBTC":8.53785e-6,"USDBTN":86.24965,"USDBWP":13.452178,"USDBYN":3.278919,"USDBYR":19600,"USDBZD":2.012559,"USDCAD":1.372785,"USDCDF":2886.00065,"USDCHF":0.801895,"USDCLF":0.025118,"USDCLP":963.889732,"USDCNY":7.17795,"USDCNH":7.17973,"USDCOP":4021.76,"USDCRC":505.529498,"USDCUC":1,"USDCUP":26.5,"USDCVE":94.90672,"USDCZK":21.200801,"USDDJF":178.240492,"USDDKK":6.42415,"USDDOP":60.501743,"USDDZD":130.492303,"USDEGP":49.461902,"USDERN":15,"USDETB":139.208552,"USDEUR":0.86065,"USDFJD":2.254904,"USDFKP":0.745482,"USDGBP":0.7455,"USDGEL":2.710375,"USDGGP":0.745482,"USDGHS":10.444909,"USDGIP":0.745482,"USDGMD":71.508796,"USDGNF":8693.593854,"USDGTQ":7.692208,"USDGYD":209.612587,"USDHKD":7.84915,"USDHNL":26.222058,"USDHRK":6.483401,"USDHTG":131.548708,"USDHUF":343.405,"USDIDR":16315.4,"USDILS":3.357895,"USDIMP":0.745482,"USDINR":86.047962,"USDIQD":1312.497041,"USDIRR":42112.492332,"USDISK":122.539619,"USDJEP":0.745482,"USDJMD":160.22449,"USDJOD":0.709027,"USDJPY":148.483991,"USDKES":129.440214,"USDKGS":87.450362,"USDKHR":4015.407458,"USDKMF":423.306766,"USDKPW":900.00001,"USDKRW":1391.870198,"USDKWD":0.30564,"USDKYD":0.834958,"USDKZT":534.132139,"USDLAK":21606.77934,"USDLBP":89773.917684,"USDLKR":302.265832,"USDLRD":200.873626,"USDLSL":17.739474,"USDLTL":2.95274,"USDLVL":0.60489,"USDLYD":5.449561,"USDMAD":9.059485,"USDMDL":17.043327,"USDMGA":4458.809808,"USDMKD":52.986289,"USDMMK":2099.71083,"USDMNT":3585.855756,"USDMOP":8.099601,"USDMRU":39.855051,"USDMUR":45.698151,"USDMVR":15.401402,"USDMWK":1737.386432,"USDMXN":18.727299,"USDMYR":4.238506,"USDMZN":63.960377,"USDNAD":17.739932,"USDNGN":1530.809641,"USDNIO":36.87461,"USDNOK":10.17869,"USDNPR":138.002832,"USDNZD":1.68199,"USDOMR":0.38499,"USDPAB":1.001885,"USDPEN":3.566246,"USDPGK":4.148788,"USDPHP":57.085499,"USDPKR":285.35281,"USDPLN":3.653076,"USDPYG":7754.713814,"USDQAR":3.642717,"USDRON":4.364199,"USDRSD":100.837515,"USDRUB":78.68432,"USDRWF":1447.822026,"USDSAR":3.751101,"USDSBD":8.298847,"USDSCR":14.712315,"USDSDG":600.499831,"USDSEK":9.678175,"USDSGD":1.285075,"USDSHP":0.785843,"USDSLE":22.896363,"USDSLL":20969.503947,"USDSOS":572.586927,"USDSRD":37.207979,"USDSTD":20697.981008,"USDSTN":21.088239,"USDSVC":8.76706,"USDSYP":13001.855165,"USDSZL":17.73625,"USDTHB":32.420175,"USDTJS":9.643019,"USDTMT":3.51,"USDTND":2.94528,"USDTOP":2.342097,"USDTRY":40.398698,"USDTTD":6.801895,"USDTWD":29.421976,"USDTZS":2607.335024,"USDUAH":41.843348,"USDUGX":3590.08788,"USDUYU":40.376132,"USDUZS":12682.372587,"USDVES":116.964984,"USDVND":26155,"USDVUV":119.789586,"USDWST":2.646902,"USDXAF":564.630792,"USDXAG":0.026125,"USDXAU":0.000298,"USDXCD":2.70255,"USDXCG":1.805747,"USDXDR":0.70222,"USDXOF":564.630792,"USDXPF":102.650175,"USDYER":241.050202,"USDZAR":17.705598,"USDZMK":9001.197124,"USDZMW":23.069606,"USDZWL":321.999592}}