{"success":true,"terms":"https:\/\/currencylayer.com\/terms","privacy":"https:\/\/currencylayer.com\/privacy","timestamp":1759972926,"source":"USD","quotes":{"USDAED":3.672499,"USDAFN":66.737984,"USDALL":83.174731,"USDAMD":382.481965,"USDANG":1.790403,"USDAOA":917.000127,"USDARS":1429.7377,"USDAUD":1.515347,"USDAWG":1.80125,"USDAZN":1.696241,"USDBAM":1.680652,"USDBBD":2.013396,"USDBDT":121.748022,"USDBGN":1.68137,"USDBHD":0.377044,"USDBIF":2945.252856,"USDBMD":1,"USDBND":1.295062,"USDBOB":6.908049,"USDBRL":5.334982,"USDBSD":0.999643,"USDBTC":8.151421e-6,"USDBTN":88.664321,"USDBWP":13.308816,"USDBYN":3.397906,"USDBYR":19600,"USDBZD":2.010474,"USDCAD":1.39431,"USDCDF":2409.999737,"USDCHF":0.800375,"USDCLF":0.024241,"USDCLP":950.970026,"USDCNY":7.1195,"USDCNH":7.13869,"USDCOP":3889.25,"USDCRC":503.091154,"USDCUC":1,"USDCUP":26.5,"USDCVE":94.752581,"USDCZK":20.93215,"USDDJF":178.009392,"USDDKK":6.412685,"USDDOP":62.587805,"USDDZD":130.099523,"USDEGP":47.557897,"USDERN":15,"USDETB":145.326837,"USDEUR":0.858903,"USDFJD":2.25995,"USDFKP":0.743972,"USDGBP":0.745385,"USDGEL":2.719597,"USDGGP":0.743972,"USDGHS":12.346666,"USDGIP":0.743972,"USDGMD":71.999894,"USDGNF":8669.837301,"USDGTQ":7.659951,"USDGYD":209.157741,"USDHKD":7.779735,"USDHNL":26.234636,"USDHRK":6.472198,"USDHTG":130.8037,"USDHUF":335.913006,"USDIDR":16545.95,"USDILS":3.280395,"USDIMP":0.743972,"USDINR":88.7845,"USDIQD":1309.639916,"USDIRR":42075.000234,"USDISK":121.449711,"USDJEP":0.743972,"USDJMD":160.001031,"USDJOD":0.709011,"USDJPY":152.513503,"USDKES":129.399474,"USDKGS":87.450288,"USDKHR":4013.558973,"USDKMF":424.000301,"USDKPW":900.00029,"USDKRW":1419.640437,"USDKWD":0.30648,"USDKYD":0.833076,"USDKZT":540.094177,"USDLAK":21677.843987,"USDLBP":89517.917521,"USDLKR":302.493137,"USDLRD":182.45017,"USDLSL":17.161748,"USDLTL":2.95274,"USDLVL":0.60489,"USDLYD":5.436431,"USDMAD":9.11022,"USDMDL":16.968478,"USDMGA":4468.064082,"USDMKD":52.940166,"USDMMK":2099.241766,"USDMNT":3597.321295,"USDMOP":8.014058,"USDMRU":39.931088,"USDMUR":45.75004,"USDMVR":15.339242,"USDMWK":1733.358538,"USDMXN":18.32507,"USDMYR":4.213033,"USDMZN":63.849704,"USDNAD":17.162559,"USDNGN":1471.420122,"USDNIO":36.784513,"USDNOK":9.969903,"USDNPR":141.851943,"USDNZD":1.724425,"USDOMR":0.384492,"USDPAB":0.999729,"USDPEN":3.441994,"USDPGK":4.196579,"USDPHP":57.808991,"USDPKR":283.146033,"USDPLN":3.653986,"USDPYG":6980.550865,"USDQAR":3.644793,"USDRON":4.372989,"USDRSD":100.639993,"USDRUB":81.449333,"USDRWF":1450.488265,"USDSAR":3.750805,"USDSBD":8.271757,"USDSCR":14.841833,"USDSDG":601.501845,"USDSEK":9.420904,"USDSGD":1.294255,"USDSHP":0.785843,"USDSLE":23.215001,"USDSLL":20969.503664,"USDSOS":571.315641,"USDSRD":38.152503,"USDSTD":20697.981008,"USDSTN":21.051637,"USDSVC":8.747508,"USDSYP":13001.812646,"USDSZL":17.15307,"USDTHB":32.540249,"USDTJS":9.29738,"USDTMT":3.51,"USDTND":2.935684,"USDTOP":2.342098,"USDTRY":41.726795,"USDTTD":6.788341,"USDTWD":30.516299,"USDTZS":2454.077997,"USDUAH":41.452471,"USDUGX":3433.830448,"USDUYU":39.906678,"USDUZS":12020.125202,"USDVES":189.012825,"USDVND":26360,"USDVUV":121.219369,"USDWST":2.770863,"USDXAF":563.628943,"USDXAG":0.020356,"USDXAU":0.000248,"USDXCD":2.70255,"USDXCG":1.80166,"USDXDR":0.700971,"USDXOF":563.626521,"USDXPF":102.482137,"USDYER":238.999777,"USDZAR":17.140099,"USDZMK":9001.199486,"USDZMW":23.711876,"USDZWL":321.999592}}