{"success":true,"terms":"https:\/\/currencylayer.com\/terms","privacy":"https:\/\/currencylayer.com\/privacy","timestamp":1772676423,"source":"USD","quotes":{"USDAED":3.6725,"USDAFN":63.000286,"USDALL":82.760697,"USDAMD":376.782428,"USDANG":1.789731,"USDAOA":917.00025,"USDARS":1401.451803,"USDAUD":1.414617,"USDAWG":1.8025,"USDAZN":1.699718,"USDBAM":1.682047,"USDBBD":2.015395,"USDBDT":122.27908,"USDBGN":1.647646,"USDBHD":0.377084,"USDBIF":2968.970381,"USDBMD":1,"USDBND":1.275769,"USDBOB":6.914761,"USDBRL":5.232297,"USDBSD":1.000645,"USDBTC":1.3758934e-5,"USDBTN":92.188279,"USDBWP":13.407812,"USDBYN":2.917308,"USDBYR":19600,"USDBZD":2.01247,"USDCAD":1.36422,"USDCDF":2260.000257,"USDCHF":0.779355,"USDCLF":0.022663,"USDCLP":894.879899,"USDCNY":6.897505,"USDCNH":6.88825,"USDCOP":3760.86,"USDCRC":471.884312,"USDCUC":1,"USDCUP":26.5,"USDCVE":94.832035,"USDCZK":20.96185,"USDDJF":178.189637,"USDDKK":6.424505,"USDDOP":59.366091,"USDDZD":130.714525,"USDEGP":50.1896,"USDERN":15,"USDETB":155.204599,"USDEUR":0.8598,"USDFJD":2.20465,"USDFKP":0.75023,"USDGBP":0.747955,"USDGEL":2.705034,"USDGGP":0.75023,"USDGHS":10.733314,"USDGIP":0.75023,"USDGMD":73.495212,"USDGNF":8775.55847,"USDGTQ":7.674975,"USDGYD":209.352128,"USDHKD":7.818475,"USDHNL":26.481819,"USDHRK":6.477201,"USDHTG":131.205064,"USDHUF":330.859544,"USDIDR":16887,"USDILS":3.06781,"USDIMP":0.75023,"USDINR":92.12835,"USDIQD":1310.863517,"USDIRR":1319072.500609,"USDISK":124.420144,"USDJEP":0.75023,"USDJMD":156.257525,"USDJOD":0.709024,"USDJPY":156.792498,"USDKES":129.288325,"USDKGS":87.449957,"USDKHR":4015.446008,"USDKMF":423.999862,"USDKPW":900.000382,"USDKRW":1462.539712,"USDKWD":0.30738,"USDKYD":0.833889,"USDKZT":496.721121,"USDLAK":21425.254141,"USDLBP":89607.740271,"USDLKR":310.757349,"USDLRD":183.119184,"USDLSL":16.379875,"USDLTL":2.95274,"USDLVL":0.60489,"USDLYD":6.361643,"USDMAD":9.289087,"USDMDL":17.315846,"USDMGA":4160.807737,"USDMKD":53.002485,"USDMMK":2099.833571,"USDMNT":3570.385655,"USDMOP":8.057227,"USDMRU":39.830235,"USDMUR":47.32975,"USDMVR":15.46015,"USDMWK":1735.103268,"USDMXN":17.61483,"USDMYR":3.936949,"USDMZN":63.904987,"USDNAD":16.379946,"USDNGN":1382.93012,"USDNIO":36.825856,"USDNOK":9.628715,"USDNPR":147.499054,"USDNZD":1.68479,"USDOMR":0.38449,"USDPAB":1.000662,"USDPEN":3.422576,"USDPGK":4.307798,"USDPHP":58.445032,"USDPKR":279.752915,"USDPLN":3.67435,"USDPYG":6515.588046,"USDQAR":3.639593,"USDRON":4.379893,"USDRSD":100.936965,"USDRUB":77.872628,"USDRWF":1459.200523,"USDSAR":3.753767,"USDSBD":8.05166,"USDSCR":14.87447,"USDSDG":601.501353,"USDSEK":9.17997,"USDSGD":1.27527,"USDSHP":0.750259,"USDSLE":24.504849,"USDSLL":20969.49935,"USDSOS":570.883071,"USDSRD":37.5455,"USDSTD":20697.981008,"USDSTN":21.070284,"USDSVC":8.756004,"USDSYP":110.530152,"USDSZL":16.385153,"USDTHB":31.55802,"USDTJS":9.571271,"USDTMT":3.51,"USDTND":2.923611,"USDTOP":2.40776,"USDTRY":43.993973,"USDTTD":6.779676,"USDTWD":31.673995,"USDTZS":2562.899067,"USDUAH":43.864357,"USDUGX":3697.317101,"USDUYU":38.779091,"USDUZS":12187.53897,"USDVES":425.142005,"USDVND":26202,"USDVUV":119.07308,"USDWST":2.713037,"USDXAF":564.137913,"USDXAG":0.011808,"USDXAU":0.000193,"USDXCD":2.70255,"USDXCG":1.803405,"USDXDR":0.70161,"USDXOF":564.142765,"USDXPF":102.567631,"USDYER":238.600301,"USDZAR":16.35065,"USDZMK":9001.220749,"USDZMW":19.189852,"USDZWL":321.999592}}