{"success":true,"terms":"https:\/\/currencylayer.com\/terms","privacy":"https:\/\/currencylayer.com\/privacy","timestamp":1765676947,"source":"USD","quotes":{"USDAED":3.672504,"USDAFN":66.067856,"USDALL":82.329403,"USDAMD":381.252395,"USDANG":1.790403,"USDAOA":917.000367,"USDARS":1440.750402,"USDAUD":1.502178,"USDAWG":1.8,"USDAZN":1.70397,"USDBAM":1.665148,"USDBBD":2.010898,"USDBDT":122.012686,"USDBGN":1.66663,"USDBHD":0.376399,"USDBIF":2951.002512,"USDBMD":1,"USDBND":1.28943,"USDBOB":6.898812,"USDBRL":5.419704,"USDBSD":0.998425,"USDBTC":1.1082887e-5,"USDBTN":90.29075,"USDBWP":13.228896,"USDBYN":2.94334,"USDBYR":19600,"USDBZD":2.008003,"USDCAD":1.37795,"USDCDF":2240.000362,"USDCHF":0.795992,"USDCLF":0.023203,"USDCLP":910.250396,"USDCNY":7.054504,"USDCNH":7.05355,"USDCOP":3802.477545,"USDCRC":499.425312,"USDCUC":1,"USDCUP":26.5,"USDCVE":93.878507,"USDCZK":20.669104,"USDDJF":177.795752,"USDDKK":6.361804,"USDDOP":63.471117,"USDDZD":129.660125,"USDEGP":47.313439,"USDERN":15,"USDETB":156.002554,"USDEUR":0.851404,"USDFJD":2.271804,"USDFKP":0.749181,"USDGBP":0.747831,"USDGEL":2.703861,"USDGGP":0.749181,"USDGHS":11.461411,"USDGIP":0.749181,"USDGMD":73.000355,"USDGNF":8683.325529,"USDGTQ":7.647184,"USDGYD":208.879997,"USDHKD":7.78025,"USDHNL":26.285812,"USDHRK":6.417704,"USDHTG":130.867141,"USDHUF":327.990388,"USDIDR":16633.75,"USDILS":3.222795,"USDIMP":0.749181,"USDINR":90.570104,"USDIQD":1307.905155,"USDIRR":42122.503816,"USDISK":126.403814,"USDJEP":0.749181,"USDJMD":159.856966,"USDJOD":0.70904,"USDJPY":155.76504,"USDKES":128.74718,"USDKGS":87.450384,"USDKHR":3997.275552,"USDKMF":419.503794,"USDKPW":899.985916,"USDKRW":1474.530383,"USDKWD":0.306704,"USDKYD":0.832063,"USDKZT":520.710059,"USDLAK":21644.885275,"USDLBP":89408.028607,"USDLKR":308.509642,"USDLRD":176.22068,"USDLSL":16.844664,"USDLTL":2.95274,"USDLVL":0.60489,"USDLYD":5.423354,"USDMAD":9.185305,"USDMDL":16.877953,"USDMGA":4422.970499,"USDMKD":52.403048,"USDMMK":2099.89073,"USDMNT":3548.272408,"USDMOP":8.006045,"USDMRU":39.956579,"USDMUR":45.920378,"USDMVR":15.403739,"USDMWK":1731.301349,"USDMXN":18.013904,"USDMYR":4.097304,"USDMZN":63.910377,"USDNAD":16.844664,"USDNGN":1452.570377,"USDNIO":36.745988,"USDNOK":10.137304,"USDNPR":144.46554,"USDNZD":1.72295,"USDOMR":0.384504,"USDPAB":0.998425,"USDPEN":3.361458,"USDPGK":4.303776,"USDPHP":59.115038,"USDPKR":279.805628,"USDPLN":3.59745,"USDPYG":6706.398195,"USDQAR":3.638755,"USDRON":4.335904,"USDRSD":99.936146,"USDRUB":79.673577,"USDRWF":1453.152271,"USDSAR":3.752205,"USDSBD":8.176752,"USDSCR":15.027038,"USDSDG":601.503676,"USDSEK":9.269904,"USDSGD":1.292104,"USDSHP":0.750259,"USDSLE":24.125038,"USDSLL":20969.503664,"USDSOS":569.579839,"USDSRD":38.548038,"USDSTD":20697.981008,"USDSTN":20.859052,"USDSVC":8.736112,"USDSYP":11057.088706,"USDSZL":16.838789,"USDTHB":31.595038,"USDTJS":9.175429,"USDTMT":3.51,"USDTND":2.918735,"USDTOP":2.40776,"USDTRY":42.580368,"USDTTD":6.775361,"USDTWD":31.335104,"USDTZS":2471.074028,"USDUAH":42.185773,"USDUGX":3548.593078,"USDUYU":39.180963,"USDUZS":12028.436422,"USDVES":267.43975,"USDVND":26306,"USDVUV":121.393357,"USDWST":2.775465,"USDXAF":558.475161,"USDXAG":0.016141,"USDXAU":0.000233,"USDXCD":2.70255,"USDXCG":1.799413,"USDXDR":0.694564,"USDXOF":558.475161,"USDXPF":101.536759,"USDYER":238.503589,"USDZAR":16.87546,"USDZMK":9001.203584,"USDZMW":23.038611,"USDZWL":321.999592}}