{"success":true,"terms":"https:\/\/currencylayer.com\/terms","privacy":"https:\/\/currencylayer.com\/privacy","timestamp":1768787527,"source":"USD","quotes":{"USDAED":3.6725,"USDAFN":65.496542,"USDALL":83.322563,"USDAMD":380.250743,"USDANG":1.79008,"USDAOA":915.999729,"USDARS":1422.752797,"USDAUD":1.49639,"USDAWG":1.8,"USDAZN":1.697874,"USDBAM":1.685235,"USDBBD":2.016544,"USDBDT":122.459179,"USDBGN":1.67937,"USDBHD":0.377493,"USDBIF":2964.19801,"USDBMD":1,"USDBND":1.288872,"USDBOB":6.918272,"USDBRL":5.368896,"USDBSD":1.001249,"USDBTC":1.0835663e-5,"USDBTN":90.83538,"USDBWP":13.372108,"USDBYN":2.88751,"USDBYR":19600,"USDBZD":2.0137,"USDCAD":1.38959,"USDCDF":2175.000255,"USDCHF":0.79884,"USDCLF":0.022454,"USDCLP":886.601099,"USDCNY":6.96885,"USDCNH":6.960635,"USDCOP":3691.37,"USDCRC":489.336952,"USDCUC":1,"USDCUP":26.5,"USDCVE":95.010986,"USDCZK":20.870395,"USDDJF":178.294774,"USDDKK":6.426725,"USDDOP":63.788721,"USDDZD":129.915988,"USDEGP":47.016601,"USDERN":15,"USDETB":156.231959,"USDEUR":0.86014,"USDFJD":2.279504,"USDFKP":0.747394,"USDGBP":0.746595,"USDGEL":2.690228,"USDGGP":0.747394,"USDGHS":10.848305,"USDGIP":0.747394,"USDGMD":74.000196,"USDGNF":8765.671449,"USDGTQ":7.676533,"USDGYD":209.435182,"USDHKD":7.79747,"USDHNL":26.404722,"USDHRK":6.480501,"USDHTG":131.153332,"USDHUF":331.238501,"USDIDR":16909,"USDILS":3.145105,"USDIMP":0.747394,"USDINR":90.67175,"USDIQD":1311.619491,"USDIRR":42125.000158,"USDISK":125.760317,"USDJEP":0.747394,"USDJMD":158.002671,"USDJOD":0.708961,"USDJPY":157.668998,"USDKES":129.15013,"USDKGS":87.449662,"USDKHR":4030.847443,"USDKMF":425.000239,"USDKPW":899.995691,"USDKRW":1473.302337,"USDKWD":0.30798,"USDKYD":0.834346,"USDKZT":511.981388,"USDLAK":21649.218043,"USDLBP":89660.247297,"USDLKR":310.163285,"USDLRD":180.724656,"USDLSL":16.394037,"USDLTL":2.95274,"USDLVL":0.60489,"USDLYD":5.440524,"USDMAD":9.218129,"USDMDL":17.165999,"USDMGA":4652.966266,"USDMKD":53.039507,"USDMMK":2100.148553,"USDMNT":3563.292689,"USDMOP":8.043859,"USDMRU":40.089613,"USDMUR":46.299539,"USDMVR":15.459831,"USDMWK":1736.15958,"USDMXN":17.624535,"USDMYR":4.057499,"USDMZN":63.900062,"USDNAD":16.394037,"USDNGN":1422.590541,"USDNIO":36.8446,"USDNOK":10.07196,"USDNPR":145.336263,"USDNZD":1.734435,"USDOMR":0.383361,"USDPAB":1.001249,"USDPEN":3.364353,"USDPGK":4.277282,"USDPHP":59.329759,"USDPKR":280.206626,"USDPLN":3.63278,"USDPYG":6843.307053,"USDQAR":3.640429,"USDRON":4.3776,"USDRSD":101.107234,"USDRUB":77.756083,"USDRWF":1459.825083,"USDSAR":3.750194,"USDSBD":8.123611,"USDSCR":15.30599,"USDSDG":601.500677,"USDSEK":9.20693,"USDSGD":1.286405,"USDSHP":0.750259,"USDSLE":24.15033,"USDSLL":20969.499267,"USDSOS":571.194692,"USDSRD":38.358502,"USDSTD":20697.981008,"USDSTN":21.11068,"USDSVC":8.760501,"USDSYP":11059.574895,"USDSZL":16.398259,"USDTHB":31.329804,"USDTJS":9.30645,"USDTMT":3.51,"USDTND":2.936625,"USDTOP":2.40776,"USDTRY":43.268006,"USDTTD":6.798501,"USDTWD":31.560602,"USDTZS":2521.55697,"USDUAH":43.417001,"USDUGX":3559.519193,"USDUYU":38.748869,"USDUZS":11983.973116,"USDVES":341.315303,"USDVND":26275,"USDVUV":120.406136,"USDWST":2.790188,"USDXAF":565.212184,"USDXAG":0.01069,"USDXAU":0.000214,"USDXCD":2.70255,"USDXCG":1.804489,"USDXDR":0.702943,"USDXOF":565.212184,"USDXPF":102.761622,"USDYER":238.475009,"USDZAR":16.40799,"USDZMK":9001.197124,"USDZMW":20.099953,"USDZWL":321.999592}}