{"success":true,"terms":"https:\/\/currencylayer.com\/terms","privacy":"https:\/\/currencylayer.com\/privacy","timestamp":1778988547,"source":"USD","quotes":{"USDAED":3.672504,"USDAFN":62.503991,"USDALL":82.182944,"USDAMD":369.50071,"USDANG":1.79046,"USDAOA":918.000367,"USDARS":1393.261257,"USDAUD":1.398993,"USDAWG":1.80125,"USDAZN":1.70397,"USDBAM":1.682192,"USDBBD":2.018062,"USDBDT":122.986281,"USDBGN":1.66992,"USDBHD":0.37793,"USDBIF":2983.270976,"USDBMD":1,"USDBND":1.280867,"USDBOB":6.923838,"USDBRL":5.056804,"USDBSD":1.001935,"USDBTC":1.2647196e-5,"USDBTN":96.102868,"USDBWP":14.172795,"USDBYN":2.788285,"USDBYR":19600,"USDBZD":2.015138,"USDCAD":1.37555,"USDCDF":2247.50392,"USDCHF":0.78696,"USDCLF":0.023076,"USDCLP":898.223885,"USDCNY":6.809904,"USDCNH":6.81438,"USDCOP":3789.962585,"USDCRC":454.478992,"USDCUC":1,"USDCUP":26.5,"USDCVE":94.839376,"USDCZK":20.916604,"USDDJF":178.419989,"USDDKK":6.428304,"USDDOP":59.863243,"USDDZD":132.734701,"USDEGP":52.834473,"USDERN":15,"USDETB":156.447426,"USDEUR":0.860404,"USDFJD":2.20415,"USDFKP":0.750232,"USDGBP":0.750272,"USDGEL":2.680391,"USDGGP":0.750232,"USDGHS":11.457446,"USDGIP":0.750232,"USDGMD":72.503851,"USDGNF":8785.963102,"USDGTQ":7.643745,"USDGYD":209.624565,"USDHKD":7.83285,"USDHNL":26.646884,"USDHRK":6.481104,"USDHTG":131.183073,"USDHUF":311.210388,"USDIDR":17602.95,"USDILS":2.91944,"USDIMP":0.750232,"USDINR":95.970504,"USDIQD":1312.604825,"USDIRR":1319000.000352,"USDISK":123.530386,"USDJEP":0.750232,"USDJMD":158.319357,"USDJOD":0.70904,"USDJPY":158.695504,"USDKES":129.153228,"USDKGS":87.450384,"USDKHR":4020.126435,"USDKMF":424.00035,"USDKPW":899.989966,"USDKRW":1498.055039,"USDKWD":0.30864,"USDKYD":0.834989,"USDKZT":470.382316,"USDLAK":21973.938847,"USDLBP":89725.196749,"USDLKR":329.144626,"USDLRD":183.356986,"USDLSL":16.597084,"USDLTL":2.95274,"USDLVL":0.60489,"USDLYD":6.36219,"USDMAD":9.236056,"USDMDL":17.333677,"USDMGA":4170.644648,"USDMKD":53.021116,"USDMMK":2100.069852,"USDMNT":3578.56838,"USDMOP":8.08128,"USDMRU":40.218466,"USDMUR":47.170378,"USDMVR":15.410378,"USDMWK":1737.410227,"USDMXN":17.336604,"USDMYR":3.949504,"USDMZN":63.903729,"USDNAD":16.597084,"USDNGN":1370.490377,"USDNIO":36.872662,"USDNOK":9.304604,"USDNPR":153.764245,"USDNZD":1.70838,"USDOMR":0.384019,"USDPAB":1.001935,"USDPEN":3.434998,"USDPGK":4.365028,"USDPHP":61.608038,"USDPKR":279.069969,"USDPLN":3.65375,"USDPYG":6105.878811,"USDQAR":3.652432,"USDRON":4.436104,"USDRSD":100.967617,"USDRUB":72.76059,"USDRWF":1465.70335,"USDSAR":3.788656,"USDSBD":8.016322,"USDSCR":13.589038,"USDSDG":600.503676,"USDSEK":9.450804,"USDSGD":1.280704,"USDSHP":0.746601,"USDSLE":24.603667,"USDSLL":20969.502105,"USDSOS":572.657292,"USDSRD":37.453038,"USDSTD":20697.981008,"USDSTN":21.07255,"USDSVC":8.767041,"USDSYP":110.658507,"USDSZL":16.600009,"USDTHB":32.605038,"USDTJS":9.348299,"USDTMT":3.51,"USDTND":2.932525,"USDTOP":2.40776,"USDTRY":45.522504,"USDTTD":6.800843,"USDTWD":31.576504,"USDTZS":2615.146433,"USDUAH":44.241431,"USDUGX":3762.095214,"USDUYU":40.132456,"USDUZS":11998.451813,"USDVES":510.148815,"USDVND":26355,"USDVUV":118.113327,"USDWST":2.706364,"USDXAF":564.191287,"USDXAG":0.01316,"USDXAU":0.00022,"USDXCD":2.70255,"USDXCG":1.805789,"USDXDR":0.701673,"USDXOF":564.191287,"USDXPF":102.576012,"USDYER":238.603589,"USDZAR":16.68789,"USDZMK":9001.203584,"USDZMW":18.862082,"USDZWL":321.999592}}