{"success":true,"terms":"https:\/\/currencylayer.com\/terms","privacy":"https:\/\/currencylayer.com\/privacy","timestamp":1758676927,"source":"USD","quotes":{"USDAED":3.672501,"USDAFN":68.49408,"USDALL":82.39516,"USDAMD":382.850231,"USDANG":1.790403,"USDAOA":917.000352,"USDARS":1367.494302,"USDAUD":1.517577,"USDAWG":1.40625,"USDAZN":1.709472,"USDBAM":1.658554,"USDBBD":2.01473,"USDBDT":121.74149,"USDBGN":1.65596,"USDBHD":0.377064,"USDBIF":2941,"USDBMD":1,"USDBND":1.283872,"USDBOB":6.912108,"USDBRL":5.283008,"USDBSD":1.000326,"USDBTC":8.895927e-6,"USDBTN":88.709206,"USDBWP":14.151427,"USDBYN":3.387591,"USDBYR":19600,"USDBZD":2.011847,"USDCAD":1.38486,"USDCDF":2764.999951,"USDCHF":0.792201,"USDCLF":0.02418,"USDCLP":948.589835,"USDCNY":7.11215,"USDCNH":7.11541,"USDCOP":3862,"USDCRC":504.827364,"USDCUC":1,"USDCUP":26.5,"USDCVE":93.674964,"USDCZK":20.549598,"USDDJF":177.72021,"USDDKK":6.325705,"USDDOP":62.250196,"USDDZD":129.505976,"USDEGP":48.153204,"USDERN":15,"USDETB":145.794978,"USDEUR":0.84753,"USDFJD":2.251295,"USDFKP":0.740627,"USDGBP":0.740245,"USDGEL":2.701015,"USDGGP":0.740627,"USDGHS":12.300226,"USDGIP":0.740627,"USDGMD":74.000049,"USDGNF":8675.000302,"USDGTQ":7.66266,"USDGYD":209.279745,"USDHKD":7.775043,"USDHNL":26.179607,"USDHRK":6.383798,"USDHTG":130.892161,"USDHUF":330.618968,"USDIDR":16672.25,"USDILS":3.342605,"USDIMP":0.740627,"USDINR":88.775972,"USDIQD":1310,"USDIRR":42075.000125,"USDISK":120.870271,"USDJEP":0.740627,"USDJMD":160.258476,"USDJOD":0.709029,"USDJPY":147.793499,"USDKES":129.492558,"USDKGS":87.449805,"USDKHR":4007.000077,"USDKMF":417.999826,"USDKPW":900.02605,"USDKRW":1394.889821,"USDKWD":0.30529,"USDKYD":0.833584,"USDKZT":544.980432,"USDLAK":21664.99948,"USDLBP":89542.525146,"USDLKR":302.445684,"USDLRD":178.49956,"USDLSL":17.329891,"USDLTL":2.95274,"USDLVL":0.60489,"USDLYD":5.414992,"USDMAD":9.029753,"USDMDL":16.645396,"USDMGA":4464.99997,"USDMKD":52.132882,"USDMMK":2099.495416,"USDMNT":3597.873512,"USDMOP":8.011295,"USDMRU":39.919877,"USDMUR":45.270127,"USDMVR":15.309947,"USDMWK":1736.999721,"USDMXN":18.362498,"USDMYR":4.195038,"USDMZN":63.909989,"USDNAD":17.329789,"USDNGN":1488.49968,"USDNIO":36.700773,"USDNOK":9.89893,"USDNPR":141.936797,"USDNZD":1.70927,"USDOMR":0.384504,"USDPAB":1.000318,"USDPEN":3.5025,"USDPGK":4.190903,"USDPHP":57.418502,"USDPKR":281.49985,"USDPLN":3.61043,"USDPYG":7114.872543,"USDQAR":3.640074,"USDRON":4.303302,"USDRSD":99.27602,"USDRUB":83.65209,"USDRWF":1447.5,"USDSAR":3.750784,"USDSBD":8.227135,"USDSCR":15.17578,"USDSDG":601.499624,"USDSEK":9.348215,"USDSGD":1.28456,"USDSHP":0.785843,"USDSLE":23.298401,"USDSLL":20969.503664,"USDSOS":571.498797,"USDSRD":38.169024,"USDSTD":20697.981008,"USDSTN":21.225,"USDSVC":8.752396,"USDSYP":13002.137732,"USDSZL":17.329729,"USDTHB":31.931497,"USDTJS":9.342921,"USDTMT":3.51,"USDTND":2.89875,"USDTOP":2.3421,"USDTRY":41.4326,"USDTTD":6.779086,"USDTWD":30.326982,"USDTZS":2464.999872,"USDUAH":41.385831,"USDUGX":3503.177962,"USDUYU":39.839894,"USDUZS":12200.000392,"USDVES":168.204455,"USDVND":26420,"USDVUV":119.60548,"USDWST":2.683877,"USDXAF":556.25167,"USDXAG":0.022822,"USDXAU":0.000266,"USDXCD":2.70255,"USDXCG":1.802779,"USDXDR":0.692627,"USDXOF":556.507249,"USDXPF":101.401938,"USDYER":239.450305,"USDZAR":17.2707,"USDZMK":9001.198884,"USDZMW":23.582238,"USDZWL":321.999592}}