{"success":true,"terms":"https:\/\/currencylayer.com\/terms","privacy":"https:\/\/currencylayer.com\/privacy","timestamp":1775011087,"source":"USD","quotes":{"USDAED":3.672497,"USDAFN":64.000527,"USDALL":83.250595,"USDAMD":377.160136,"USDANG":1.790083,"USDAOA":916.999794,"USDARS":1382.523904,"USDAUD":1.446477,"USDAWG":1.80125,"USDAZN":1.6841,"USDBAM":1.70594,"USDBBD":2.013154,"USDBDT":122.637848,"USDBGN":1.709309,"USDBHD":0.377515,"USDBIF":2964,"USDBMD":1,"USDBND":1.290401,"USDBOB":6.906447,"USDBRL":5.194702,"USDBSD":0.999512,"USDBTC":1.478425e-5,"USDBTN":95.111495,"USDBWP":13.788472,"USDBYN":2.972354,"USDBYR":19600,"USDBZD":2.010179,"USDCAD":1.39062,"USDCDF":2285.000035,"USDCHF":0.797725,"USDCLF":0.023467,"USDCLP":926.609654,"USDCNY":6.88655,"USDCNH":6.8883,"USDCOP":3683.97,"USDCRC":464.734923,"USDCUC":1,"USDCUP":26.5,"USDCVE":95.875027,"USDCZK":21.2254,"USDDJF":177.719941,"USDDKK":6.46163,"USDDOP":60.097209,"USDDZD":133.248303,"USDEGP":54.526899,"USDERN":15,"USDETB":157.049814,"USDEUR":0.86474,"USDFJD":2.257396,"USDFKP":0.758039,"USDGBP":0.755705,"USDGEL":2.68943,"USDGGP":0.758039,"USDGHS":10.999737,"USDGIP":0.758039,"USDGMD":74.000327,"USDGNF":8775.000318,"USDGTQ":7.64789,"USDGYD":209.174328,"USDHKD":7.839051,"USDHNL":26.602491,"USDHRK":6.514702,"USDHTG":131.185863,"USDHUF":332.360499,"USDIDR":16999,"USDILS":3.15655,"USDIMP":0.758039,"USDINR":93.4111,"USDIQD":1310,"USDIRR":1315874.999926,"USDISK":124.000262,"USDJEP":0.758039,"USDJMD":158.129555,"USDJOD":0.709006,"USDJPY":158.757496,"USDKES":130.000076,"USDKGS":87.450145,"USDKHR":4010.000198,"USDKMF":428.501985,"USDKPW":899.974671,"USDKRW":1508.274961,"USDKWD":0.30956,"USDKYD":0.832908,"USDKZT":476.211659,"USDLAK":21950.000128,"USDLBP":89509.105013,"USDLKR":315.318459,"USDLRD":183.675014,"USDLSL":17.069777,"USDLTL":2.95274,"USDLVL":0.60489,"USDLYD":6.405024,"USDMAD":9.342503,"USDMDL":17.701369,"USDMGA":4178.000004,"USDMKD":53.303761,"USDMMK":2099.498084,"USDMNT":3571.008867,"USDMOP":8.070843,"USDMRU":40.110119,"USDMUR":47.098893,"USDMVR":15.469901,"USDMWK":1737.000258,"USDMXN":17.905397,"USDMYR":4.03197,"USDMZN":63.949431,"USDNAD":17.070288,"USDNGN":1384.030126,"USDNIO":36.730254,"USDNOK":9.675099,"USDNPR":152.178217,"USDNZD":1.742303,"USDOMR":0.384504,"USDPAB":0.999507,"USDPEN":3.49601,"USDPGK":4.389853,"USDPHP":60.364981,"USDPKR":279.183424,"USDPLN":3.707805,"USDPYG":6474.685228,"USDQAR":3.64403,"USDRON":4.407497,"USDRSD":101.568062,"USDRUB":81.296838,"USDRWF":1460,"USDSAR":3.753065,"USDSBD":8.042037,"USDSCR":14.785,"USDSDG":600.999748,"USDSEK":9.456695,"USDSGD":1.285705,"USDSHP":0.750259,"USDSLE":24.550241,"USDSLL":20969.510825,"USDSOS":571.500027,"USDSRD":37.373988,"USDSTD":20697.981008,"USDSTN":21.725,"USDSVC":8.746053,"USDSYP":110.555055,"USDSZL":17.069415,"USDTHB":32.7415,"USDTJS":9.580319,"USDTMT":3.51,"USDTND":2.930025,"USDTOP":2.40776,"USDTRY":44.484695,"USDTTD":6.790468,"USDTWD":31.899302,"USDTZS":2588.311024,"USDUAH":43.911606,"USDUGX":3762.887497,"USDUYU":40.550736,"USDUZS":12195.497058,"USDVES":473.27785,"USDVND":26337.5,"USDVUV":120.343344,"USDWST":2.769273,"USDXAF":572.15615,"USDXAG":0.013474,"USDXAU":0.000214,"USDXCD":2.70255,"USDXCG":1.801363,"USDXDR":0.710952,"USDXOF":570.502468,"USDXPF":104.049695,"USDYER":238.649962,"USDZAR":16.901835,"USDZMK":9001.201234,"USDZMW":19.105686,"USDZWL":321.999592}}