{"success":true,"terms":"https:\/\/currencylayer.com\/terms","privacy":"https:\/\/currencylayer.com\/privacy","timestamp":1757381047,"source":"USD","quotes":{"USDAED":3.672501,"USDAFN":68.189257,"USDALL":82.39947,"USDAMD":382.480717,"USDANG":1.789783,"USDAOA":917.000275,"USDARS":1422.994202,"USDAUD":1.516795,"USDAWG":1.8,"USDAZN":1.700211,"USDBAM":1.667299,"USDBBD":2.007762,"USDBDT":121.658255,"USDBGN":1.66223,"USDBHD":0.37702,"USDBIF":2974.279193,"USDBMD":1,"USDBND":1.280132,"USDBOB":6.932208,"USDBRL":5.422399,"USDBSD":0.996867,"USDBTC":8.969093e-6,"USDBTN":87.703235,"USDBWP":13.347956,"USDBYN":3.370527,"USDBYR":19600,"USDBZD":2.004871,"USDCAD":1.380871,"USDCDF":2874.999719,"USDCHF":0.792755,"USDCLF":0.02474,"USDCLP":970.540241,"USDCNY":7.12985,"USDCNH":7.12148,"USDCOP":3940,"USDCRC":504.129526,"USDCUC":1,"USDCUP":26.5,"USDCVE":94.306841,"USDCZK":20.68265,"USDDJF":177.516503,"USDDKK":6.344585,"USDDOP":63.650208,"USDDZD":129.486988,"USDEGP":48.2514,"USDERN":15,"USDETB":142.199722,"USDEUR":0.849704,"USDFJD":2.244698,"USDFKP":0.741147,"USDGBP":0.73773,"USDGEL":2.695602,"USDGGP":0.741147,"USDGHS":12.110256,"USDGIP":0.741147,"USDGMD":72.509698,"USDGNF":8644.163617,"USDGTQ":7.664733,"USDGYD":209.134113,"USDHKD":7.79305,"USDHNL":26.159912,"USDHRK":6.401197,"USDHTG":130.436076,"USDHUF":334.184498,"USDIDR":16496.8,"USDILS":3.323206,"USDIMP":0.741147,"USDINR":88.02375,"USDIQD":1310,"USDIRR":42050.0003,"USDISK":121.850253,"USDJEP":0.741147,"USDJMD":160.003741,"USDJOD":0.708958,"USDJPY":147.391502,"USDKES":129.498678,"USDKGS":87.450098,"USDKHR":4004.999989,"USDKMF":419.505659,"USDKPW":899.988882,"USDKRW":1386.909986,"USDKWD":0.30525,"USDKYD":0.830751,"USDKZT":533.034086,"USDLAK":21631.662395,"USDLBP":89269.437254,"USDLKR":301.006984,"USDLRD":199.87503,"USDLSL":17.510185,"USDLTL":2.95274,"USDLVL":0.60489,"USDLYD":5.393251,"USDMAD":9.025009,"USDMDL":16.647326,"USDMGA":4477.498557,"USDMKD":52.312558,"USDMMK":2099.802069,"USDMNT":3594.948618,"USDMOP":8.002822,"USDMRU":39.935001,"USDMUR":46.020069,"USDMVR":15.40203,"USDMWK":1736.999702,"USDMXN":18.65188,"USDMYR":4.211971,"USDMZN":63.950205,"USDNAD":17.509982,"USDNGN":1506.589743,"USDNIO":36.683287,"USDNOK":9.980285,"USDNPR":140.324836,"USDNZD":1.68346,"USDOMR":0.384538,"USDPAB":0.999595,"USDPEN":3.51205,"USDPGK":4.162502,"USDPHP":56.753502,"USDPKR":282.861126,"USDPLN":3.611921,"USDPYG":7185.333486,"USDQAR":3.64095,"USDRON":4.309601,"USDRSD":99.540383,"USDRUB":82.474646,"USDRWF":1444.462864,"USDSAR":3.751922,"USDSBD":8.230592,"USDSCR":15.015122,"USDSDG":600.507781,"USDSEK":9.357765,"USDSGD":1.282855,"USDSHP":0.785843,"USDSLE":23.340007,"USDSLL":20969.49797,"USDSOS":571.484438,"USDSRD":39.115501,"USDSTD":20697.981008,"USDSTN":20.828286,"USDSVC":8.722376,"USDSYP":13001.955377,"USDSZL":17.509923,"USDTHB":31.649743,"USDTJS":9.415405,"USDTMT":3.5,"USDTND":2.902368,"USDTOP":2.342097,"USDTRY":41.274197,"USDTTD":6.764517,"USDTWD":30.386028,"USDTZS":2498.591965,"USDUAH":41.126428,"USDUGX":3507.979268,"USDUYU":40.14373,"USDUZS":12449.999763,"USDVES":153.53669,"USDVND":26415,"USDVUV":120.473241,"USDWST":2.775467,"USDXAF":557.65142,"USDXAG":0.024226,"USDXAU":0.000274,"USDXCD":2.70255,"USDXCG":1.796588,"USDXDR":0.693539,"USDXOF":557.65142,"USDXPF":102.050104,"USDYER":239.650079,"USDZAR":17.484905,"USDZMK":9001.199761,"USDZMW":23.89982,"USDZWL":321.999592}}