{"success":true,"terms":"https:\/\/currencylayer.com\/terms","privacy":"https:\/\/currencylayer.com\/privacy","timestamp":1761442683,"source":"USD","quotes":{"USDAED":3.673042,"USDAFN":66.000368,"USDALL":83.000368,"USDAMD":383.050403,"USDANG":1.789982,"USDAOA":917.000367,"USDARS":1489.249043,"USDAUD":1.536334,"USDAWG":1.8,"USDAZN":1.70397,"USDBAM":1.684176,"USDBBD":2.014157,"USDBDT":122.528062,"USDBGN":1.681395,"USDBHD":0.376317,"USDBIF":2950,"USDBMD":1,"USDBND":1.299859,"USDBOB":6.909617,"USDBRL":5.389804,"USDBSD":1.000017,"USDBTC":9.021688e-6,"USDBTN":87.747141,"USDBWP":14.277349,"USDBYN":3.408136,"USDBYR":19600,"USDBZD":2.011229,"USDCAD":1.40025,"USDCDF":2210.000362,"USDCHF":0.795731,"USDCLF":0.024009,"USDCLP":941.850396,"USDCNY":7.12155,"USDCNH":7.12599,"USDCOP":3866.25,"USDCRC":502.204464,"USDCUC":1,"USDCUP":26.5,"USDCVE":95.250394,"USDCZK":20.917104,"USDDJF":177.720393,"USDDKK":6.426504,"USDDOP":64.050393,"USDDZD":130.31704,"USDEGP":47.510429,"USDERN":15,"USDETB":152.12504,"USDEUR":0.860104,"USDFJD":2.271804,"USDFKP":0.752104,"USDGBP":0.751541,"USDGEL":2.71504,"USDGGP":0.752104,"USDGHS":10.87504,"USDGIP":0.752104,"USDGMD":73.503851,"USDGNF":8678.000355,"USDGTQ":7.659651,"USDGYD":209.217415,"USDHKD":7.76985,"USDHNL":26.150388,"USDHRK":6.480504,"USDHTG":130.950331,"USDHUF":335.490388,"USDIDR":16607.55,"USDILS":3.28495,"USDIMP":0.752104,"USDINR":87.82005,"USDIQD":1310,"USDIRR":42075.000352,"USDISK":123.160386,"USDJEP":0.752104,"USDJMD":160.357537,"USDJOD":0.70904,"USDJPY":152.80604,"USDKES":129.203801,"USDKGS":87.450384,"USDKHR":4035.00035,"USDKMF":424.00035,"USDKPW":900.015571,"USDKRW":1438.980383,"USDKWD":0.30664,"USDKYD":0.833391,"USDKZT":538.448953,"USDLAK":21710.000349,"USDLBP":89550.000349,"USDLKR":303.699366,"USDLRD":183.303772,"USDLSL":17.260381,"USDLTL":2.95274,"USDLVL":0.60489,"USDLYD":5.440381,"USDMAD":9.224039,"USDMDL":17.119902,"USDMGA":4530.000347,"USDMKD":53.003913,"USDMMK":2099.397367,"USDMNT":3593.810801,"USDMOP":8.00341,"USDMRU":40.075039,"USDMUR":45.540378,"USDMVR":15.303739,"USDMWK":1736.503736,"USDMXN":18.454604,"USDMYR":4.224039,"USDMZN":63.903729,"USDNAD":17.260377,"USDNGN":1460.230377,"USDNIO":36.603722,"USDNOK":10.001039,"USDNPR":140.395081,"USDNZD":1.739433,"USDOMR":0.383856,"USDPAB":1.000017,"USDPEN":3.384504,"USDPGK":4.216039,"USDPHP":58.755038,"USDPKR":281.000342,"USDPLN":3.65075,"USDPYG":7075.812896,"USDQAR":3.64135,"USDRON":4.374704,"USDRSD":101.002038,"USDRUB":79.61906,"USDRWF":1449.5,"USDSAR":3.750137,"USDSBD":8.223823,"USDSCR":13.985214,"USDSDG":601.503676,"USDSEK":9.401204,"USDSGD":1.299104,"USDSHP":0.750259,"USDSLE":23.160371,"USDSLL":20969.499529,"USDSOS":571.503662,"USDSRD":39.733038,"USDSTD":20697.981008,"USDSTN":21.35,"USDSVC":8.74979,"USDSYP":11057.163837,"USDSZL":17.240369,"USDTHB":32.705038,"USDTJS":9.325055,"USDTMT":3.51,"USDTND":2.931504,"USDTOP":2.342104,"USDTRY":41.946804,"USDTTD":6.788199,"USDTWD":30.848304,"USDTZS":2488.745038,"USDUAH":42.055318,"USDUGX":3479.780931,"USDUYU":39.887021,"USDUZS":12130.000334,"USDVES":212.183365,"USDVND":26305,"USDVUV":122.062583,"USDWST":2.801138,"USDXAF":564.856882,"USDXAG":0.020568,"USDXAU":0.000243,"USDXCD":2.70255,"USDXCG":1.802235,"USDXDR":0.70218,"USDXOF":563.503593,"USDXPF":103.050363,"USDYER":238.903589,"USDZAR":17.260304,"USDZMK":9001.203584,"USDZMW":22.07478,"USDZWL":321.999592}}