{"success":true,"terms":"https:\/\/currencylayer.com\/terms","privacy":"https:\/\/currencylayer.com\/privacy","timestamp":1763516228,"source":"USD","quotes":{"USDAED":3.6725,"USDAFN":65.495361,"USDALL":82.864976,"USDAMD":382.010128,"USDANG":1.790055,"USDAOA":917.00021,"USDARS":1400.488008,"USDAUD":1.538781,"USDAWG":1.8025,"USDAZN":1.704195,"USDBAM":1.687824,"USDBBD":2.013601,"USDBDT":122.269687,"USDBGN":1.688705,"USDBHD":0.377,"USDBIF":2965,"USDBMD":1,"USDBND":1.302157,"USDBOB":6.908217,"USDBRL":5.322801,"USDBSD":0.999767,"USDBTC":1.0845505e-5,"USDBTN":88.49795,"USDBWP":13.386608,"USDBYN":3.411262,"USDBYR":19600,"USDBZD":2.010675,"USDCAD":1.399015,"USDCDF":2224.999767,"USDCHF":0.800015,"USDCLF":0.023768,"USDCLP":932.419841,"USDCNY":7.108017,"USDCNH":7.11186,"USDCOP":3720.84,"USDCRC":500.012945,"USDCUC":1,"USDCUP":26.5,"USDCVE":95.449776,"USDCZK":20.871026,"USDDJF":177.720356,"USDDKK":6.44847,"USDDOP":63.775034,"USDDZD":130.432035,"USDEGP":47.156098,"USDERN":15,"USDETB":154.249949,"USDEUR":0.86342,"USDFJD":2.28315,"USDFKP":0.758851,"USDGBP":0.760945,"USDGEL":2.709555,"USDGGP":0.758851,"USDGHS":11.000201,"USDGIP":0.758851,"USDGMD":73.50624,"USDGNF":8684.999744,"USDGTQ":7.656593,"USDGYD":209.162341,"USDHKD":7.79175,"USDHNL":26.270282,"USDHRK":6.505103,"USDHTG":130.957826,"USDHUF":331.615991,"USDIDR":16734,"USDILS":3.28508,"USDIMP":0.758851,"USDINR":88.55785,"USDIQD":1310,"USDIRR":42112.496354,"USDISK":126.749876,"USDJEP":0.758851,"USDJMD":160.673139,"USDJOD":0.708998,"USDJPY":155.436501,"USDKES":129.750008,"USDKGS":87.448802,"USDKHR":4013.000319,"USDKMF":425.509878,"USDKPW":900.00193,"USDKRW":1464.380369,"USDKWD":0.30698,"USDKYD":0.833125,"USDKZT":519.87055,"USDLAK":21685.000275,"USDLBP":89549.999723,"USDLKR":307.800513,"USDLRD":179.750491,"USDLSL":17.169499,"USDLTL":2.952739,"USDLVL":0.60489,"USDLYD":5.460117,"USDMAD":9.24875,"USDMDL":16.965403,"USDMGA":4484.999987,"USDMKD":53.14187,"USDMMK":2099.607581,"USDMNT":3575.088815,"USDMOP":8.01795,"USDMRU":39.85008,"USDMUR":45.869905,"USDMVR":15.398539,"USDMWK":1736.000016,"USDMXN":18.34265,"USDMYR":4.14901,"USDMZN":63.910098,"USDNAD":17.169573,"USDNGN":1446.110391,"USDNIO":36.75982,"USDNOK":10.11682,"USDNPR":141.596548,"USDNZD":1.771835,"USDOMR":0.384504,"USDPAB":0.999771,"USDPEN":3.368496,"USDPGK":4.196004,"USDPHP":58.879904,"USDPKR":280.6504,"USDPLN":3.663585,"USDPYG":7037.634733,"USDQAR":3.64075,"USDRON":4.393198,"USDRSD":101.180974,"USDRUB":81.073917,"USDRWF":1450,"USDSAR":3.750108,"USDSBD":8.223773,"USDSCR":13.851984,"USDSDG":601.518945,"USDSEK":9.475985,"USDSGD":1.302225,"USDSHP":0.750259,"USDSLE":23.425002,"USDSLL":20969.498139,"USDSOS":571.499962,"USDSRD":38.58797,"USDSTD":20697.981008,"USDSTN":21.45,"USDSVC":8.748069,"USDSYP":11058.466798,"USDSZL":17.169824,"USDTHB":32.380221,"USDTJS":9.227669,"USDTMT":3.51,"USDTND":2.946983,"USDTOP":2.40776,"USDTRY":42.353201,"USDTTD":6.772699,"USDTWD":31.184404,"USDTZS":2432.500451,"USDUAH":42.065371,"USDUGX":3594.328469,"USDUYU":39.783392,"USDUZS":11940.000173,"USDVES":236.54385,"USDVND":26383,"USDVUV":121.999862,"USDWST":2.809808,"USDXAF":566.082855,"USDXAG":0.019696,"USDXAU":0.000246,"USDXCD":2.70255,"USDXCG":1.801855,"USDXDR":0.703819,"USDXOF":566.499197,"USDXPF":103.349938,"USDYER":238.550226,"USDZAR":17.18266,"USDZMK":9001.2023,"USDZMW":22.769069,"USDZWL":321.999592}}