{"success":true,"terms":"https:\/\/currencylayer.com\/terms","privacy":"https:\/\/currencylayer.com\/privacy","timestamp":1784428925,"source":"USD","quotes":{"USDAED":3.672504,"USDAFN":66.000368,"USDALL":81.989424,"USDAMD":365.019011,"USDANG":1.790258,"USDAOA":918.000367,"USDARS":1473.726673,"USDAUD":1.433692,"USDAWG":1.8,"USDAZN":1.70397,"USDBAM":1.709541,"USDBBD":2.011713,"USDBDT":123.123989,"USDBGN":1.717508,"USDBHD":0.376644,"USDBIF":2970.936585,"USDBMD":1,"USDBND":1.289629,"USDBOB":6.923833,"USDBRL":5.109704,"USDBSD":0.99882,"USDBTC":1.5598045e-5,"USDBTN":96.117303,"USDBWP":13.600804,"USDBYN":2.890083,"USDBYR":19600,"USDBZD":2.008741,"USDCAD":1.40255,"USDCDF":2260.000362,"USDCHF":0.807974,"USDCLF":0.023478,"USDCLP":924.015559,"USDCNY":6.77325,"USDCNH":6.77849,"USDCOP":3223.810148,"USDCRC":453.301866,"USDCUC":1,"USDCUP":26.5,"USDCVE":96.381277,"USDCZK":21.170704,"USDDJF":177.859359,"USDDKK":6.53604,"USDDOP":58.537651,"USDDZD":132.945238,"USDEGP":50.489227,"USDERN":15,"USDETB":161.211311,"USDEUR":0.874104,"USDFJD":2.24225,"USDFKP":0.74378,"USDGBP":0.743854,"USDGEL":2.62504,"USDGGP":0.74378,"USDGHS":11.52572,"USDGIP":0.74378,"USDGMD":74.000355,"USDGNF":8760.106639,"USDGTQ":7.620296,"USDGYD":208.959399,"USDHKD":7.84035,"USDHNL":26.748831,"USDHRK":6.587104,"USDHTG":130.544994,"USDHUF":317.240388,"USDIDR":17942.45,"USDILS":3.03755,"USDIMP":0.74378,"USDINR":96.285504,"USDIQD":1308.421835,"USDIRR":1375000.000352,"USDISK":125.360386,"USDJEP":0.74378,"USDJMD":158.218609,"USDJOD":0.70904,"USDJPY":162.44604,"USDKES":129.041563,"USDKGS":87.450384,"USDKHR":4038.28504,"USDKMF":429.00035,"USDKPW":900.000068,"USDKRW":1487.770383,"USDKWD":0.30905,"USDKYD":0.832306,"USDKZT":472.059788,"USDLAK":22537.476509,"USDLBP":89442.332066,"USDLKR":335.649666,"USDLRD":180.778812,"USDLSL":16.483021,"USDLTL":2.95274,"USDLVL":0.60489,"USDLYD":6.37647,"USDMAD":9.318823,"USDMDL":17.563918,"USDMGA":4250.688344,"USDMKD":53.874394,"USDMMK":2099.307387,"USDMNT":3587.552563,"USDMOP":8.065994,"USDMRU":39.812071,"USDMUR":47.150378,"USDMVR":15.460378,"USDMWK":1731.917311,"USDMXN":17.542039,"USDMYR":4.095904,"USDMZN":63.910377,"USDNAD":16.483021,"USDNGN":1379.890377,"USDNIO":36.755387,"USDNOK":9.647404,"USDNPR":153.787859,"USDNZD":1.70984,"USDOMR":0.384118,"USDPAB":0.99882,"USDPEN":3.388051,"USDPGK":4.463966,"USDPHP":61.674038,"USDPKR":277.715834,"USDPLN":3.79305,"USDPYG":6053.931209,"USDQAR":3.650889,"USDRON":4.573038,"USDRSD":102.582929,"USDRUB":78.283292,"USDRWF":1470.739915,"USDSAR":3.757145,"USDSBD":8.071362,"USDSCR":13.409029,"USDSDG":600.503676,"USDSEK":9.646704,"USDSGD":1.291604,"USDSHP":0.746601,"USDSLE":24.375038,"USDSLL":20969.507346,"USDSOS":570.779249,"USDSRD":37.611038,"USDSTD":20697.981008,"USDSTN":21.415148,"USDSVC":8.739129,"USDSYP":110.532098,"USDSZL":16.470434,"USDTHB":33.630369,"USDTJS":9.22888,"USDTMT":3.51,"USDTND":2.949259,"USDTOP":2.40776,"USDTRY":47.142504,"USDTTD":6.78292,"USDTWD":32.413104,"USDTZS":2636.860277,"USDUAH":44.614833,"USDUGX":3690.398147,"USDUYU":40.146847,"USDUZS":11995.979197,"USDVES":724.839804,"USDVND":26295,"USDVUV":118.962561,"USDWST":2.742673,"USDXAF":573.363926,"USDXAG":0.017879,"USDXAU":0.000249,"USDXCD":2.70255,"USDXCG":1.800096,"USDXDR":0.713081,"USDXOF":573.363926,"USDXPF":104.243696,"USDYER":238.603589,"USDZAR":16.02795,"USDZMK":9001.203584,"USDZMW":18.202876,"USDZWL":321.999592}}