{"success":true,"terms":"https:\/\/currencylayer.com\/terms","privacy":"https:\/\/currencylayer.com\/privacy","timestamp":1769132827,"source":"USD","quotes":{"USDAED":3.672499,"USDAFN":65.490753,"USDALL":82.240219,"USDAMD":379.079941,"USDANG":1.79008,"USDAOA":916.999877,"USDARS":1429.250096,"USDAUD":1.460665,"USDAWG":1.8015,"USDAZN":1.701041,"USDBAM":1.670938,"USDBBD":2.013618,"USDBDT":122.300253,"USDBGN":1.67937,"USDBHD":0.377,"USDBIF":2960,"USDBMD":1,"USDBND":1.283201,"USDBOB":6.9233,"USDBRL":5.285502,"USDBSD":0.999761,"USDBTC":1.11499e-5,"USDBTN":91.537775,"USDBWP":13.288568,"USDBYN":2.827802,"USDBYR":19600,"USDBZD":2.010782,"USDCAD":1.378931,"USDCDF":2180.00041,"USDCHF":0.789505,"USDCLF":0.022078,"USDCLP":871.75008,"USDCNY":6.973602,"USDCNH":6.960897,"USDCOP":3600,"USDCRC":493.387328,"USDCUC":1,"USDCUP":26.5,"USDCVE":94.150204,"USDCZK":20.65485,"USDDJF":177.720199,"USDDKK":6.356635,"USDDOP":63.104108,"USDDZD":129.668998,"USDEGP":47.053991,"USDERN":15,"USDETB":155.349771,"USDEUR":0.85107,"USDFJD":2.250295,"USDFKP":0.744743,"USDGBP":0.740815,"USDGEL":2.689356,"USDGGP":0.744743,"USDGHS":10.875027,"USDGIP":0.744743,"USDGMD":72.99977,"USDGNF":8749.999949,"USDGTQ":7.66819,"USDGYD":209.157195,"USDHKD":7.79783,"USDHNL":26.459926,"USDHRK":6.413304,"USDHTG":130.968552,"USDHUF":325.104034,"USDIDR":16826.95,"USDILS":3.136525,"USDIMP":0.744743,"USDINR":91.576499,"USDIQD":1310,"USDIRR":42125.000158,"USDISK":124.259923,"USDJEP":0.744743,"USDJMD":157.422596,"USDJOD":0.708983,"USDJPY":158.619503,"USDKES":129.000073,"USDKGS":87.449747,"USDKHR":4031.000021,"USDKMF":419.999937,"USDKPW":899.921314,"USDKRW":1468.529852,"USDKWD":0.30709,"USDKYD":0.83317,"USDKZT":505.9014,"USDLAK":21589.999793,"USDLBP":85550.000049,"USDLKR":309.709223,"USDLRD":185.450033,"USDLSL":16.204975,"USDLTL":2.952739,"USDLVL":0.60489,"USDLYD":6.380645,"USDMAD":9.174973,"USDMDL":17.065409,"USDMGA":4514.999803,"USDMKD":52.418034,"USDMMK":2099.975741,"USDMNT":3566.94706,"USDMOP":8.02961,"USDMRU":39.865011,"USDMUR":46.101894,"USDMVR":15.449877,"USDMWK":1733.999815,"USDMXN":17.45575,"USDMYR":4.022497,"USDMZN":63.910029,"USDNAD":16.205027,"USDNGN":1420.130215,"USDNIO":36.699256,"USDNOK":9.84512,"USDNPR":146.469199,"USDNZD":1.689895,"USDOMR":0.384506,"USDPAB":0.99971,"USDPEN":3.355501,"USDPGK":4.1945,"USDPHP":59.059934,"USDPKR":279.907358,"USDPLN":3.57422,"USDPYG":6737.406876,"USDQAR":3.64125,"USDRON":4.333098,"USDRSD":99.929762,"USDRUB":76.002587,"USDRWF":1453,"USDSAR":3.749782,"USDSBD":8.123611,"USDSCR":14.45452,"USDSDG":601.505413,"USDSEK":9.00555,"USDSGD":1.280335,"USDSHP":0.750259,"USDSLE":24.409472,"USDSLL":20969.499267,"USDSOS":566.000138,"USDSRD":38.215995,"USDSTD":20697.981008,"USDSTN":21.275,"USDSVC":8.747656,"USDSYP":11059.574895,"USDSZL":16.144981,"USDTHB":31.159441,"USDTJS":9.32745,"USDTMT":3.5,"USDTND":2.87275,"USDTOP":2.40776,"USDTRY":43.344597,"USDTTD":6.786959,"USDTWD":31.592098,"USDTZS":2544.999745,"USDUAH":43.201408,"USDUGX":3494.083978,"USDUYU":38.223471,"USDUZS":12135.000263,"USDVES":352.265415,"USDVND":26269.5,"USDVUV":120.50659,"USDWST":2.766851,"USDXAF":560.4147,"USDXAG":0.010115,"USDXAU":0.000202,"USDXCD":2.70255,"USDXCG":1.801817,"USDXDR":0.697951,"USDXOF":559.495387,"USDXPF":101.875025,"USDYER":238.297369,"USDZAR":16.10875,"USDZMK":9001.206089,"USDZMW":19.969416,"USDZWL":321.999592}}