{"success":true,"terms":"https:\/\/currencylayer.com\/terms","privacy":"https:\/\/currencylayer.com\/privacy","timestamp":1768701248,"source":"USD","quotes":{"USDAED":3.672504,"USDAFN":65.503991,"USDALL":83.322563,"USDAMD":380.250743,"USDANG":1.79008,"USDAOA":916.000367,"USDARS":1429.503978,"USDAUD":1.489425,"USDAWG":1.8,"USDAZN":1.70397,"USDBAM":1.685235,"USDBBD":2.016544,"USDBDT":122.459179,"USDBGN":1.67937,"USDBHD":0.375856,"USDBIF":2964.19801,"USDBMD":1,"USDBND":1.288872,"USDBOB":6.918272,"USDBRL":5.369204,"USDBSD":1.001249,"USDBTC":1.0479549e-5,"USDBTN":90.83538,"USDBWP":13.372108,"USDBYN":2.88751,"USDBYR":19600,"USDBZD":2.0137,"USDCAD":1.391704,"USDCDF":2175.000362,"USDCHF":0.80266,"USDCLF":0.022456,"USDCLP":886.690396,"USDCNY":6.96885,"USDCNH":6.967445,"USDCOP":3690.233079,"USDCRC":489.336952,"USDCUC":1,"USDCUP":26.5,"USDCVE":95.010986,"USDCZK":20.91615,"USDDJF":178.294774,"USDDKK":6.441504,"USDDOP":63.788721,"USDDZD":129.915988,"USDEGP":47.100082,"USDERN":15,"USDETB":156.231959,"USDEUR":0.861604,"USDFJD":2.279504,"USDFKP":0.74734,"USDGBP":0.747077,"USDGEL":2.690391,"USDGGP":0.74734,"USDGHS":10.848305,"USDGIP":0.74734,"USDGMD":74.000355,"USDGNF":8765.671449,"USDGTQ":7.676533,"USDGYD":209.435182,"USDHKD":7.79735,"USDHNL":26.404722,"USDHRK":6.495904,"USDHTG":131.153332,"USDHUF":332.103831,"USDIDR":16909.1,"USDILS":3.145104,"USDIMP":0.74734,"USDINR":90.870387,"USDIQD":1311.619491,"USDIRR":42125.000158,"USDISK":125.980386,"USDJEP":0.74734,"USDJMD":158.002671,"USDJOD":0.70904,"USDJPY":158.19504,"USDKES":129.15428,"USDKGS":87.450384,"USDKHR":4030.847443,"USDKMF":425.00035,"USDKPW":900.016233,"USDKRW":1473.570383,"USDKWD":0.30798,"USDKYD":0.834346,"USDKZT":511.981388,"USDLAK":21649.218043,"USDLBP":89660.247297,"USDLKR":310.163285,"USDLRD":180.724656,"USDLSL":16.394037,"USDLTL":2.95274,"USDLVL":0.60489,"USDLYD":5.440524,"USDMAD":9.218129,"USDMDL":17.165999,"USDMGA":4652.966266,"USDMKD":53.039507,"USDMMK":2100.078143,"USDMNT":3564.787687,"USDMOP":8.043859,"USDMRU":40.089613,"USDMUR":46.303741,"USDMVR":15.460378,"USDMWK":1736.15958,"USDMXN":17.625904,"USDMYR":4.057504,"USDMZN":63.903729,"USDNAD":16.394037,"USDNGN":1418.830377,"USDNIO":36.8446,"USDNOK":10.095204,"USDNPR":145.336263,"USDNZD":1.738526,"USDOMR":0.383361,"USDPAB":1.001249,"USDPEN":3.364353,"USDPGK":4.277282,"USDPHP":59.430375,"USDPKR":280.206626,"USDPLN":3.63815,"USDPYG":6843.307053,"USDQAR":3.640429,"USDRON":4.388704,"USDRSD":101.107234,"USDRUB":77.894102,"USDRWF":1459.825083,"USDSAR":3.749586,"USDSBD":8.123611,"USDSCR":15.263453,"USDSDG":601.503676,"USDSEK":9.221904,"USDSGD":1.288604,"USDSHP":0.750259,"USDSLE":24.150371,"USDSLL":20969.499267,"USDSOS":571.194692,"USDSRD":38.358504,"USDSTD":20697.981008,"USDSTN":21.11068,"USDSVC":8.760501,"USDSYP":11059.574895,"USDSZL":16.398259,"USDTHB":31.410369,"USDTJS":9.30645,"USDTMT":3.51,"USDTND":2.936625,"USDTOP":2.40776,"USDTRY":43.277504,"USDTTD":6.798501,"USDTWD":31.623038,"USDTZS":2523.114041,"USDUAH":43.417001,"USDUGX":3559.519193,"USDUYU":38.748869,"USDUZS":11983.973116,"USDVES":341.315304,"USDVND":26275,"USDVUV":121.162309,"USDWST":2.790202,"USDXAF":565.212184,"USDXAG":0.011095,"USDXAU":0.000218,"USDXCD":2.70255,"USDXCG":1.804489,"USDXDR":0.702943,"USDXOF":565.212184,"USDXPF":102.761622,"USDYER":238.475037,"USDZAR":16.40716,"USDZMK":9001.203584,"USDZMW":20.099953,"USDZWL":321.999592}}