{"success":true,"terms":"https:\/\/currencylayer.com\/terms","privacy":"https:\/\/currencylayer.com\/privacy","timestamp":1753321625,"source":"USD","quotes":{"USDAED":3.672498,"USDAFN":68.835699,"USDALL":82.942769,"USDAMD":382.160734,"USDANG":1.789699,"USDAOA":916.99995,"USDARS":1258.499998,"USDAUD":1.513155,"USDAWG":1.8025,"USDAZN":1.700912,"USDBAM":1.662085,"USDBBD":2.012153,"USDBDT":121.473764,"USDBGN":1.663195,"USDBHD":0.376951,"USDBIF":2970.098454,"USDBMD":1,"USDBND":1.273216,"USDBOB":6.886149,"USDBRL":5.516989,"USDBSD":0.996503,"USDBTC":8.400185e-6,"USDBTN":86.101197,"USDBWP":13.299737,"USDBYN":3.261378,"USDBYR":19600,"USDBZD":2.001785,"USDCAD":1.36023,"USDCDF":2885.999758,"USDCHF":0.791802,"USDCLF":0.02418,"USDCLP":948.56017,"USDCNY":7.160158,"USDCNH":7.148905,"USDCOP":4038.05,"USDCRC":503.435411,"USDCUC":1,"USDCUP":26.5,"USDCVE":93.704588,"USDCZK":20.880901,"USDDJF":177.273171,"USDDKK":6.33756,"USDDOP":60.320468,"USDDZD":129.630401,"USDEGP":49.093799,"USDERN":15,"USDETB":136.160158,"USDEUR":0.849102,"USDFJD":2.234202,"USDFKP":0.739701,"USDGBP":0.73615,"USDGEL":2.710065,"USDGGP":0.739701,"USDGHS":10.413604,"USDGIP":0.739701,"USDGMD":72.000197,"USDGNF":8646.103772,"USDGTQ":7.648379,"USDGYD":208.374939,"USDHKD":7.849755,"USDHNL":26.093829,"USDHRK":6.397402,"USDHTG":130.761223,"USDHUF":338.427026,"USDIDR":16245.55,"USDILS":3.336415,"USDIMP":0.739701,"USDINR":86.342698,"USDIQD":1305.4138,"USDIRR":42112.500541,"USDISK":120.739615,"USDJEP":0.739701,"USDJMD":159.851791,"USDJOD":0.708968,"USDJPY":145.918023,"USDKES":128.701257,"USDKGS":87.373103,"USDKHR":3994.136268,"USDKMF":420.498695,"USDKPW":900.052032,"USDKRW":1369.39594,"USDKWD":0.30507,"USDKYD":0.83044,"USDKZT":536.302025,"USDLAK":21481.837148,"USDLBP":89291.633026,"USDLKR":300.642042,"USDLRD":199.801142,"USDLSL":17.49931,"USDLTL":2.95274,"USDLVL":0.60489,"USDLYD":5.38873,"USDMAD":8.962021,"USDMDL":16.851149,"USDMGA":4402.085467,"USDMKD":52.315354,"USDMMK":2099.10076,"USDMNT":3586.375403,"USDMOP":8.056751,"USDMRU":39.551633,"USDMUR":45.350603,"USDMVR":15.399972,"USDMWK":1727.946019,"USDMXN":18.539499,"USDMYR":4.2195,"USDMZN":63.959749,"USDNAD":17.499161,"USDNGN":1523.019857,"USDNIO":36.669882,"USDNOK":10.098475,"USDNPR":137.76233,"USDNZD":1.65192,"USDOMR":0.384514,"USDPAB":0.996507,"USDPEN":3.552007,"USDPGK":4.18878,"USDPHP":56.660496,"USDPKR":283.70438,"USDPLN":3.610032,"USDPYG":7464.411677,"USDQAR":3.632864,"USDRON":4.307298,"USDRSD":99.460006,"USDRUB":78.399681,"USDRWF":1440.450746,"USDSAR":3.75164,"USDSBD":8.285095,"USDSCR":14.415725,"USDSDG":600.501294,"USDSEK":9.498275,"USDSGD":1.275505,"USDSHP":0.785843,"USDSLE":22.950447,"USDSLL":20969.503947,"USDSOS":569.466693,"USDSRD":36.447021,"USDSTD":20697.981008,"USDSTN":20.820675,"USDSVC":8.719189,"USDSYP":13001.960335,"USDSZL":17.491066,"USDTHB":32.126945,"USDTJS":9.561408,"USDTMT":3.51,"USDTND":2.909164,"USDTOP":2.3421,"USDTRY":40.459704,"USDTTD":6.762838,"USDTWD":29.2753,"USDTZS":2605.000139,"USDUAH":41.668883,"USDUGX":3577.726317,"USDUYU":40.060507,"USDUZS":12659.819922,"USDVES":120.273399,"USDVND":26137.5,"USDVUV":120.0608,"USDWST":2.636089,"USDXAF":557.44764,"USDXAG":0.025538,"USDXAU":0.000295,"USDXCD":2.70255,"USDXCG":1.795932,"USDXDR":0.693286,"USDXOF":557.44764,"USDXPF":101.349945,"USDYER":240.949709,"USDZAR":17.52903,"USDZMK":9001.198831,"USDZMW":23.14537,"USDZWL":321.999592}}