{"success":true,"terms":"https:\/\/currencylayer.com\/terms","privacy":"https:\/\/currencylayer.com\/privacy","timestamp":1783653545,"source":"USD","quotes":{"USDAED":3.672498,"USDAFN":65.000371,"USDALL":81.997308,"USDAMD":365.731069,"USDANG":1.790403,"USDAOA":918.000127,"USDARS":1487.490236,"USDAUD":1.436198,"USDAWG":1.8025,"USDAZN":1.693995,"USDBAM":1.709713,"USDBBD":2.011294,"USDBDT":123.075175,"USDBGN":1.69088,"USDBHD":0.376755,"USDBIF":2975.356884,"USDBMD":1,"USDBND":1.291955,"USDBOB":6.923833,"USDBRL":5.135198,"USDBSD":0.998654,"USDBTC":1.5663976e-5,"USDBTN":95.200217,"USDBWP":13.561026,"USDBYN":2.854158,"USDBYR":19600,"USDBZD":2.008322,"USDCAD":1.41405,"USDCDF":2255.999862,"USDCHF":0.803601,"USDCLF":0.023561,"USDCLP":927.289774,"USDCNY":6.79285,"USDCNH":6.78078,"USDCOP":3302.61,"USDCRC":454.291159,"USDCUC":1,"USDCUP":26.5,"USDCVE":96.384647,"USDCZK":21.165403,"USDDJF":177.824012,"USDDKK":6.52522,"USDDOP":58.716061,"USDDZD":133.04908,"USDEGP":49.614596,"USDERN":15,"USDETB":161.173535,"USDEUR":0.87292,"USDFJD":2.2292,"USDFKP":0.748461,"USDGBP":0.743745,"USDGEL":2.639899,"USDGGP":0.748461,"USDGHS":11.408117,"USDGIP":0.748461,"USDGMD":73.000012,"USDGNF":8758.326486,"USDGTQ":7.618815,"USDGYD":208.886985,"USDHKD":7.83699,"USDHNL":26.733859,"USDHRK":6.591097,"USDHTG":130.690386,"USDHUF":311.285977,"USDIDR":18057,"USDILS":3.01535,"USDIMP":0.748461,"USDINR":95.27655,"USDIQD":1308.2037,"USDIRR":1374999.999822,"USDISK":125.199323,"USDJEP":0.748461,"USDJMD":158.831448,"USDJOD":0.709023,"USDJPY":161.426985,"USDKES":129.259819,"USDKGS":87.44797,"USDKHR":4031.73285,"USDKMF":430.999791,"USDKPW":900.00035,"USDKRW":1508.335024,"USDKWD":0.30936,"USDKYD":0.832204,"USDKZT":466.838586,"USDLAK":22529.929324,"USDLBP":89424.141895,"USDLKR":334.901001,"USDLRD":181.230933,"USDLSL":16.384966,"USDLTL":2.95274,"USDLVL":0.60489,"USDLYD":6.388447,"USDMAD":9.337978,"USDMDL":17.540179,"USDMGA":4270.328863,"USDMKD":53.806003,"USDMMK":2099.680263,"USDMNT":3586.661257,"USDMOP":8.060336,"USDMRU":39.862585,"USDMUR":47.12981,"USDMVR":15.460437,"USDMWK":1731.498802,"USDMXN":17.50328,"USDMYR":4.063503,"USDMZN":63.909594,"USDNAD":16.384894,"USDNGN":1375.459766,"USDNIO":36.750661,"USDNOK":9.687704,"USDNPR":152.324341,"USDNZD":1.727695,"USDOMR":0.384502,"USDPAB":0.998584,"USDPEN":3.39697,"USDPGK":4.391685,"USDPHP":61.524996,"USDPKR":277.585625,"USDPLN":3.78092,"USDPYG":6074.619298,"USDQAR":3.640178,"USDRON":4.570103,"USDRSD":102.44101,"USDRUB":76.001048,"USDRWF":1468.382314,"USDSAR":3.75568,"USDSBD":8.065041,"USDSCR":12.147159,"USDSDG":600.496859,"USDSEK":9.629298,"USDSGD":1.290205,"USDSHP":0.746601,"USDSLE":24.349874,"USDSLL":20969.503664,"USDSOS":570.639347,"USDSRD":37.601003,"USDSTD":20697.981008,"USDSTN":21.417301,"USDSVC":8.737308,"USDSYP":110.532098,"USDSZL":16.379356,"USDTHB":33.291501,"USDTJS":9.231475,"USDTMT":3.51,"USDTND":2.95146,"USDTOP":2.40776,"USDTRY":46.965899,"USDTTD":6.77652,"USDTWD":32.069497,"USDTZS":2630.998022,"USDUAH":44.450321,"USDUGX":3680.327296,"USDUYU":40.14825,"USDUZS":11992.814277,"USDVES":699.349603,"USDVND":26287.5,"USDVUV":119.753426,"USDWST":2.775484,"USDXAF":573.39901,"USDXAG":0.016516,"USDXAU":0.000242,"USDXCD":2.70255,"USDXCG":1.799737,"USDXDR":0.713149,"USDXOF":573.41906,"USDXPF":104.249163,"USDYER":237.09908,"USDZAR":16.27729,"USDZMK":9001.192558,"USDZMW":17.999283,"USDZWL":321.999592}}