{"success":true,"terms":"https:\/\/currencylayer.com\/terms","privacy":"https:\/\/currencylayer.com\/privacy","timestamp":1756344245,"source":"USD","quotes":{"USDAED":3.672497,"USDAFN":69.501261,"USDALL":84.174946,"USDAMD":382.250278,"USDANG":1.789783,"USDAOA":917.000269,"USDARS":1351.000102,"USDAUD":1.53552,"USDAWG":1.8025,"USDAZN":1.719283,"USDBAM":1.688422,"USDBBD":2.013873,"USDBDT":121.680652,"USDBGN":1.67945,"USDBHD":0.377041,"USDBIF":2953,"USDBMD":1,"USDBND":1.289231,"USDBOB":6.907209,"USDBRL":5.417802,"USDBSD":0.999599,"USDBTC":8.965795e-6,"USDBTN":87.778411,"USDBWP":13.486366,"USDBYN":3.396857,"USDBYR":19600,"USDBZD":2.010437,"USDCAD":1.378285,"USDCDF":2869.999911,"USDCHF":0.801605,"USDCLF":0.024692,"USDCLP":968.669783,"USDCNY":7.154014,"USDCNH":7.14924,"USDCOP":4029.11,"USDCRC":503.295593,"USDCUC":1,"USDCUP":26.5,"USDCVE":95.250562,"USDCZK":21.06085,"USDDJF":177.719929,"USDDKK":6.41078,"USDDOP":63.125033,"USDDZD":129.929847,"USDEGP":48.647398,"USDERN":15,"USDETB":142.899887,"USDEUR":0.85881,"USDFJD":2.2615,"USDFKP":0.741734,"USDGBP":0.74059,"USDGEL":2.694967,"USDGGP":0.741734,"USDGHS":11.149961,"USDGIP":0.741734,"USDGMD":71.50292,"USDGNF":8680.000426,"USDGTQ":7.662557,"USDGYD":209.052375,"USDHKD":7.79027,"USDHNL":26.410073,"USDHRK":6.468599,"USDHTG":130.840153,"USDHUF":340.452502,"USDIDR":16347.15,"USDILS":3.329103,"USDIMP":0.741734,"USDINR":87.624803,"USDIQD":1310,"USDIRR":42062.505187,"USDISK":122.809699,"USDJEP":0.741734,"USDJMD":159.751718,"USDJOD":0.709014,"USDJPY":147.336017,"USDKES":129.500254,"USDKGS":87.349769,"USDKHR":4006.00041,"USDKMF":423.499353,"USDKPW":900.015419,"USDKRW":1389.535029,"USDKWD":0.30554,"USDKYD":0.833078,"USDKZT":539.029317,"USDLAK":21675.000012,"USDLBP":89549.999874,"USDLKR":302.142684,"USDLRD":202.000077,"USDLSL":17.690498,"USDLTL":2.95274,"USDLVL":0.60489,"USDLYD":5.425014,"USDMAD":9.07375,"USDMDL":16.524295,"USDMGA":4462.49594,"USDMKD":52.87625,"USDMMK":2099.054675,"USDMNT":3597.17449,"USDMOP":8.014451,"USDMRU":39.950145,"USDMUR":46.029899,"USDMVR":15.397327,"USDMWK":1736.999949,"USDMXN":18.647355,"USDMYR":4.227052,"USDMZN":63.886468,"USDNAD":17.689967,"USDNGN":1536.770326,"USDNIO":36.809944,"USDNOK":10.0784,"USDNPR":140.445112,"USDNZD":1.707196,"USDOMR":0.384513,"USDPAB":0.999607,"USDPEN":3.551499,"USDPGK":4.145601,"USDPHP":57.033503,"USDPKR":281.850262,"USDPLN":3.662884,"USDPYG":7225.732933,"USDQAR":3.64085,"USDRON":4.350603,"USDRSD":100.630255,"USDRUB":80.351757,"USDRWF":1445,"USDSAR":3.752276,"USDSBD":8.210319,"USDSCR":15.051649,"USDSDG":600.50203,"USDSEK":9.52699,"USDSGD":1.285145,"USDSHP":0.785843,"USDSLE":23.289526,"USDSLL":20969.49797,"USDSOS":571.507104,"USDSRD":38.500568,"USDSTD":20697.981008,"USDSTN":21.4,"USDSVC":8.746849,"USDSYP":13002.232772,"USDSZL":17.690015,"USDTHB":32.399098,"USDTJS":9.521606,"USDTMT":3.51,"USDTND":2.884497,"USDTOP":2.342098,"USDTRY":41.054803,"USDTTD":6.796707,"USDTWD":30.5223,"USDTZS":2502.031973,"USDUAH":41.295021,"USDUGX":3561.932387,"USDUYU":39.978936,"USDUZS":12449.999872,"USDVES":144.192755,"USDVND":26376,"USDVUV":119.58468,"USDWST":2.776302,"USDXAF":566.283221,"USDXAG":0.025848,"USDXAU":0.000295,"USDXCD":2.70255,"USDXCG":1.801599,"USDXDR":0.701052,"USDXOF":563.51793,"USDXPF":103.050111,"USDYER":240.149891,"USDZAR":17.68967,"USDZMK":9001.201488,"USDZMW":23.366757,"USDZWL":321.999592}}