{"success":true,"terms":"https:\/\/currencylayer.com\/terms","privacy":"https:\/\/currencylayer.com\/privacy","timestamp":1774146067,"source":"USD","quotes":{"USDAED":3.672504,"USDAFN":63.000368,"USDALL":82.776172,"USDAMD":376.396497,"USDANG":1.790083,"USDAOA":917.000367,"USDARS":1391.503978,"USDAUD":1.422273,"USDAWG":1.8025,"USDAZN":1.70397,"USDBAM":1.687271,"USDBBD":2.010611,"USDBDT":122.494932,"USDBGN":1.709309,"USDBHD":0.377087,"USDBIF":2954.923867,"USDBMD":1,"USDBND":1.276711,"USDBOB":6.898158,"USDBRL":5.313404,"USDBSD":0.998318,"USDBTC":1.427777e-5,"USDBTN":93.32787,"USDBWP":13.612561,"USDBYN":3.028771,"USDBYR":19600,"USDBZD":2.007764,"USDCAD":1.37265,"USDCDF":2275.000362,"USDCHF":0.78844,"USDCLF":0.023504,"USDCLP":928.050396,"USDCNY":6.886404,"USDCNH":6.906095,"USDCOP":3669.412932,"USDCRC":466.289954,"USDCUC":1,"USDCUP":26.5,"USDCVE":95.125739,"USDCZK":21.149204,"USDDJF":177.768192,"USDDKK":6.457504,"USDDOP":59.25894,"USDDZD":132.24804,"USDEGP":51.758616,"USDERN":15,"USDETB":157.330889,"USDEUR":0.862704,"USDFJD":2.21445,"USDFKP":0.75164,"USDGBP":0.749681,"USDGEL":2.71504,"USDGGP":0.75164,"USDGHS":10.882112,"USDGIP":0.75164,"USDGMD":73.503851,"USDGNF":8750.377432,"USDGTQ":7.646983,"USDGYD":208.85994,"USDHKD":7.83525,"USDHNL":26.423673,"USDHRK":6.511304,"USDHTG":130.966657,"USDHUF":339.680388,"USDIDR":16956.2,"USDILS":3.109125,"USDIMP":0.75164,"USDINR":94.01055,"USDIQD":1307.768624,"USDIRR":1315625.000352,"USDISK":124.270386,"USDJEP":0.75164,"USDJMD":156.839063,"USDJOD":0.70904,"USDJPY":159.240385,"USDKES":129.327524,"USDKGS":87.447904,"USDKHR":3989.129966,"USDKMF":427.00035,"USDKPW":899.870128,"USDKRW":1505.310383,"USDKWD":0.30657,"USDKYD":0.831903,"USDKZT":479.946513,"USDLAK":21437.260061,"USDLBP":89404.995039,"USDLKR":311.417849,"USDLRD":182.685589,"USDLSL":16.84053,"USDLTL":2.95274,"USDLVL":0.60489,"USDLYD":6.39089,"USDMAD":9.328473,"USDMDL":17.385153,"USDMGA":4162.53289,"USDMKD":53.176897,"USDMMK":2099.940821,"USDMNT":3585.542519,"USDMOP":8.05806,"USDMRU":39.961178,"USDMUR":46.510378,"USDMVR":15.460378,"USDMWK":1731.096062,"USDMXN":17.898204,"USDMYR":3.939039,"USDMZN":63.903729,"USDNAD":16.84053,"USDNGN":1356.250377,"USDNIO":36.733814,"USDNOK":9.569995,"USDNPR":149.324936,"USDNZD":1.712622,"USDOMR":0.384504,"USDPAB":0.998318,"USDPEN":3.451408,"USDPGK":4.309192,"USDPHP":60.150375,"USDPKR":278.721304,"USDPLN":3.69475,"USDPYG":6520.295044,"USDQAR":3.65052,"USDRON":4.401504,"USDRSD":101.324246,"USDRUB":82.822413,"USDRWF":1452.529871,"USDSAR":3.754657,"USDSBD":8.05166,"USDSCR":13.69771,"USDSDG":601.000339,"USDSEK":9.344038,"USDSGD":1.282504,"USDSHP":0.750259,"USDSLE":24.575038,"USDSLL":20969.510825,"USDSOS":570.504249,"USDSRD":37.487504,"USDSTD":20697.981008,"USDSTN":21.136177,"USDSVC":8.734849,"USDSYP":110.536894,"USDSZL":16.845965,"USDTHB":32.908038,"USDTJS":9.588492,"USDTMT":3.51,"USDTND":2.948367,"USDTOP":2.40776,"USDTRY":44.252504,"USDTTD":6.773066,"USDTWD":32.036704,"USDTZS":2595.522581,"USDUAH":43.73308,"USDUGX":3773.454687,"USDUYU":40.227753,"USDUZS":12170.987361,"USDVES":454.69063,"USDVND":26312,"USDVUV":119.352434,"USDWST":2.727514,"USDXAF":565.894837,"USDXAG":0.01471,"USDXAU":0.000222,"USDXCD":2.70255,"USDXCG":1.799163,"USDXDR":0.703792,"USDXOF":565.894837,"USDXPF":102.885735,"USDYER":238.603589,"USDZAR":17.12748,"USDZMK":9001.203584,"USDZMW":19.491869,"USDZWL":321.999592}}