{"success":true,"terms":"https:\/\/currencylayer.com\/terms","privacy":"https:\/\/currencylayer.com\/privacy","timestamp":1769824746,"source":"USD","quotes":{"USDAED":3.672504,"USDAFN":65.000368,"USDALL":81.503989,"USDAMD":382.046352,"USDANG":1.79008,"USDAOA":917.000367,"USDARS":1454.205304,"USDAUD":1.436604,"USDAWG":1.8025,"USDAZN":1.70397,"USDBAM":1.649455,"USDBBD":2.029737,"USDBDT":123.148285,"USDBGN":1.67937,"USDBHD":0.378939,"USDBIF":2985.612118,"USDBMD":1,"USDBND":1.276271,"USDBOB":6.963701,"USDBRL":5.256504,"USDBSD":1.007742,"USDBTC":1.1865345e-5,"USDBTN":92.542537,"USDBWP":13.186081,"USDBYN":2.870311,"USDBYR":19600,"USDBZD":2.026785,"USDCAD":1.36245,"USDCDF":2265.000362,"USDCHF":0.772641,"USDCLF":0.021943,"USDCLP":866.430396,"USDCNY":6.95175,"USDCNH":6.958845,"USDCOP":3673.85,"USDCRC":499.021691,"USDCUC":1,"USDCUP":26.5,"USDCVE":92.99413,"USDCZK":20.528504,"USDDJF":179.452147,"USDDKK":6.301804,"USDDOP":62.750393,"USDDZD":129.66404,"USDEGP":47.16015,"USDERN":15,"USDETB":156.549944,"USDEUR":0.843604,"USDFJD":2.20465,"USDFKP":0.72493,"USDGBP":0.730353,"USDGEL":2.69504,"USDGGP":0.72493,"USDGHS":10.94504,"USDGIP":0.72493,"USDGMD":73.000355,"USDGNF":8750.000355,"USDGTQ":7.729481,"USDGYD":210.833924,"USDHKD":7.80995,"USDHNL":26.460388,"USDHRK":6.357904,"USDHTG":131.886111,"USDHUF":321.690388,"USDIDR":16773.5,"USDILS":3.090404,"USDIMP":0.72493,"USDINR":91.68255,"USDIQD":1310.5,"USDIRR":42125.000158,"USDISK":122.310386,"USDJEP":0.72493,"USDJMD":157.920926,"USDJOD":0.70904,"USDJPY":154.74504,"USDKES":129.000351,"USDKGS":87.450384,"USDKHR":4022.503796,"USDKMF":415.00035,"USDKPW":900.082848,"USDKRW":1450.790383,"USDKWD":0.30692,"USDKYD":0.839824,"USDKZT":506.837589,"USDLAK":21500.000349,"USDLBP":85550.000349,"USDLKR":311.650305,"USDLRD":185.250382,"USDLSL":16.140381,"USDLTL":2.95274,"USDLVL":0.60489,"USDLYD":6.323584,"USDMAD":9.141281,"USDMDL":16.950039,"USDMGA":4437.503755,"USDMKD":51.992914,"USDMMK":2100.046126,"USDMNT":3567.707788,"USDMOP":8.103937,"USDMRU":39.910379,"USDMUR":45.430378,"USDMVR":15.460378,"USDMWK":1737.000345,"USDMXN":17.466039,"USDMYR":3.942039,"USDMZN":63.760377,"USDNAD":16.00108,"USDNGN":1386.480377,"USDNIO":36.703722,"USDNOK":9.649039,"USDNPR":148.068684,"USDNZD":1.660854,"USDOMR":0.386483,"USDPAB":1.007746,"USDPEN":3.369504,"USDPGK":4.274504,"USDPHP":58.915038,"USDPKR":280.075038,"USDPLN":3.55595,"USDPYG":6750.328914,"USDQAR":3.641038,"USDRON":4.299904,"USDRSD":98.796038,"USDRUB":76.383399,"USDRWF":1470.330263,"USDSAR":3.751091,"USDSBD":8.051613,"USDSCR":14.510793,"USDSDG":601.503676,"USDSEK":8.925404,"USDSGD":1.269904,"USDSHP":0.750259,"USDSLE":24.325038,"USDSLL":20969.499267,"USDSOS":571.503662,"USDSRD":38.050504,"USDSTD":20697.981008,"USDSTN":20.662551,"USDSVC":8.81739,"USDSYP":11059.574895,"USDSZL":16.140369,"USDTHB":31.560369,"USDTJS":9.407364,"USDTMT":3.5,"USDTND":2.845038,"USDTOP":2.40776,"USDTRY":43.427204,"USDTTD":6.842256,"USDTWD":31.598038,"USDTZS":2575.000335,"USDUAH":43.192322,"USDUGX":3602.874203,"USDUYU":39.10704,"USDUZS":12319.888676,"USDVES":345.94141,"USDVND":25940,"USDVUV":119.608569,"USDWST":2.714397,"USDXAF":553.214081,"USDXAG":0.011814,"USDXAU":0.000206,"USDXCD":2.70255,"USDXCG":1.816303,"USDXDR":0.688021,"USDXOF":553.214081,"USDXPF":100.580238,"USDYER":238.325037,"USDZAR":16.14349,"USDZMK":9001.203584,"USDZMW":19.777013,"USDZWL":321.999592}}