{"success":true,"terms":"https:\/\/currencylayer.com\/terms","privacy":"https:\/\/currencylayer.com\/privacy","timestamp":1766627044,"source":"USD","quotes":{"USDAED":3.672497,"USDAFN":66.379449,"USDALL":81.856268,"USDAMD":381.459906,"USDANG":1.790403,"USDAOA":916.999646,"USDARS":1450.462992,"USDAUD":1.491335,"USDAWG":1.80025,"USDAZN":1.706022,"USDBAM":1.658674,"USDBBD":2.014358,"USDBDT":122.21671,"USDBGN":1.660504,"USDBHD":0.377225,"USDBIF":2957.76141,"USDBMD":1,"USDBND":1.284077,"USDBOB":6.926234,"USDBRL":5.521501,"USDBSD":1.00014,"USDBTC":1.1443049e-5,"USDBTN":89.856547,"USDBWP":13.14687,"USDBYN":2.919259,"USDBYR":19600,"USDBZD":2.011466,"USDCAD":1.367605,"USDCDF":2199.999786,"USDCHF":0.788565,"USDCLF":0.023065,"USDCLP":904.840475,"USDCNY":7.028502,"USDCNH":7.00831,"USDCOP":3743.8,"USDCRC":499.518715,"USDCUC":1,"USDCUP":26.5,"USDCVE":93.513465,"USDCZK":20.600098,"USDDJF":177.720227,"USDDKK":6.343725,"USDDOP":62.690023,"USDDZD":129.439466,"USDEGP":47.548499,"USDERN":15,"USDETB":155.604932,"USDEUR":0.84928,"USDFJD":2.269201,"USDFKP":0.741553,"USDGBP":0.740975,"USDGEL":2.68497,"USDGGP":0.741553,"USDGHS":11.126753,"USDGIP":0.741553,"USDGMD":74.498872,"USDGNF":8741.153473,"USDGTQ":7.662397,"USDGYD":209.237241,"USDHKD":7.776215,"USDHNL":26.362545,"USDHRK":6.3975,"USDHTG":130.951927,"USDHUF":330.138012,"USDIDR":16729.15,"USDILS":3.185982,"USDIMP":0.741553,"USDINR":89.82965,"USDIQD":1310.19773,"USDIRR":42124.999862,"USDISK":125.698072,"USDJEP":0.741553,"USDJMD":159.532199,"USDJOD":0.709022,"USDJPY":156.01597,"USDKES":128.950021,"USDKGS":87.45006,"USDKHR":4008.85391,"USDKMF":417.999713,"USDKPW":900.017709,"USDKRW":1444.449754,"USDKWD":0.30719,"USDKYD":0.833489,"USDKZT":514.029352,"USDLAK":21644.588429,"USDLBP":89561.205624,"USDLKR":309.599834,"USDLRD":177.018844,"USDLSL":16.645168,"USDLTL":2.95274,"USDLVL":0.60489,"USDLYD":5.412442,"USDMAD":9.124909,"USDMDL":16.777482,"USDMGA":4573.672337,"USDMKD":52.285777,"USDMMK":2099.828827,"USDMNT":3555.150915,"USDMOP":8.011093,"USDMRU":39.604456,"USDMUR":45.950221,"USDMVR":15.449775,"USDMWK":1734.230032,"USDMXN":17.93969,"USDMYR":4.044983,"USDMZN":63.910158,"USDNAD":16.645168,"USDNGN":1450.450406,"USDNIO":36.806642,"USDNOK":10.006865,"USDNPR":143.770645,"USDNZD":1.71416,"USDOMR":0.384496,"USDPAB":1.000136,"USDPEN":3.365433,"USDPGK":4.319268,"USDPHP":58.787502,"USDPKR":280.16122,"USDPLN":3.57948,"USDPYG":6777.849865,"USDQAR":3.645469,"USDRON":4.325199,"USDRSD":99.56604,"USDRUB":78.999707,"USDRWF":1456.65485,"USDSAR":3.750695,"USDSBD":8.153391,"USDSCR":15.233419,"USDSDG":601.497632,"USDSEK":9.171285,"USDSGD":1.284155,"USDSHP":0.750259,"USDSLE":24.075026,"USDSLL":20969.503664,"USDSOS":570.585342,"USDSRD":38.335498,"USDSTD":20697.981008,"USDSTN":20.777943,"USDSVC":8.75133,"USDSYP":11056.879194,"USDSZL":16.631683,"USDTHB":31.070222,"USDTJS":9.19119,"USDTMT":3.51,"USDTND":2.909675,"USDTOP":2.40776,"USDTRY":42.846199,"USDTTD":6.803263,"USDTWD":31.442302,"USDTZS":2473.446982,"USDUAH":42.191946,"USDUGX":3610.273633,"USDUYU":39.087976,"USDUZS":12053.751267,"USDVES":288.088835,"USDVND":26320,"USDVUV":121.140543,"USDWST":2.788621,"USDXAF":556.301203,"USDXAG":0.013898,"USDXAU":0.000223,"USDXCD":2.70255,"USDXCG":1.802508,"USDXDR":0.691025,"USDXOF":556.303562,"USDXPF":101.141939,"USDYER":238.450059,"USDZAR":16.667498,"USDZMK":9001.14249,"USDZMW":22.577472,"USDZWL":321.999592}}