{"success":true,"terms":"https:\/\/currencylayer.com\/terms","privacy":"https:\/\/currencylayer.com\/privacy","timestamp":1784687884,"source":"USD","quotes":{"USDAED":3.672496,"USDAFN":66.502192,"USDALL":82.146255,"USDAMD":366.005507,"USDANG":1.790258,"USDAOA":917.503963,"USDARS":1477.741,"USDAUD":1.42755,"USDAWG":1.8,"USDAZN":1.706258,"USDBAM":1.71499,"USDBBD":2.017003,"USDBDT":123.472596,"USDBGN":1.717508,"USDBHD":0.377663,"USDBIF":2985.189797,"USDBMD":1,"USDBND":1.291793,"USDBOB":6.923833,"USDBRL":5.088595,"USDBSD":1.001399,"USDBTC":1.5092711e-5,"USDBTN":96.323284,"USDBWP":14.306321,"USDBYN":2.895989,"USDBYR":19600,"USDBZD":2.014021,"USDCAD":1.410535,"USDCDF":2258.498726,"USDCHF":0.812695,"USDCLF":0.023748,"USDCLP":934.669941,"USDCNY":6.76605,"USDCNH":6.77054,"USDCOP":3229.2,"USDCRC":454.300333,"USDCUC":1,"USDCUP":26.5,"USDCVE":96.688062,"USDCZK":21.20655,"USDDJF":178.331382,"USDDKK":6.553575,"USDDOP":58.521529,"USDDZD":133.198295,"USDEGP":51.027402,"USDERN":15,"USDETB":161.633177,"USDEUR":0.876703,"USDFJD":2.2218,"USDFKP":0.74518,"USDGBP":0.747103,"USDGEL":2.620202,"USDGGP":0.74518,"USDGHS":11.60625,"USDGIP":0.74518,"USDGMD":72.999573,"USDGNF":8786.159606,"USDGTQ":7.638414,"USDGYD":209.475456,"USDHKD":7.84005,"USDHNL":26.819184,"USDHRK":6.605039,"USDHTG":130.880457,"USDHUF":317.656026,"USDIDR":17898.45,"USDILS":3.049204,"USDIMP":0.74518,"USDINR":96.36625,"USDIQD":1311.890847,"USDIRR":1375175.000092,"USDISK":125.370065,"USDJEP":0.74518,"USDJMD":158.712902,"USDJOD":0.708962,"USDJPY":163.104503,"USDKES":129.346008,"USDKGS":87.449996,"USDKHR":4045.842358,"USDKMF":432.000177,"USDKPW":900.000068,"USDKRW":1480.560364,"USDKWD":0.31022,"USDKYD":0.834521,"USDKZT":468.715336,"USDLAK":22641.658336,"USDLBP":89677.176091,"USDLKR":336.79697,"USDLRD":181.257782,"USDLSL":16.463712,"USDLTL":2.95274,"USDLVL":0.60489,"USDLYD":6.419649,"USDMAD":9.389962,"USDMDL":17.620056,"USDMGA":4295.296129,"USDMKD":53.993502,"USDMMK":2099.580573,"USDMNT":3587.192397,"USDMOP":8.088547,"USDMRU":40.015433,"USDMUR":47.260531,"USDMVR":15.449748,"USDMWK":1736.26759,"USDMXN":17.396679,"USDMYR":4.0945,"USDMZN":63.90203,"USDNAD":16.463568,"USDNGN":1380.749695,"USDNIO":36.85452,"USDNOK":9.625355,"USDNPR":154.11758,"USDNZD":1.71575,"USDOMR":0.3845,"USDPAB":1.001385,"USDPEN":3.401306,"USDPGK":4.478135,"USDPHP":61.791496,"USDPKR":278.219668,"USDPLN":3.794205,"USDPYG":6075.911628,"USDQAR":3.650409,"USDRON":4.592005,"USDRSD":102.909007,"USDRUB":78.299333,"USDRWF":1474.902459,"USDSAR":3.755997,"USDSBD":8.074664,"USDSCR":13.431337,"USDSDG":600.500088,"USDSEK":9.701165,"USDSGD":1.29193,"USDSHP":0.746601,"USDSLE":24.350233,"USDSLL":20969.507346,"USDSOS":572.267766,"USDSRD":37.712499,"USDSTD":20697.981008,"USDSTN":21.483125,"USDSVC":8.7626,"USDSYP":110.532098,"USDSZL":16.461696,"USDTHB":33.765498,"USDTJS":9.257993,"USDTMT":3.5,"USDTND":2.962417,"USDTOP":2.40776,"USDTRY":47.216302,"USDTTD":6.798402,"USDTWD":32.304797,"USDTZS":2637.503018,"USDUAH":44.818026,"USDUGX":3720.559092,"USDUYU":40.265867,"USDUZS":12004.401906,"USDVES":736.310497,"USDVND":26337,"USDVUV":119.397476,"USDWST":2.744997,"USDXAF":575.123405,"USDXAG":0.016729,"USDXAU":0.000242,"USDXCD":2.70255,"USDXCG":1.804782,"USDXDR":0.715269,"USDXOF":575.196531,"USDXPF":104.575966,"USDYER":238.549763,"USDZAR":16.4464,"USDZMK":9001.202368,"USDZMW":18.351375,"USDZWL":321.999592}}