{"success":true,"terms":"https:\/\/currencylayer.com\/terms","privacy":"https:\/\/currencylayer.com\/privacy","timestamp":1753408025,"source":"USD","quotes":{"USDAED":3.672501,"USDAFN":68.85052,"USDALL":82.98914,"USDAMD":383.849727,"USDANG":1.789699,"USDAOA":917.000285,"USDARS":1272.989199,"USDAUD":1.51844,"USDAWG":1.802,"USDAZN":1.699354,"USDBAM":1.663859,"USDBBD":2.018112,"USDBDT":122.190462,"USDBGN":1.663301,"USDBHD":0.376915,"USDBIF":2979.114382,"USDBMD":1,"USDBND":1.277048,"USDBOB":6.907083,"USDBRL":5.521698,"USDBSD":0.999528,"USDBTC":8.522098e-6,"USDBTN":86.33301,"USDBWP":13.358175,"USDBYN":3.271074,"USDBYR":19600,"USDBZD":2.007733,"USDCAD":1.36492,"USDCDF":2888.999892,"USDCHF":0.796555,"USDCLF":0.024223,"USDCLP":950.250119,"USDCNY":7.154011,"USDCNH":7.15846,"USDCOP":4073.76,"USDCRC":504.574863,"USDCUC":1,"USDCUP":26.5,"USDCVE":93.805031,"USDCZK":20.90595,"USDDJF":177.811996,"USDDKK":6.356955,"USDDOP":60.649371,"USDDZD":129.449527,"USDEGP":49.056702,"USDERN":15,"USDETB":137.864638,"USDEUR":0.851598,"USDFJD":2.23975,"USDFKP":0.736975,"USDGBP":0.74072,"USDGEL":2.709877,"USDGGP":0.736975,"USDGHS":10.445272,"USDGIP":0.736975,"USDGMD":71.99999,"USDGNF":8671.572589,"USDGTQ":7.671039,"USDGYD":209.118132,"USDHKD":7.849715,"USDHNL":26.173066,"USDHRK":6.4149,"USDHTG":131.167903,"USDHUF":337.819653,"USDIDR":16326.85,"USDILS":3.338798,"USDIMP":0.736975,"USDINR":86.46555,"USDIQD":1309.35974,"USDIRR":42112.502618,"USDISK":121.097519,"USDJEP":0.736975,"USDJMD":160.033009,"USDJOD":0.708986,"USDJPY":147.411497,"USDKES":129.139926,"USDKGS":87.302702,"USDKHR":4005.30865,"USDKMF":418.503643,"USDKPW":900.010167,"USDKRW":1376.229662,"USDKWD":0.30519,"USDKYD":0.832947,"USDKZT":542.534231,"USDLAK":21546.458408,"USDLBP":89557.660651,"USDLKR":301.677641,"USDLRD":200.407502,"USDLSL":17.619923,"USDLTL":2.95274,"USDLVL":0.60489,"USDLYD":5.394507,"USDMAD":8.977251,"USDMDL":16.80718,"USDMGA":4406.841664,"USDMKD":52.370987,"USDMMK":2098.835857,"USDMNT":3590.448147,"USDMOP":8.081687,"USDMRU":39.751754,"USDMUR":45.25039,"USDMVR":15.387957,"USDMWK":1733.215931,"USDMXN":18.55315,"USDMYR":4.222,"USDMZN":63.959964,"USDNAD":17.61941,"USDNGN":1527.359707,"USDNIO":36.785912,"USDNOK":10.132902,"USDNPR":138.134919,"USDNZD":1.659355,"USDOMR":0.38451,"USDPAB":0.999524,"USDPEN":3.554268,"USDPGK":4.203497,"USDPHP":56.848009,"USDPKR":283.989672,"USDPLN":3.623148,"USDPYG":7486.462689,"USDQAR":3.654453,"USDRON":4.317402,"USDRSD":99.748974,"USDRUB":79.986377,"USDRWF":1444.814517,"USDSAR":3.751527,"USDSBD":8.285095,"USDSCR":14.456846,"USDSDG":600.495489,"USDSEK":9.543335,"USDSGD":1.278915,"USDSHP":0.785843,"USDSLE":22.949732,"USDSLL":20969.503947,"USDSOS":571.273007,"USDSRD":36.590504,"USDSTD":20697.981008,"USDSTN":20.843081,"USDSVC":8.745475,"USDSYP":13001.987434,"USDSZL":17.605023,"USDTHB":32.269861,"USDTJS":9.495557,"USDTMT":3.51,"USDTND":2.913413,"USDTOP":2.342096,"USDTRY":40.527005,"USDTTD":6.793056,"USDTWD":29.439496,"USDTZS":2569.999751,"USDUAH":41.760695,"USDUGX":3586.680959,"USDUYU":39.976009,"USDUZS":12756.708012,"USDVES":120.273395,"USDVND":26127.5,"USDVUV":119.8073,"USDWST":2.748807,"USDXAF":558.04993,"USDXAG":0.025544,"USDXAU":0.000297,"USDXCD":2.70255,"USDXCG":1.801422,"USDXDR":0.694035,"USDXOF":558.045183,"USDXPF":101.458153,"USDYER":240.950341,"USDZAR":17.62466,"USDZMK":9001.201816,"USDZMW":23.312675,"USDZWL":321.999592}}