{"success":true,"terms":"https:\/\/currencylayer.com\/terms","privacy":"https:\/\/currencylayer.com\/privacy","timestamp":1781150344,"source":"USD","quotes":{"USDAED":3.672505,"USDAFN":62.506089,"USDALL":82.268889,"USDAMD":368.440075,"USDANG":1.79046,"USDAOA":918.000165,"USDARS":1433.2444,"USDAUD":1.428225,"USDAWG":1.8025,"USDAZN":1.743978,"USDBAM":1.693693,"USDBBD":2.014921,"USDBDT":122.796611,"USDBGN":1.66992,"USDBHD":0.377311,"USDBIF":2990.171033,"USDBMD":1,"USDBND":1.288152,"USDBOB":6.913185,"USDBRL":5.193102,"USDBSD":1.000403,"USDBTC":1.5961666e-5,"USDBTN":95.308075,"USDBWP":13.585625,"USDBYN":2.753744,"USDBYR":19600,"USDBZD":2.012029,"USDCAD":1.393875,"USDCDF":2275.999659,"USDCHF":0.798695,"USDCLF":0.023266,"USDCLP":915.680344,"USDCNY":6.77275,"USDCNH":6.776435,"USDCOP":3560.42,"USDCRC":458.79862,"USDCUC":1,"USDCUP":26.5,"USDCVE":95.489441,"USDCZK":20.94695,"USDDJF":177.720291,"USDDKK":6.47396,"USDDOP":58.367359,"USDDZD":133.624002,"USDEGP":51.821398,"USDERN":15,"USDETB":161.28556,"USDEUR":0.866169,"USDFJD":2.22325,"USDFKP":0.74691,"USDGBP":0.747497,"USDGEL":2.650045,"USDGGP":0.74691,"USDGHS":11.654471,"USDGIP":0.74691,"USDGMD":72.999656,"USDGNF":8763.91553,"USDGTQ":7.62586,"USDGYD":209.300714,"USDHKD":7.83615,"USDHNL":26.74553,"USDHRK":6.525405,"USDHTG":130.850267,"USDHUF":308.916501,"USDIDR":17963,"USDILS":2.96846,"USDIMP":0.74691,"USDINR":95.56625,"USDIQD":1310.581032,"USDIRR":1375175.000305,"USDISK":124.210043,"USDJEP":0.74691,"USDJMD":157.972903,"USDJOD":0.709044,"USDJPY":160.526985,"USDKES":129.469874,"USDKGS":87.449101,"USDKHR":4025.979649,"USDKMF":427.000426,"USDKPW":899.855249,"USDKRW":1526.140115,"USDKWD":0.30934,"USDKYD":0.833687,"USDKZT":488.019052,"USDLAK":22029.010608,"USDLBP":89585.884391,"USDLKR":333.14137,"USDLRD":182.074042,"USDLSL":16.574885,"USDLTL":2.95274,"USDLVL":0.60489,"USDLYD":6.386553,"USDMAD":9.263956,"USDMDL":17.411561,"USDMGA":4196.561175,"USDMKD":53.37935,"USDMMK":2098.917128,"USDMNT":3576.283338,"USDMOP":8.074908,"USDMRU":40.001386,"USDMUR":47.859729,"USDMVR":15.460236,"USDMWK":1734.747781,"USDMXN":17.392445,"USDMYR":4.067501,"USDMZN":63.916407,"USDNAD":16.574885,"USDNGN":1360.450184,"USDNIO":36.813004,"USDNOK":9.46234,"USDNPR":152.492747,"USDNZD":1.725375,"USDOMR":0.384493,"USDPAB":1.00039,"USDPEN":3.401414,"USDPGK":4.446831,"USDPHP":61.260494,"USDPKR":278.390107,"USDPLN":3.682197,"USDPYG":6178.85334,"USDQAR":3.647566,"USDRON":4.534598,"USDRSD":101.667064,"USDRUB":72.254667,"USDRWF":1467.590388,"USDSAR":3.754433,"USDSBD":8.045573,"USDSCR":13.24125,"USDSDG":600.501691,"USDSEK":9.501455,"USDSGD":1.287199,"USDSHP":0.746601,"USDSLE":24.650125,"USDSLL":20969.502105,"USDSOS":571.725482,"USDSRD":37.361016,"USDSTD":20697.981008,"USDSTN":21.216989,"USDSVC":8.753524,"USDSYP":110.532098,"USDSZL":16.570686,"USDTHB":32.929839,"USDTJS":9.358614,"USDTMT":3.51,"USDTND":2.936345,"USDTOP":2.40776,"USDTRY":46.150796,"USDTTD":6.790185,"USDTWD":31.717995,"USDTZS":2620.00303,"USDUAH":45.079173,"USDUGX":3766.232079,"USDUYU":40.528077,"USDUZS":12059.909849,"USDVES":566.973195,"USDVND":26320.5,"USDVUV":119.492286,"USDWST":2.744995,"USDXAF":568.051093,"USDXAG":0.015732,"USDXAU":0.000245,"USDXCD":2.70255,"USDXCG":1.80298,"USDXDR":0.706825,"USDXOF":568.041255,"USDXPF":103.277319,"USDYER":238.649931,"USDZAR":16.54635,"USDZMK":9001.199356,"USDZMW":17.33189,"USDZWL":321.999592}}