{"success":true,"terms":"https:\/\/currencylayer.com\/terms","privacy":"https:\/\/currencylayer.com\/privacy","timestamp":1759109108,"source":"USD","quotes":{"USDAED":3.672498,"USDAFN":67.031814,"USDALL":82.526549,"USDAMD":381.45605,"USDANG":1.790403,"USDAOA":916.999549,"USDARS":1333.3267,"USDAUD":1.527114,"USDAWG":1.40625,"USDAZN":1.697463,"USDBAM":1.668273,"USDBBD":2.003668,"USDBDT":121.149827,"USDBGN":1.668586,"USDBHD":0.375214,"USDBIF":2929.879791,"USDBMD":1,"USDBND":1.28757,"USDBOB":6.874227,"USDBRL":5.349802,"USDBSD":0.994839,"USDBTC":8.911623e-6,"USDBTN":88.201476,"USDBWP":13.341524,"USDBYN":3.37058,"USDBYR":19600,"USDBZD":2.000853,"USDCAD":1.39328,"USDCDF":2726.000022,"USDCHF":0.797025,"USDCLF":0.024472,"USDCLP":960.010123,"USDCNY":7.13375,"USDCNH":7.13377,"USDCOP":3901.11,"USDCRC":502.589303,"USDCUC":1,"USDCUP":26.5,"USDCVE":94.054677,"USDCZK":20.71825,"USDDJF":177.156992,"USDDKK":6.37109,"USDDOP":61.81055,"USDDZD":130.056393,"USDEGP":47.907963,"USDERN":15,"USDETB":144.099716,"USDEUR":0.85354,"USDFJD":2.26405,"USDFKP":0.746283,"USDGBP":0.74531,"USDGEL":2.701261,"USDGGP":0.746283,"USDGHS":12.335907,"USDGIP":0.746283,"USDGMD":71.999932,"USDGNF":8633.854607,"USDGTQ":7.625709,"USDGYD":208.103382,"USDHKD":7.78083,"USDHNL":26.125089,"USDHRK":6.430504,"USDHTG":130.198869,"USDHUF":333.795498,"USDIDR":16688.5,"USDILS":3.357545,"USDIMP":0.746283,"USDINR":88.689024,"USDIQD":1303.279737,"USDIRR":42075.000088,"USDISK":121.019995,"USDJEP":0.746283,"USDJMD":159.316799,"USDJOD":0.708976,"USDJPY":149.171992,"USDKES":128.485521,"USDKGS":87.449848,"USDKHR":3988.465443,"USDKMF":420.999708,"USDKPW":899.999925,"USDKRW":1405.554955,"USDKWD":0.30561,"USDKYD":0.829019,"USDKZT":542.184501,"USDLAK":21553.2904,"USDLBP":89087.900371,"USDLKR":300.985201,"USDLRD":180.06568,"USDLSL":17.384484,"USDLTL":2.95274,"USDLVL":0.60489,"USDLYD":5.380646,"USDMAD":9.058472,"USDMDL":16.673348,"USDMGA":4436.36798,"USDMKD":52.535506,"USDMMK":2099.332934,"USDMNT":3596.268999,"USDMOP":7.972193,"USDMRU":39.59885,"USDMUR":45.780387,"USDMVR":15.309996,"USDMWK":1725.405885,"USDMXN":18.35115,"USDMYR":4.216014,"USDMZN":63.910227,"USDNAD":17.384484,"USDNGN":1483.219776,"USDNIO":36.617099,"USDNOK":9.96526,"USDNPR":141.149019,"USDNZD":1.732755,"USDOMR":0.385542,"USDPAB":0.994839,"USDPEN":3.486246,"USDPGK":4.16848,"USDPHP":58.058005,"USDPKR":281.920777,"USDPLN":3.644565,"USDPYG":7049.942423,"USDQAR":3.637139,"USDRON":4.333102,"USDRSD":99.970145,"USDRUB":83.24549,"USDRWF":1442.758056,"USDSAR":3.750597,"USDSBD":8.230592,"USDSCR":14.76227,"USDSDG":600.49782,"USDSEK":9.400665,"USDSGD":1.291035,"USDSHP":0.785843,"USDSLE":23.350041,"USDSLL":20969.503664,"USDSOS":568.622934,"USDSRD":38.278949,"USDSTD":20697.981008,"USDSTN":20.902118,"USDSVC":8.704738,"USDSYP":13001.822186,"USDSZL":17.382031,"USDTHB":32.266025,"USDTJS":9.316672,"USDTMT":3.51,"USDTND":2.911417,"USDTOP":2.342102,"USDTRY":41.571699,"USDTTD":6.75225,"USDTWD":30.445975,"USDTZS":2454.999729,"USDUAH":41.25626,"USDUGX":3476.777413,"USDUYU":39.698042,"USDUZS":12137.160404,"USDVES":173.5189,"USDVND":26410,"USDVUV":119.780077,"USDWST":2.797993,"USDXAF":559.628198,"USDXAG":0.021747,"USDXAU":0.000265,"USDXCD":2.70255,"USDXCG":1.79298,"USDXDR":0.695998,"USDXOF":559.52318,"USDXPF":101.7273,"USDYER":239.319959,"USDZAR":17.33675,"USDZMK":9001.199699,"USDZMW":23.57743,"USDZWL":321.999592}}