{"success":true,"terms":"https:\/\/currencylayer.com\/terms","privacy":"https:\/\/currencylayer.com\/privacy","timestamp":1761182705,"source":"USD","quotes":{"USDAED":3.6725,"USDAFN":66.253926,"USDALL":83.19403,"USDAMD":381.889543,"USDANG":1.789982,"USDAOA":917.000116,"USDARS":1488.501654,"USDAUD":1.540476,"USDAWG":1.8025,"USDAZN":1.698403,"USDBAM":1.685257,"USDBBD":2.010719,"USDBDT":122.090243,"USDBGN":1.686347,"USDBHD":0.377012,"USDBIF":2942.940355,"USDBMD":1,"USDBND":1.297155,"USDBOB":6.898513,"USDBRL":5.403921,"USDBSD":0.998328,"USDBTC":9.244408e-6,"USDBTN":87.616594,"USDBWP":14.344185,"USDBYN":3.401894,"USDBYR":19600,"USDBZD":2.00779,"USDCAD":1.399455,"USDCDF":2533.489513,"USDCHF":0.79683,"USDCLF":0.024223,"USDCLP":950.250369,"USDCNY":7.12645,"USDCNH":7.125335,"USDCOP":3911.2,"USDCRC":501.059851,"USDCUC":1,"USDCUP":26.5,"USDCVE":95.011396,"USDCZK":20.94302,"USDDJF":177.770693,"USDDKK":6.43769,"USDDOP":63.461837,"USDDZD":130.485982,"USDEGP":47.567402,"USDERN":15,"USDETB":149.938391,"USDEUR":0.86193,"USDFJD":2.298897,"USDFKP":0.746932,"USDGBP":0.74949,"USDGEL":2.709629,"USDGGP":0.746932,"USDGHS":10.78205,"USDGIP":0.746932,"USDGMD":71.999664,"USDGNF":8664.931842,"USDGTQ":7.647269,"USDGYD":208.859669,"USDHKD":7.771295,"USDHNL":26.234339,"USDHRK":6.494002,"USDHTG":130.628845,"USDHUF":335.651989,"USDIDR":16615,"USDILS":3.296501,"USDIMP":0.746932,"USDINR":87.785903,"USDIQD":1307.758922,"USDIRR":42075.000022,"USDISK":122.389702,"USDJEP":0.746932,"USDJMD":160.537336,"USDJOD":0.709021,"USDJPY":152.372502,"USDKES":128.929994,"USDKGS":87.45033,"USDKHR":4024.850501,"USDKMF":424.000093,"USDKPW":899.983694,"USDKRW":1432.820175,"USDKWD":0.30659,"USDKYD":0.831944,"USDKZT":537.969721,"USDLAK":21673.718043,"USDLBP":89399.153835,"USDLKR":302.861624,"USDLRD":182.690029,"USDLSL":17.450906,"USDLTL":2.95274,"USDLVL":0.604889,"USDLYD":5.429369,"USDMAD":9.237424,"USDMDL":17.021533,"USDMGA":4466.024437,"USDMKD":53.095973,"USDMMK":2099.355417,"USDMNT":3595.175057,"USDMOP":7.990022,"USDMRU":39.942613,"USDMUR":45.460206,"USDMVR":15.300592,"USDMWK":1731.090699,"USDMXN":18.444135,"USDMYR":4.229909,"USDMZN":63.899408,"USDNAD":17.450906,"USDNGN":1463.020335,"USDNIO":36.741517,"USDNOK":10.027975,"USDNPR":140.187327,"USDNZD":1.74215,"USDOMR":0.384499,"USDPAB":0.998328,"USDPEN":3.387748,"USDPGK":4.200631,"USDPHP":58.487496,"USDPKR":282.835318,"USDPLN":3.649515,"USDPYG":7072.569666,"USDQAR":3.639325,"USDRON":4.379897,"USDRSD":101.044009,"USDRUB":81.499662,"USDRWF":1449.583814,"USDSAR":3.750431,"USDSBD":8.230592,"USDSCR":13.560125,"USDSDG":601.496542,"USDSEK":9.41552,"USDSGD":1.298665,"USDSHP":0.750259,"USDSLE":23.169728,"USDSLL":20969.499529,"USDSOS":570.51028,"USDSRD":39.640502,"USDSTD":20697.981008,"USDSTN":21.110862,"USDSVC":8.735626,"USDSYP":12941.902158,"USDSZL":17.450497,"USDTHB":32.826018,"USDTJS":9.20934,"USDTMT":3.51,"USDTND":2.936207,"USDTOP":2.342104,"USDTRY":41.985302,"USDTTD":6.776214,"USDTWD":30.764301,"USDTZS":2490.393978,"USDUAH":41.708343,"USDUGX":3481.999759,"USDUYU":39.748395,"USDUZS":11990.969721,"USDVES":210.019645,"USDVND":26347.5,"USDVUV":121.742072,"USDWST":2.806609,"USDXAF":565.217054,"USDXAG":0.020661,"USDXAU":0.000244,"USDXCD":2.70255,"USDXCG":1.79917,"USDXDR":0.702949,"USDXOF":565.217054,"USDXPF":102.762507,"USDYER":238.904684,"USDZAR":17.429298,"USDZMK":9001.192727,"USDZMW":22.387185,"USDZWL":321.999592}}