{"success":true,"terms":"https:\/\/currencylayer.com\/terms","privacy":"https:\/\/currencylayer.com\/privacy","timestamp":1754358738,"source":"USD","quotes":{"USDAED":3.6725,"USDAFN":68.76261,"USDALL":84.176146,"USDAMD":384.012167,"USDANG":1.789699,"USDAOA":916.999937,"USDARS":1357.482402,"USDAUD":1.54647,"USDAWG":1.8025,"USDAZN":1.70004,"USDBAM":1.68999,"USDBBD":2.019208,"USDBDT":121.914654,"USDBGN":1.690097,"USDBHD":0.377003,"USDBIF":2981.556447,"USDBMD":1,"USDBND":1.287636,"USDBOB":6.925752,"USDBRL":5.497502,"USDBSD":1.000056,"USDBTC":8.714445e-6,"USDBTN":87.626866,"USDBWP":14.293553,"USDBYN":3.280727,"USDBYR":19600,"USDBZD":2.008753,"USDCAD":1.377435,"USDCDF":2889.999897,"USDCHF":0.808705,"USDCLF":0.024644,"USDCLP":966.780037,"USDCNY":7.17875,"USDCNH":7.17855,"USDCOP":4098.65,"USDCRC":505.307544,"USDCUC":1,"USDCUP":26.5,"USDCVE":95.281507,"USDCZK":21.254974,"USDDJF":178.081541,"USDDKK":6.45132,"USDDOP":60.182405,"USDDZD":130.154173,"USDEGP":48.453303,"USDERN":15,"USDETB":138.623964,"USDEUR":0.86447,"USDFJD":2.263015,"USDFKP":0.753073,"USDGBP":0.75228,"USDGEL":2.701579,"USDGGP":0.753073,"USDGHS":10.501393,"USDGIP":0.753073,"USDGMD":72.502091,"USDGNF":8674.388563,"USDGTQ":7.675191,"USDGYD":209.232896,"USDHKD":7.849905,"USDHNL":26.279157,"USDHRK":6.5143,"USDHTG":131.233664,"USDHUF":344.709809,"USDIDR":16365.1,"USDILS":3.42075,"USDIMP":0.753073,"USDINR":87.968301,"USDIQD":1310.13536,"USDIRR":42124.999721,"USDISK":123.610264,"USDJEP":0.753073,"USDJMD":160.018318,"USDJOD":0.708994,"USDJPY":147.003499,"USDKES":129.20951,"USDKGS":87.450009,"USDKHR":4010.10952,"USDKMF":427.500169,"USDKPW":900,"USDKRW":1384.459845,"USDKWD":0.30552,"USDKYD":0.833402,"USDKZT":540.402055,"USDLAK":21635.913543,"USDLBP":89604.047229,"USDLKR":300.861022,"USDLRD":200.531444,"USDLSL":18.015268,"USDLTL":2.95274,"USDLVL":0.60489,"USDLYD":5.463414,"USDMAD":9.070618,"USDMDL":17.100494,"USDMGA":4437.032589,"USDMKD":53.167543,"USDMMK":2099.091991,"USDMNT":3591.910261,"USDMOP":8.086513,"USDMRU":39.855182,"USDMUR":46.250162,"USDMVR":15.391204,"USDMWK":1734.115034,"USDMXN":18.901125,"USDMYR":4.232044,"USDMZN":63.959906,"USDNAD":18.015735,"USDNGN":1522.802273,"USDNIO":36.800698,"USDNOK":10.265045,"USDNPR":140.191737,"USDNZD":1.693093,"USDOMR":0.384497,"USDPAB":1.000099,"USDPEN":3.583041,"USDPGK":4.2132,"USDPHP":57.310501,"USDPKR":283.702904,"USDPLN":3.695734,"USDPYG":7490.484605,"USDQAR":3.647684,"USDRON":4.384297,"USDRSD":101.291971,"USDRUB":79.750388,"USDRWF":1446.636798,"USDSAR":3.751696,"USDSBD":8.237372,"USDSCR":14.689086,"USDSDG":600.501421,"USDSEK":9.660539,"USDSGD":1.287398,"USDSHP":0.785843,"USDSLE":22.949669,"USDSLL":20969.503947,"USDSOS":571.500166,"USDSRD":36.840058,"USDSTD":20697.981008,"USDSTN":21.16969,"USDSVC":8.750502,"USDSYP":13001.907548,"USDSZL":18.015527,"USDTHB":32.334503,"USDTJS":9.426343,"USDTMT":3.51,"USDTND":2.948702,"USDTOP":2.342094,"USDTRY":40.66136,"USDTTD":6.77868,"USDTWD":29.926503,"USDTZS":2503.046035,"USDUAH":41.771098,"USDUGX":3579.097449,"USDUYU":40.216551,"USDUZS":12726.337938,"USDVES":126.12235,"USDVND":26177.5,"USDVUV":120.586342,"USDWST":2.775485,"USDXAF":566.796998,"USDXAG":0.026697,"USDXAU":0.000296,"USDXCD":2.70255,"USDXCG":1.802377,"USDXDR":0.704914,"USDXOF":566.782306,"USDXPF":103.051539,"USDYER":240.349984,"USDZAR":17.91238,"USDZMK":9001.196617,"USDZMW":22.925946,"USDZWL":321.999592}}