{"success":true,"terms":"https:\/\/currencylayer.com\/terms","privacy":"https:\/\/currencylayer.com\/privacy","timestamp":1762047606,"source":"USD","quotes":{"USDAED":3.672504,"USDAFN":66.520109,"USDALL":83.494978,"USDAMD":381.39575,"USDANG":1.789982,"USDAOA":917.000367,"USDARS":1438.899694,"USDAUD":1.523694,"USDAWG":1.8,"USDAZN":1.70397,"USDBAM":1.686107,"USDBBD":2.008449,"USDBDT":121.858701,"USDBGN":1.69663,"USDBHD":0.375016,"USDBIF":2926.246821,"USDBMD":1,"USDBND":1.297125,"USDBOB":6.890814,"USDBRL":5.376104,"USDBSD":0.997198,"USDBTC":9.139222e-6,"USDBTN":88.403811,"USDBWP":13.391094,"USDBYN":3.399026,"USDBYR":19600,"USDBZD":2.005604,"USDCAD":1.40515,"USDCDF":2240.000362,"USDCHF":0.805169,"USDCLF":0.02402,"USDCLP":940.85952,"USDCNY":7.117404,"USDCNH":7.12242,"USDCOP":3851.803957,"USDCRC":500.107763,"USDCUC":1,"USDCUP":26.5,"USDCVE":95.060132,"USDCZK":21.097104,"USDDJF":177.57662,"USDDKK":6.472704,"USDDOP":64.071727,"USDDZD":129.303849,"USDEGP":47.000302,"USDERN":15,"USDETB":153.634122,"USDEUR":0.862104,"USDFJD":2.29315,"USDFKP":0.761154,"USDGBP":0.760167,"USDGEL":2.71504,"USDGGP":0.761154,"USDGHS":10.869434,"USDGIP":0.761154,"USDGMD":72.503851,"USDGNF":8655.545498,"USDGTQ":7.644295,"USDGYD":208.629682,"USDHKD":7.77385,"USDHNL":26.228717,"USDHRK":6.531104,"USDHTG":130.436657,"USDHUF":336.450388,"USDIDR":16637.55,"USDILS":3.253355,"USDIMP":0.761154,"USDINR":88.775204,"USDIQD":1306.349412,"USDIRR":42075.000352,"USDISK":125.510386,"USDJEP":0.761154,"USDJMD":160.050002,"USDJOD":0.70904,"USDJPY":153.99904,"USDKES":128.84176,"USDKGS":87.450384,"USDKHR":3998.448209,"USDKMF":426.00035,"USDKPW":900.048097,"USDKRW":1428.770383,"USDKWD":0.30692,"USDKYD":0.830984,"USDKZT":528.014139,"USDLAK":21559.549981,"USDLBP":89348.937454,"USDLKR":303.599293,"USDLRD":182.740635,"USDLSL":17.29428,"USDLTL":2.95274,"USDLVL":0.60489,"USDLYD":5.43989,"USDMAD":9.236346,"USDMDL":16.977456,"USDMGA":4478.641321,"USDMKD":53.122979,"USDMMK":2098.978919,"USDMNT":3588.153023,"USDMOP":7.982499,"USDMRU":39.945687,"USDMUR":45.750378,"USDMVR":15.303739,"USDMWK":1729.126255,"USDMXN":18.562204,"USDMYR":4.188039,"USDMZN":63.903729,"USDNAD":17.29428,"USDNGN":1447.160377,"USDNIO":36.699858,"USDNOK":10.122604,"USDNPR":141.445752,"USDNZD":1.749782,"USDOMR":0.382542,"USDPAB":0.997371,"USDPEN":3.373594,"USDPGK":4.204492,"USDPHP":58.693038,"USDPKR":282.381654,"USDPLN":3.687173,"USDPYG":7054.614423,"USDQAR":3.634812,"USDRON":4.413304,"USDRSD":101.05608,"USDRUB":80.391396,"USDRWF":1448.424501,"USDSAR":3.750485,"USDSBD":8.237372,"USDSCR":14.680372,"USDSDG":601.503676,"USDSEK":9.49822,"USDSGD":1.299204,"USDSHP":0.750259,"USDSLE":23.170371,"USDSLL":20969.499529,"USDSOS":569.938359,"USDSRD":38.509504,"USDSTD":20697.981008,"USDSTN":21.1216,"USDSVC":8.725376,"USDSYP":11056.798779,"USDSZL":17.2904,"USDTHB":32.390369,"USDTJS":9.184189,"USDTMT":3.5,"USDTND":2.944955,"USDTOP":2.342104,"USDTRY":42.010368,"USDTTD":6.753739,"USDTWD":30.796804,"USDTZS":2453.122979,"USDUAH":41.795077,"USDUGX":3473.425579,"USDUYU":39.777577,"USDUZS":11971.205655,"USDVES":221.46885,"USDVND":26315,"USDVUV":121.872507,"USDWST":2.799576,"USDXAF":565.504548,"USDXAG":0.020545,"USDXAU":0.00025,"USDXCD":2.70255,"USDXCG":1.797233,"USDXDR":0.703306,"USDXOF":565.504548,"USDXPF":102.814776,"USDYER":238.503589,"USDZAR":17.37161,"USDZMK":9001.203584,"USDZMW":22.06302,"USDZWL":321.999592}}