{"success":true,"terms":"https:\/\/currencylayer.com\/terms","privacy":"https:\/\/currencylayer.com\/privacy","timestamp":1782101715,"source":"USD","quotes":{"USDAED":3.673042,"USDAFN":63.503991,"USDALL":82.403989,"USDAMD":368.150403,"USDANG":1.790403,"USDAOA":918.000367,"USDARS":1465.449815,"USDAUD":1.426941,"USDAWG":1.8025,"USDAZN":1.70397,"USDBAM":1.705709,"USDBBD":2.013483,"USDBDT":122.708482,"USDBGN":1.69088,"USDBHD":0.37702,"USDBIF":2985,"USDBMD":1,"USDBND":1.290663,"USDBOB":6.90816,"USDBRL":5.152304,"USDBSD":0.999721,"USDBTC":1.5594542e-5,"USDBTN":94.239742,"USDBWP":13.585663,"USDBYN":2.777729,"USDBYR":19600,"USDBZD":2.010527,"USDCAD":1.418255,"USDCDF":2280.000362,"USDCHF":0.80794,"USDCLF":0.02293,"USDCLP":902.460396,"USDCNY":6.769604,"USDCNH":6.780055,"USDCOP":3452.68,"USDCRC":453.506829,"USDCUC":1,"USDCUP":26.5,"USDCVE":96.403894,"USDCZK":21.091104,"USDDJF":177.720393,"USDDKK":6.516504,"USDDOP":58.403884,"USDDZD":133.34504,"USDEGP":49.986489,"USDERN":15,"USDETB":158.37504,"USDEUR":0.87249,"USDFJD":2.235504,"USDFKP":0.755711,"USDGBP":0.756418,"USDGEL":2.650391,"USDGGP":0.755711,"USDGHS":11.22504,"USDGIP":0.755711,"USDGMD":73.503851,"USDGNF":8775.000355,"USDGTQ":7.625892,"USDGYD":209.119888,"USDHKD":7.838955,"USDHNL":26.68504,"USDHRK":6.574498,"USDHTG":130.583803,"USDHUF":306.820388,"USDIDR":17826.3,"USDILS":2.956645,"USDIMP":0.755711,"USDINR":94.330504,"USDIQD":1310,"USDIRR":1375000.000352,"USDISK":125.530386,"USDJEP":0.755711,"USDJMD":157.959917,"USDJOD":0.70904,"USDJPY":161.30504,"USDKES":129.403801,"USDKGS":87.450384,"USDKHR":4010.00035,"USDKMF":429.503794,"USDKPW":900.00035,"USDKRW":1527.650383,"USDKWD":0.30793,"USDKYD":0.833035,"USDKZT":487.855928,"USDLAK":22055.000349,"USDLBP":89550.000349,"USDLKR":333.641485,"USDLRD":182.150382,"USDLSL":16.405039,"USDLTL":2.95274,"USDLVL":0.60489,"USDLYD":6.375039,"USDMAD":9.225039,"USDMDL":17.654036,"USDMGA":4200.000347,"USDMKD":53.732839,"USDMMK":2099.479867,"USDMNT":3580.422334,"USDMOP":8.070939,"USDMRU":40.060379,"USDMUR":47.850378,"USDMVR":15.450378,"USDMWK":1737.000345,"USDMXN":17.33453,"USDMYR":4.137904,"USDMZN":63.910377,"USDNAD":16.403727,"USDNGN":1360.440377,"USDNIO":36.610377,"USDNOK":9.69245,"USDNPR":150.787532,"USDNZD":1.745277,"USDOMR":0.384983,"USDPAB":0.999725,"USDPEN":3.384039,"USDPGK":4.38775,"USDPHP":60.716504,"USDPKR":278.325038,"USDPLN":3.71375,"USDPYG":6138.96617,"USDQAR":3.640504,"USDRON":4.568104,"USDRSD":102.170373,"USDRUB":73.103247,"USDRWF":1464,"USDSAR":3.74824,"USDSBD":8.061424,"USDSCR":13.683262,"USDSDG":600.503676,"USDSEK":9.590635,"USDSGD":1.292404,"USDSHP":0.746601,"USDSLE":24.750371,"USDSLL":20969.503664,"USDSOS":571.503662,"USDSRD":37.402504,"USDSTD":20697.981008,"USDSTN":21.4,"USDSVC":8.747449,"USDSYP":110.532098,"USDSZL":16.403649,"USDTHB":32.890369,"USDTJS":9.272075,"USDTMT":3.5,"USDTND":2.91175,"USDTOP":2.40776,"USDTRY":46.458865,"USDTTD":6.779085,"USDTWD":31.715038,"USDTZS":2630.985038,"USDUAH":44.909735,"USDUGX":3638.520172,"USDUYU":39.96965,"USDUZS":12005.000334,"USDVES":606.63266,"USDVND":26310,"USDVUV":118.132932,"USDWST":2.751795,"USDXAF":572.078806,"USDXAG":0.015255,"USDXAU":0.000239,"USDXCD":2.70255,"USDXCG":1.801643,"USDXDR":0.703697,"USDXOF":565.000332,"USDXPF":104.250363,"USDYER":238.603589,"USDZAR":16.427019,"USDZMK":9001.194895,"USDZMW":17.919703,"USDZWL":321.999592}}