{"success":true,"terms":"https:\/\/currencylayer.com\/terms","privacy":"https:\/\/currencylayer.com\/privacy","timestamp":1754445018,"source":"USD","quotes":{"USDAED":3.672502,"USDAFN":69.501874,"USDALL":84.202829,"USDAMD":384.030347,"USDANG":1.789699,"USDAOA":917.00037,"USDARS":1339.255898,"USDAUD":1.54395,"USDAWG":1.8025,"USDAZN":1.697755,"USDBAM":1.694735,"USDBBD":2.019765,"USDBDT":121.944985,"USDBGN":1.68961,"USDBHD":0.377026,"USDBIF":2948.5,"USDBMD":1,"USDBND":1.289107,"USDBOB":6.912269,"USDBRL":5.503002,"USDBSD":1.000308,"USDBTC":8.796699e-6,"USDBTN":87.75145,"USDBWP":13.585141,"USDBYN":3.287192,"USDBYR":19600,"USDBZD":2.009393,"USDCAD":1.377535,"USDCDF":2890.000421,"USDCHF":0.807903,"USDCLF":0.024629,"USDCLP":966.170014,"USDCNY":7.184098,"USDCNH":7.193015,"USDCOP":4090.5,"USDCRC":505.435183,"USDCUC":1,"USDCUP":26.5,"USDCVE":95.624968,"USDCZK":21.267897,"USDDJF":177.71984,"USDDKK":6.45078,"USDDOP":60.825008,"USDDZD":130.345209,"USDEGP":48.430698,"USDERN":15,"USDETB":138.650367,"USDEUR":0.864501,"USDFJD":2.262497,"USDFKP":0.752485,"USDGBP":0.75203,"USDGEL":2.698131,"USDGGP":0.752485,"USDGHS":10.549767,"USDGIP":0.752485,"USDGMD":72.499549,"USDGNF":8674.999692,"USDGTQ":7.674744,"USDGYD":209.292653,"USDHKD":7.849895,"USDHNL":26.350523,"USDHRK":6.513204,"USDHTG":131.268711,"USDHUF":344.104991,"USDIDR":16395.45,"USDILS":3.450525,"USDIMP":0.752485,"USDINR":87.8475,"USDIQD":1310,"USDIRR":42125.000314,"USDISK":123.369455,"USDJEP":0.752485,"USDJMD":160.063082,"USDJOD":0.708977,"USDJPY":147.6075,"USDKES":129.487991,"USDKGS":87.450033,"USDKHR":4009.999825,"USDKMF":425.496899,"USDKPW":900.023324,"USDKRW":1389.220223,"USDKWD":0.30571,"USDKYD":0.833601,"USDKZT":537.911971,"USDLAK":21600.00006,"USDLBP":89549.999703,"USDLKR":300.828824,"USDLRD":201.000121,"USDLSL":17.900876,"USDLTL":2.95274,"USDLVL":0.60489,"USDLYD":5.435023,"USDMAD":9.08875,"USDMDL":17.030753,"USDMGA":4435.000388,"USDMKD":53.156333,"USDMMK":2098.973477,"USDMNT":3592.605619,"USDMOP":8.088525,"USDMRU":39.900833,"USDMUR":45.699855,"USDMVR":15.399718,"USDMWK":1736.500338,"USDMXN":18.725055,"USDMYR":4.228974,"USDMZN":63.959568,"USDNAD":17.904833,"USDNGN":1527.730065,"USDNIO":36.750173,"USDNOK":10.261962,"USDNPR":140.403537,"USDNZD":1.691704,"USDOMR":0.384502,"USDPAB":1.000321,"USDPEN":3.555042,"USDPGK":4.135502,"USDPHP":57.789499,"USDPKR":282.549938,"USDPLN":3.700659,"USDPYG":7492.775412,"USDQAR":3.640503,"USDRON":4.386602,"USDRSD":101.262431,"USDRUB":79.99758,"USDRWF":1441.5,"USDSAR":3.75223,"USDSBD":8.244163,"USDSCR":14.634863,"USDSDG":600.499662,"USDSEK":9.68129,"USDSGD":1.288155,"USDSHP":0.785843,"USDSLE":23.099941,"USDSLL":20969.503947,"USDSOS":571.499952,"USDSRD":36.969498,"USDSTD":20697.981008,"USDSTN":21.485,"USDSVC":8.752692,"USDSYP":13002.222445,"USDSZL":17.890065,"USDTHB":32.368976,"USDTJS":9.41336,"USDTMT":3.51,"USDTND":2.898983,"USDTOP":2.342097,"USDTRY":40.674025,"USDTTD":6.787371,"USDTWD":29.95035,"USDTZS":2469.999949,"USDUAH":41.705046,"USDUGX":3580.449636,"USDUYU":40.154413,"USDUZS":12624.999852,"USDVES":126.950815,"USDVND":26251.5,"USDVUV":119.406554,"USDWST":2.772467,"USDXAF":568.405501,"USDXAG":0.026419,"USDXAU":0.000296,"USDXCD":2.70255,"USDXCG":1.80286,"USDXDR":0.704914,"USDXOF":567.50009,"USDXPF":103.425001,"USDYER":240.34985,"USDZAR":17.889305,"USDZMK":9001.196335,"USDZMW":23.033097,"USDZWL":321.999592}}