{"success":true,"terms":"https:\/\/currencylayer.com\/terms","privacy":"https:\/\/currencylayer.com\/privacy","timestamp":1761097024,"source":"USD","quotes":{"USDAED":3.672502,"USDAFN":66.522764,"USDALL":83.23819,"USDAMD":383.433931,"USDANG":1.789982,"USDAOA":917.00035,"USDARS":1490.230794,"USDAUD":1.541806,"USDAWG":1.8025,"USDAZN":1.699323,"USDBAM":1.685257,"USDBBD":2.016329,"USDBDT":122.159177,"USDBGN":1.685503,"USDBHD":0.376947,"USDBIF":2951.301373,"USDBMD":1,"USDBND":1.298751,"USDBOB":6.917499,"USDBRL":5.389099,"USDBSD":1.001112,"USDBTC":9.235401e-6,"USDBTN":88.019198,"USDBWP":13.353669,"USDBYN":3.411272,"USDBYR":19600,"USDBZD":2.013399,"USDCAD":1.401305,"USDCDF":2194.999875,"USDCHF":0.79602,"USDCLF":0.024253,"USDCLP":951.449912,"USDCNY":7.122298,"USDCNH":7.127405,"USDCOP":3883.75,"USDCRC":502.453673,"USDCUC":1,"USDCUP":26.5,"USDCVE":95.010168,"USDCZK":20.946697,"USDDJF":178.271228,"USDDKK":6.43643,"USDDOP":63.705025,"USDDZD":130.464975,"USDEGP":47.535299,"USDERN":15,"USDETB":150.999522,"USDEUR":0.86182,"USDFJD":2.298901,"USDFKP":0.745054,"USDGBP":0.747865,"USDGEL":2.704966,"USDGGP":0.745054,"USDGHS":10.711531,"USDGIP":0.745054,"USDGMD":71.999403,"USDGNF":8687.59721,"USDGTQ":7.667817,"USDGYD":209.446505,"USDHKD":7.77295,"USDHNL":26.303204,"USDHRK":6.492601,"USDHTG":130.995261,"USDHUF":335.553988,"USDIDR":16607.95,"USDILS":3.29025,"USDIMP":0.745054,"USDINR":87.8425,"USDIQD":1311.46976,"USDIRR":42049.999816,"USDISK":122.040413,"USDJEP":0.745054,"USDJMD":160.990259,"USDJOD":0.709052,"USDJPY":151.696504,"USDKES":129.339669,"USDKGS":87.450279,"USDKHR":4039.638087,"USDKMF":422.51184,"USDKPW":900.001356,"USDKRW":1430.530297,"USDKWD":0.30637,"USDKYD":0.83427,"USDKZT":539.268527,"USDLAK":21725.51216,"USDLBP":89647.619417,"USDLKR":303.509188,"USDLRD":183.195254,"USDLSL":17.33682,"USDLTL":2.95274,"USDLVL":0.60489,"USDLYD":5.432001,"USDMAD":9.222557,"USDMDL":16.998268,"USDMGA":4476.499455,"USDMKD":53.099214,"USDMMK":2098.818305,"USDMNT":3597.103862,"USDMOP":8.01358,"USDMRU":39.923999,"USDMUR":45.359874,"USDMVR":15.309921,"USDMWK":1735.968393,"USDMXN":18.432245,"USDMYR":4.228497,"USDMZN":63.909572,"USDNAD":17.336746,"USDNGN":1468.619698,"USDNIO":36.837411,"USDNOK":10.06001,"USDNPR":140.837825,"USDNZD":1.74212,"USDOMR":0.384496,"USDPAB":1.001112,"USDPEN":3.377178,"USDPGK":4.272278,"USDPHP":58.304502,"USDPKR":283.265733,"USDPLN":3.653797,"USDPYG":7091.556911,"USDQAR":3.648912,"USDRON":4.3802,"USDRSD":100.985965,"USDRUB":81.375717,"USDRWF":1453.591324,"USDSAR":3.750559,"USDSBD":8.223823,"USDSCR":13.696106,"USDSDG":601.501852,"USDSEK":9.424401,"USDSGD":1.298065,"USDSHP":0.750259,"USDSLE":23.169828,"USDSLL":20969.499529,"USDSOS":572.164704,"USDSRD":39.678502,"USDSTD":20697.981008,"USDSTN":21.111499,"USDSVC":8.759753,"USDSYP":13002.286694,"USDSZL":17.328887,"USDTHB":32.799262,"USDTJS":9.184751,"USDTMT":3.5,"USDTND":2.93943,"USDTOP":2.342102,"USDTRY":41.969026,"USDTTD":6.78911,"USDTWD":30.731497,"USDTZS":2465.972006,"USDUAH":41.811625,"USDUGX":3478.598048,"USDUYU":39.928828,"USDUZS":12072.98421,"USDVES":205.418305,"USDVND":26343,"USDVUV":122.291853,"USDWST":2.806615,"USDXAF":565.234101,"USDXAG":0.020595,"USDXAU":0.000243,"USDXCD":2.70255,"USDXCG":1.804262,"USDXDR":0.70297,"USDXOF":565.231665,"USDXPF":102.763835,"USDYER":238.900564,"USDZAR":17.40361,"USDZMK":9001.197745,"USDZMW":22.650094,"USDZWL":321.999592}}