{"success":true,"terms":"https:\/\/currencylayer.com\/terms","privacy":"https:\/\/currencylayer.com\/privacy","timestamp":1764034708,"source":"USD","quotes":{"USDAED":3.672498,"USDAFN":65.99972,"USDALL":83.749784,"USDAMD":381.589851,"USDANG":1.790055,"USDAOA":916.999855,"USDARS":1424.392899,"USDAUD":1.546683,"USDAWG":1.8025,"USDAZN":1.701853,"USDBAM":1.694669,"USDBBD":2.014921,"USDBDT":122.347477,"USDBGN":1.6975,"USDBHD":0.376972,"USDBIF":2965,"USDBMD":1,"USDBND":1.305363,"USDBOB":6.927506,"USDBRL":5.387897,"USDBSD":1.000355,"USDBTC":1.1356925e-5,"USDBTN":89.131217,"USDBWP":13.449907,"USDBYN":3.417426,"USDBYR":19600,"USDBZD":2.011975,"USDCAD":1.410785,"USDCDF":2543.501175,"USDCHF":0.808125,"USDCLF":0.023991,"USDCLP":941.139687,"USDCNY":7.103201,"USDCNH":7.09842,"USDCOP":3793,"USDCRC":500.827492,"USDCUC":1,"USDCUP":26.5,"USDCVE":96.049914,"USDCZK":20.967097,"USDDJF":177.720083,"USDDKK":6.478102,"USDDOP":62.749749,"USDDZD":130.48826,"USDEGP":47.724401,"USDERN":15,"USDETB":153.150242,"USDEUR":0.86739,"USDFJD":2.290358,"USDFKP":0.763569,"USDGBP":0.762495,"USDGEL":2.705002,"USDGGP":0.763569,"USDGHS":11.130171,"USDGIP":0.763569,"USDGMD":73.000057,"USDGNF":8690.999969,"USDGTQ":7.66578,"USDGYD":209.299101,"USDHKD":7.77815,"USDHNL":26.279822,"USDHRK":6.535703,"USDHTG":130.891005,"USDHUF":331.762998,"USDIDR":16651.9,"USDILS":3.263505,"USDIMP":0.763569,"USDINR":89.09735,"USDIQD":1309.5,"USDIRR":42124.999898,"USDISK":127.51051,"USDJEP":0.763569,"USDJMD":160.871336,"USDJOD":0.708968,"USDJPY":156.565993,"USDKES":129.649927,"USDKGS":87.450215,"USDKHR":4013.999626,"USDKMF":429.000465,"USDKPW":899.999872,"USDKRW":1471.594926,"USDKWD":0.30732,"USDKYD":0.833665,"USDKZT":519.647514,"USDLAK":21704.999585,"USDLBP":89508.851093,"USDLKR":307.930924,"USDLRD":178.249672,"USDLSL":17.290091,"USDLTL":2.95274,"USDLVL":0.60489,"USDLYD":5.474965,"USDMAD":9.289973,"USDMDL":17.17675,"USDMGA":4484.9998,"USDMKD":53.384643,"USDMMK":2099.840058,"USDMNT":3565.577383,"USDMOP":8.019479,"USDMRU":39.75007,"USDMUR":46.320122,"USDMVR":15.410207,"USDMWK":1736.499797,"USDMXN":18.50365,"USDMYR":4.130439,"USDMZN":63.893775,"USDNAD":17.290445,"USDNGN":1454.750316,"USDNIO":36.760177,"USDNOK":10.22695,"USDNPR":142.609329,"USDNZD":1.78014,"USDOMR":0.384493,"USDPAB":1.00039,"USDPEN":3.3805,"USDPGK":4.23775,"USDPHP":58.834971,"USDPKR":280.501046,"USDPLN":3.67395,"USDPYG":6998.587632,"USDQAR":3.641198,"USDRON":4.413501,"USDRSD":101.786988,"USDRUB":78.497992,"USDRWF":1451.5,"USDSAR":3.750727,"USDSBD":8.237372,"USDSCR":13.46726,"USDSDG":601.497245,"USDSEK":9.546465,"USDSGD":1.3036,"USDSHP":0.750259,"USDSLE":23.225033,"USDSLL":20969.498139,"USDSOS":571.494723,"USDSRD":38.427976,"USDSTD":20697.981008,"USDSTN":21.625,"USDSVC":8.753217,"USDSYP":11056.775585,"USDSZL":17.29011,"USDTHB":32.330102,"USDTJS":9.273627,"USDTMT":3.5,"USDTND":2.955061,"USDTOP":2.40776,"USDTRY":42.447602,"USDTTD":6.800192,"USDTWD":31.418011,"USDTZS":2469.048985,"USDUAH":42.497206,"USDUGX":3626.233656,"USDUYU":39.788925,"USDUZS":12015.000247,"USDVES":242.806596,"USDVND":26375.5,"USDVUV":122.732213,"USDWST":2.821685,"USDXAF":568.378412,"USDXAG":0.019486,"USDXAU":0.000242,"USDXCD":2.70255,"USDXCG":1.802979,"USDXDR":0.708747,"USDXOF":567.492896,"USDXPF":103.87503,"USDYER":238.473613,"USDZAR":17.28157,"USDZMK":9001.196008,"USDZMW":23.083888,"USDZWL":321.999592}}