{"success":true,"terms":"https:\/\/currencylayer.com\/terms","privacy":"https:\/\/currencylayer.com\/privacy","timestamp":1761874034,"source":"USD","quotes":{"USDAED":3.672502,"USDAFN":65.503814,"USDALL":79.749908,"USDAMD":382.720214,"USDANG":1.789982,"USDAOA":916.999856,"USDARS":1439.599496,"USDAUD":1.52567,"USDAWG":1.8025,"USDAZN":1.700203,"USDBAM":1.68722,"USDBBD":2.015123,"USDBDT":122.266938,"USDBGN":1.69025,"USDBHD":0.376977,"USDBIF":2960,"USDBMD":1,"USDBND":1.300661,"USDBOB":6.913359,"USDBRL":5.384199,"USDBSD":1.000531,"USDBTC":9.102494e-6,"USDBTN":88.666802,"USDBWP":13.407465,"USDBYN":3.410428,"USDBYR":19600,"USDBZD":2.012241,"USDCAD":1.398105,"USDCDF":2240.000285,"USDCHF":0.801065,"USDCLF":0.024026,"USDCLP":942.520098,"USDCNY":7.11065,"USDCNH":7.111405,"USDCOP":3860.2,"USDCRC":502.508228,"USDCUC":1,"USDCUP":26.5,"USDCVE":95.649756,"USDCZK":21.0223,"USDDJF":177.719644,"USDDKK":6.450395,"USDDOP":64.103875,"USDDZD":129.964669,"USDEGP":47.228485,"USDERN":15,"USDETB":153.749942,"USDEUR":0.86379,"USDFJD":2.29315,"USDFKP":0.755171,"USDGBP":0.75964,"USDGEL":2.714959,"USDGGP":0.755171,"USDGHS":10.850351,"USDGIP":0.755171,"USDGMD":72.501507,"USDGNF":8675.000426,"USDGTQ":7.667489,"USDGYD":209.315867,"USDHKD":7.769755,"USDHNL":26.249903,"USDHRK":6.507802,"USDHTG":130.919568,"USDHUF":335.522008,"USDIDR":16344.9,"USDILS":3.252785,"USDIMP":0.755171,"USDINR":88.62535,"USDIQD":1310,"USDIRR":42074.999699,"USDISK":125.080177,"USDJEP":0.755171,"USDJMD":159.896824,"USDJOD":0.709008,"USDJPY":153.703049,"USDKES":129.196414,"USDKGS":87.44991,"USDKHR":4020.999891,"USDKMF":425.999433,"USDKPW":900.015563,"USDKRW":1428.319709,"USDKWD":0.30678,"USDKYD":0.833761,"USDKZT":530.630907,"USDLAK":21695.000021,"USDLBP":89550.000142,"USDLKR":304.369204,"USDLRD":183.498924,"USDLSL":17.109962,"USDLTL":2.95274,"USDLVL":0.60489,"USDLYD":5.440112,"USDMAD":9.25875,"USDMDL":16.983191,"USDMGA":4510.000489,"USDMKD":53.225124,"USDMMK":2099.25381,"USDMNT":3603.679513,"USDMOP":8.004796,"USDMRU":40.084975,"USDMUR":45.49032,"USDMVR":15.299323,"USDMWK":1736.498917,"USDMXN":18.527555,"USDMYR":4.194498,"USDMZN":63.897222,"USDNAD":17.109815,"USDNGN":1446.240033,"USDNIO":36.720137,"USDNOK":10.051394,"USDNPR":141.867055,"USDNZD":1.742661,"USDOMR":0.384501,"USDPAB":1.000686,"USDPEN":3.383034,"USDPGK":4.23575,"USDPHP":58.839759,"USDPKR":280.902988,"USDPLN":3.66543,"USDPYG":7085.150343,"USDQAR":3.64125,"USDRON":4.391298,"USDRSD":101.250141,"USDRUB":79.945843,"USDRWF":1449.5,"USDSAR":3.75027,"USDSBD":8.237372,"USDSCR":14.185072,"USDSDG":601.498647,"USDSEK":9.43574,"USDSGD":1.299285,"USDSHP":0.750259,"USDSLE":23.170006,"USDSLL":20969.499529,"USDSOS":601.500423,"USDSRD":38.754999,"USDSTD":20697.981008,"USDSTN":21.4,"USDSVC":8.754427,"USDSYP":11056.780826,"USDSZL":17.109882,"USDTHB":32.309663,"USDTJS":9.209588,"USDTMT":3.5,"USDTND":2.937502,"USDTOP":2.342098,"USDTRY":42.03732,"USDTTD":6.773695,"USDTWD":30.731797,"USDTZS":2459.858972,"USDUAH":41.990191,"USDUGX":3480.893904,"USDUYU":39.915975,"USDUZS":12025.000015,"USDVES":221.46885,"USDVND":26330,"USDVUV":121.65745,"USDWST":2.790192,"USDXAF":565.880191,"USDXAG":0.020376,"USDXAU":0.000248,"USDXCD":2.70255,"USDXCG":1.803132,"USDXDR":0.700447,"USDXOF":563.999925,"USDXPF":102.882629,"USDYER":238.500987,"USDZAR":17.26393,"USDZMK":9001.201015,"USDZMW":22.085826,"USDZWL":321.999592}}