{"success":true,"terms":"https:\/\/currencylayer.com\/terms","privacy":"https:\/\/currencylayer.com\/privacy","timestamp":1770776764,"source":"USD","quotes":{"USDAED":3.672497,"USDAFN":65.500483,"USDALL":80.979656,"USDAMD":377.215764,"USDANG":1.79008,"USDAOA":917.000095,"USDARS":1404.0118,"USDAUD":1.406569,"USDAWG":1.8025,"USDAZN":1.697149,"USDBAM":1.643792,"USDBBD":2.01512,"USDBDT":122.389289,"USDBGN":1.67937,"USDBHD":0.376997,"USDBIF":2965.35987,"USDBMD":1,"USDBND":1.266678,"USDBOB":6.913941,"USDBRL":5.197402,"USDBSD":1.0005,"USDBTC":1.4495148e-5,"USDBTN":90.584735,"USDBWP":13.12568,"USDBYN":2.874337,"USDBYR":19600,"USDBZD":2.012178,"USDCAD":1.35329,"USDCDF":2209.999798,"USDCHF":0.76719,"USDCLF":0.02167,"USDCLP":855.660099,"USDCNY":6.91085,"USDCNH":6.91372,"USDCOP":3665.47,"USDCRC":495.12315,"USDCUC":1,"USDCUP":26.5,"USDCVE":92.677576,"USDCZK":20.365979,"USDDJF":178.163649,"USDDKK":6.274245,"USDDOP":62.707755,"USDDZD":129.42644,"USDEGP":46.789497,"USDERN":15,"USDETB":155.312845,"USDEUR":0.839803,"USDFJD":2.1873,"USDFKP":0.731721,"USDGBP":0.732365,"USDGEL":2.690017,"USDGGP":0.731721,"USDGHS":11.010531,"USDGIP":0.731721,"USDGMD":73.498816,"USDGNF":8782.951828,"USDGTQ":7.672912,"USDGYD":209.326172,"USDHKD":7.81595,"USDHNL":26.438786,"USDHRK":6.329797,"USDHTG":131.239993,"USDHUF":317.64983,"USDIDR":16775,"USDILS":3.08274,"USDIMP":0.731721,"USDINR":90.576297,"USDIQD":1310.634936,"USDIRR":42125.000158,"USDISK":121.77007,"USDJEP":0.731721,"USDJMD":156.538256,"USDJOD":0.708962,"USDJPY":153.8045,"USDKES":128.960448,"USDKGS":87.449659,"USDKHR":4032.593576,"USDKMF":414.400554,"USDKPW":900.003053,"USDKRW":1455.414973,"USDKWD":0.30688,"USDKYD":0.833761,"USDKZT":492.246531,"USDLAK":21486.714209,"USDLBP":89593.841008,"USDLKR":309.580141,"USDLRD":186.599091,"USDLSL":15.938326,"USDLTL":2.95274,"USDLVL":0.60489,"USDLYD":6.307756,"USDMAD":9.121259,"USDMDL":16.933027,"USDMGA":4429.297238,"USDMKD":51.773452,"USDMMK":2100.147418,"USDMNT":3570.525201,"USDMOP":8.056446,"USDMRU":39.329271,"USDMUR":45.679961,"USDMVR":15.450265,"USDMWK":1734.822093,"USDMXN":17.16775,"USDMYR":3.925501,"USDMZN":63.898965,"USDNAD":15.938527,"USDNGN":1354.469886,"USDNIO":36.82116,"USDNOK":9.496765,"USDNPR":144.931312,"USDNZD":1.651105,"USDOMR":0.384515,"USDPAB":1.000504,"USDPEN":3.359612,"USDPGK":4.2923,"USDPHP":58.419499,"USDPKR":279.886956,"USDPLN":3.543335,"USDPYG":6585.112687,"USDQAR":3.647007,"USDRON":4.275402,"USDRSD":98.564984,"USDRUB":77.426935,"USDRWF":1460.743567,"USDSAR":3.750583,"USDSBD":8.058149,"USDSCR":13.843361,"USDSDG":601.496955,"USDSEK":8.86246,"USDSGD":1.26355,"USDSHP":0.750259,"USDSLE":24.34997,"USDSLL":20969.499267,"USDSOS":571.774366,"USDSRD":37.889924,"USDSTD":20697.981008,"USDSTN":20.59161,"USDSVC":8.754376,"USDSYP":11059.574895,"USDSZL":15.922777,"USDTHB":31.138497,"USDTJS":9.389882,"USDTMT":3.51,"USDTND":2.882406,"USDTOP":2.40776,"USDTRY":43.638205,"USDTTD":6.786071,"USDTWD":31.511033,"USDTZS":2585.653993,"USDUAH":43.08933,"USDUGX":3556.990006,"USDUYU":38.36876,"USDUZS":12326.389618,"USDVES":384.79041,"USDVND":25937.5,"USDVUV":119.800563,"USDWST":2.713692,"USDXAF":551.314711,"USDXAG":0.012201,"USDXAU":0.000198,"USDXCD":2.70255,"USDXCG":1.803175,"USDXDR":0.685659,"USDXOF":551.314711,"USDXPF":100.234491,"USDYER":238.325059,"USDZAR":15.922801,"USDZMK":9001.200271,"USDZMW":19.034211,"USDZWL":321.999592}}