{"success":true,"terms":"https:\/\/currencylayer.com\/terms","privacy":"https:\/\/currencylayer.com\/privacy","timestamp":1756085946,"source":"USD","quotes":{"USDAED":3.672499,"USDAFN":67.847175,"USDALL":82.960417,"USDAMD":378.68912,"USDANG":1.789783,"USDAOA":916.999886,"USDARS":1320.0839,"USDAUD":1.544115,"USDAWG":1.80125,"USDAZN":1.696859,"USDBAM":1.671874,"USDBBD":1.996435,"USDBDT":120.539397,"USDBGN":1.668141,"USDBHD":0.373728,"USDBIF":2956.741763,"USDBMD":1,"USDBND":1.277958,"USDBOB":6.849742,"USDBRL":5.424198,"USDBSD":0.991251,"USDBTC":8.864855e-6,"USDBTN":86.68818,"USDBWP":13.32923,"USDBYN":3.33859,"USDBYR":19600,"USDBZD":1.988657,"USDCAD":1.383955,"USDCDF":2866.000114,"USDCHF":0.803075,"USDCLF":0.024472,"USDCLP":960.02004,"USDCNY":7.16775,"USDCNH":7.166499,"USDCOP":3986.61,"USDCRC":499.985041,"USDCUC":1,"USDCUP":26.5,"USDCVE":94.257688,"USDCZK":20.988551,"USDDJF":176.512072,"USDDKK":6.38093,"USDDOP":61.837781,"USDDZD":129.42338,"USDEGP":48.04007,"USDERN":15,"USDETB":140.583929,"USDEUR":0.85483,"USDFJD":2.261503,"USDFKP":0.739948,"USDGBP":0.741105,"USDGEL":2.694968,"USDGGP":0.739948,"USDGHS":10.92813,"USDGIP":0.739948,"USDGMD":72.502706,"USDGNF":8593.519599,"USDGTQ":7.601137,"USDGYD":207.295963,"USDHKD":7.813935,"USDHNL":25.931007,"USDHRK":6.440199,"USDHTG":129.702052,"USDHUF":338.328503,"USDIDR":16252.55,"USDILS":3.368597,"USDIMP":0.739948,"USDINR":87.345018,"USDIQD":1298.308301,"USDIRR":42049.999944,"USDISK":122.579638,"USDJEP":0.739948,"USDJMD":158.902751,"USDJOD":0.708967,"USDJPY":147.393018,"USDKES":128.019984,"USDKGS":87.4274,"USDKHR":3974.91954,"USDKMF":422.503383,"USDKPW":899.919971,"USDKRW":1387.714947,"USDKWD":0.30539,"USDKYD":0.826017,"USDKZT":532.829556,"USDLAK":21480.807122,"USDLBP":89197.707369,"USDLKR":299.150742,"USDLRD":198.747676,"USDLSL":17.488535,"USDLTL":2.95274,"USDLVL":0.60489,"USDLYD":5.378536,"USDMAD":8.971171,"USDMDL":16.697227,"USDMGA":4389.507922,"USDMKD":52.606159,"USDMMK":2099.225378,"USDMNT":3595.593607,"USDMOP":7.983724,"USDMRU":39.530361,"USDMUR":46.109983,"USDMVR":15.410087,"USDMWK":1718.789402,"USDMXN":18.611101,"USDMYR":4.199504,"USDMZN":63.89542,"USDNAD":17.488609,"USDNGN":1521.930453,"USDNIO":36.475229,"USDNOK":10.08101,"USDNPR":138.699902,"USDNZD":1.70726,"USDOMR":0.384259,"USDPAB":0.991259,"USDPEN":3.480435,"USDPGK":4.18948,"USDPHP":56.647504,"USDPKR":281.214872,"USDPLN":3.64492,"USDPYG":7183.9191,"USDQAR":3.613105,"USDRON":4.315097,"USDRSD":100.167972,"USDRUB":80.00718,"USDRWF":1434.817731,"USDSAR":3.7523,"USDSBD":8.217016,"USDSCR":15.087598,"USDSDG":600.497576,"USDSEK":9.517335,"USDSGD":1.283105,"USDSHP":0.785843,"USDSLE":23.300803,"USDSLL":20969.49797,"USDSOS":566.490146,"USDSRD":38.108506,"USDSTD":20697.981008,"USDSTN":20.943124,"USDSVC":8.673055,"USDSYP":13002.217038,"USDSZL":17.481098,"USDTHB":32.421989,"USDTJS":9.466459,"USDTMT":3.5,"USDTND":2.910521,"USDTOP":2.342099,"USDTRY":40.9866,"USDTTD":6.730893,"USDTWD":30.450954,"USDTZS":2467.653047,"USDUAH":40.968684,"USDUGX":3532.152245,"USDUYU":39.67277,"USDUZS":12305.154146,"USDVES":137.956897,"USDVND":26350,"USDVUV":120.474631,"USDWST":2.711602,"USDXAF":560.726085,"USDXAG":0.025729,"USDXAU":0.000297,"USDXCD":2.70255,"USDXCG":1.786499,"USDXDR":0.697363,"USDXOF":560.726085,"USDXPF":101.946872,"USDYER":240.20406,"USDZAR":17.466565,"USDZMK":9001.200892,"USDZMW":22.922036,"USDZWL":321.999592}}