{"success":true,"terms":"https:\/\/currencylayer.com\/terms","privacy":"https:\/\/currencylayer.com\/privacy","timestamp":1770862325,"source":"USD","quotes":{"USDAED":3.672502,"USDAFN":64.502481,"USDALL":81.192085,"USDAMD":377.80312,"USDANG":1.79008,"USDAOA":916.99999,"USDARS":1404.488202,"USDAUD":1.399943,"USDAWG":1.8,"USDAZN":1.702661,"USDBAM":1.646054,"USDBBD":2.018668,"USDBDT":122.599785,"USDBGN":1.67937,"USDBHD":0.377004,"USDBIF":2970.534519,"USDBMD":1,"USDBND":1.265307,"USDBOB":6.925689,"USDBRL":5.200802,"USDBSD":1.00223,"USDBTC":1.4804671e-5,"USDBTN":90.830132,"USDBWP":13.131062,"USDBYN":2.874696,"USDBYR":19600,"USDBZD":2.015696,"USDCAD":1.35673,"USDCDF":2224.999659,"USDCHF":0.770304,"USDCLF":0.021644,"USDCLP":854.640154,"USDCNY":6.91325,"USDCNH":6.89897,"USDCOP":3672.46,"USDCRC":495.722395,"USDCUC":1,"USDCUP":26.5,"USDCVE":92.801205,"USDCZK":20.41365,"USDDJF":178.476144,"USDDKK":6.28834,"USDDOP":62.819558,"USDDZD":129.553018,"USDEGP":46.769691,"USDERN":15,"USDETB":155.585967,"USDEUR":0.84171,"USDFJD":2.1835,"USDFKP":0.731875,"USDGBP":0.733179,"USDGEL":2.689551,"USDGGP":0.731875,"USDGHS":11.014278,"USDGIP":0.731875,"USDGMD":73.502238,"USDGNF":8797.562638,"USDGTQ":7.686513,"USDGYD":209.681152,"USDHKD":7.816325,"USDHNL":26.485379,"USDHRK":6.342702,"USDHTG":131.354363,"USDHUF":319.270497,"USDIDR":16820,"USDILS":3.077095,"USDIMP":0.731875,"USDINR":90.68765,"USDIQD":1312.932384,"USDIRR":42125.000158,"USDISK":122.210173,"USDJEP":0.731875,"USDJMD":156.812577,"USDJOD":0.709032,"USDJPY":152.732499,"USDKES":129.290022,"USDKGS":87.45033,"USDKHR":4038.176677,"USDKMF":414.999803,"USDKPW":899.999067,"USDKRW":1443.86937,"USDKWD":0.30688,"USDKYD":0.835227,"USDKZT":494.5042,"USDLAK":21523.403145,"USDLBP":89749.157335,"USDLKR":310.020367,"USDLRD":186.915337,"USDLSL":15.915822,"USDLTL":2.95274,"USDLVL":0.60489,"USDLYD":6.309703,"USDMAD":9.134015,"USDMDL":16.932406,"USDMGA":4437.056831,"USDMKD":51.878753,"USDMMK":2099.913606,"USDMNT":3568.190929,"USDMOP":8.069569,"USDMRU":39.799019,"USDMUR":45.679635,"USDMVR":15.460333,"USDMWK":1737.88994,"USDMXN":17.188025,"USDMYR":3.910503,"USDMZN":63.908022,"USDNAD":15.916023,"USDNGN":1354.009397,"USDNIO":36.880244,"USDNOK":9.46725,"USDNPR":145.330825,"USDNZD":1.65018,"USDOMR":0.384506,"USDPAB":1.002209,"USDPEN":3.365049,"USDPGK":4.301573,"USDPHP":58.23098,"USDPKR":281.28012,"USDPLN":3.54798,"USDPYG":6618.637221,"USDQAR":3.654061,"USDRON":4.284903,"USDRSD":98.79903,"USDRUB":77.099356,"USDRWF":1463.258625,"USDSAR":3.750447,"USDSBD":8.048395,"USDSCR":13.741846,"USDSDG":601.501466,"USDSEK":8.883055,"USDSGD":1.26147,"USDSHP":0.750259,"USDSLE":24.249988,"USDSLL":20969.499267,"USDSOS":572.813655,"USDSRD":37.777035,"USDSTD":20697.981008,"USDSTN":20.619945,"USDSVC":8.769715,"USDSYP":11059.574895,"USDSZL":15.90934,"USDTHB":31.037046,"USDTJS":9.410992,"USDTMT":3.5,"USDTND":2.881959,"USDTOP":2.40776,"USDTRY":43.637498,"USDTTD":6.79695,"USDTWD":31.3825,"USDTZS":2590.154026,"USDUAH":43.122365,"USDUGX":3543.21928,"USDUYU":38.428359,"USDUZS":12348.557217,"USDVES":388.253525,"USDVND":25977,"USDVUV":119.366255,"USDWST":2.707053,"USDXAF":552.07568,"USDXAG":0.011998,"USDXAU":0.000197,"USDXCD":2.70255,"USDXCG":1.806292,"USDXDR":0.686599,"USDXOF":552.073357,"USDXPF":100.374109,"USDYER":238.404172,"USDZAR":15.870255,"USDZMK":9001.199267,"USDZMW":19.067978,"USDZWL":321.999592}}