{"success":true,"terms":"https:\/\/currencylayer.com\/terms","privacy":"https:\/\/currencylayer.com\/privacy","timestamp":1760750419,"source":"USD","quotes":{"USDAED":3.672504,"USDAFN":66.686399,"USDALL":82.894043,"USDAMD":385.088852,"USDANG":1.789982,"USDAOA":917.000367,"USDARS":1455.456041,"USDAUD":1.538462,"USDAWG":1.8025,"USDAZN":1.70397,"USDBAM":1.677783,"USDBBD":2.019808,"USDBDT":122.140679,"USDBGN":1.67635,"USDBHD":0.376389,"USDBIF":2955.975652,"USDBMD":1,"USDBND":1.298467,"USDBOB":6.929712,"USDBRL":5.405204,"USDBSD":1.002827,"USDBTC":9.341604e-6,"USDBTN":88.270188,"USDBWP":13.43822,"USDBYN":3.416216,"USDBYR":19600,"USDBZD":2.016891,"USDCAD":1.40225,"USDCDF":2205.000362,"USDCHF":0.793327,"USDCLF":0.024402,"USDCLP":957.280396,"USDCNY":7.12705,"USDCNH":7.127415,"USDCOP":3829.91,"USDCRC":503.429549,"USDCUC":1,"USDCUP":26.5,"USDCVE":94.590827,"USDCZK":20.841704,"USDDJF":178.578628,"USDDKK":6.408804,"USDDOP":63.426289,"USDDZD":129.61804,"USDEGP":47.51212,"USDERN":15,"USDETB":149.059011,"USDEUR":0.857604,"USDFJD":2.27385,"USDFKP":0.745018,"USDGBP":0.744768,"USDGEL":2.703861,"USDGGP":0.745018,"USDGHS":10.754865,"USDGIP":0.745018,"USDGMD":72.000355,"USDGNF":8702.77667,"USDGTQ":7.681189,"USDGYD":209.770053,"USDHKD":7.77175,"USDHNL":26.339291,"USDHRK":6.466804,"USDHTG":131.528262,"USDHUF":334.10504,"USDIDR":16572.65,"USDILS":3.309835,"USDIMP":0.745018,"USDINR":88.02565,"USDIQD":1313.711445,"USDIRR":42062.503816,"USDISK":121.710386,"USDJEP":0.745018,"USDJMD":161.179483,"USDJOD":0.70904,"USDJPY":150.61504,"USDKES":129.520385,"USDKGS":87.450384,"USDKHR":4036.530386,"USDKMF":422.503794,"USDKPW":899.947004,"USDKRW":1421.740383,"USDKWD":0.30583,"USDKYD":0.835717,"USDKZT":539.476111,"USDLAK":21761.080205,"USDLBP":89802.136904,"USDLKR":303.61884,"USDLRD":183.511266,"USDLSL":17.487186,"USDLTL":2.95274,"USDLVL":0.60489,"USDLYD":5.443058,"USDMAD":9.17033,"USDMDL":16.912512,"USDMGA":4460.819847,"USDMKD":52.860715,"USDMMK":2099.697056,"USDMNT":3595.656944,"USDMOP":8.022613,"USDMRU":40.107927,"USDMUR":45.030378,"USDMVR":15.303739,"USDMWK":1738.86189,"USDMXN":18.375404,"USDMYR":4.226039,"USDMZN":63.910377,"USDNAD":17.487186,"USDNGN":1471.040377,"USDNIO":36.907872,"USDNOK":10.061804,"USDNPR":141.243035,"USDNZD":1.747947,"USDOMR":0.383922,"USDPAB":1.002827,"USDPEN":3.395542,"USDPGK":4.277589,"USDPHP":58.121038,"USDPKR":283.887176,"USDPLN":3.64095,"USDPYG":7117.581206,"USDQAR":3.655299,"USDRON":4.365204,"USDRSD":100.686038,"USDRUB":81.063023,"USDRWF":1455.59983,"USDSAR":3.750381,"USDSBD":8.237372,"USDSCR":13.89816,"USDSDG":601.503676,"USDSEK":9.458005,"USDSGD":1.295304,"USDSHP":0.750259,"USDSLE":23.120371,"USDSLL":20969.499529,"USDSOS":573.163984,"USDSRD":39.416038,"USDSTD":20697.981008,"USDSTN":21.019037,"USDSVC":8.774947,"USDSYP":13001.467384,"USDSZL":17.481267,"USDTHB":32.720369,"USDTJS":9.250968,"USDTMT":3.5,"USDTND":2.928099,"USDTOP":2.342104,"USDTRY":41.890104,"USDTTD":6.801892,"USDTWD":30.636904,"USDTZS":2463.460367,"USDUAH":41.853814,"USDUGX":3505.17498,"USDUYU":40.147379,"USDUZS":12195.195182,"USDVES":201.21765,"USDVND":26342,"USDVUV":122.527969,"USDWST":2.807298,"USDXAF":562.712693,"USDXAG":0.019266,"USDXAU":0.000235,"USDXCD":2.70255,"USDXCG":1.807318,"USDXDR":0.699834,"USDXOF":562.712693,"USDXPF":102.307187,"USDYER":238.903589,"USDZAR":17.36819,"USDZMK":9001.203584,"USDZMW":22.739029,"USDZWL":321.999592}}