{"success":true,"terms":"https:\/\/currencylayer.com\/terms","privacy":"https:\/\/currencylayer.com\/privacy","timestamp":1770429669,"source":"USD","quotes":{"USDAED":3.672504,"USDAFN":65.000368,"USDALL":81.910403,"USDAMD":376.168126,"USDANG":1.79008,"USDAOA":917.000367,"USDARS":1431.790402,"USDAUD":1.425923,"USDAWG":1.8025,"USDAZN":1.70397,"USDBAM":1.654023,"USDBBD":2.008288,"USDBDT":121.941731,"USDBGN":1.67937,"USDBHD":0.375999,"USDBIF":2954.881813,"USDBMD":1,"USDBND":1.269737,"USDBOB":6.889932,"USDBRL":5.217404,"USDBSD":0.997082,"USDBTC":1.4217986e-5,"USDBTN":90.316715,"USDBWP":13.200558,"USDBYN":2.864561,"USDBYR":19600,"USDBZD":2.005328,"USDCAD":1.36855,"USDCDF":2200.000362,"USDCHF":0.77566,"USDCLF":0.021803,"USDCLP":860.890396,"USDCNY":6.93895,"USDCNH":6.929815,"USDCOP":3684.65,"USDCRC":494.312656,"USDCUC":1,"USDCUP":26.5,"USDCVE":93.82504,"USDCZK":20.504104,"USDDJF":177.555076,"USDDKK":6.322204,"USDDOP":62.928665,"USDDZD":129.553047,"USDEGP":46.73094,"USDERN":15,"USDETB":155.0074,"USDEUR":0.846204,"USDFJD":2.209504,"USDFKP":0.738005,"USDGBP":0.734457,"USDGEL":2.69504,"USDGGP":0.738005,"USDGHS":10.957757,"USDGIP":0.738005,"USDGMD":73.000355,"USDGNF":8752.167111,"USDGTQ":7.647681,"USDGYD":208.609244,"USDHKD":7.81385,"USDHNL":26.45504,"USDHRK":6.376104,"USDHTG":130.618631,"USDHUF":319.703831,"USDIDR":16855.5,"USDILS":3.110675,"USDIMP":0.738005,"USDINR":90.57645,"USDIQD":1310.5,"USDIRR":42125.000158,"USDISK":122.710386,"USDJEP":0.738005,"USDJMD":156.057339,"USDJOD":0.70904,"USDJPY":157.200504,"USDKES":128.622775,"USDKGS":87.450384,"USDKHR":4033.00035,"USDKMF":419.00035,"USDKPW":900.002243,"USDKRW":1463.803789,"USDKWD":0.30721,"USDKYD":0.830902,"USDKZT":493.331642,"USDLAK":21426.698803,"USDLBP":89293.839063,"USDLKR":308.47816,"USDLRD":187.449786,"USDLSL":16.086092,"USDLTL":2.95274,"USDLVL":0.60489,"USDLYD":6.314009,"USDMAD":9.185039,"USDMDL":17.000296,"USDMGA":4426.402808,"USDMKD":52.129054,"USDMMK":2100.00747,"USDMNT":3580.70414,"USDMOP":8.023933,"USDMRU":39.850379,"USDMUR":46.060378,"USDMVR":15.450378,"USDMWK":1737.000345,"USDMXN":17.263604,"USDMYR":3.947504,"USDMZN":63.750377,"USDNAD":16.086092,"USDNGN":1366.980377,"USDNIO":36.694998,"USDNOK":9.690604,"USDNPR":144.506744,"USDNZD":1.661958,"USDOMR":0.383441,"USDPAB":0.997082,"USDPEN":3.367504,"USDPGK":4.275868,"USDPHP":58.511038,"USDPKR":278.812127,"USDPLN":3.56949,"USDPYG":6588.016407,"USDQAR":3.64135,"USDRON":4.310404,"USDRSD":99.553038,"USDRUB":76.792845,"USDRWF":1455.283522,"USDSAR":3.749738,"USDSBD":8.058149,"USDSCR":13.675619,"USDSDG":601.503676,"USDSEK":9.023204,"USDSGD":1.272904,"USDSHP":0.750259,"USDSLE":24.450371,"USDSLL":20969.499267,"USDSOS":568.818978,"USDSRD":37.818038,"USDSTD":20697.981008,"USDSTN":20.719692,"USDSVC":8.724259,"USDSYP":11059.574895,"USDSZL":16.08271,"USDTHB":31.535038,"USDTJS":9.342721,"USDTMT":3.505,"USDTND":2.847504,"USDTOP":2.40776,"USDTRY":43.612504,"USDTTD":6.752083,"USDTWD":31.590367,"USDTZS":2577.445135,"USDUAH":42.828111,"USDUGX":3547.71872,"USDUYU":38.538627,"USDUZS":12244.069517,"USDVES":377.985125,"USDVND":25950,"USDVUV":119.988021,"USDWST":2.726314,"USDXAF":554.743964,"USDXAG":0.012866,"USDXAU":0.000202,"USDXCD":2.70255,"USDXCG":1.797032,"USDXDR":0.689923,"USDXOF":554.743964,"USDXPF":101.703591,"USDYER":238.403589,"USDZAR":16.04457,"USDZMK":9001.203584,"USDZMW":18.570764,"USDZWL":321.999592}}