{"success":true,"terms":"https:\/\/currencylayer.com\/terms","privacy":"https:\/\/currencylayer.com\/privacy","timestamp":1779161708,"source":"USD","quotes":{"USDAED":3.672503,"USDAFN":62.493911,"USDALL":82.049961,"USDAMD":368.040328,"USDANG":1.79046,"USDAOA":917.999781,"USDARS":1395.801698,"USDAUD":1.40005,"USDAWG":1.8,"USDAZN":1.700369,"USDBAM":1.681873,"USDBBD":2.013793,"USDBDT":122.884562,"USDBGN":1.66992,"USDBHD":0.377275,"USDBIF":2977.5,"USDBMD":1,"USDBND":1.280114,"USDBOB":6.933707,"USDBRL":5.009897,"USDBSD":0.999845,"USDBTC":1.303171e-5,"USDBTN":96.283747,"USDBWP":13.596591,"USDBYN":2.758188,"USDBYR":19600,"USDBZD":2.010896,"USDCAD":1.374445,"USDCDF":2250.0002,"USDCHF":0.785525,"USDCLF":0.022893,"USDCLP":900.999898,"USDCNY":6.80025,"USDCNH":6.80323,"USDCOP":3799.35,"USDCRC":452.331096,"USDCUC":1,"USDCUP":26.5,"USDCVE":94.999761,"USDCZK":20.878018,"USDDJF":177.720406,"USDDKK":6.417303,"USDDOP":59.19735,"USDDZD":132.690706,"USDEGP":53.319701,"USDERN":15,"USDETB":157.39568,"USDEUR":0.85878,"USDFJD":2.203201,"USDFKP":0.750416,"USDGBP":0.74525,"USDGEL":2.669985,"USDGGP":0.750416,"USDGHS":11.439824,"USDGIP":0.750416,"USDGMD":73.489039,"USDGNF":8779.999662,"USDGTQ":7.627713,"USDGYD":209.145437,"USDHKD":7.830955,"USDHNL":26.610239,"USDHRK":6.470803,"USDHTG":130.883637,"USDHUF":309.4899,"USDIDR":17724.85,"USDILS":2.90395,"USDIMP":0.750416,"USDINR":96.407602,"USDIQD":1310,"USDIRR":1314000.000406,"USDISK":123.160099,"USDJEP":0.750416,"USDJMD":158.134615,"USDJOD":0.709037,"USDJPY":158.951027,"USDKES":129.260274,"USDKGS":87.449994,"USDKHR":4009.999842,"USDKMF":423.000238,"USDKPW":899.999988,"USDKRW":1504.860341,"USDKWD":0.30809,"USDKYD":0.833201,"USDKZT":467.577922,"USDLAK":21949.999764,"USDLBP":89535.70263,"USDLKR":333.073917,"USDLRD":183.275005,"USDLSL":16.610315,"USDLTL":2.95274,"USDLVL":0.60489,"USDLYD":6.354974,"USDMAD":9.208498,"USDMDL":17.307254,"USDMGA":4184.99977,"USDMKD":52.937337,"USDMMK":2099.517816,"USDMNT":3578.033115,"USDMOP":8.064995,"USDMRU":39.979657,"USDMUR":47.303214,"USDMVR":15.410355,"USDMWK":1742.000043,"USDMXN":17.295502,"USDMYR":3.974103,"USDMZN":63.897378,"USDNAD":16.610112,"USDNGN":1371.259909,"USDNIO":36.704977,"USDNOK":9.26887,"USDNPR":154.053996,"USDNZD":1.70703,"USDOMR":0.384503,"USDPAB":0.999854,"USDPEN":3.422015,"USDPGK":4.374502,"USDPHP":61.722496,"USDPKR":278.649989,"USDPLN":3.642399,"USDPYG":6089.19235,"USDQAR":3.645018,"USDRON":4.4736,"USDRSD":100.838981,"USDRUB":72.775357,"USDRWF":1462.5,"USDSAR":3.752456,"USDSBD":8.032258,"USDSCR":15.065823,"USDSDG":600.50203,"USDSEK":9.402302,"USDSGD":1.279801,"USDSHP":0.746601,"USDSLE":24.602824,"USDSLL":20969.502105,"USDSOS":571.499758,"USDSRD":37.2275,"USDSTD":20697.981008,"USDSTN":21.3,"USDSVC":8.749043,"USDSYP":110.524984,"USDSZL":16.610207,"USDTHB":32.620268,"USDTJS":9.328604,"USDTMT":3.51,"USDTND":2.90075,"USDTOP":2.40776,"USDTRY":45.580991,"USDTTD":6.788406,"USDTWD":31.630979,"USDTZS":2597.502999,"USDUAH":44.163578,"USDUGX":3769.090534,"USDUYU":40.081866,"USDUZS":12054.999843,"USDVES":517.3145,"USDVND":26357.5,"USDVUV":118.331805,"USDWST":2.70638,"USDXAF":564.082124,"USDXAG":0.013084,"USDXAU":0.00022,"USDXCD":2.70255,"USDXCG":1.802015,"USDXDR":0.702153,"USDXOF":562.999883,"USDXPF":102.749665,"USDYER":238.624968,"USDZAR":16.639595,"USDZMK":9001.21387,"USDZMW":18.822396,"USDZWL":321.999592}}