{"success":true,"terms":"https:\/\/currencylayer.com\/terms","privacy":"https:\/\/currencylayer.com\/privacy","timestamp":1776048125,"source":"USD","quotes":{"USDAED":3.6725,"USDAFN":64.505864,"USDALL":81.624824,"USDAMD":375.516815,"USDANG":1.79018,"USDAOA":917.000344,"USDARS":1385.095402,"USDAUD":1.421296,"USDAWG":1.8,"USDAZN":1.702553,"USDBAM":1.667278,"USDBBD":2.011082,"USDBDT":122.671668,"USDBGN":1.67367,"USDBHD":0.376625,"USDBIF":2967.989429,"USDBMD":1,"USDBND":1.272324,"USDBOB":6.899962,"USDBRL":5.004023,"USDBSD":0.998508,"USDBTC":1.4066577e-5,"USDBTN":92.62947,"USDBWP":13.405226,"USDBYN":2.865862,"USDBYR":19600,"USDBZD":2.008184,"USDCAD":1.38631,"USDCDF":2300.000068,"USDCHF":0.79203,"USDCLF":0.022739,"USDCLP":894.940027,"USDCNY":6.827991,"USDCNH":6.831995,"USDCOP":3645.78,"USDCRC":462.128639,"USDCUC":1,"USDCUP":26.5,"USDCVE":93.998551,"USDCZK":20.852199,"USDDJF":177.809983,"USDDKK":6.39352,"USDDOP":60.125314,"USDDZD":132.246707,"USDEGP":53.308098,"USDERN":15,"USDETB":156.679852,"USDEUR":0.85563,"USDFJD":2.2115,"USDFKP":0.742933,"USDGBP":0.746095,"USDGEL":2.690046,"USDGGP":0.742933,"USDGHS":10.988449,"USDGIP":0.742933,"USDGMD":73.501353,"USDGNF":8760.922382,"USDGTQ":7.638208,"USDGYD":208.899876,"USDHKD":7.83223,"USDHNL":26.518904,"USDHRK":6.446597,"USDHTG":130.923661,"USDHUF":314.614965,"USDIDR":17128,"USDILS":3.03421,"USDIMP":0.742933,"USDINR":94.86845,"USDIQD":1308.043135,"USDIRR":1316124.99994,"USDISK":122.530437,"USDJEP":0.742933,"USDJMD":157.870509,"USDJOD":0.708999,"USDJPY":159.743498,"USDKES":129.210053,"USDKGS":87.450467,"USDKHR":3997.272069,"USDKMF":420.000107,"USDKPW":899.998178,"USDKRW":1489.974994,"USDKWD":0.30869,"USDKYD":0.832104,"USDKZT":471.85542,"USDLAK":22019.52176,"USDLBP":89419.71783,"USDLKR":315.118708,"USDLRD":183.726184,"USDLSL":16.382337,"USDLTL":2.95274,"USDLVL":0.60489,"USDLYD":6.347556,"USDMAD":9.280849,"USDMDL":17.20387,"USDMGA":4143.898385,"USDMKD":52.551042,"USDMMK":2100.763326,"USDMNT":3574.006152,"USDMOP":8.05507,"USDMRU":39.91049,"USDMUR":46.519865,"USDMVR":15.459709,"USDMWK":1731.383999,"USDMXN":17.40384,"USDMYR":3.973502,"USDMZN":63.959734,"USDNAD":16.382337,"USDNGN":1358.030072,"USDNIO":36.741827,"USDNOK":9.52309,"USDNPR":148.206811,"USDNZD":1.71834,"USDOMR":0.38463,"USDPAB":0.998508,"USDPEN":3.369933,"USDPGK":4.322066,"USDPHP":60.419859,"USDPKR":278.505946,"USDPLN":3.64117,"USDPYG":6457.525255,"USDQAR":3.640254,"USDRON":4.354703,"USDRSD":100.055411,"USDRUB":77.327218,"USDRWF":1458.164614,"USDSAR":3.748263,"USDSBD":8.058149,"USDSCR":15.185201,"USDSDG":600.999719,"USDSEK":9.333355,"USDSGD":1.27633,"USDSHP":0.746601,"USDSLE":24.62496,"USDSLL":20969.495264,"USDSOS":570.649162,"USDSRD":37.449012,"USDSTD":20697.981008,"USDSTN":20.885725,"USDSVC":8.737053,"USDSYP":110.530532,"USDSZL":16.386343,"USDTHB":32.2715,"USDTJS":9.490729,"USDTMT":3.505,"USDTND":2.917693,"USDTOP":2.40776,"USDTRY":44.7043,"USDTTD":6.776352,"USDTWD":31.785503,"USDTZS":2598.053966,"USDUAH":43.382209,"USDUGX":3694.642172,"USDUYU":40.288138,"USDUZS":12141.852436,"USDVES":475.837803,"USDVND":26345.5,"USDVUV":117.921501,"USDWST":2.734489,"USDXAF":559.189293,"USDXAG":0.013449,"USDXAU":0.000212,"USDXCD":2.70255,"USDXCG":1.799582,"USDXDR":0.695452,"USDXOF":559.189293,"USDXPF":101.666596,"USDYER":237.150284,"USDZAR":16.553599,"USDZMK":9001.202186,"USDZMW":18.996633,"USDZWL":321.999592}}