{"success":true,"terms":"https:\/\/currencylayer.com\/terms","privacy":"https:\/\/currencylayer.com\/privacy","timestamp":1757553787,"source":"USD","quotes":{"USDAED":3.672503,"USDAFN":68.303779,"USDALL":83.124169,"USDAMD":382.189573,"USDANG":1.789783,"USDAOA":917.000238,"USDARS":1423.993912,"USDAUD":1.512276,"USDAWG":1.8,"USDAZN":1.69651,"USDBAM":1.672596,"USDBBD":2.015248,"USDBDT":121.797284,"USDBGN":1.671775,"USDBHD":0.377018,"USDBIF":2985.799621,"USDBMD":1,"USDBND":1.28432,"USDBOB":6.914275,"USDBRL":5.403704,"USDBSD":1.000569,"USDBTC":8.769314e-6,"USDBTN":88.178977,"USDBWP":13.408476,"USDBYN":3.387153,"USDBYR":19600,"USDBZD":2.012434,"USDCAD":1.386905,"USDCDF":2875.99981,"USDCHF":0.79902,"USDCLF":0.024519,"USDCLP":961.889749,"USDCNY":7.12125,"USDCNH":7.116605,"USDCOP":3924.13,"USDCRC":504.645803,"USDCUC":1,"USDCUP":26.5,"USDCVE":94.299202,"USDCZK":20.863599,"USDDJF":178.178195,"USDDKK":6.38245,"USDDOP":63.651563,"USDDZD":129.877988,"USDEGP":48.106399,"USDERN":15,"USDETB":143.962509,"USDEUR":0.85501,"USDFJD":2.244199,"USDFKP":0.738995,"USDGBP":0.7392,"USDGEL":2.690366,"USDGGP":0.738995,"USDGHS":12.207199,"USDGIP":0.738995,"USDGMD":71.999719,"USDGNF":8675.871329,"USDGTQ":7.669447,"USDGYD":209.345682,"USDHKD":7.789845,"USDHNL":26.218321,"USDHRK":6.4419,"USDHTG":130.877807,"USDHUF":335.990066,"USDIDR":16452.2,"USDILS":3.32245,"USDIMP":0.738995,"USDINR":88.104297,"USDIQD":1310.84733,"USDIRR":42090.000241,"USDISK":122.439801,"USDJEP":0.738995,"USDJMD":160.202166,"USDJOD":0.709025,"USDJPY":147.376501,"USDKES":129.229604,"USDKGS":87.450301,"USDKHR":4009.97148,"USDKMF":420.49376,"USDKPW":900.013015,"USDKRW":1387.679784,"USDKWD":0.30554,"USDKYD":0.833818,"USDKZT":538.954264,"USDLAK":21691.239353,"USDLBP":89603.957856,"USDLKR":302.175623,"USDLRD":190.111304,"USDLSL":17.585947,"USDLTL":2.95274,"USDLVL":0.60489,"USDLYD":5.409912,"USDMAD":9.032002,"USDMDL":16.66011,"USDMGA":4446.971997,"USDMKD":52.624602,"USDMMK":2099.458951,"USDMNT":3597.415466,"USDMOP":8.02817,"USDMRU":40.013341,"USDMUR":45.50795,"USDMVR":15.410211,"USDMWK":1735.003228,"USDMXN":18.596404,"USDMYR":4.219503,"USDMZN":63.910115,"USDNAD":17.585947,"USDNGN":1509.440341,"USDNIO":36.824349,"USDNOK":9.934165,"USDNPR":141.083607,"USDNZD":1.68351,"USDOMR":0.384506,"USDPAB":1.000582,"USDPEN":3.494852,"USDPGK":4.243438,"USDPHP":57.090986,"USDPKR":284.023757,"USDPLN":3.64363,"USDPYG":7167.321597,"USDQAR":3.647963,"USDRON":4.3398,"USDRSD":100.148022,"USDRUB":84.498215,"USDRWF":1449.883908,"USDSAR":3.751656,"USDSBD":8.223823,"USDSCR":14.227519,"USDSDG":600.497584,"USDSEK":9.35047,"USDSGD":1.2824,"USDSHP":0.785843,"USDSLE":23.375025,"USDSLL":20969.49797,"USDSOS":571.863495,"USDSRD":39.373976,"USDSTD":20697.981008,"USDSTN":20.95208,"USDSVC":8.755516,"USDSYP":13001.736919,"USDSZL":17.568105,"USDTHB":31.780038,"USDTJS":9.49573,"USDTMT":3.51,"USDTND":2.918302,"USDTOP":2.342099,"USDTRY":41.281815,"USDTTD":6.791126,"USDTWD":30.253498,"USDTZS":2464.999799,"USDUAH":41.282096,"USDUGX":3512.327783,"USDUYU":39.963568,"USDUZS":12362.740738,"USDVES":156.178305,"USDVND":26395,"USDVUV":119.746932,"USDWST":2.715893,"USDXAF":560.965848,"USDXAG":0.024274,"USDXAU":0.000274,"USDXCD":2.70255,"USDXCG":1.803356,"USDXDR":0.697661,"USDXOF":560.965848,"USDXPF":101.990901,"USDYER":239.607555,"USDZAR":17.49465,"USDZMK":9001.199295,"USDZMW":24.189066,"USDZWL":321.999592}}