{"success":true,"terms":"https:\/\/currencylayer.com\/terms","privacy":"https:\/\/currencylayer.com\/privacy","timestamp":1763688968,"source":"USD","quotes":{"USDAED":3.672496,"USDAFN":66.396529,"USDALL":83.994563,"USDAMD":382.049897,"USDANG":1.790055,"USDAOA":916.999738,"USDARS":1424.462901,"USDAUD":1.548851,"USDAWG":1.80125,"USDAZN":1.699915,"USDBAM":1.698997,"USDBBD":2.014594,"USDBDT":122.633888,"USDBGN":1.696315,"USDBHD":0.377022,"USDBIF":2952.751973,"USDBMD":1,"USDBND":1.307866,"USDBOB":6.910599,"USDBRL":5.333104,"USDBSD":1.000217,"USDBTC":1.1510149e-5,"USDBTN":88.695478,"USDBWP":13.427546,"USDBYN":3.415113,"USDBYR":19600,"USDBZD":2.011518,"USDCAD":1.408725,"USDCDF":2225.000105,"USDCHF":0.805265,"USDCLF":0.023723,"USDCLP":930.650131,"USDCNY":7.108014,"USDCNH":7.116085,"USDCOP":3763.92,"USDCRC":500.232353,"USDCUC":1,"USDCUP":26.5,"USDCVE":95.776838,"USDCZK":20.974001,"USDDJF":177.719924,"USDDKK":6.4749,"USDDOP":63.423533,"USDDZD":130.538751,"USDEGP":47.394696,"USDERN":15,"USDETB":154.433104,"USDEUR":0.86693,"USDFJD":2.2926,"USDFKP":0.764852,"USDGBP":0.764405,"USDGEL":2.701709,"USDGGP":0.764852,"USDGHS":11.081627,"USDGIP":0.764852,"USDGMD":73.47023,"USDGNF":8686.966076,"USDGTQ":7.661138,"USDGYD":209.248088,"USDHKD":7.78779,"USDHNL":26.321505,"USDHRK":6.531606,"USDHTG":130.808322,"USDHUF":331.333,"USDIDR":16738,"USDILS":3.246798,"USDIMP":0.764852,"USDINR":88.70685,"USDIQD":1310.341832,"USDIRR":42124.999819,"USDISK":127.449886,"USDJEP":0.764852,"USDJMD":160.648048,"USDJOD":0.708966,"USDJPY":157.365011,"USDKES":129.650047,"USDKGS":87.449825,"USDKHR":4003.578812,"USDKMF":427.00002,"USDKPW":900.004141,"USDKRW":1471.830524,"USDKWD":0.307269,"USDKYD":0.833413,"USDKZT":518.716369,"USDLAK":21709.937721,"USDLBP":89617.900232,"USDLKR":308.20011,"USDLRD":179.520364,"USDLSL":17.24312,"USDLTL":2.95274,"USDLVL":0.60489,"USDLYD":5.473979,"USDMAD":9.292781,"USDMDL":17.182465,"USDMGA":4512.408036,"USDMKD":53.371907,"USDMMK":2099.97115,"USDMNT":3570.386151,"USDMOP":8.020916,"USDMRU":39.830604,"USDMUR":46.220308,"USDMVR":15.409893,"USDMWK":1734.26622,"USDMXN":18.37025,"USDMYR":4.147502,"USDMZN":63.902579,"USDNAD":17.244842,"USDNGN":1454.559762,"USDNIO":36.802995,"USDNOK":10.202303,"USDNPR":141.912592,"USDNZD":1.78732,"USDOMR":0.384493,"USDPAB":1.000113,"USDPEN":3.379761,"USDPGK":4.23098,"USDPHP":59.094501,"USDPKR":282.617382,"USDPLN":3.670994,"USDPYG":7020.805282,"USDQAR":3.645311,"USDRON":4.411001,"USDRSD":101.692959,"USDRUB":80.046214,"USDRWF":1454.19486,"USDSAR":3.750379,"USDSBD":8.230592,"USDSCR":13.585987,"USDSDG":601.502465,"USDSEK":9.542405,"USDSGD":1.307215,"USDSHP":0.750259,"USDSLE":23.374955,"USDSLL":20969.498139,"USDSOS":570.589743,"USDSRD":38.543957,"USDSTD":20697.981008,"USDSTN":21.283065,"USDSVC":8.751243,"USDSYP":11058.522911,"USDSZL":17.239298,"USDTHB":32.41986,"USDTJS":9.2414,"USDTMT":3.5,"USDTND":2.964079,"USDTOP":2.40776,"USDTRY":42.447023,"USDTTD":6.786301,"USDTWD":31.347011,"USDTZS":2429.999808,"USDUAH":42.237529,"USDUGX":3640.707119,"USDUYU":39.847109,"USDUZS":11917.64757,"USDVES":237.45331,"USDVND":26376,"USDVUV":122.031814,"USDWST":2.81372,"USDXAF":569.792915,"USDXAG":0.019919,"USDXAU":0.000246,"USDXCD":2.70255,"USDXCG":1.802539,"USDXDR":0.708009,"USDXOF":569.827564,"USDXPF":103.600747,"USDYER":238.515054,"USDZAR":17.232602,"USDZMK":9001.197256,"USDZMW":22.978102,"USDZWL":321.999592}}