{"success":true,"terms":"https:\/\/currencylayer.com\/terms","privacy":"https:\/\/currencylayer.com\/privacy","timestamp":1752457744,"source":"USD","quotes":{"USDAED":3.67304,"USDAFN":69.214655,"USDALL":83.647557,"USDAMD":383.908341,"USDANG":1.789699,"USDAOA":916.999991,"USDARS":1255.865501,"USDAUD":1.522765,"USDAWG":1.8025,"USDAZN":1.695114,"USDBAM":1.672267,"USDBBD":2.01864,"USDBDT":121.568124,"USDBGN":1.672267,"USDBHD":0.376897,"USDBIF":2978.838015,"USDBMD":1,"USDBND":1.279295,"USDBOB":6.923176,"USDBRL":5.564603,"USDBSD":0.999786,"USDBTC":8.396729e-6,"USDBTN":85.706468,"USDBWP":13.347869,"USDBYN":3.271771,"USDBYR":19600,"USDBZD":2.008208,"USDCAD":1.36888,"USDCDF":2885.999961,"USDCHF":0.796215,"USDCLF":0.02475,"USDCLP":949.775555,"USDCNY":7.16855,"USDCNH":7.171725,"USDCOP":4013.42,"USDCRC":504.211021,"USDCUC":1,"USDCUP":26.5,"USDCVE":94.279851,"USDCZK":21.101701,"USDDJF":178.034287,"USDDKK":6.38284,"USDDOP":60.202642,"USDDZD":129.769569,"USDEGP":49.508798,"USDERN":15,"USDETB":137.738703,"USDEUR":0.85533,"USDFJD":2.24225,"USDFKP":0.740431,"USDGBP":0.741045,"USDGEL":2.709761,"USDGGP":0.740431,"USDGHS":10.397161,"USDGIP":0.740431,"USDGMD":71.49594,"USDGNF":8674.276431,"USDGTQ":7.679877,"USDGYD":209.165919,"USDHKD":7.849955,"USDHNL":26.152794,"USDHRK":6.443601,"USDHTG":131.22141,"USDHUF":342.072504,"USDIDR":16216.5,"USDILS":3.3305,"USDIMP":0.740431,"USDINR":85.819903,"USDIQD":1309.64901,"USDIRR":42112.50235,"USDISK":121.799265,"USDJEP":0.740431,"USDJMD":159.873456,"USDJOD":0.70901,"USDJPY":147.043024,"USDKES":129.170125,"USDKGS":87.449594,"USDKHR":4008.379291,"USDKMF":421.149874,"USDKPW":900,"USDKRW":1378.460416,"USDKWD":0.30579,"USDKYD":0.833141,"USDKZT":522.363302,"USDLAK":21545.89372,"USDLBP":89577.957334,"USDLKR":300.654098,"USDLRD":200.453166,"USDLSL":17.827541,"USDLTL":2.95274,"USDLVL":0.60489,"USDLYD":5.401223,"USDMAD":9.004916,"USDMDL":16.926168,"USDMGA":4429.05391,"USDMKD":52.614253,"USDMMK":2099.534746,"USDMNT":3586.143912,"USDMOP":8.083793,"USDMRU":39.769997,"USDMUR":45.459944,"USDMVR":15.392783,"USDMWK":1733.572742,"USDMXN":18.673019,"USDMYR":4.251502,"USDMZN":63.959968,"USDNAD":17.827541,"USDNGN":1529.5404,"USDNIO":36.791929,"USDNOK":10.152095,"USDNPR":137.13052,"USDNZD":1.669465,"USDOMR":0.384498,"USDPAB":0.999786,"USDPEN":3.545124,"USDPGK":4.133214,"USDPHP":56.564498,"USDPKR":284.305075,"USDPLN":3.653137,"USDPYG":7748.279253,"USDQAR":3.644735,"USDRON":4.343695,"USDRSD":100.166731,"USDRUB":78.049156,"USDRWF":1444.658202,"USDSAR":3.750499,"USDSBD":8.326487,"USDSCR":14.09773,"USDSDG":600.507612,"USDSEK":9.576275,"USDSGD":1.280595,"USDSHP":0.785843,"USDSLE":22.510262,"USDSLL":20969.503947,"USDSOS":571.330854,"USDSRD":37.207501,"USDSTD":20697.981008,"USDSVC":8.747809,"USDSYP":13001.855173,"USDSZL":17.833355,"USDTHB":32.408983,"USDTJS":9.662605,"USDTMT":3.51,"USDTND":2.925057,"USDTOP":2.342099,"USDTRY":40.238992,"USDTTD":6.792356,"USDTWD":29.221985,"USDTZS":2591.852022,"USDUAH":41.770254,"USDUGX":3583.429524,"USDUYU":40.425805,"USDUZS":12631.35394,"USDVES":114.26852,"USDVND":26120,"USDVUV":119.647924,"USDWST":2.605512,"USDXAF":560.862725,"USDXAG":0.025899,"USDXAU":0.000298,"USDXCD":2.70255,"USDXDR":0.697533,"USDXOF":560.862725,"USDXPF":101.970843,"USDYER":241.850115,"USDZAR":17.95635,"USDZMK":9001.198362,"USDZMW":23.143944,"USDZWL":321.999592}}