{"success":true,"terms":"https:\/\/currencylayer.com\/terms","privacy":"https:\/\/currencylayer.com\/privacy","timestamp":1766713383,"source":"USD","quotes":{"USDAED":3.672498,"USDAFN":66.379449,"USDALL":81.856268,"USDAMD":381.46022,"USDANG":1.790403,"USDAOA":916.999977,"USDARS":1449.238602,"USDAUD":1.489869,"USDAWG":1.80025,"USDAZN":1.698295,"USDBAM":1.658674,"USDBBD":2.014358,"USDBDT":122.21671,"USDBGN":1.660501,"USDBHD":0.377225,"USDBIF":2957.76141,"USDBMD":1,"USDBND":1.284077,"USDBOB":6.926234,"USDBRL":5.526598,"USDBSD":1.00014,"USDBTC":1.1443049e-5,"USDBTN":89.856547,"USDBWP":13.14687,"USDBYN":2.919259,"USDBYR":19600,"USDBZD":2.011466,"USDCAD":1.367265,"USDCDF":2200.000167,"USDCHF":0.788195,"USDCLF":0.023053,"USDCLP":904.350389,"USDCNY":7.028501,"USDCNH":7.00831,"USDCOP":3728.15,"USDCRC":499.518715,"USDCUC":1,"USDCUP":26.5,"USDCVE":93.513465,"USDCZK":20.590304,"USDDJF":177.720352,"USDDKK":6.33725,"USDDOP":62.690023,"USDDZD":129.439978,"USDEGP":47.499297,"USDERN":15,"USDETB":155.604932,"USDEUR":0.848365,"USDFJD":2.269201,"USDFKP":0.740634,"USDGBP":0.73983,"USDGEL":2.684986,"USDGGP":0.740634,"USDGHS":11.126753,"USDGIP":0.740634,"USDGMD":74.502771,"USDGNF":8741.153473,"USDGTQ":7.662397,"USDGYD":209.237241,"USDHKD":7.77535,"USDHNL":26.362545,"USDHRK":6.392103,"USDHTG":130.951927,"USDHUF":330.370986,"USDIDR":16760.1,"USDILS":3.191301,"USDIMP":0.740634,"USDINR":90.10915,"USDIQD":1310.19773,"USDIRR":42124.999907,"USDISK":125.560228,"USDJEP":0.740634,"USDJMD":159.532199,"USDJOD":0.708949,"USDJPY":156.273011,"USDKES":128.950073,"USDKGS":87.44989,"USDKHR":4008.85391,"USDKMF":417.999776,"USDKPW":899.988547,"USDKRW":1447.290138,"USDKWD":0.30719,"USDKYD":0.833489,"USDKZT":514.029352,"USDLAK":21644.588429,"USDLBP":89561.205624,"USDLKR":309.599834,"USDLRD":177.018844,"USDLSL":16.645168,"USDLTL":2.95274,"USDLVL":0.60489,"USDLYD":5.412442,"USDMAD":9.124909,"USDMDL":16.777482,"USDMGA":4573.672337,"USDMKD":52.285777,"USDMMK":2100.202105,"USDMNT":3556.654488,"USDMOP":8.011093,"USDMRU":39.604456,"USDMUR":45.950105,"USDMVR":15.449967,"USDMWK":1734.230032,"USDMXN":17.94224,"USDMYR":4.03301,"USDMZN":63.91015,"USDNAD":16.645168,"USDNGN":1449.529832,"USDNIO":36.806642,"USDNOK":9.997296,"USDNPR":143.770645,"USDNZD":1.71278,"USDOMR":0.384496,"USDPAB":1.000136,"USDPEN":3.365433,"USDPGK":4.319268,"USDPHP":58.814997,"USDPKR":280.16122,"USDPLN":3.57663,"USDPYG":6777.849865,"USDQAR":3.645469,"USDRON":4.319201,"USDRSD":99.565974,"USDRUB":78.931686,"USDRWF":1456.65485,"USDSAR":3.750695,"USDSBD":8.153391,"USDSCR":15.233419,"USDSDG":601.50148,"USDSEK":9.17055,"USDSGD":1.284303,"USDSHP":0.750259,"USDSLE":24.07496,"USDSLL":20969.503664,"USDSOS":570.585342,"USDSRD":38.335498,"USDSTD":20697.981008,"USDSTN":20.777943,"USDSVC":8.75133,"USDSYP":11058.430888,"USDSZL":16.631683,"USDTHB":31.05019,"USDTJS":9.19119,"USDTMT":3.51,"USDTND":2.909675,"USDTOP":2.40776,"USDTRY":42.869202,"USDTTD":6.803263,"USDTWD":31.472027,"USDTZS":2469.999648,"USDUAH":42.191946,"USDUGX":3610.273633,"USDUYU":39.087976,"USDUZS":12053.751267,"USDVES":288.088835,"USDVND":26280,"USDVUV":120.842065,"USDWST":2.78861,"USDXAF":556.301203,"USDXAG":0.013898,"USDXAU":0.000223,"USDXCD":2.70255,"USDXCG":1.802508,"USDXDR":0.691025,"USDXOF":556.303562,"USDXPF":101.141939,"USDYER":238.449888,"USDZAR":16.64363,"USDZMK":9001.196659,"USDZMW":22.577472,"USDZWL":321.999592}}