{"success":true,"terms":"https:\/\/currencylayer.com\/terms","privacy":"https:\/\/currencylayer.com\/privacy","timestamp":1773453788,"source":"USD","quotes":{"USDAED":3.673104,"USDAFN":63.000368,"USDALL":84.000368,"USDAMD":377.540403,"USDANG":1.790083,"USDAOA":917.000367,"USDARS":1394.843704,"USDAUD":1.43082,"USDAWG":1.8,"USDAZN":1.70397,"USDBAM":1.706029,"USDBBD":2.014653,"USDBDT":122.757664,"USDBGN":1.709309,"USDBHD":0.3784,"USDBIF":2974,"USDBMD":1,"USDBND":1.280193,"USDBOB":6.912915,"USDBRL":5.330604,"USDBSD":1.000305,"USDBTC":1.4009615e-5,"USDBTN":92.343792,"USDBWP":13.632359,"USDBYN":2.960162,"USDBYR":19600,"USDBZD":2.011968,"USDCAD":1.38095,"USDCDF":2257.000362,"USDCHF":0.795951,"USDCLF":0.023229,"USDCLP":917.210396,"USDCNY":6.896604,"USDCNH":6.90768,"USDCOP":3706.43,"USDCRC":470.629279,"USDCUC":1,"USDCUP":26.5,"USDCVE":96.750394,"USDCZK":21.430394,"USDDJF":177.720393,"USDDKK":6.545104,"USDDOP":61.750393,"USDDZD":132.63604,"USDEGP":52.212389,"USDERN":15,"USDETB":157.050392,"USDEUR":0.87204,"USDFJD":2.228704,"USDFKP":0.749032,"USDGBP":0.755458,"USDGEL":2.730391,"USDGGP":0.749032,"USDGHS":10.88504,"USDGIP":0.749032,"USDGMD":73.503851,"USDGNF":8780.000355,"USDGTQ":7.670839,"USDGYD":209.297761,"USDHKD":7.83095,"USDHNL":26.570388,"USDHRK":6.599604,"USDHTG":131.176999,"USDHUF":343.740388,"USDIDR":16960.05,"USDILS":3.14434,"USDIMP":0.749032,"USDINR":92.60485,"USDIQD":1309.5,"USDIRR":1321725.000352,"USDISK":126.303814,"USDJEP":0.749032,"USDJMD":156.968275,"USDJOD":0.70904,"USDJPY":159.74504,"USDKES":129.280385,"USDKGS":87.449704,"USDKHR":4020.00035,"USDKMF":431.00035,"USDKPW":899.878965,"USDKRW":1502.850383,"USDKWD":0.30743,"USDKYD":0.833657,"USDKZT":489.763519,"USDLAK":21435.000349,"USDLBP":89550.000349,"USDLKR":311.307837,"USDLRD":183.250382,"USDLSL":16.890381,"USDLTL":2.95274,"USDLVL":0.60489,"USDLYD":6.380381,"USDMAD":9.437504,"USDMDL":17.4521,"USDMGA":4155.000347,"USDMKD":53.738175,"USDMMK":2099.194294,"USDMNT":3570.249458,"USDMOP":8.064707,"USDMRU":40.105039,"USDMUR":46.510378,"USDMVR":15.450378,"USDMWK":1737.000345,"USDMXN":17.950204,"USDMYR":3.938504,"USDMZN":63.910377,"USDNAD":16.890377,"USDNGN":1385.503725,"USDNIO":36.720377,"USDNOK":9.74622,"USDNPR":147.749893,"USDNZD":1.731003,"USDOMR":0.385346,"USDPAB":1.000358,"USDPEN":3.450375,"USDPGK":4.31725,"USDPHP":59.590375,"USDPKR":279.250374,"USDPLN":3.74845,"USDPYG":6454.173536,"USDQAR":3.64375,"USDRON":4.462604,"USDRSD":101.720373,"USDRUB":79.907232,"USDRWF":1459,"USDSAR":3.752744,"USDSBD":8.051718,"USDSCR":15.196426,"USDSDG":601.000339,"USDSEK":9.480704,"USDSGD":1.281604,"USDSHP":0.750259,"USDSLE":24.550371,"USDSLL":20969.510825,"USDSOS":571.503662,"USDSRD":37.548038,"USDSTD":20697.981008,"USDSTN":21.65,"USDSVC":8.753451,"USDSYP":111.636388,"USDSZL":16.890369,"USDTHB":32.380369,"USDTJS":9.588758,"USDTMT":3.5,"USDTND":2.951038,"USDTOP":2.40776,"USDTRY":44.186704,"USDTTD":6.784777,"USDTWD":32.194604,"USDTZS":2609.846038,"USDUAH":44.117624,"USDUGX":3761.323442,"USDUYU":40.187022,"USDUZS":12115.000334,"USDVES":442.704625,"USDVND":26294,"USDVUV":118.960301,"USDWST":2.788339,"USDXAF":572.193582,"USDXAG":0.012417,"USDXAU":0.000199,"USDXCD":2.70255,"USDXCG":1.802964,"USDXDR":0.708301,"USDXOF":571.503593,"USDXPF":104.750363,"USDYER":238.550363,"USDZAR":16.882904,"USDZMK":9001.203584,"USDZMW":19.472176,"USDZWL":321.999592}}