{"success":true,"terms":"https:\/\/currencylayer.com\/terms","privacy":"https:\/\/currencylayer.com\/privacy","timestamp":1754962757,"source":"USD","quotes":{"USDAED":3.6725,"USDAFN":68.486369,"USDALL":83.698506,"USDAMD":384.658431,"USDANG":1.789699,"USDAOA":916.999869,"USDARS":1321.09658,"USDAUD":1.534778,"USDAWG":1.8,"USDAZN":1.69956,"USDBAM":1.683785,"USDBBD":2.024622,"USDBDT":121.828591,"USDBGN":1.6837,"USDBHD":0.377006,"USDBIF":2990.095004,"USDBMD":1,"USDBND":1.288381,"USDBOB":6.95364,"USDBRL":5.443498,"USDBSD":1.002712,"USDBTC":8.400855e-6,"USDBTN":87.882571,"USDBWP":13.491455,"USDBYN":3.302053,"USDBYR":19600,"USDBZD":2.014205,"USDCAD":1.37775,"USDCDF":2890.000237,"USDCHF":0.811415,"USDCLF":0.024706,"USDCLP":969.190451,"USDCNY":7.188205,"USDCNH":7.19035,"USDCOP":4029.54,"USDCRC":507.083238,"USDCUC":1,"USDCUP":26.5,"USDCVE":94.929189,"USDCZK":21.05399,"USDDJF":178.563127,"USDDKK":6.422089,"USDDOP":61.246013,"USDDZD":130.022997,"USDEGP":48.489501,"USDERN":15,"USDETB":139.796736,"USDEUR":0.86051,"USDFJD":2.255898,"USDFKP":0.743585,"USDGBP":0.744365,"USDGEL":2.697532,"USDGGP":0.743585,"USDGHS":10.578968,"USDGIP":0.743585,"USDGMD":72.500789,"USDGNF":8695.315291,"USDGTQ":7.693169,"USDGYD":209.736989,"USDHKD":7.849885,"USDHNL":26.301176,"USDHRK":6.485599,"USDHTG":131.309001,"USDHUF":340.540501,"USDIDR":16304.8,"USDILS":3.411895,"USDIMP":0.743585,"USDINR":87.65135,"USDIQD":1313.5896,"USDIRR":42124.999677,"USDISK":123.070108,"USDJEP":0.743585,"USDJMD":160.544792,"USDJOD":0.708968,"USDJPY":148.312008,"USDKES":129.499376,"USDKGS":87.428303,"USDKHR":4015.376205,"USDKMF":424.125023,"USDKPW":900.000223,"USDKRW":1390.81963,"USDKWD":0.30578,"USDKYD":0.835608,"USDKZT":544.78929,"USDLAK":21689.983212,"USDLBP":89843.915458,"USDLKR":301.571176,"USDLRD":201.041712,"USDLSL":17.775214,"USDLTL":2.95274,"USDLVL":0.60489,"USDLYD":5.436701,"USDMAD":9.062804,"USDMDL":16.815462,"USDMGA":4424.260686,"USDMKD":52.980931,"USDMMK":2099.278286,"USDMNT":3593.667467,"USDMOP":8.107787,"USDMRU":39.978649,"USDMUR":45.37961,"USDMVR":15.398268,"USDMWK":1738.711205,"USDMXN":18.67398,"USDMYR":4.234498,"USDMZN":63.959825,"USDNAD":17.775214,"USDNGN":1536.920267,"USDNIO":36.899448,"USDNOK":10.21967,"USDNPR":140.612718,"USDNZD":1.682326,"USDOMR":0.384495,"USDPAB":1.002712,"USDPEN":3.532607,"USDPGK":4.229711,"USDPHP":57.20101,"USDPKR":284.647927,"USDPLN":3.66334,"USDPYG":7510.653868,"USDQAR":3.656407,"USDRON":4.358302,"USDRSD":100.804019,"USDRUB":79.499978,"USDRWF":1450.912362,"USDSAR":3.753175,"USDSBD":8.230592,"USDSCR":14.782122,"USDSDG":600.489005,"USDSEK":9.63234,"USDSGD":1.286385,"USDSHP":0.785843,"USDSLE":23.150192,"USDSLL":20969.503947,"USDSOS":573.029887,"USDSRD":37.409586,"USDSTD":20697.981008,"USDSTN":21.092596,"USDSVC":8.773621,"USDSYP":13001.771596,"USDSZL":17.77883,"USDTHB":32.479485,"USDTJS":9.340364,"USDTMT":3.51,"USDTND":2.93909,"USDTOP":2.342096,"USDTRY":40.71721,"USDTTD":6.805562,"USDTWD":29.93903,"USDTZS":2514.999903,"USDUAH":41.579441,"USDUGX":3572.812191,"USDUYU":40.161853,"USDUZS":12707.158538,"USDVES":130.96022,"USDVND":26240.5,"USDVUV":119.401149,"USDWST":2.653917,"USDXAF":564.728013,"USDXAG":0.026439,"USDXAU":0.000299,"USDXCD":2.70255,"USDXCG":1.807154,"USDXDR":0.702337,"USDXOF":564.725582,"USDXPF":102.673152,"USDYER":240.274987,"USDZAR":17.733115,"USDZMK":9001.202891,"USDZMW":23.313676,"USDZWL":321.999592}}