{"success":true,"terms":"https:\/\/currencylayer.com\/terms","privacy":"https:\/\/currencylayer.com\/privacy","timestamp":1779681127,"source":"USD","quotes":{"USDAED":3.672503,"USDAFN":62.498117,"USDALL":82.001718,"USDAMD":366.494845,"USDANG":1.79046,"USDAOA":918.000174,"USDARS":1402.201497,"USDAUD":1.396258,"USDAWG":1.8,"USDAZN":1.75548,"USDBAM":1.680241,"USDBBD":2.006873,"USDBDT":122.465636,"USDBGN":1.66992,"USDBHD":0.375773,"USDBIF":2967.08208,"USDBMD":1,"USDBND":1.276235,"USDBOB":6.88488,"USDBRL":5.021981,"USDBSD":0.996392,"USDBTC":1.2992623e-5,"USDBTN":95.293814,"USDBWP":13.475945,"USDBYN":2.735739,"USDBYR":19600,"USDBZD":2.003952,"USDCAD":1.380905,"USDCDF":2255.000492,"USDCHF":0.782199,"USDCLF":0.022803,"USDCLP":897.449902,"USDCNY":6.79475,"USDCNH":6.782165,"USDCOP":3681.61,"USDCRC":450.945017,"USDCUC":1,"USDCUP":26.5,"USDCVE":94.729381,"USDCZK":20.864205,"USDDJF":177.431271,"USDDKK":6.421095,"USDDOP":58.728522,"USDDZD":133.167526,"USDEGP":52.645302,"USDERN":15,"USDETB":160.632302,"USDEUR":0.859302,"USDFJD":2.206102,"USDFKP":0.744085,"USDGBP":0.742082,"USDGEL":2.659825,"USDGGP":0.744085,"USDGHS":11.568729,"USDGIP":0.744085,"USDGMD":72.50265,"USDGNF":8736.570692,"USDGTQ":7.597938,"USDGYD":208.427835,"USDHKD":7.83523,"USDHNL":26.50945,"USDHRK":6.474604,"USDHTG":130.537172,"USDHUF":307.130604,"USDIDR":17739.5,"USDILS":2.891026,"USDIMP":0.744085,"USDINR":95.378598,"USDIQD":1305.24055,"USDIRR":1323400.000375,"USDISK":123.509881,"USDJEP":0.744085,"USDJMD":157.293814,"USDJOD":0.70898,"USDJPY":158.886496,"USDKES":129.498543,"USDKGS":87.450334,"USDKHR":3994.843146,"USDKMF":425.000485,"USDKPW":900.001042,"USDKRW":1510.620262,"USDKWD":0.30951,"USDKYD":0.830326,"USDKZT":470.541237,"USDLAK":21836.769759,"USDLBP":89248.453608,"USDLKR":333.281787,"USDLRD":182.33677,"USDLSL":16.435137,"USDLTL":2.95274,"USDLVL":0.60489,"USDLYD":6.349656,"USDMAD":9.192096,"USDMDL":17.282646,"USDMGA":4186.426117,"USDMKD":52.955326,"USDMMK":2099.467275,"USDMNT":3579.906471,"USDMOP":8.042182,"USDMRU":39.816151,"USDMUR":47.530226,"USDMVR":15.398168,"USDMWK":1727.749141,"USDMXN":17.269898,"USDMYR":3.955598,"USDMZN":63.901083,"USDNAD":16.435137,"USDNGN":1367.129948,"USDNIO":36.682424,"USDNOK":9.258815,"USDNPR":152.469931,"USDNZD":1.703445,"USDOMR":0.384751,"USDPAB":0.996392,"USDPEN":3.397165,"USDPGK":4.345361,"USDPHP":61.404497,"USDPKR":277.408419,"USDPLN":3.64165,"USDPYG":6072.164948,"USDQAR":3.642955,"USDRON":4.5071,"USDRSD":100.867698,"USDRUB":71.004138,"USDRWF":1456.701031,"USDSAR":3.740034,"USDSBD":8.045182,"USDSCR":13.690722,"USDSDG":600.495151,"USDSEK":9.30019,"USDSGD":1.277301,"USDSHP":0.746601,"USDSLE":24.598289,"USDSLL":20969.502105,"USDSOS":569.415808,"USDSRD":37.154024,"USDSTD":20697.981008,"USDSTN":21.057155,"USDSVC":8.718213,"USDSYP":110.525094,"USDSZL":16.431271,"USDTHB":32.460275,"USDTJS":9.256529,"USDTMT":3.5,"USDTND":2.916838,"USDTOP":2.40776,"USDTRY":45.7338,"USDTTD":6.762887,"USDTWD":31.375098,"USDTZS":2605.672977,"USDUAH":44.098883,"USDUGX":3773.195876,"USDUYU":39.888316,"USDUZS":11954.467354,"USDVES":526.210497,"USDVND":26360,"USDVUV":117.452558,"USDWST":2.724798,"USDXAF":563.536942,"USDXAG":0.012889,"USDXAU":0.000219,"USDXCD":2.70255,"USDXCG":1.79579,"USDXDR":0.700859,"USDXOF":563.536942,"USDXPF":102.457045,"USDYER":238.650017,"USDZAR":16.33615,"USDZMK":9001.193234,"USDZMW":18.756873,"USDZWL":321.999592}}