{"success":true,"terms":"https:\/\/currencylayer.com\/terms","privacy":"https:\/\/currencylayer.com\/privacy","timestamp":1751530444,"source":"USD","quotes":{"USDAED":3.672995,"USDAFN":69.909149,"USDALL":82.986567,"USDAMD":383.490826,"USDANG":1.789623,"USDAOA":917.000154,"USDARS":1229.250115,"USDAUD":1.51932,"USDAWG":1.8,"USDAZN":1.705074,"USDBAM":1.657528,"USDBBD":2.013645,"USDBDT":121.97127,"USDBGN":1.656498,"USDBHD":0.377018,"USDBIF":2970.863419,"USDBMD":1,"USDBND":1.270382,"USDBOB":6.89097,"USDBRL":5.432697,"USDBSD":0.99733,"USDBTC":9.137051e-6,"USDBTN":85.440061,"USDBWP":13.235307,"USDBYN":3.263698,"USDBYR":19600,"USDBZD":2.00322,"USDCAD":1.358855,"USDCDF":2885.000194,"USDCHF":0.791103,"USDCLF":0.024123,"USDCLP":925.690279,"USDCNY":7.165399,"USDCNH":7.15797,"USDCOP":3994.52,"USDCRC":503.834908,"USDCUC":1,"USDCUP":26.5,"USDCVE":93.448875,"USDCZK":20.906799,"USDDJF":177.592271,"USDDKK":6.319498,"USDDOP":59.265223,"USDDZD":129.425999,"USDEGP":49.348065,"USDERN":15,"USDETB":137.576846,"USDEUR":0.84695,"USDFJD":2.234199,"USDFKP":0.734104,"USDGBP":0.73135,"USDGEL":2.720067,"USDGGP":0.734104,"USDGHS":10.321624,"USDGIP":0.734104,"USDGMD":71.502706,"USDGNF":8645.208312,"USDGTQ":7.668122,"USDGYD":208.644434,"USDHKD":7.84997,"USDHNL":26.064664,"USDHRK":6.382596,"USDHTG":130.894268,"USDHUF":338.7415,"USDIDR":16197,"USDILS":3.360045,"USDIMP":0.734104,"USDINR":85.22215,"USDIQD":1306.411289,"USDIRR":42125.000235,"USDISK":120.949788,"USDJEP":0.734104,"USDJMD":159.430484,"USDJOD":0.709029,"USDJPY":143.839504,"USDKES":129.249721,"USDKGS":87.450163,"USDKHR":4002.678057,"USDKMF":417.999733,"USDKPW":900.026587,"USDKRW":1359.600203,"USDKWD":0.30508,"USDKYD":0.831137,"USDKZT":517.182931,"USDLAK":21493.283614,"USDLBP":89357.006653,"USDLKR":299.114369,"USDLRD":199.957625,"USDLSL":17.617865,"USDLTL":2.95274,"USDLVL":0.60489,"USDLYD":5.370567,"USDMAD":8.964871,"USDMDL":16.759185,"USDMGA":4390.016526,"USDMKD":52.114215,"USDMMK":2099.206326,"USDMNT":3585.282261,"USDMOP":8.063816,"USDMRU":39.616933,"USDMUR":44.870355,"USDMVR":15.398616,"USDMWK":1729.395313,"USDMXN":18.763398,"USDMYR":4.219502,"USDMZN":63.959984,"USDNAD":17.617865,"USDNGN":1529.309756,"USDNIO":36.696159,"USDNOK":10.073202,"USDNPR":136.704098,"USDNZD":1.644909,"USDOMR":0.384531,"USDPAB":0.997246,"USDPEN":3.551845,"USDPGK":4.116241,"USDPHP":56.252966,"USDPKR":284.476376,"USDPLN":3.611899,"USDPYG":7954.574346,"USDQAR":3.636002,"USDRON":4.2871,"USDRSD":99.236015,"USDRUB":79.019026,"USDRWF":1432.603076,"USDSAR":3.750323,"USDSBD":8.336924,"USDSCR":14.442054,"USDSDG":600.503222,"USDSEK":9.537797,"USDSGD":1.27157,"USDSHP":0.785843,"USDSLE":22.449756,"USDSLL":20969.503664,"USDSOS":569.939404,"USDSRD":37.344974,"USDSTD":20697.981008,"USDSVC":8.726641,"USDSYP":13001.780124,"USDSZL":17.614306,"USDTHB":32.320184,"USDTJS":9.753464,"USDTMT":3.51,"USDTND":2.903343,"USDTOP":2.342097,"USDTRY":39.88989,"USDTTD":6.762998,"USDTWD":28.860802,"USDTZS":2636.539011,"USDUAH":41.641764,"USDUGX":3577.270223,"USDUYU":39.459299,"USDUZS":12642.061104,"USDVES":109.473496,"USDVND":26207.5,"USDVUV":118.949104,"USDWST":2.601531,"USDXAF":555.919319,"USDXAG":0.027053,"USDXAU":0.000298,"USDXCD":2.70255,"USDXDR":0.691385,"USDXOF":555.919319,"USDXPF":101.072079,"USDYER":242.150085,"USDZAR":17.50255,"USDZMK":9001.198,"USDZMW":23.962032,"USDZWL":321.999592}}