{"success":true,"terms":"https:\/\/currencylayer.com\/terms","privacy":"https:\/\/currencylayer.com\/privacy","timestamp":1765417385,"source":"USD","quotes":{"USDAED":3.672503,"USDAFN":65.882856,"USDALL":82.556648,"USDAMD":379.050876,"USDANG":1.790055,"USDAOA":916.999578,"USDARS":1437.7439,"USDAUD":1.498666,"USDAWG":1.8,"USDAZN":1.70203,"USDBAM":1.672696,"USDBBD":2.003848,"USDBDT":121.599316,"USDBGN":1.67186,"USDBHD":0.376935,"USDBIF":2941.855494,"USDBMD":1,"USDBND":1.289696,"USDBOB":6.876203,"USDBRL":5.472903,"USDBSD":0.99487,"USDBTC":1.0984907e-5,"USDBTN":89.444207,"USDBWP":13.252672,"USDBYN":2.890124,"USDBYR":19600,"USDBZD":2.000941,"USDCAD":1.379399,"USDCDF":2230.99986,"USDCHF":0.79889,"USDCLF":0.023549,"USDCLP":923.830187,"USDCNY":7.064603,"USDCNH":7.05681,"USDCOP":3841.78,"USDCRC":489.867465,"USDCUC":1,"USDCUP":26.5,"USDCVE":94.304041,"USDCZK":20.718299,"USDDJF":177.16118,"USDDKK":6.381245,"USDDOP":64.078666,"USDDZD":129.889491,"USDEGP":47.553498,"USDERN":15,"USDETB":154.970586,"USDEUR":0.85441,"USDFJD":2.272799,"USDFKP":0.750907,"USDGBP":0.74702,"USDGEL":2.690216,"USDGGP":0.750907,"USDGHS":11.423562,"USDGIP":0.750907,"USDGMD":73.496843,"USDGNF":8654.125695,"USDGTQ":7.616075,"USDGYD":208.193286,"USDHKD":7.77921,"USDHNL":26.204361,"USDHRK":6.437402,"USDHTG":130.277897,"USDHUF":326.984498,"USDIDR":16646,"USDILS":3.237255,"USDIMP":0.750907,"USDINR":89.85735,"USDIQD":1303.292005,"USDIRR":42125.000156,"USDISK":126.970187,"USDJEP":0.750907,"USDJMD":159.538264,"USDJOD":0.709041,"USDJPY":155.669809,"USDKES":128.639662,"USDKGS":87.450228,"USDKHR":3986.31894,"USDKMF":422.000098,"USDKPW":899.996686,"USDKRW":1466.429869,"USDKWD":0.30673,"USDKYD":0.829072,"USDKZT":515.801625,"USDLAK":21575.887131,"USDLBP":89092.51817,"USDLKR":307.22531,"USDLRD":175.596409,"USDLSL":16.910988,"USDLTL":2.95274,"USDLVL":0.60489,"USDLYD":5.41428,"USDMAD":9.197349,"USDMDL":16.938008,"USDMGA":4442.06926,"USDMKD":52.580319,"USDMMK":2100.547962,"USDMNT":3549.355923,"USDMOP":7.974263,"USDMRU":39.67593,"USDMUR":46.249844,"USDMVR":15.401669,"USDMWK":1725.181702,"USDMXN":18.175445,"USDMYR":4.105498,"USDMZN":63.910285,"USDNAD":16.910988,"USDNGN":1448.910118,"USDNIO":36.613938,"USDNOK":10.083555,"USDNPR":143.110731,"USDNZD":1.71867,"USDOMR":0.384504,"USDPAB":0.995082,"USDPEN":3.344848,"USDPGK":4.221462,"USDPHP":59.107498,"USDPKR":281.230782,"USDPLN":3.60944,"USDPYG":6778.96537,"USDQAR":3.627453,"USDRON":4.349297,"USDRSD":100.349625,"USDRUB":78.252659,"USDRWF":1448.054724,"USDSAR":3.75258,"USDSBD":8.230592,"USDSCR":14.405017,"USDSDG":601.498731,"USDSEK":9.242595,"USDSGD":1.292205,"USDSHP":0.750259,"USDSLE":24.100162,"USDSLL":20969.498139,"USDSOS":567.592988,"USDSRD":38.616968,"USDSTD":20697.981008,"USDSTN":20.949124,"USDSVC":8.70543,"USDSYP":11056.838724,"USDSZL":16.90466,"USDTHB":31.689576,"USDTJS":9.202736,"USDTMT":3.51,"USDTND":2.924952,"USDTOP":2.40776,"USDTRY":42.615301,"USDTTD":6.746473,"USDTWD":31.123899,"USDTZS":2447.48796,"USDUAH":42.118683,"USDUGX":3552.704725,"USDUYU":38.991022,"USDUZS":11941.855494,"USDVES":257.606285,"USDVND":26357,"USDVUV":121.920728,"USDWST":2.787809,"USDXAF":560.886704,"USDXAG":0.015986,"USDXAU":0.000236,"USDXCD":2.702549,"USDXCG":1.793074,"USDXDR":0.697563,"USDXOF":560.886704,"USDXPF":101.975203,"USDYER":238.524997,"USDZAR":16.93389,"USDZMK":9001.207442,"USDZMW":23.136383,"USDZWL":321.999592}}