{"success":true,"terms":"https:\/\/currencylayer.com\/terms","privacy":"https:\/\/currencylayer.com\/privacy","timestamp":1778381827,"source":"USD","quotes":{"USDAED":3.672504,"USDAFN":64.000368,"USDALL":80.878301,"USDAMD":368.276037,"USDANG":1.789884,"USDAOA":918.000367,"USDARS":1398.655759,"USDAUD":1.37836,"USDAWG":1.8025,"USDAZN":1.70397,"USDBAM":1.65809,"USDBBD":2.008732,"USDBDT":122.377178,"USDBGN":1.668102,"USDBHD":0.376584,"USDBIF":2968.504938,"USDBMD":1,"USDBND":1.264635,"USDBOB":6.891611,"USDBRL":4.915095,"USDBSD":0.997329,"USDBTC":1.2482003e-5,"USDBTN":94.180832,"USDBWP":13.389852,"USDBYN":2.818448,"USDBYR":19600,"USDBZD":2.00585,"USDCAD":1.36715,"USDCDF":2265.000362,"USDCHF":0.776955,"USDCLF":0.022646,"USDCLP":890.873638,"USDCNY":6.80075,"USDCNH":6.796265,"USDCOP":3727.014539,"USDCRC":458.479929,"USDCUC":1,"USDCUP":26.5,"USDCVE":93.480565,"USDCZK":20.636704,"USDDJF":177.601628,"USDDKK":6.340404,"USDDOP":59.310754,"USDDZD":132.326735,"USDEGP":52.744691,"USDERN":15,"USDETB":155.726591,"USDEUR":0.84804,"USDFJD":2.18304,"USDFKP":0.733957,"USDGBP":0.73346,"USDGEL":2.67504,"USDGGP":0.733957,"USDGHS":11.234793,"USDGIP":0.733957,"USDGMD":73.503851,"USDGNF":8750.794795,"USDGTQ":7.614768,"USDGYD":208.672799,"USDHKD":7.83165,"USDHNL":26.513501,"USDHRK":6.393304,"USDHTG":130.575219,"USDHUF":300.190388,"USDIDR":17377.45,"USDILS":2.901304,"USDIMP":0.733957,"USDINR":94.425504,"USDIQD":1306.515196,"USDIRR":1311500.000352,"USDISK":122.010386,"USDJEP":0.733957,"USDJMD":157.187063,"USDJOD":0.70904,"USDJPY":156.678504,"USDKES":128.803357,"USDKGS":87.420504,"USDKHR":4001.526006,"USDKMF":418.00035,"USDKPW":899.983822,"USDKRW":1461.920383,"USDKWD":0.30766,"USDKYD":0.831164,"USDKZT":460.946971,"USDLAK":21871.900301,"USDLBP":89311.771438,"USDLKR":321.097029,"USDLRD":183.01047,"USDLSL":16.361918,"USDLTL":2.95274,"USDLVL":0.60489,"USDLYD":6.306642,"USDMAD":9.121445,"USDMDL":17.054809,"USDMGA":4165.995507,"USDMKD":52.257217,"USDMMK":2099.83295,"USDMNT":3581.379784,"USDMOP":8.041456,"USDMRU":39.863507,"USDMUR":46.820378,"USDMVR":15.403739,"USDMWK":1729.049214,"USDMXN":17.177604,"USDMYR":3.921039,"USDMZN":63.910377,"USDNAD":16.361918,"USDNGN":1365.000344,"USDNIO":36.700437,"USDNOK":9.209304,"USDNPR":150.68967,"USDNZD":1.675884,"USDOMR":0.384681,"USDPAB":0.997329,"USDPEN":3.448264,"USDPGK":4.404222,"USDPHP":60.515038,"USDPKR":277.958713,"USDPLN":3.59545,"USDPYG":6092.153787,"USDQAR":3.645458,"USDRON":4.426304,"USDRSD":99.504048,"USDRUB":74.240007,"USDRWF":1462.082998,"USDSAR":3.767486,"USDSBD":8.019432,"USDSCR":14.874401,"USDSDG":600.503676,"USDSEK":9.215704,"USDSGD":1.267404,"USDSHP":0.746601,"USDSLE":24.650371,"USDSLL":20969.496166,"USDSOS":569.963122,"USDSRD":37.399038,"USDSTD":20697.981008,"USDSTN":20.770633,"USDSVC":8.727057,"USDSYP":110.56358,"USDSZL":16.351151,"USDTHB":32.203038,"USDTJS":9.305159,"USDTMT":3.5,"USDTND":2.896867,"USDTOP":2.40776,"USDTRY":45.347504,"USDTTD":6.759357,"USDTWD":31.316038,"USDTZS":2598.109449,"USDUAH":43.809334,"USDUGX":3737.018354,"USDUYU":39.777881,"USDUZS":12097.83392,"USDVES":499.23597,"USDVND":26308,"USDVUV":118.45862,"USDWST":2.707065,"USDXAF":556.107838,"USDXAG":0.012445,"USDXAU":0.000212,"USDXCD":2.70255,"USDXCG":1.797465,"USDXDR":0.69162,"USDXOF":556.107838,"USDXPF":101.106354,"USDYER":238.625037,"USDZAR":16.38071,"USDZMK":9001.203584,"USDZMW":18.98775,"USDZWL":321.999592}}