{"success":true,"terms":"https:\/\/currencylayer.com\/terms","privacy":"https:\/\/currencylayer.com\/privacy","timestamp":1778815927,"source":"USD","quotes":{"USDAED":3.672501,"USDAFN":62.484946,"USDALL":81.93627,"USDAMD":368.780047,"USDANG":1.79046,"USDAOA":917.9998,"USDARS":1391.744101,"USDAUD":1.390647,"USDAWG":1.8025,"USDAZN":1.699702,"USDBAM":1.670681,"USDBBD":2.023354,"USDBDT":122.776371,"USDBGN":1.66992,"USDBHD":0.37888,"USDBIF":2990.939666,"USDBMD":1,"USDBND":1.279172,"USDBOB":6.911397,"USDBRL":5.00599,"USDBSD":1.004599,"USDBTC":1.232965e-5,"USDBTN":95.835344,"USDBWP":14.149665,"USDBYN":2.806682,"USDBYR":19600,"USDBZD":2.020437,"USDCAD":1.37393,"USDCDF":2245.000067,"USDCHF":0.785065,"USDCLF":0.022715,"USDCLP":893.980344,"USDCNY":6.785097,"USDCNH":6.796515,"USDCOP":3789.72,"USDCRC":456.526589,"USDCUC":1,"USDCUP":26.5,"USDCVE":94.701599,"USDCZK":20.87097,"USDDJF":178.887039,"USDDKK":6.413799,"USDDOP":59.543216,"USDDZD":132.261234,"USDEGP":52.877602,"USDERN":15,"USDETB":156.856564,"USDEUR":0.85826,"USDFJD":2.19595,"USDFKP":0.739691,"USDGBP":0.747635,"USDGEL":2.67992,"USDGGP":0.739691,"USDGHS":11.409926,"USDGIP":0.739691,"USDGMD":72.504007,"USDGNF":8808.792491,"USDGTQ":7.630738,"USDGYD":209.246802,"USDHKD":7.83166,"USDHNL":26.716372,"USDHRK":6.465696,"USDHTG":131.549935,"USDHUF":308.202003,"USDIDR":17575.35,"USDILS":2.9026,"USDIMP":0.739691,"USDINR":95.884498,"USDIQD":1310,"USDIRR":1314999.999665,"USDISK":123.240077,"USDJEP":0.739691,"USDJMD":158.836248,"USDJOD":0.709,"USDJPY":158.504018,"USDKES":129.250069,"USDKGS":87.450235,"USDKHR":4030.663241,"USDKMF":422.000023,"USDKPW":899.97066,"USDKRW":1497.859699,"USDKWD":0.30854,"USDKYD":0.833543,"USDKZT":473.448852,"USDLAK":21954.999929,"USDLBP":89538.01782,"USDLKR":325.320759,"USDLRD":183.250027,"USDLSL":16.489651,"USDLTL":2.95274,"USDLVL":0.60489,"USDLYD":6.376444,"USDMAD":9.20875,"USDMDL":17.268391,"USDMGA":4207.491806,"USDMKD":52.896682,"USDMMK":2099.865061,"USDMNT":3580.130218,"USDMOP":8.069362,"USDMRU":40.143624,"USDMUR":46.889175,"USDMVR":15.408796,"USDMWK":1741.59617,"USDMXN":17.26275,"USDMYR":3.9445,"USDMZN":63.910026,"USDNAD":16.490122,"USDNGN":1369.16968,"USDNIO":36.969988,"USDNOK":9.288085,"USDNPR":154.01359,"USDNZD":1.699425,"USDOMR":0.384512,"USDPAB":1.000184,"USDPEN":3.446971,"USDPGK":4.213027,"USDPHP":61.641986,"USDPKR":279.799921,"USDPLN":3.64515,"USDPYG":6121.626027,"USDQAR":3.645497,"USDRON":4.463802,"USDRSD":100.742946,"USDRUB":73.249653,"USDRWF":1469.361841,"USDSAR":3.754148,"USDSBD":8.016136,"USDSCR":13.658323,"USDSDG":600.505187,"USDSEK":9.421145,"USDSGD":1.277275,"USDSHP":0.746601,"USDSLE":24.649664,"USDSLL":20969.502105,"USDSOS":574.154469,"USDSRD":37.206982,"USDSTD":20697.981008,"USDSTN":21.0203,"USDSVC":8.751249,"USDSYP":110.528733,"USDSZL":16.478199,"USDTHB":32.483013,"USDTJS":9.346574,"USDTMT":3.5,"USDTND":2.887971,"USDTOP":2.40776,"USDTRY":45.540301,"USDTTD":6.790867,"USDTWD":31.526501,"USDTZS":2594.999925,"USDUAH":44.163821,"USDUGX":3740.52909,"USDUYU":39.831211,"USDUZS":12044.999968,"USDVES":510.148815,"USDVND":26361,"USDVUV":118.077659,"USDWST":2.708521,"USDXAF":562.792354,"USDXAG":0.012328,"USDXAU":0.000217,"USDXCD":2.70255,"USDXCG":1.802565,"USDXDR":0.699933,"USDXOF":562.792354,"USDXPF":102.62497,"USDYER":238.649915,"USDZAR":16.53635,"USDZMK":9001.202547,"USDZMW":18.911406,"USDZWL":321.999592}}