{"success":true,"terms":"https:\/\/currencylayer.com\/terms","privacy":"https:\/\/currencylayer.com\/privacy","timestamp":1755049264,"source":"USD","quotes":{"USDAED":3.672499,"USDAFN":69.503129,"USDALL":83.649877,"USDAMD":383.810079,"USDANG":1.790242,"USDAOA":917.000069,"USDARS":1316.755694,"USDAUD":1.533766,"USDAWG":1.8,"USDAZN":1.718493,"USDBAM":1.6848,"USDBBD":2.019382,"USDBDT":121.643623,"USDBGN":1.67493,"USDBHD":0.377005,"USDBIF":2950,"USDBMD":1,"USDBND":1.286899,"USDBOB":6.911762,"USDBRL":5.402203,"USDBSD":1.000129,"USDBTC":8.371283e-6,"USDBTN":87.680214,"USDBWP":13.465142,"USDBYN":3.30176,"USDBYR":19600,"USDBZD":2.009089,"USDCAD":1.377905,"USDCDF":2889.999938,"USDCHF":0.806661,"USDCLF":0.024391,"USDCLP":956.84982,"USDCNY":7.179202,"USDCNH":7.186796,"USDCOP":4020.5,"USDCRC":505.955073,"USDCUC":1,"USDCUP":26.5,"USDCVE":94.849774,"USDCZK":20.95275,"USDDJF":177.719937,"USDDKK":6.39024,"USDDOP":61.424976,"USDDZD":129.870464,"USDEGP":48.453498,"USDERN":15,"USDETB":139.874964,"USDEUR":0.85631,"USDFJD":2.253804,"USDFKP":0.745486,"USDGBP":0.740802,"USDGEL":2.695034,"USDGGP":0.745486,"USDGHS":10.525011,"USDGIP":0.745486,"USDGMD":72.493234,"USDGNF":8675.000514,"USDGTQ":7.673687,"USDGYD":209.256747,"USDHKD":7.84995,"USDHNL":26.349928,"USDHRK":6.451096,"USDHTG":131.12791,"USDHUF":338.769716,"USDIDR":16259,"USDILS":3.41913,"USDIMP":0.745486,"USDINR":87.564502,"USDIQD":1310,"USDIRR":42124.999711,"USDISK":122.620288,"USDJEP":0.745486,"USDJMD":159.986217,"USDJOD":0.708984,"USDJPY":147.992498,"USDKES":129.494952,"USDKGS":87.350247,"USDKHR":4006.999686,"USDKMF":421.502706,"USDKPW":900.034015,"USDKRW":1384.770018,"USDKWD":0.30548,"USDKYD":0.833495,"USDKZT":540.97478,"USDLAK":21600.000098,"USDLBP":89579.978759,"USDLKR":301.141405,"USDLRD":201.499758,"USDLSL":17.670228,"USDLTL":2.95274,"USDLVL":0.60489,"USDLYD":5.424995,"USDMAD":9.033036,"USDMDL":16.79826,"USDMGA":4440.000017,"USDMKD":52.709573,"USDMMK":2098.920925,"USDMNT":3594.03125,"USDMOP":8.087355,"USDMRU":39.939788,"USDMUR":45.63026,"USDMVR":15.402131,"USDMWK":1736.495659,"USDMXN":18.59045,"USDMYR":4.222499,"USDMZN":63.960227,"USDNAD":17.669826,"USDNGN":1534.512855,"USDNIO":36.749813,"USDNOK":10.219902,"USDNPR":140.279106,"USDNZD":1.68139,"USDOMR":0.384507,"USDPAB":1.000194,"USDPEN":3.52625,"USDPGK":4.147401,"USDPHP":56.92701,"USDPKR":282.450048,"USDPLN":3.644059,"USDPYG":7491.062583,"USDQAR":3.6405,"USDRON":4.334896,"USDRSD":100.298965,"USDRUB":79.450684,"USDRWF":1444,"USDSAR":3.753012,"USDSBD":8.230592,"USDSCR":14.72048,"USDSDG":600.498169,"USDSEK":9.55234,"USDSGD":1.283745,"USDSHP":0.785843,"USDSLE":23.200833,"USDSLL":20969.500088,"USDSOS":571.49971,"USDSRD":37.4185,"USDSTD":20697.981008,"USDSTN":21.35,"USDSVC":8.751346,"USDSYP":13002.086727,"USDSZL":17.670018,"USDTHB":32.385967,"USDTJS":9.351942,"USDTMT":3.51,"USDTND":2.878497,"USDTOP":2.342101,"USDTRY":40.75414,"USDTTD":6.786845,"USDTWD":29.966965,"USDTZS":2457.500471,"USDUAH":41.497782,"USDUGX":3560.322178,"USDUYU":39.944868,"USDUZS":12537.495141,"USDVES":132.75255,"USDVND":26255,"USDVUV":119.26542,"USDWST":2.657465,"USDXAF":565.102625,"USDXAG":0.026302,"USDXAU":0.000299,"USDXCD":2.70255,"USDXCG":1.802472,"USDXDR":0.702337,"USDXOF":563.49652,"USDXPF":102.600499,"USDYER":240.275023,"USDZAR":17.61148,"USDZMK":9001.194249,"USDZMW":23.079408,"USDZWL":321.999592}}