{"success":true,"terms":"https:\/\/currencylayer.com\/terms","privacy":"https:\/\/currencylayer.com\/privacy","timestamp":1772762705,"source":"USD","quotes":{"USDAED":3.672496,"USDAFN":63.000248,"USDALL":82.629116,"USDAMD":376.411435,"USDANG":1.789731,"USDAOA":916.99978,"USDARS":1407.493972,"USDAUD":1.421363,"USDAWG":1.8025,"USDAZN":1.69797,"USDBAM":1.683872,"USDBBD":2.013518,"USDBDT":122.265366,"USDBGN":1.647646,"USDBHD":0.377251,"USDBIF":2966.70986,"USDBMD":1,"USDBND":1.276675,"USDBOB":6.907655,"USDBRL":5.264196,"USDBSD":0.999694,"USDBTC":1.4040625e-5,"USDBTN":91.668927,"USDBWP":13.449567,"USDBYN":2.936897,"USDBYR":19600,"USDBZD":2.010676,"USDCAD":1.36542,"USDCDF":2260.000167,"USDCHF":0.78033,"USDCLF":0.022949,"USDCLP":906.169927,"USDCNY":6.897497,"USDCNH":6.908325,"USDCOP":3791.6,"USDCRC":471.223347,"USDCUC":1,"USDCUP":26.5,"USDCVE":94.933685,"USDCZK":20.98195,"USDDJF":178.026699,"USDDKK":6.43021,"USDDOP":59.460414,"USDDZD":130.785999,"USDEGP":50.095102,"USDERN":15,"USDETB":155.064768,"USDEUR":0.86071,"USDFJD":2.210074,"USDFKP":0.748114,"USDGBP":0.74796,"USDGEL":2.704968,"USDGGP":0.748114,"USDGHS":10.777768,"USDGIP":0.748114,"USDGMD":73.499414,"USDGNF":8766.665662,"USDGTQ":7.667704,"USDGYD":209.158261,"USDHKD":7.821675,"USDHNL":26.461864,"USDHRK":6.486199,"USDHTG":131.076968,"USDHUF":333.310414,"USDIDR":16922,"USDILS":3.08007,"USDIMP":0.748114,"USDINR":91.609601,"USDIQD":1309.672948,"USDIRR":1319072.497835,"USDISK":124.550065,"USDJEP":0.748114,"USDJMD":156.269507,"USDJOD":0.70898,"USDJPY":157.509042,"USDKES":129.213338,"USDKGS":87.4434,"USDKHR":4012.208824,"USDKMF":423.999805,"USDKPW":899.973958,"USDKRW":1476.729623,"USDKWD":0.307569,"USDKYD":0.833114,"USDKZT":492.197085,"USDLAK":21412.212426,"USDLBP":89527.479056,"USDLKR":310.82105,"USDLRD":182.445899,"USDLSL":16.495355,"USDLTL":2.95274,"USDLVL":0.60489,"USDLYD":6.37218,"USDMAD":9.286289,"USDMDL":17.290754,"USDMGA":4131.043093,"USDMKD":53.074069,"USDMMK":2099.891821,"USDMNT":3568.14817,"USDMOP":8.053984,"USDMRU":39.919582,"USDMUR":47.320485,"USDMVR":15.460042,"USDMWK":1733.530215,"USDMXN":17.67258,"USDMYR":3.949503,"USDMZN":63.905001,"USDNAD":16.495426,"USDNGN":1385.315111,"USDNIO":36.790219,"USDNOK":9.6628,"USDNPR":146.676769,"USDNZD":1.691265,"USDOMR":0.384486,"USDPAB":0.999664,"USDPEN":3.410548,"USDPGK":4.305843,"USDPHP":58.816008,"USDPKR":279.37363,"USDPLN":3.675825,"USDPYG":6546.127685,"USDQAR":3.645646,"USDRON":4.3817,"USDRSD":101.042993,"USDRUB":78.679767,"USDRWF":1461.098364,"USDSAR":3.753298,"USDSBD":8.05166,"USDSCR":13.972508,"USDSDG":601.503451,"USDSEK":9.214585,"USDSGD":1.278435,"USDSHP":0.750259,"USDSLE":24.501052,"USDSLL":20969.49935,"USDSOS":570.319126,"USDSRD":37.717008,"USDSTD":20697.981008,"USDSTN":21.094413,"USDSVC":8.747799,"USDSYP":110.545421,"USDSZL":16.500855,"USDTHB":31.740111,"USDTJS":9.587041,"USDTMT":3.51,"USDTND":2.9295,"USDTOP":2.40776,"USDTRY":44.074798,"USDTTD":6.763243,"USDTWD":31.778304,"USDTZS":2564.999851,"USDUAH":43.805863,"USDUGX":3678.974399,"USDUYU":39.233918,"USDUZS":12168.852078,"USDVES":425.142005,"USDVND":26225,"USDVUV":119.445151,"USDWST":2.724792,"USDXAF":564.771773,"USDXAG":0.01193,"USDXAU":0.000195,"USDXCD":2.70255,"USDXCG":1.801838,"USDXDR":0.702398,"USDXOF":564.771773,"USDXPF":102.678456,"USDYER":238.599139,"USDZAR":16.58627,"USDZMK":9001.20406,"USDZMW":19.244909,"USDZWL":321.999592}}