{"success":true,"terms":"https:\/\/currencylayer.com\/terms","privacy":"https:\/\/currencylayer.com\/privacy","timestamp":1770949324,"source":"USD","quotes":{"USDAED":3.672496,"USDAFN":64.498682,"USDALL":81.278204,"USDAMD":377.023001,"USDANG":1.790269,"USDAOA":916.999529,"USDARS":1397.000273,"USDAUD":1.410905,"USDAWG":1.8025,"USDAZN":1.702293,"USDBAM":1.648148,"USDBBD":2.017081,"USDBDT":122.486127,"USDBGN":1.648261,"USDBHD":0.377107,"USDBIF":2968.655855,"USDBMD":1,"USDBND":1.262698,"USDBOB":6.920205,"USDBRL":5.213402,"USDBSD":1.001462,"USDBTC":1.5064132e-5,"USDBTN":90.766139,"USDBWP":13.130917,"USDBYN":2.871071,"USDBYR":19600,"USDBZD":2.014216,"USDCAD":1.361645,"USDCDF":2240.000045,"USDCHF":0.769525,"USDCLF":0.021707,"USDCLP":857.11002,"USDCNY":6.90065,"USDCNH":6.90285,"USDCOP":3670,"USDCRC":488.174843,"USDCUC":1,"USDCUP":26.5,"USDCVE":92.919683,"USDCZK":20.43515,"USDDJF":178.340138,"USDDKK":6.29446,"USDDOP":62.789414,"USDDZD":129.649058,"USDEGP":46.852797,"USDERN":15,"USDETB":155.91814,"USDEUR":0.842645,"USDFJD":2.191099,"USDFKP":0.732521,"USDGBP":0.73438,"USDGEL":2.690283,"USDGGP":0.732521,"USDGHS":10.981149,"USDGIP":0.732521,"USDGMD":73.491965,"USDGNF":8791.097665,"USDGTQ":7.681191,"USDGYD":209.527501,"USDHKD":7.815695,"USDHNL":26.465768,"USDHRK":6.348699,"USDHTG":131.140634,"USDHUF":319.430232,"USDIDR":16848,"USDILS":3.063925,"USDIMP":0.732521,"USDINR":90.644402,"USDIQD":1311.996225,"USDIRR":42125.000158,"USDISK":122.359742,"USDJEP":0.732521,"USDJMD":156.446849,"USDJOD":0.70899,"USDJPY":153.217991,"USDKES":129.189772,"USDKGS":87.449945,"USDKHR":4029.780941,"USDKMF":415.999995,"USDKPW":899.988812,"USDKRW":1443.209771,"USDKWD":0.3067,"USDKYD":0.834608,"USDKZT":495.523168,"USDLAK":21477.839154,"USDLBP":89683.777646,"USDLKR":309.834705,"USDLRD":186.775543,"USDLSL":15.890668,"USDLTL":2.95274,"USDLVL":0.60489,"USDLYD":6.316863,"USDMAD":9.145255,"USDMDL":16.970249,"USDMGA":4422.478121,"USDMKD":51.943893,"USDMMK":2100.304757,"USDMNT":3579.516219,"USDMOP":8.064618,"USDMRU":39.97927,"USDMUR":45.869716,"USDMVR":15.449465,"USDMWK":1736.631653,"USDMXN":17.208902,"USDMYR":3.911974,"USDMZN":63.894104,"USDNAD":15.890668,"USDNGN":1356.329848,"USDNIO":36.851175,"USDNOK":9.53862,"USDNPR":145.225485,"USDNZD":1.656945,"USDOMR":0.384624,"USDPAB":1.001546,"USDPEN":3.360847,"USDPGK":4.298602,"USDPHP":58.143496,"USDPKR":280.142837,"USDPLN":3.55213,"USDPYG":6594.110385,"USDQAR":3.650023,"USDRON":4.290301,"USDRSD":98.923454,"USDRUB":77.234476,"USDRWF":1462.164975,"USDSAR":3.749858,"USDSBD":8.038668,"USDSCR":13.820244,"USDSDG":601.499577,"USDSEK":8.925235,"USDSGD":1.26367,"USDSHP":0.750259,"USDSLE":24.449598,"USDSLL":20969.502233,"USDSOS":571.349117,"USDSRD":37.779021,"USDSTD":20697.981008,"USDSTN":20.646096,"USDSVC":8.763215,"USDSYP":11059.574895,"USDSZL":15.897494,"USDTHB":31.095055,"USDTJS":9.42903,"USDTMT":3.51,"USDTND":2.88801,"USDTOP":2.40776,"USDTRY":43.740901,"USDTTD":6.78456,"USDTWD":31.464703,"USDTZS":2600.000292,"USDUAH":43.076943,"USDUGX":3545.214761,"USDUYU":38.401739,"USDUZS":12328.669001,"USDVES":389.80653,"USDVND":25955,"USDVUV":119.359605,"USDWST":2.711523,"USDXAF":552.773529,"USDXAG":0.013027,"USDXAU":0.000201,"USDXCD":2.70255,"USDXCG":1.804974,"USDXDR":0.687473,"USDXOF":552.773529,"USDXPF":100.500141,"USDYER":238.325064,"USDZAR":15.954015,"USDZMK":9001.197632,"USDZMW":18.578116,"USDZWL":321.999592}}