{"success":true,"terms":"https:\/\/currencylayer.com\/terms","privacy":"https:\/\/currencylayer.com\/privacy","timestamp":1762825084,"source":"USD","quotes":{"USDAED":3.672501,"USDAFN":66.40135,"USDALL":83.577028,"USDAMD":382.730415,"USDANG":1.789982,"USDAOA":917.000206,"USDARS":1419.982703,"USDAUD":1.531452,"USDAWG":1.8075,"USDAZN":1.706935,"USDBAM":1.692008,"USDBBD":2.014958,"USDBDT":122.146716,"USDBGN":1.69225,"USDBHD":0.377002,"USDBIF":2946.886653,"USDBMD":1,"USDBND":1.303554,"USDBOB":6.938286,"USDBRL":5.292702,"USDBSD":1.000502,"USDBTC":9.397878e-6,"USDBTN":88.679433,"USDBWP":13.388763,"USDBYN":3.410355,"USDBYR":19600,"USDBZD":2.012017,"USDCAD":1.40328,"USDCDF":2148.000365,"USDCHF":0.80556,"USDCLF":0.023909,"USDCLP":937.940046,"USDCNY":7.11965,"USDCNH":7.12456,"USDCOP":3753.72,"USDCRC":502.320833,"USDCUC":1,"USDCUP":26.5,"USDCVE":95.624937,"USDCZK":21.020603,"USDDJF":178.159229,"USDDKK":6.463475,"USDDOP":64.250289,"USDDZD":130.349814,"USDEGP":47.260403,"USDERN":15,"USDETB":153.632223,"USDEUR":0.86561,"USDFJD":2.280098,"USDFKP":0.760102,"USDGBP":0.75977,"USDGEL":2.70496,"USDGGP":0.760102,"USDGHS":10.944671,"USDGIP":0.760102,"USDGMD":73.000483,"USDGNF":8684.668161,"USDGTQ":7.66845,"USDGYD":209.299207,"USDHKD":7.77385,"USDHNL":26.322961,"USDHRK":6.523704,"USDHTG":130.986988,"USDHUF":332.1175,"USDIDR":16696.55,"USDILS":3.23525,"USDIMP":0.760102,"USDINR":88.67335,"USDIQD":1310.523812,"USDIRR":42100.000281,"USDISK":126.559824,"USDJEP":0.760102,"USDJMD":161.038579,"USDJOD":0.708976,"USDJPY":154.396012,"USDKES":129.201381,"USDKGS":87.450062,"USDKHR":4014.999962,"USDKMF":420.999593,"USDKPW":900.001961,"USDKRW":1463.859755,"USDKWD":0.30716,"USDKYD":0.833687,"USDKZT":524.097063,"USDLAK":21722.392837,"USDLBP":89583.978546,"USDLKR":304.200009,"USDLRD":183.077329,"USDLSL":17.192699,"USDLTL":2.95274,"USDLVL":0.60489,"USDLYD":5.459328,"USDMAD":9.261661,"USDMDL":16.981703,"USDMGA":4494.683382,"USDMKD":53.222318,"USDMMK":2099.688142,"USDMNT":3580.599313,"USDMOP":8.009828,"USDMRU":39.728682,"USDMUR":45.860143,"USDMVR":15.405019,"USDMWK":1734.887222,"USDMXN":18.38663,"USDMYR":4.161021,"USDMZN":63.959964,"USDNAD":17.192699,"USDNGN":1436.610262,"USDNIO":36.813372,"USDNOK":10.137915,"USDNPR":141.895686,"USDNZD":1.773665,"USDOMR":0.384501,"USDPAB":1.000428,"USDPEN":3.376575,"USDPGK":4.223805,"USDPHP":58.917253,"USDPKR":282.888599,"USDPLN":3.667935,"USDPYG":7087.087607,"USDQAR":3.64632,"USDRON":4.401694,"USDRSD":101.445026,"USDRUB":81.249659,"USDRWF":1454.218254,"USDSAR":3.750579,"USDSBD":8.230592,"USDSCR":13.741165,"USDSDG":600.498588,"USDSEK":9.518065,"USDSGD":1.30356,"USDSHP":0.750259,"USDSLE":23.201804,"USDSLL":20969.499529,"USDSOS":570.768552,"USDSRD":38.496497,"USDSTD":20697.981008,"USDSTN":21.196889,"USDSVC":8.752974,"USDSYP":11056.839565,"USDSZL":17.189528,"USDTHB":32.37031,"USDTJS":9.26848,"USDTMT":3.51,"USDTND":2.953357,"USDTOP":2.342104,"USDTRY":42.236355,"USDTTD":6.785761,"USDTWD":30.993096,"USDTZS":2455.603721,"USDUAH":42.069631,"USDUGX":3511.534252,"USDUYU":39.804309,"USDUZS":12020.018946,"USDVES":228.194011,"USDVND":26300,"USDVUV":122.518583,"USDWST":2.820889,"USDXAF":567.53013,"USDXAG":0.019709,"USDXAU":0.000242,"USDXCD":2.70255,"USDXCG":1.802933,"USDXDR":0.705825,"USDXOF":567.52522,"USDXPF":103.174569,"USDYER":238.505597,"USDZAR":17.151602,"USDZMK":9001.195325,"USDZMW":22.634213,"USDZWL":321.999592}}