{"success":true,"terms":"https:\/\/currencylayer.com\/terms","privacy":"https:\/\/currencylayer.com\/privacy","timestamp":1775356324,"source":"USD","quotes":{"USDAED":3.672504,"USDAFN":65.503991,"USDALL":83.072963,"USDAMD":376.980403,"USDANG":1.790083,"USDAOA":917.000367,"USDARS":1386.420402,"USDAUD":1.448436,"USDAWG":1.80025,"USDAZN":1.70397,"USDBAM":1.695072,"USDBBD":2.009612,"USDBDT":122.428639,"USDBGN":1.709309,"USDBHD":0.378163,"USDBIF":2970,"USDBMD":1,"USDBND":1.2851,"USDBOB":6.894519,"USDBRL":5.160604,"USDBSD":0.997742,"USDBTC":1.495949e-5,"USDBTN":92.939509,"USDBWP":13.688562,"USDBYN":2.956504,"USDBYR":19600,"USDBZD":2.006665,"USDCAD":1.39475,"USDCDF":2305.000362,"USDCHF":0.79876,"USDCLF":0.023281,"USDCLP":919.250396,"USDCNY":6.88265,"USDCNH":6.886225,"USDCOP":3668.42,"USDCRC":464.279833,"USDCUC":1,"USDCUP":26.5,"USDCVE":96.000359,"USDCZK":21.288304,"USDDJF":177.720393,"USDDKK":6.487804,"USDDOP":60.850393,"USDDZD":133.256954,"USDEGP":54.334939,"USDERN":15,"USDETB":155.800822,"USDEUR":0.86804,"USDFJD":2.253804,"USDFKP":0.757614,"USDGBP":0.756401,"USDGEL":2.68504,"USDGGP":0.757614,"USDGHS":11.00504,"USDGIP":0.757614,"USDGMD":74.000355,"USDGNF":8780.000355,"USDGTQ":7.632939,"USDGYD":208.828972,"USDHKD":7.83775,"USDHNL":26.504427,"USDHRK":6.539104,"USDHTG":130.952897,"USDHUF":333.930388,"USDIDR":16994.6,"USDILS":3.130375,"USDIMP":0.757614,"USDINR":92.73995,"USDIQD":1307.141959,"USDIRR":1319175.000352,"USDISK":125.380386,"USDJEP":0.757614,"USDJMD":157.303566,"USDJOD":0.70904,"USDJPY":159.65404,"USDKES":129.803801,"USDKGS":87.450384,"USDKHR":3990.137323,"USDKMF":427.00035,"USDKPW":899.985922,"USDKRW":1511.260383,"USDKWD":0.30934,"USDKYD":0.831502,"USDKZT":472.805432,"USDLAK":21970.392969,"USDLBP":89502.03926,"USDLKR":314.804623,"USDLRD":183.088277,"USDLSL":16.955078,"USDLTL":2.95274,"USDLVL":0.60489,"USDLYD":6.380628,"USDMAD":9.374033,"USDMDL":17.55613,"USDMGA":4171.343141,"USDMKD":53.495639,"USDMMK":2099.969769,"USDMNT":3573.217716,"USDMOP":8.055104,"USDMRU":39.637211,"USDMUR":46.950378,"USDMVR":15.460378,"USDMWK":1730.071718,"USDMXN":17.891704,"USDMYR":4.031039,"USDMZN":63.950377,"USDNAD":16.954711,"USDNGN":1378.130377,"USDNIO":36.712196,"USDNOK":9.77265,"USDNPR":148.701282,"USDNZD":1.750854,"USDOMR":0.385097,"USDPAB":0.997734,"USDPEN":3.45194,"USDPGK":4.316042,"USDPHP":60.409504,"USDPKR":278.39991,"USDPLN":3.71375,"USDPYG":6454.29687,"USDQAR":3.638018,"USDRON":4.416604,"USDRSD":101.901662,"USDRUB":80.325739,"USDRWF":1457.240049,"USDSAR":3.754558,"USDSBD":8.038772,"USDSCR":14.424038,"USDSDG":601.000339,"USDSEK":9.483104,"USDSGD":1.286704,"USDSHP":0.750259,"USDSLE":24.650371,"USDSLL":20969.510825,"USDSOS":570.192924,"USDSRD":37.351038,"USDSTD":20697.981008,"USDSTN":21.233539,"USDSVC":8.730169,"USDSYP":110.556627,"USDSZL":16.948198,"USDTHB":32.635038,"USDTJS":9.563492,"USDTMT":3.51,"USDTND":2.941459,"USDTOP":2.40776,"USDTRY":44.520504,"USDTTD":6.768937,"USDTWD":31.995038,"USDTZS":2600.000335,"USDUAH":43.698134,"USDUGX":3743.234401,"USDUYU":40.405091,"USDUZS":12122.393971,"USDVES":473.390504,"USDVND":26340,"USDVUV":119.346905,"USDWST":2.766243,"USDXAF":568.506489,"USDXAG":0.013693,"USDXAU":0.000214,"USDXCD":2.70255,"USDXCG":1.798209,"USDXDR":0.708068,"USDXOF":568.516344,"USDXPF":103.361457,"USDYER":238.650363,"USDZAR":16.972865,"USDZMK":9001.203584,"USDZMW":19.281421,"USDZWL":321.999592}}