{"success":true,"terms":"https:\/\/currencylayer.com\/terms","privacy":"https:\/\/currencylayer.com\/privacy","timestamp":1753494185,"source":"USD","quotes":{"USDAED":3.672504,"USDAFN":68.570456,"USDALL":82.946759,"USDAMD":383.940403,"USDANG":1.789699,"USDAOA":917.000367,"USDARS":1270.819424,"USDAUD":1.522997,"USDAWG":1.802,"USDAZN":1.70397,"USDBAM":1.664723,"USDBBD":2.015662,"USDBDT":122.041112,"USDBGN":1.668041,"USDBHD":0.377069,"USDBIF":2975.613908,"USDBMD":1,"USDBND":1.279142,"USDBOB":6.897902,"USDBRL":5.561504,"USDBSD":0.998255,"USDBTC":8.545219e-6,"USDBTN":86.401668,"USDBWP":13.403413,"USDBYN":3.26697,"USDBYR":19600,"USDBZD":2.005277,"USDCAD":1.36945,"USDCDF":2889.000362,"USDCHF":0.795504,"USDCLF":0.02439,"USDCLP":956.830396,"USDCNY":7.154041,"USDCNH":7.167485,"USDCOP":4108.25,"USDCRC":504.3197,"USDCUC":1,"USDCUP":26.5,"USDCVE":94.088786,"USDCZK":20.91695,"USDDJF":177.767375,"USDDKK":6.353705,"USDDOP":60.569434,"USDDZD":129.532281,"USDEGP":49.106694,"USDERN":15,"USDETB":138.925054,"USDEUR":0.851304,"USDFJD":2.24275,"USDFKP":0.739414,"USDGBP":0.744435,"USDGEL":2.710391,"USDGGP":0.739414,"USDGHS":10.458007,"USDGIP":0.739414,"USDGMD":72.000355,"USDGNF":8663.233604,"USDGTQ":7.68151,"USDGYD":208.860706,"USDHKD":7.84925,"USDHNL":26.140358,"USDHRK":6.416804,"USDHTG":131.003958,"USDHUF":337.840388,"USDIDR":16359.8,"USDILS":3.353355,"USDIMP":0.739414,"USDINR":86.506304,"USDIQD":1307.741414,"USDIRR":42112.503816,"USDISK":121.120386,"USDJEP":0.739414,"USDJMD":159.237349,"USDJOD":0.70904,"USDJPY":147.65604,"USDKES":128.978167,"USDKGS":87.303799,"USDKHR":3998.808359,"USDKMF":418.503794,"USDKPW":899.982162,"USDKRW":1383.435039,"USDKWD":0.30533,"USDKYD":0.831936,"USDKZT":543.984338,"USDLAK":21520.194067,"USDLBP":89446.48253,"USDLKR":301.204409,"USDLRD":200.153211,"USDLSL":17.717666,"USDLTL":2.95274,"USDLVL":0.60489,"USDLYD":5.388773,"USDMAD":8.977146,"USDMDL":16.79108,"USDMGA":4409.073499,"USDMKD":52.398178,"USDMMK":2099.515131,"USDMNT":3587.289516,"USDMOP":8.071328,"USDMRU":39.841682,"USDMUR":45.410378,"USDMVR":15.403739,"USDMWK":1731.029493,"USDMXN":18.538904,"USDMYR":4.221504,"USDMZN":63.959964,"USDNAD":17.717666,"USDNGN":1531.930377,"USDNIO":36.736605,"USDNOK":10.162204,"USDNPR":138.242329,"USDNZD":1.659063,"USDOMR":0.384636,"USDPAB":0.998255,"USDPEN":3.535771,"USDPGK":4.137549,"USDPHP":57.150375,"USDPKR":282.88956,"USDPLN":3.617313,"USDPYG":7477.550326,"USDQAR":3.648015,"USDRON":4.314104,"USDRSD":99.719113,"USDRUB":79.380091,"USDRWF":1442.992722,"USDSAR":3.751624,"USDSBD":8.285095,"USDSCR":14.147338,"USDSDG":600.503676,"USDSEK":9.528104,"USDSGD":1.280204,"USDSHP":0.785843,"USDSLE":22.950371,"USDSLL":20969.503947,"USDSOS":570.54092,"USDSRD":36.663504,"USDSTD":20697.981008,"USDSTN":20.853726,"USDSVC":8.734732,"USDSYP":13002.884022,"USDSZL":17.711197,"USDTHB":32.370369,"USDTJS":9.533643,"USDTMT":3.51,"USDTND":2.921689,"USDTOP":2.342104,"USDTRY":40.551304,"USDTTD":6.788101,"USDTWD":29.482804,"USDTZS":2558.113802,"USDUAH":41.740903,"USDUGX":3588.236047,"USDUYU":40.08789,"USDUZS":12631.399753,"USDVES":120.273404,"USDVND":26145,"USDVUV":119.477682,"USDWST":2.737488,"USDXAF":558.332553,"USDXAG":0.026182,"USDXAU":0.0003,"USDXCD":2.70255,"USDXCG":1.799123,"USDXDR":0.694387,"USDXOF":558.332553,"USDXPF":101.510831,"USDYER":240.950363,"USDZAR":17.76526,"USDZMK":9001.203584,"USDZMW":23.284675,"USDZWL":321.999592}}