{"success":true,"terms":"https:\/\/currencylayer.com\/terms","privacy":"https:\/\/currencylayer.com\/privacy","timestamp":1754703605,"source":"USD","quotes":{"USDAED":3.673042,"USDAFN":68.246519,"USDALL":83.574861,"USDAMD":383.590403,"USDANG":1.789699,"USDAOA":917.000367,"USDARS":1315.382258,"USDAUD":1.532332,"USDAWG":1.8025,"USDAZN":1.70397,"USDBAM":1.679584,"USDBBD":2.017596,"USDBDT":121.404434,"USDBGN":1.679095,"USDBHD":0.374308,"USDBIF":2979.591311,"USDBMD":1,"USDBND":1.28412,"USDBOB":6.904518,"USDBRL":5.431804,"USDBSD":0.999266,"USDBTC":8.557907e-6,"USDBTN":87.497585,"USDBWP":13.444801,"USDBYN":3.29914,"USDBYR":19600,"USDBZD":2.007205,"USDCAD":1.37535,"USDCDF":2890.000362,"USDCHF":0.808281,"USDCLF":0.024705,"USDCLP":969.150396,"USDCNY":7.181504,"USDCNH":7.189125,"USDCOP":4044,"USDCRC":506.331288,"USDCUC":1,"USDCUP":26.5,"USDCVE":94.692367,"USDCZK":20.983604,"USDDJF":177.720393,"USDDKK":6.411504,"USDDOP":61.024256,"USDDZD":128.970847,"USDEGP":48.172181,"USDERN":15,"USDETB":138.656882,"USDEUR":0.858504,"USDFJD":2.252304,"USDFKP":0.744517,"USDGBP":0.743384,"USDGEL":2.703861,"USDGGP":0.744517,"USDGHS":10.542271,"USDGIP":0.744517,"USDGMD":72.503851,"USDGNF":8664.997789,"USDGTQ":7.667106,"USDGYD":209.060071,"USDHKD":7.84995,"USDHNL":26.16503,"USDHRK":6.47204,"USDHTG":130.747861,"USDHUF":339.580388,"USDIDR":16256.1,"USDILS":3.430695,"USDIMP":0.744517,"USDINR":87.72775,"USDIQD":1309.024393,"USDIRR":42125.000352,"USDISK":122.830386,"USDJEP":0.744517,"USDJMD":159.989008,"USDJOD":0.70904,"USDJPY":147.65804,"USDKES":129.203801,"USDKGS":87.450384,"USDKHR":4002.696517,"USDKMF":422.150384,"USDKPW":900.05659,"USDKRW":1388.770383,"USDKWD":0.30553,"USDKYD":0.832761,"USDKZT":540.003693,"USDLAK":21619.55593,"USDLBP":89532.270461,"USDLKR":300.526856,"USDLRD":200.352958,"USDLSL":17.711977,"USDLTL":2.95274,"USDLVL":0.60489,"USDLYD":5.417985,"USDMAD":9.049126,"USDMDL":16.776803,"USDMGA":4409.78827,"USDMKD":52.833348,"USDMMK":2099.347438,"USDMNT":3581.596335,"USDMOP":8.079179,"USDMRU":39.85899,"USDMUR":45.410378,"USDMVR":15.403739,"USDMWK":1732.749367,"USDMXN":18.580378,"USDMYR":4.240377,"USDMZN":63.960377,"USDNAD":17.711977,"USDNGN":1532.290377,"USDNIO":36.772567,"USDNOK":10.282604,"USDNPR":139.995964,"USDNZD":1.677571,"USDOMR":0.381735,"USDPAB":0.999266,"USDPEN":3.536848,"USDPGK":4.214847,"USDPHP":56.750375,"USDPKR":283.53556,"USDPLN":3.64774,"USDPYG":7484.187882,"USDQAR":3.652267,"USDRON":4.355304,"USDRSD":100.957038,"USDRUB":79.399854,"USDRWF":1445.415822,"USDSAR":3.753162,"USDSBD":8.217066,"USDSCR":14.144501,"USDSDG":600.503676,"USDSEK":9.578804,"USDSGD":1.285504,"USDSHP":0.785843,"USDSLE":23.103667,"USDSLL":20969.503947,"USDSOS":571.077705,"USDSRD":37.279038,"USDSTD":20697.981008,"USDSTN":21.039886,"USDSVC":8.743146,"USDSYP":13002.290303,"USDSZL":17.705278,"USDTHB":32.203646,"USDTJS":9.33299,"USDTMT":3.51,"USDTND":2.93047,"USDTOP":2.342104,"USDTRY":40.795038,"USDTTD":6.782689,"USDTWD":29.907104,"USDTZS":2485.000335,"USDUAH":41.33556,"USDUGX":3565.616533,"USDUYU":40.096011,"USDUZS":12584.427908,"USDVES":128.74775,"USDVND":26225,"USDVUV":120.338147,"USDWST":2.664163,"USDXAF":563.316745,"USDXAG":0.026049,"USDXAU":0.000294,"USDXCD":2.70255,"USDXCG":1.800928,"USDXDR":0.700098,"USDXOF":563.316745,"USDXPF":102.417011,"USDYER":240.450363,"USDZAR":17.75659,"USDZMK":9001.203584,"USDZMW":23.157615,"USDZWL":321.999592}}