{"success":true,"terms":"https:\/\/currencylayer.com\/terms","privacy":"https:\/\/currencylayer.com\/privacy","timestamp":1780631345,"source":"USD","quotes":{"USDAED":3.6725,"USDAFN":63.50639,"USDALL":82.106967,"USDAMD":369.067558,"USDANG":1.79046,"USDAOA":917.999747,"USDARS":1436.993792,"USDAUD":1.403528,"USDAWG":1.8,"USDAZN":1.698562,"USDBAM":1.68414,"USDBBD":2.017127,"USDBDT":122.930669,"USDBGN":1.66992,"USDBHD":0.377771,"USDBIF":2984.439718,"USDBMD":1,"USDBND":1.285381,"USDBOB":6.935301,"USDBRL":5.064698,"USDBSD":1.001546,"USDBTC":1.5944132e-5,"USDBTN":95.986808,"USDBWP":13.46336,"USDBYN":2.833524,"USDBYR":19600,"USDBZD":2.0142,"USDCAD":1.39047,"USDCDF":2314.99964,"USDCHF":0.78931,"USDCLF":0.022775,"USDCLP":896.369997,"USDCNY":6.77385,"USDCNH":6.77635,"USDCOP":3577.45,"USDCRC":460.696556,"USDCUC":1,"USDCUP":26.5,"USDCVE":94.949217,"USDCZK":20.833297,"USDDJF":178.342468,"USDDKK":6.43542,"USDDOP":58.306101,"USDDZD":133.348009,"USDEGP":51.819297,"USDERN":15,"USDETB":161.464658,"USDEUR":0.861009,"USDFJD":2.20515,"USDFKP":0.744358,"USDGBP":0.744768,"USDGEL":2.659875,"USDGGP":0.744358,"USDGHS":11.817892,"USDGIP":0.744358,"USDGMD":72.503093,"USDGNF":8779.030216,"USDGTQ":7.636237,"USDGYD":209.497074,"USDHKD":7.8326,"USDHNL":26.657309,"USDHRK":6.487203,"USDHTG":130.947512,"USDHUF":304.930104,"USDIDR":18034,"USDILS":2.892155,"USDIMP":0.744358,"USDINR":95.68225,"USDIQD":1311.989253,"USDIRR":1375000.000028,"USDISK":123.63981,"USDJEP":0.744358,"USDJMD":158.4531,"USDJOD":0.70895,"USDJPY":159.949004,"USDKES":129.490164,"USDKGS":87.45011,"USDKHR":4031.671266,"USDKMF":423.999897,"USDKPW":899.855249,"USDKRW":1545.180221,"USDKWD":0.30888,"USDKYD":0.834578,"USDKZT":486.461352,"USDLAK":21977.861113,"USDLBP":89576.526198,"USDLKR":337.757953,"USDLRD":182.778708,"USDLSL":16.292275,"USDLTL":2.95274,"USDLVL":0.60489,"USDLYD":6.382475,"USDMAD":9.213342,"USDMDL":17.345928,"USDMGA":4204.999808,"USDMKD":53.069571,"USDMMK":2099.645417,"USDMNT":3577.711271,"USDMOP":8.081895,"USDMRU":39.700507,"USDMUR":47.559707,"USDMVR":15.459587,"USDMWK":1736.588306,"USDMXN":17.27967,"USDMYR":4.032985,"USDMZN":63.901867,"USDNAD":16.292275,"USDNGN":1361.170259,"USDNIO":36.620262,"USDNOK":9.34478,"USDNPR":153.579871,"USDNZD":1.705771,"USDOMR":0.3845,"USDPAB":1.00146,"USDPEN":3.409526,"USDPGK":4.361502,"USDPHP":61.469688,"USDPKR":278.350228,"USDPLN":3.648803,"USDPYG":6100.895114,"USDQAR":3.660882,"USDRON":4.525095,"USDRSD":101.066971,"USDRUB":73.398741,"USDRWF":1464,"USDSAR":3.754318,"USDSBD":8.03884,"USDSCR":13.274089,"USDSDG":600.499211,"USDSEK":9.38271,"USDSGD":1.28533,"USDSHP":0.746601,"USDSLE":24.650163,"USDSLL":20969.502105,"USDSOS":572.380715,"USDSRD":37.3175,"USDSTD":20697.981008,"USDSTN":21.097228,"USDSVC":8.76353,"USDSYP":110.532098,"USDSZL":16.288782,"USDTHB":32.692497,"USDTJS":9.314085,"USDTMT":3.51,"USDTND":2.910009,"USDTOP":2.40776,"USDTRY":46.0639,"USDTTD":6.784609,"USDTWD":31.551498,"USDTZS":2605.002968,"USDUAH":44.452166,"USDUGX":3770.757897,"USDUYU":40.342893,"USDUZS":11969.999514,"USDVES":562.585085,"USDVND":26335,"USDVUV":118.357403,"USDWST":2.707727,"USDXAF":564.852018,"USDXAG":0.013759,"USDXAU":0.000225,"USDXCD":2.70255,"USDXCG":1.804976,"USDXDR":0.702489,"USDXOF":564.99999,"USDXPF":103.199227,"USDYER":238.649917,"USDZAR":16.33285,"USDZMK":9001.204982,"USDZMW":17.550945,"USDZWL":321.999592}}