{"success":true,"terms":"https:\/\/currencylayer.com\/terms","privacy":"https:\/\/currencylayer.com\/privacy","timestamp":1777431248,"source":"USD","quotes":{"USDAED":3.672497,"USDAFN":63.000155,"USDALL":81.550045,"USDAMD":371.397801,"USDANG":1.789884,"USDAOA":918.000203,"USDARS":1404.744007,"USDAUD":1.39619,"USDAWG":1.80125,"USDAZN":1.691373,"USDBAM":1.672231,"USDBBD":2.013706,"USDBDT":122.949593,"USDBGN":1.668102,"USDBHD":0.377275,"USDBIF":2975,"USDBMD":1,"USDBND":1.276607,"USDBOB":6.908463,"USDBRL":4.995199,"USDBSD":0.999756,"USDBTC":1.3075211e-5,"USDBTN":94.471971,"USDBWP":13.52189,"USDBYN":2.82083,"USDBYR":19600,"USDBZD":2.010807,"USDCAD":1.368455,"USDCDF":2322.501674,"USDCHF":0.788765,"USDCLF":0.022655,"USDCLP":891.619926,"USDCNY":6.83745,"USDCNH":6.839345,"USDCOP":3614.63,"USDCRC":454.776694,"USDCUC":1,"USDCUP":26.5,"USDCVE":94.400156,"USDCZK":20.80605,"USDDJF":177.719973,"USDDKK":6.382785,"USDDOP":59.249613,"USDDZD":132.524035,"USDEGP":52.8314,"USDERN":15,"USDETB":157.374981,"USDEUR":0.85403,"USDFJD":2.200302,"USDFKP":0.737964,"USDGBP":0.73995,"USDGEL":2.695046,"USDGGP":0.737964,"USDGHS":11.140127,"USDGIP":0.737964,"USDGMD":73.499807,"USDGNF":8777.502887,"USDGTQ":7.638607,"USDGYD":209.169998,"USDHKD":7.83755,"USDHNL":26.62018,"USDHRK":6.434498,"USDHTG":130.969532,"USDHUF":310.8455,"USDIDR":17307.75,"USDILS":2.956013,"USDIMP":0.737964,"USDINR":94.734097,"USDIQD":1310,"USDIRR":1315999.999939,"USDISK":122.297294,"USDJEP":0.737964,"USDJMD":157.527307,"USDJOD":0.708974,"USDJPY":159.612976,"USDKES":129.102564,"USDKGS":87.429597,"USDKHR":4010.000044,"USDKMF":420.999748,"USDKPW":899.995813,"USDKRW":1476.575013,"USDKWD":0.307601,"USDKYD":0.833202,"USDKZT":458.273661,"USDLAK":21944.999769,"USDLBP":89541.398719,"USDLKR":318.685688,"USDLRD":183.749729,"USDLSL":16.534971,"USDLTL":2.952741,"USDLVL":0.60489,"USDLYD":6.344978,"USDMAD":9.25625,"USDMDL":17.291603,"USDMGA":4148.999644,"USDMKD":52.626636,"USDMMK":2100.039346,"USDMNT":3596.354975,"USDMOP":8.070247,"USDMRU":39.999662,"USDMUR":46.779627,"USDMVR":15.449801,"USDMWK":1740.999884,"USDMXN":17.39728,"USDMYR":3.9515,"USDMZN":63.90989,"USDNAD":16.55015,"USDNGN":1374.960041,"USDNIO":36.714992,"USDNOK":9.32681,"USDNPR":151.155324,"USDNZD":1.705625,"USDOMR":0.384486,"USDPAB":0.999761,"USDPEN":3.515967,"USDPGK":4.34475,"USDPHP":61.522986,"USDPKR":278.725018,"USDPLN":3.629485,"USDPYG":6267.180239,"USDQAR":3.64325,"USDRON":4.352004,"USDRSD":100.221002,"USDRUB":75.324682,"USDRWF":1460.5,"USDSAR":3.750667,"USDSBD":8.025935,"USDSCR":13.665074,"USDSDG":600.50203,"USDSEK":9.270075,"USDSGD":1.276735,"USDSHP":0.746601,"USDSLE":24.624981,"USDSLL":20969.496166,"USDSOS":571.501804,"USDSRD":37.464995,"USDSTD":20697.981008,"USDSTN":21.25,"USDSVC":8.748402,"USDSYP":110.549271,"USDSZL":16.550273,"USDTHB":32.603499,"USDTJS":9.378107,"USDTMT":3.505,"USDTND":2.88375,"USDTOP":2.40776,"USDTRY":45.071695,"USDTTD":6.798138,"USDTWD":31.568501,"USDTZS":2607.622982,"USDUAH":44.060757,"USDUGX":3719.267945,"USDUYU":39.45844,"USDUZS":12069.999858,"USDVES":484.618565,"USDVND":26356,"USDVUV":118.225603,"USDWST":2.727813,"USDXAF":560.845941,"USDXAG":0.013584,"USDXAU":0.000218,"USDXCD":2.702549,"USDXCG":1.801836,"USDXDR":0.697718,"USDXOF":559.496561,"USDXPF":102.224992,"USDYER":238.649929,"USDZAR":16.559016,"USDZMK":9001.202283,"USDZMW":18.969203,"USDZWL":321.999592}}