{"success":true,"terms":"https:\/\/currencylayer.com\/terms","privacy":"https:\/\/currencylayer.com\/privacy","timestamp":1759800123,"source":"USD","quotes":{"USDAED":3.672502,"USDAFN":66.857126,"USDALL":82.631217,"USDAMD":381.25822,"USDANG":1.790403,"USDAOA":916.99992,"USDARS":1429.762203,"USDAUD":1.512315,"USDAWG":1.40625,"USDAZN":1.70484,"USDBAM":1.670389,"USDBBD":2.006294,"USDBDT":121.312021,"USDBGN":1.66947,"USDBHD":0.376827,"USDBIF":2936.720105,"USDBMD":1,"USDBND":1.289251,"USDBOB":6.908568,"USDBRL":5.312101,"USDBSD":0.996101,"USDBTC":8.025811e-6,"USDBTN":88.426456,"USDBWP":13.277363,"USDBYN":3.379467,"USDBYR":19600,"USDBZD":2.003391,"USDCAD":1.394935,"USDCDF":2520.000133,"USDCHF":0.79509,"USDCLF":0.02452,"USDCLP":961.930175,"USDCNY":7.119498,"USDCNH":7.14159,"USDCOP":3863.7,"USDCRC":500.655498,"USDCUC":1,"USDCUP":26.5,"USDCVE":94.173965,"USDCZK":20.769796,"USDDJF":177.39022,"USDDKK":6.37657,"USDDOP":62.338527,"USDDZD":129.666039,"USDEGP":47.584403,"USDERN":15,"USDETB":144.937802,"USDEUR":0.85416,"USDFJD":2.25435,"USDFKP":0.74219,"USDGBP":0.74185,"USDGEL":2.724999,"USDGGP":0.74219,"USDGHS":12.551404,"USDGIP":0.74219,"USDGMD":71.999788,"USDGNF":8640.694194,"USDGTQ":7.635413,"USDGYD":208.350237,"USDHKD":7.783315,"USDHNL":26.149883,"USDHRK":6.4355,"USDHTG":130.353643,"USDHUF":332.088978,"USDIDR":16594.05,"USDILS":3.275225,"USDIMP":0.74219,"USDINR":88.73925,"USDIQD":1304.932678,"USDIRR":42074.999955,"USDISK":121.120432,"USDJEP":0.74219,"USDJMD":159.591413,"USDJOD":0.708966,"USDJPY":150.478974,"USDKES":128.650062,"USDKGS":87.450224,"USDKHR":3996.395642,"USDKMF":420.999977,"USDKPW":900.001507,"USDKRW":1412.810367,"USDKWD":0.306199,"USDKYD":0.830155,"USDKZT":542.094947,"USDLAK":21590.021053,"USDLBP":89203.708369,"USDLKR":301.230287,"USDLRD":180.796413,"USDLSL":17.203777,"USDLTL":2.95274,"USDLVL":0.60489,"USDLYD":5.396011,"USDMAD":9.097975,"USDMDL":16.700474,"USDMGA":4441.161022,"USDMKD":52.632253,"USDMMK":2099.989486,"USDMNT":3595.488404,"USDMOP":7.986403,"USDMRU":39.775721,"USDMUR":45.339775,"USDMVR":15.310062,"USDMWK":1727.27001,"USDMXN":18.340925,"USDMYR":4.213994,"USDMZN":63.910034,"USDNAD":17.203777,"USDNGN":1467.279973,"USDNIO":36.679552,"USDNOK":9.92236,"USDNPR":141.481725,"USDNZD":1.71455,"USDOMR":0.384468,"USDPAB":0.996101,"USDPEN":3.461044,"USDPGK":4.178997,"USDPHP":58.318503,"USDPKR":281.250026,"USDPLN":3.633625,"USDPYG":6977.747221,"USDQAR":3.641099,"USDRON":4.349503,"USDRSD":100.085955,"USDRUB":82.995016,"USDRWF":1445.427099,"USDSAR":3.750763,"USDSBD":8.23101,"USDSCR":14.380794,"USDSDG":601.50232,"USDSEK":9.380605,"USDSGD":1.291705,"USDSHP":0.785843,"USDSLE":23.309924,"USDSLL":20969.503664,"USDSOS":569.32268,"USDSRD":38.618016,"USDSTD":20697.981008,"USDSTN":20.92488,"USDSVC":8.715779,"USDSYP":13001.985228,"USDSZL":17.189001,"USDTHB":32.498956,"USDTJS":9.293898,"USDTMT":3.51,"USDTND":2.911193,"USDTOP":2.3421,"USDTRY":41.706798,"USDTTD":6.752273,"USDTWD":30.447301,"USDTZS":2455.000185,"USDUAH":41.150261,"USDUGX":3438.483514,"USDUYU":39.773843,"USDUZS":12014.194634,"USDVES":185.16655,"USDVND":26365,"USDVUV":120.706366,"USDWST":2.783195,"USDXAF":560.232819,"USDXAG":0.020676,"USDXAU":0.000252,"USDXCD":2.70255,"USDXCG":1.795254,"USDXDR":0.69675,"USDXOF":560.232819,"USDXPF":101.85632,"USDYER":239.00031,"USDZAR":17.193396,"USDZMK":9001.205413,"USDZMW":23.732881,"USDZWL":321.999592}}