{"success":true,"terms":"https:\/\/currencylayer.com\/terms","privacy":"https:\/\/currencylayer.com\/privacy","timestamp":1763948647,"source":"USD","quotes":{"USDAED":3.672499,"USDAFN":66.330873,"USDALL":83.933999,"USDAMD":381.762918,"USDANG":1.790055,"USDAOA":916.999853,"USDARS":1424.041396,"USDAUD":1.549463,"USDAWG":1.8,"USDAZN":1.696091,"USDBAM":1.69848,"USDBBD":2.012592,"USDBDT":122.501086,"USDBGN":1.69848,"USDBHD":0.376726,"USDBIF":2946.765089,"USDBMD":1,"USDBND":1.308033,"USDBOB":6.904907,"USDBRL":5.4043,"USDBSD":0.999218,"USDBTC":1.1563996e-5,"USDBTN":89.421624,"USDBWP":13.470256,"USDBYN":3.413461,"USDBYR":19600,"USDBZD":2.00964,"USDCAD":1.40985,"USDCDF":2220.000071,"USDCHF":0.80845,"USDCLF":0.02388,"USDCLP":936.819667,"USDCNY":7.10715,"USDCNH":7.10783,"USDCOP":3783.5,"USDCRC":500.130265,"USDCUC":1,"USDCUP":26.5,"USDCVE":95.757707,"USDCZK":21.06675,"USDDJF":177.941815,"USDDKK":6.48827,"USDDOP":63.074251,"USDDZD":130.727746,"USDEGP":47.454983,"USDERN":15,"USDETB":154.668606,"USDEUR":0.86873,"USDFJD":2.29098,"USDFKP":0.763324,"USDGBP":0.763885,"USDGEL":2.696016,"USDGGP":0.763324,"USDGHS":11.111594,"USDGIP":0.763324,"USDGMD":73.505616,"USDGNF":8679.114199,"USDGTQ":7.656969,"USDGYD":209.057751,"USDHKD":7.78245,"USDHNL":26.297004,"USDHRK":6.545982,"USDHTG":130.838037,"USDHUF":333.515011,"USDIDR":16694,"USDILS":3.27624,"USDIMP":0.763324,"USDINR":89.6415,"USDIQD":1308.988276,"USDIRR":42099.999614,"USDISK":127.70985,"USDJEP":0.763324,"USDJMD":160.686062,"USDJOD":0.70901,"USDJPY":156.662502,"USDKES":129.290528,"USDKGS":87.450199,"USDKHR":3996.52627,"USDKMF":428.000556,"USDKPW":899.999043,"USDKRW":1473.420226,"USDKWD":0.307201,"USDKYD":0.83274,"USDKZT":520.243161,"USDLAK":21696.048632,"USDLBP":89535.735997,"USDLKR":307.564047,"USDLRD":178.862353,"USDLSL":17.367173,"USDLTL":2.95274,"USDLVL":0.60489,"USDLYD":5.469388,"USDMAD":9.286843,"USDMDL":17.147199,"USDMGA":4511.50673,"USDMKD":53.430308,"USDMMK":2099.718955,"USDMNT":3565.476387,"USDMOP":8.01294,"USDMRU":39.55102,"USDMUR":46.179026,"USDMVR":15.396617,"USDMWK":1732.696483,"USDMXN":18.482765,"USDMYR":4.145011,"USDMZN":63.909959,"USDNAD":17.367173,"USDNGN":1453.670116,"USDNIO":36.769431,"USDNOK":10.25364,"USDNPR":143.074251,"USDNZD":1.78331,"USDOMR":0.384386,"USDPAB":0.999218,"USDPEN":3.377421,"USDPGK":4.228398,"USDPHP":58.845021,"USDPKR":282.357273,"USDPLN":3.68145,"USDPYG":7009.986974,"USDQAR":3.641858,"USDRON":4.420301,"USDRSD":101.875814,"USDRUB":79.032531,"USDRWF":1452.887538,"USDSAR":3.750497,"USDSBD":8.230592,"USDSCR":13.944855,"USDSDG":601.0003,"USDSEK":9.54752,"USDSGD":1.308115,"USDSHP":0.750259,"USDSLE":23.374979,"USDSLL":20969.498139,"USDSOS":570.039079,"USDSRD":38.552502,"USDSTD":20697.981008,"USDSTN":21.276596,"USDSVC":8.743378,"USDSYP":11056.74047,"USDSZL":17.363439,"USDTHB":32.490083,"USDTJS":9.21789,"USDTMT":3.51,"USDTND":2.956926,"USDTOP":2.40776,"USDTRY":42.445945,"USDTTD":6.789405,"USDTWD":31.413043,"USDTZS":2454.049036,"USDUAH":42.267217,"USDUGX":3631.784629,"USDUYU":39.73947,"USDUZS":11961.788971,"USDVES":241.17603,"USDVND":26353,"USDVUV":122.457198,"USDWST":2.821685,"USDXAF":569.654364,"USDXAG":0.020057,"USDXAU":0.000247,"USDXCD":2.70255,"USDXCG":1.800868,"USDXDR":0.708467,"USDXOF":569.654364,"USDXPF":103.569257,"USDYER":238.500846,"USDZAR":17.39179,"USDZMK":9001.197352,"USDZMW":23.056882,"USDZWL":321.999592}}