{"success":true,"terms":"https:\/\/currencylayer.com\/terms","privacy":"https:\/\/currencylayer.com\/privacy","timestamp":1771380728,"source":"USD","quotes":{"USDAED":3.672499,"USDAFN":62.501853,"USDALL":81.422638,"USDAMD":375.987135,"USDANG":1.789731,"USDAOA":916.999806,"USDARS":1393.523496,"USDAUD":1.41319,"USDAWG":1.80125,"USDAZN":1.702513,"USDBAM":1.651028,"USDBBD":2.011625,"USDBDT":122.04171,"USDBGN":1.647646,"USDBHD":0.377021,"USDBIF":2961.355818,"USDBMD":1,"USDBND":1.26194,"USDBOB":6.916346,"USDBRL":5.2233,"USDBSD":0.998767,"USDBTC":1.4856214e-5,"USDBTN":90.537432,"USDBWP":13.179633,"USDBYN":2.846458,"USDBYR":19600,"USDBZD":2.008636,"USDCAD":1.36463,"USDCDF":2254.999723,"USDCHF":0.77058,"USDCLF":0.021938,"USDCLP":866.220121,"USDCNY":6.90865,"USDCNH":6.88771,"USDCOP":3665.5,"USDCRC":480.266768,"USDCUC":1,"USDCUP":26.5,"USDCVE":93.080874,"USDCZK":20.49305,"USDDJF":177.855069,"USDDKK":6.30704,"USDDOP":61.63522,"USDDZD":129.758136,"USDEGP":46.898697,"USDERN":15,"USDETB":155.357731,"USDEUR":0.84423,"USDFJD":2.19355,"USDFKP":0.733723,"USDGBP":0.73767,"USDGEL":2.670062,"USDGGP":0.733723,"USDGHS":10.981061,"USDGIP":0.733723,"USDGMD":73.504465,"USDGNF":8767.116349,"USDGTQ":7.659873,"USDGYD":208.950814,"USDHKD":7.815235,"USDHNL":26.437888,"USDHRK":6.360902,"USDHTG":130.921677,"USDHUF":319.151498,"USDIDR":16869,"USDILS":3.101145,"USDIMP":0.733723,"USDINR":90.64435,"USDIQD":1308.300762,"USDIRR":42125.000158,"USDISK":122.41959,"USDJEP":0.733723,"USDJMD":155.864439,"USDJOD":0.708973,"USDJPY":153.578496,"USDKES":128.839741,"USDKGS":87.449782,"USDKHR":4014.267322,"USDKMF":417.000161,"USDKPW":899.945579,"USDKRW":1444.580319,"USDKWD":0.30645,"USDKYD":0.832355,"USDKZT":490.203362,"USDLAK":21396.432521,"USDLBP":89436.051984,"USDLKR":309.009868,"USDLRD":185.75577,"USDLSL":16.027655,"USDLTL":2.95274,"USDLVL":0.60489,"USDLYD":6.296009,"USDMAD":9.113403,"USDMDL":16.998286,"USDMGA":4372.124435,"USDMKD":52.034881,"USDMMK":2100.026497,"USDMNT":3569.36106,"USDMOP":8.041348,"USDMRU":39.870837,"USDMUR":45.930208,"USDMVR":15.404977,"USDMWK":1731.881305,"USDMXN":17.148401,"USDMYR":3.897507,"USDMZN":63.900761,"USDNAD":16.027655,"USDNGN":1345.390009,"USDNIO":36.756574,"USDNOK":9.545975,"USDNPR":144.867671,"USDNZD":1.663355,"USDOMR":0.384497,"USDPAB":0.998746,"USDPEN":3.343252,"USDPGK":4.290237,"USDPHP":58.011022,"USDPKR":279.303536,"USDPLN":3.560925,"USDPYG":6528.162356,"USDQAR":3.640086,"USDRON":4.301801,"USDRSD":99.090353,"USDRUB":76.351587,"USDRWF":1458.697396,"USDSAR":3.750285,"USDSBD":8.05166,"USDSCR":14.275463,"USDSDG":601.499865,"USDSEK":8.976765,"USDSGD":1.26328,"USDSHP":0.750259,"USDSLE":24.449755,"USDSLL":20969.49935,"USDSOS":569.834242,"USDSRD":37.701048,"USDSTD":20697.981008,"USDSTN":20.68296,"USDSVC":8.738889,"USDSYP":11059.574895,"USDSZL":16.022895,"USDTHB":31.260212,"USDTJS":9.447636,"USDTMT":3.51,"USDTND":2.884735,"USDTOP":2.40776,"USDTRY":43.7419,"USDTTD":6.772807,"USDTWD":31.394043,"USDTZS":2590.902979,"USDUAH":43.219113,"USDUGX":3530.350291,"USDUYU":38.805202,"USDUZS":12175.520644,"USDVES":395.87194,"USDVND":25970,"USDVUV":119.088578,"USDWST":2.704899,"USDXAF":553.7605,"USDXAG":0.013583,"USDXAU":0.000204,"USDXCD":2.70255,"USDXCG":1.799948,"USDXDR":0.6887,"USDXOF":553.755825,"USDXPF":100.676183,"USDYER":238.374969,"USDZAR":16.011855,"USDZMK":9001.198823,"USDZMW":18.47176,"USDZWL":321.999592}}