{"success":true,"terms":"https:\/\/currencylayer.com\/terms","privacy":"https:\/\/currencylayer.com\/privacy","timestamp":1784860746,"source":"USD","quotes":{"USDAED":3.6725,"USDAFN":66.502406,"USDALL":82.193947,"USDAMD":366.140764,"USDAOA":917.999652,"USDARS":1488.7414,"USDAUD":1.43305,"USDAWG":1.8,"USDAZN":1.698774,"USDBAM":1.718086,"USDBBD":2.017735,"USDBDT":123.572508,"USDBHD":0.378063,"USDBIF":2986.1654,"USDBMD":1,"USDBND":1.292986,"USDBOB":11.044885,"USDBRL":5.098196,"USDBSD":1.001752,"USDBTC":1.5401865e-5,"USDBTN":96.695246,"USDBWP":13.622449,"USDBYN":2.890887,"USDBYR":19600,"USDBZD":2.014749,"USDCAD":1.407425,"USDCDF":2258.000215,"USDCHF":0.816645,"USDCLF":0.024042,"USDCLP":946.209801,"USDCNY":6.77025,"USDCNH":6.77638,"USDCOP":3214.4,"USDCRC":454.483567,"USDCUC":1,"USDCUP":26.5,"USDCVE":97.201917,"USDCZK":21.244803,"USDDJF":178.38994,"USDDKK":6.56562,"USDDOP":58.249883,"USDDZD":133.29996,"USDEGP":51.300702,"USDERN":15,"USDETB":161.690581,"USDEUR":0.87832,"USDFJD":2.251302,"USDFKP":0.747613,"USDGBP":0.750775,"USDGEL":2.630045,"USDGGP":0.747613,"USDGHS":11.620512,"USDGIP":0.747613,"USDGMD":73.99966,"USDGNF":8784.999885,"USDGTQ":7.642574,"USDGYD":209.565557,"USDHKD":7.84165,"USDHNL":26.920007,"USDHRK":6.6175,"USDHTG":130.975177,"USDHUF":319.682015,"USDIDR":17980.8,"USDILS":3.07325,"USDIMP":0.747613,"USDINR":96.86355,"USDIQD":1312.374,"USDIRR":1375275.000126,"USDISK":125.769831,"USDJEP":0.747613,"USDJMD":158.692931,"USDJOD":0.708996,"USDJPY":163.755991,"USDKES":129.495828,"USDKGS":87.449894,"USDKHR":4042.2495,"USDKMF":432.999781,"USDKRW":1463.474981,"USDKWD":0.30993,"USDKYD":0.83486,"USDKZT":468.378726,"USDLAK":22650.00017,"USDLBP":89550.000072,"USDLKR":336.699154,"USDLRD":181.250261,"USDLSL":16.444499,"USDLTL":2.95274,"USDLVL":0.60489,"USDLYD":6.424779,"USDMAD":9.390129,"USDMDL":17.641349,"USDMGA":4300.678569,"USDMKD":54.090973,"USDMMK":2099.232333,"USDMNT":3591.167689,"USDMOP":8.091551,"USDMRU":38.559993,"USDMUR":47.19023,"USDMVR":15.450115,"USDMWK":1737.00015,"USDMXN":17.512419,"USDMYR":4.094204,"USDMZN":63.874996,"USDNAD":16.444644,"USDNGN":1370.78002,"USDNIO":36.865752,"USDNOK":9.61172,"USDNPR":154.703208,"USDNZD":1.729905,"USDOMR":0.384509,"USDPAB":1.001792,"USDPEN":3.401297,"USDPGK":4.485026,"USDPHP":61.845497,"USDPKR":278.320984,"USDPLN":3.804008,"USDPYG":6064.625507,"USDQAR":3.652096,"USDRON":4.5964,"USDRSD":103.122988,"USDRUB":78.301408,"USDRWF":1474.141907,"USDSAR":3.754037,"USDSBD":8.077882,"USDSCR":13.352189,"USDSDG":600.497406,"USDSEK":9.74874,"USDSGD":1.291775,"USDSLE":24.249897,"USDSOS":572.545403,"USDSRD":37.721968,"USDSTD":20697.981008,"USDSTN":21.520394,"USDSVC":8.76585,"USDSZL":16.443181,"USDTHB":33.804497,"USDTJS":9.257029,"USDTMT":3.51,"USDTND":2.965494,"USDTRY":47.323898,"USDTTD":6.798986,"USDTWD":32.346503,"USDTZS":2629.998011,"USDUAH":44.899576,"USDUGX":3761.568228,"USDUYU":40.234202,"USDUZS":12124.619513,"USDVES":736.95925,"USDVND":26323.5,"USDVUV":119.024075,"USDWST":2.742768,"USDXAF":576.196939,"USDXAG":0.017395,"USDXAU":0.000247,"USDXCD":2.70255,"USDXCG":1.805524,"USDXDR":0.716604,"USDXOF":576.207062,"USDXPF":104.763829,"USDYER":238.59346,"USDZAR":16.81215,"USDZMK":9001.201546,"USDZMW":18.558422,"USDZWL":321.999592}}