{"success":true,"terms":"https:\/\/currencylayer.com\/terms","privacy":"https:\/\/currencylayer.com\/privacy","timestamp":1775701444,"source":"USD","quotes":{"USDAED":3.672499,"USDAFN":63.999841,"USDALL":82.460181,"USDAMD":376.32024,"USDAOA":916.999817,"USDARS":1386.976303,"USDAUD":1.421282,"USDAWG":1.8,"USDAZN":1.698106,"USDBAM":1.671981,"USDBBD":2.012823,"USDBDT":122.815341,"USDBHD":0.377503,"USDBIF":2970.5,"USDBMD":1,"USDBND":1.273995,"USDBOB":6.905365,"USDBRL":5.100598,"USDBSD":0.999316,"USDBTC":1.4098576e-5,"USDBTN":92.260676,"USDBWP":13.408103,"USDBYN":2.916946,"USDBYR":19600,"USDBZD":2.009908,"USDCAD":1.38525,"USDCDF":2301.000008,"USDCHF":0.791395,"USDCLF":0.022797,"USDCLP":897.240169,"USDCNY":6.83625,"USDCNH":6.83328,"USDCOP":3649.78,"USDCRC":464.865789,"USDCUC":1,"USDCUP":26.5,"USDCVE":94.850345,"USDCZK":20.91795,"USDDJF":177.719997,"USDDKK":6.40708,"USDDOP":60.650028,"USDDZD":132.466992,"USDEGP":53.248966,"USDERN":15,"USDETB":155.624991,"USDEUR":0.85738,"USDFJD":2.214902,"USDFKP":0.744078,"USDGBP":0.746475,"USDGEL":2.685017,"USDGGP":0.744078,"USDGHS":11.015021,"USDGIP":0.744078,"USDGMD":72.999602,"USDGNF":8780.0001,"USDGTQ":7.645223,"USDGYD":209.079369,"USDHKD":7.83305,"USDHNL":26.620075,"USDHRK":6.462801,"USDHTG":131.013289,"USDHUF":322.975498,"USDIDR":17063.4,"USDILS":3.08836,"USDIMP":0.744078,"USDINR":92.52625,"USDIQD":1310,"USDIRR":1315000.000016,"USDISK":123.28963,"USDJEP":0.744078,"USDJMD":157.315666,"USDJOD":0.708999,"USDJPY":158.804967,"USDKES":129.401099,"USDKGS":87.449887,"USDKHR":4013.999962,"USDKMF":424.499145,"USDKPW":899.95413,"USDKRW":1480.490267,"USDKWD":0.30923,"USDKYD":0.832781,"USDKZT":477.797202,"USDLAK":21962.505751,"USDLBP":89531.243299,"USDLKR":315.00748,"USDLRD":184.202267,"USDLSL":16.614974,"USDLTL":2.95274,"USDLVL":0.60489,"USDLYD":6.344979,"USDMAD":9.305021,"USDMDL":17.208704,"USDMGA":4137.502114,"USDMKD":52.891959,"USDMMK":2099.780124,"USDMNT":3575.250437,"USDMOP":8.062591,"USDMRU":40.118493,"USDMUR":46.51985,"USDMVR":15.460128,"USDMWK":1737.000157,"USDMXN":17.45473,"USDMYR":3.979502,"USDMZN":63.960401,"USDNAD":16.609519,"USDNGN":1378.979861,"USDNIO":36.72984,"USDNOK":9.57878,"USDNPR":147.619434,"USDNZD":1.715693,"USDOMR":0.384499,"USDPAB":0.999308,"USDPEN":3.40375,"USDPGK":4.310053,"USDPHP":59.687016,"USDPKR":278.999848,"USDPLN":3.64599,"USDPYG":6482.581748,"USDQAR":3.645997,"USDRON":4.3677,"USDRSD":100.621003,"USDRUB":78.54967,"USDRWF":1460.5,"USDSAR":3.752995,"USDSBD":8.04851,"USDSCR":14.2075,"USDSDG":601.000203,"USDSEK":9.32323,"USDSGD":1.275015,"USDSLE":24.649922,"USDSOS":571.499676,"USDSRD":37.554054,"USDSTD":20697.981008,"USDSTN":21.44,"USDSVC":8.744604,"USDSYP":110.553826,"USDSZL":16.615013,"USDTHB":32.105659,"USDTJS":9.498763,"USDTMT":3.5,"USDTND":2.891983,"USDTRY":44.485302,"USDTTD":6.778082,"USDTWD":31.78603,"USDTZS":2587.502891,"USDUAH":43.307786,"USDUGX":3697.197396,"USDUYU":40.598418,"USDUZS":12229.999902,"USDVES":474.416901,"USDVND":26326.5,"USDVUV":119.534712,"USDWST":2.769292,"USDXAF":560.735672,"USDXAG":0.0135,"USDXAU":0.000212,"USDXCD":2.70255,"USDXCG":1.8011,"USDXDR":0.698977,"USDXOF":563.999785,"USDXPF":102.549688,"USDYER":238.574978,"USDZAR":16.438801,"USDZMK":9001.196248,"USDZMW":19.112505,"USDZWL":321.999592}}