{"success":true,"terms":"https:\/\/currencylayer.com\/terms","privacy":"https:\/\/currencylayer.com\/privacy","timestamp":1777344907,"source":"USD","quotes":{"USDAED":3.672497,"USDAFN":61.999832,"USDALL":81.499593,"USDAMD":371.392851,"USDANG":1.789884,"USDAOA":918.000098,"USDARS":1416.270299,"USDAUD":1.392942,"USDAWG":1.8025,"USDAZN":1.703238,"USDBAM":1.669035,"USDBBD":2.018954,"USDBDT":123.321514,"USDBGN":1.668102,"USDBHD":0.377262,"USDBIF":2979.190046,"USDBMD":1,"USDBND":1.276247,"USDBOB":6.92692,"USDBRL":5.001501,"USDBSD":1.002402,"USDBTC":1.3014758e-5,"USDBTN":94.366786,"USDBWP":13.496446,"USDBYN":2.815168,"USDBYR":19600,"USDBZD":2.018135,"USDCAD":1.36362,"USDCDF":2325.000121,"USDCHF":0.786725,"USDCLF":0.022739,"USDCLP":894.959911,"USDCNY":6.82315,"USDCNH":6.830945,"USDCOP":3623.6,"USDCRC":455.449262,"USDCUC":1,"USDCUP":26.5,"USDCVE":94.098421,"USDCZK":20.799901,"USDDJF":178.505443,"USDDKK":6.38085,"USDDOP":59.591572,"USDDZD":132.491696,"USDEGP":52.5501,"USDERN":15,"USDETB":156.519016,"USDEUR":0.85394,"USDFJD":2.196451,"USDFKP":0.740868,"USDGBP":0.739515,"USDGEL":2.685026,"USDGGP":0.740868,"USDGHS":11.121304,"USDGIP":0.740868,"USDGMD":72.999701,"USDGNF":8797.53884,"USDGTQ":7.663424,"USDGYD":209.719194,"USDHKD":7.835525,"USDHNL":26.640325,"USDHRK":6.432798,"USDHTG":131.243093,"USDHUF":311.194501,"USDIDR":17231.75,"USDILS":2.97545,"USDIMP":0.740868,"USDINR":94.31475,"USDIQD":1313.182171,"USDIRR":1315000.000358,"USDISK":122.450414,"USDJEP":0.740868,"USDJMD":158.245078,"USDJOD":0.708983,"USDJPY":159.5065,"USDKES":129.459994,"USDKGS":87.430702,"USDKHR":4011.759636,"USDKMF":420.000132,"USDKPW":899.999995,"USDKRW":1474.615023,"USDKWD":0.30778,"USDKYD":0.835374,"USDKZT":459.246806,"USDLAK":21966.299566,"USDLBP":89320.786296,"USDLKR":319.023379,"USDLRD":183.939239,"USDLSL":16.520125,"USDLTL":2.95274,"USDLVL":0.60489,"USDLYD":6.358675,"USDMAD":9.262804,"USDMDL":17.352011,"USDMGA":4166.275527,"USDMKD":52.637197,"USDMMK":2099.922997,"USDMNT":3576.490722,"USDMOP":8.091841,"USDMRU":40.026113,"USDMUR":46.710258,"USDMVR":15.459945,"USDMWK":1738.19541,"USDMXN":17.394602,"USDMYR":3.949498,"USDMZN":63.898129,"USDNAD":16.519914,"USDNGN":1360.190338,"USDNIO":36.891804,"USDNOK":9.31092,"USDNPR":150.986516,"USDNZD":1.695365,"USDOMR":0.384509,"USDPAB":1.002385,"USDPEN":3.495347,"USDPGK":4.353113,"USDPHP":60.840497,"USDPKR":279.400573,"USDPLN":3.629445,"USDPYG":6315.097777,"USDQAR":3.664262,"USDRON":4.344897,"USDRSD":100.260878,"USDRUB":74.876649,"USDRWF":1469.034554,"USDSAR":3.75081,"USDSBD":8.048583,"USDSCR":14.173867,"USDSDG":600.499278,"USDSEK":9.245803,"USDSGD":1.27499,"USDSHP":0.746601,"USDSLE":24.600796,"USDSLL":20969.496166,"USDSOS":572.88422,"USDSRD":37.364973,"USDSTD":20697.981008,"USDSTN":20.907916,"USDSVC":8.771047,"USDSYP":110.524981,"USDSZL":16.506441,"USDTHB":32.415999,"USDTJS":9.415173,"USDTMT":3.505,"USDTND":2.91627,"USDTOP":2.40776,"USDTRY":45.035502,"USDTTD":6.806593,"USDTWD":31.560499,"USDTZS":2601.372976,"USDUAH":44.209031,"USDUGX":3729.28943,"USDUYU":39.870285,"USDUZS":12102.644627,"USDVES":483.93447,"USDVND":26346,"USDVUV":118.189547,"USDWST":2.728507,"USDXAF":559.790577,"USDXAG":0.013439,"USDXAU":0.000214,"USDXCD":2.70255,"USDXCG":1.806607,"USDXDR":0.6962,"USDXOF":559.792965,"USDXPF":101.774178,"USDYER":238.595079,"USDZAR":16.5631,"USDZMK":9001.198131,"USDZMW":18.966768,"USDZWL":321.999592}}