{"success":true,"terms":"https:\/\/currencylayer.com\/terms","privacy":"https:\/\/currencylayer.com\/privacy","timestamp":1784516165,"source":"USD","quotes":{"USDAED":3.672497,"USDAFN":66.000266,"USDALL":82.038903,"USDAMD":365.019011,"USDANG":1.790258,"USDAOA":917.99989,"USDARS":1473.564974,"USDAUD":1.430206,"USDAWG":1.8,"USDAZN":1.701496,"USDBAM":1.709541,"USDBBD":2.012927,"USDBDT":123.123989,"USDBGN":1.717508,"USDBHD":0.37687,"USDBIF":2972.664501,"USDBMD":1,"USDBND":1.290379,"USDBOB":6.923833,"USDBRL":5.112703,"USDBSD":0.999423,"USDBTC":1.5433468e-5,"USDBTN":96.117303,"USDBWP":13.609012,"USDBYN":2.890083,"USDBYR":19600,"USDBZD":2.008741,"USDCAD":1.40074,"USDCDF":2260.000341,"USDCHF":0.807505,"USDCLF":0.023744,"USDCLP":934.480468,"USDCNY":6.77325,"USDCNH":6.772485,"USDCOP":3270.51,"USDCRC":453.573443,"USDCUC":1,"USDCUP":26.5,"USDCVE":96.381277,"USDCZK":21.1663,"USDDJF":177.966695,"USDDKK":6.533897,"USDDOP":58.572722,"USDDZD":133.02256,"USDEGP":50.572601,"USDERN":15,"USDETB":161.308599,"USDEUR":0.87403,"USDFJD":2.24225,"USDFKP":0.743361,"USDGBP":0.742965,"USDGEL":2.625048,"USDGGP":0.743361,"USDGHS":11.52572,"USDGIP":0.743361,"USDGMD":73.999708,"USDGNF":8765.201573,"USDGTQ":7.620296,"USDGYD":208.959399,"USDHKD":7.840151,"USDHNL":26.764973,"USDHRK":6.585605,"USDHTG":130.620919,"USDHUF":316.915049,"USDIDR":17961,"USDILS":3.03755,"USDIMP":0.743361,"USDINR":96.52265,"USDIQD":1308.421835,"USDIRR":1375000.000206,"USDISK":125.33009,"USDJEP":0.743361,"USDJMD":158.314092,"USDJOD":0.709025,"USDJPY":162.370399,"USDKES":129.249624,"USDKGS":87.450389,"USDKHR":4040.633732,"USDKMF":428.999757,"USDKPW":900.000068,"USDKRW":1482.280167,"USDKWD":0.30905,"USDKYD":0.832306,"USDKZT":472.059788,"USDLAK":22537.476509,"USDLBP":89442.332066,"USDLKR":335.649666,"USDLRD":180.778812,"USDLSL":16.483021,"USDLTL":2.95274,"USDLVL":0.60489,"USDLYD":6.380318,"USDMAD":9.318823,"USDMDL":17.563918,"USDMGA":4253.253568,"USDMKD":53.874394,"USDMMK":2099.331249,"USDMNT":3585.352843,"USDMOP":8.065994,"USDMRU":39.835923,"USDMUR":47.149556,"USDMVR":15.460226,"USDMWK":1732.962497,"USDMXN":17.514702,"USDMYR":4.087503,"USDMZN":63.909542,"USDNAD":16.483021,"USDNGN":1379.139987,"USDNIO":36.776764,"USDNOK":9.633125,"USDNPR":153.879995,"USDNZD":1.70828,"USDOMR":0.38435,"USDPAB":0.99882,"USDPEN":3.388051,"USDPGK":4.466562,"USDPHP":61.692503,"USDPKR":277.883431,"USDPLN":3.791099,"USDPYG":6057.584663,"USDQAR":3.650889,"USDRON":4.579799,"USDRSD":102.582929,"USDRUB":78.272687,"USDRWF":1471.627484,"USDSAR":3.757145,"USDSBD":8.071362,"USDSCR":13.416828,"USDSDG":600.504398,"USDSEK":9.64746,"USDSGD":1.290775,"USDSHP":0.746601,"USDSLE":24.375039,"USDSLL":20969.507346,"USDSOS":571.123706,"USDSRD":37.61098,"USDSTD":20697.981008,"USDSTN":21.427603,"USDSVC":8.739129,"USDSYP":110.532098,"USDSZL":16.480374,"USDTHB":33.59876,"USDTJS":9.22888,"USDTMT":3.51,"USDTND":2.949259,"USDTOP":2.40776,"USDTRY":47.176305,"USDTTD":6.78292,"USDTWD":32.421704,"USDTZS":2625.983043,"USDUAH":44.641758,"USDUGX":3690.398147,"USDUYU":40.146847,"USDUZS":11995.979197,"USDVES":724.839801,"USDVND":26261,"USDVUV":118.51842,"USDWST":2.742716,"USDXAF":573.709943,"USDXAG":0.017498,"USDXAU":0.000249,"USDXCD":2.70255,"USDXCG":1.800096,"USDXDR":0.713511,"USDXOF":573.709943,"USDXPF":104.243696,"USDYER":238.594452,"USDZAR":16.51044,"USDZMK":9001.197847,"USDZMW":18.202876,"USDZWL":321.999592}}