{"success":true,"terms":"https:\/\/currencylayer.com\/terms","privacy":"https:\/\/currencylayer.com\/privacy","timestamp":1778035928,"source":"USD","quotes":{"USDAED":3.672503,"USDAFN":63.501907,"USDALL":81.611747,"USDAMD":369.649639,"USDANG":1.789884,"USDAOA":918.000315,"USDARS":1392.761901,"USDAUD":1.382571,"USDAWG":1.8,"USDAZN":1.701665,"USDBAM":1.669619,"USDBBD":2.009911,"USDBDT":122.442708,"USDBGN":1.668102,"USDBHD":0.377326,"USDBIF":2969.596339,"USDBMD":1,"USDBND":1.274282,"USDBOB":6.895139,"USDBRL":4.930372,"USDBSD":0.997955,"USDBTC":1.2309707e-5,"USDBTN":95.033699,"USDBWP":13.561492,"USDBYN":2.825093,"USDBYR":19600,"USDBZD":2.007009,"USDCAD":1.360101,"USDCDF":2315.000117,"USDCHF":0.78175,"USDCLF":0.023003,"USDCLP":905.319684,"USDCNY":6.83035,"USDCNH":6.82044,"USDCOP":3715.21,"USDCRC":453.986683,"USDCUC":1,"USDCUP":26.5,"USDCVE":94.130553,"USDCZK":20.811403,"USDDJF":177.702654,"USDDKK":6.3771,"USDDOP":59.458767,"USDDZD":132.441994,"USDEGP":53.6173,"USDERN":15,"USDETB":157.049718,"USDEUR":0.85343,"USDFJD":2.216398,"USDFKP":0.738858,"USDGBP":0.736993,"USDGEL":2.690253,"USDGGP":0.738858,"USDGHS":11.186567,"USDGIP":0.738858,"USDGMD":73.000273,"USDGNF":8757.859152,"USDGTQ":7.615756,"USDGYD":208.774933,"USDHKD":7.836205,"USDHNL":26.526379,"USDHRK":6.429802,"USDHTG":130.603848,"USDHUF":308.323501,"USDIDR":17382.3,"USDILS":2.939598,"USDIMP":0.738858,"USDINR":95.067,"USDIQD":1310,"USDIRR":1316000.000039,"USDISK":122.169961,"USDJEP":0.738858,"USDJMD":157.033648,"USDJOD":0.709013,"USDJPY":157.785018,"USDKES":128.880093,"USDKGS":87.420499,"USDKHR":4002.885424,"USDKMF":420.497591,"USDKPW":900.003193,"USDKRW":1457.570277,"USDKWD":0.30799,"USDKYD":0.831573,"USDKZT":463.703533,"USDLAK":21914.042659,"USDLBP":89549.183823,"USDLKR":319.337201,"USDLRD":183.115004,"USDLSL":16.70043,"USDLTL":2.95274,"USDLVL":0.60489,"USDLYD":6.330913,"USDMAD":9.223027,"USDMDL":17.223908,"USDMGA":4159.999677,"USDMKD":52.612264,"USDMMK":2099.706641,"USDMNT":3578.607048,"USDMOP":8.055011,"USDMRU":39.846508,"USDMUR":46.950638,"USDMVR":15.455015,"USDMWK":1730.400673,"USDMXN":17.321601,"USDMYR":3.95299,"USDMZN":63.900827,"USDNAD":16.70043,"USDNGN":1365.895264,"USDNIO":36.709414,"USDNOK":9.228985,"USDNPR":152.053099,"USDNZD":1.686881,"USDOMR":0.384498,"USDPAB":0.997947,"USDPEN":3.498534,"USDPGK":4.339234,"USDPHP":61.369031,"USDPKR":278.092112,"USDPLN":3.623605,"USDPYG":6046.636702,"USDQAR":3.646652,"USDRON":4.470797,"USDRSD":100.18197,"USDRUB":75.498385,"USDRWF":1459.102531,"USDSAR":3.751823,"USDSBD":8.032258,"USDSCR":13.821964,"USDSDG":600.501353,"USDSEK":9.230831,"USDSGD":1.273625,"USDSHP":0.746601,"USDSLE":24.624991,"USDSLL":20969.496166,"USDSOS":570.340745,"USDSRD":37.477031,"USDSTD":20697.981008,"USDSTN":20.915055,"USDSVC":8.73147,"USDSYP":110.530725,"USDSZL":16.696758,"USDTHB":32.491506,"USDTJS":9.330499,"USDTMT":3.505,"USDTND":2.889498,"USDTOP":2.40776,"USDTRY":45.235801,"USDTTD":6.764584,"USDTWD":31.511501,"USDTZS":2597.18302,"USDUAH":43.854602,"USDUGX":3767.270927,"USDUYU":40.174113,"USDUZS":12025.000325,"USDVES":493.49396,"USDVND":26327,"USDVUV":118.524529,"USDWST":2.715931,"USDXAF":559.97456,"USDXAG":0.013299,"USDXAU":0.000216,"USDXCD":2.70255,"USDXCG":1.798454,"USDXDR":0.696429,"USDXOF":559.498782,"USDXPF":101.810235,"USDYER":238.600119,"USDZAR":16.55375,"USDZMK":9001.203347,"USDZMW":18.835662,"USDZWL":321.999592}}