{"success":true,"terms":"https:\/\/currencylayer.com\/terms","privacy":"https:\/\/currencylayer.com\/privacy","timestamp":1758849728,"source":"USD","quotes":{"USDAED":3.672503,"USDAFN":67.712528,"USDALL":82.97742,"USDAMD":385.20524,"USDANG":1.790403,"USDAOA":917.000272,"USDARS":1339.442799,"USDAUD":1.529414,"USDAWG":1.40625,"USDAZN":1.70499,"USDBAM":1.675641,"USDBBD":2.027099,"USDBDT":122.558784,"USDBGN":1.67694,"USDBHD":0.376975,"USDBIF":3004.545201,"USDBMD":1,"USDBND":1.297075,"USDBOB":6.954309,"USDBRL":5.364902,"USDBSD":1.006439,"USDBTC":9.111327e-6,"USDBTN":89.213897,"USDBWP":13.4065,"USDBYN":3.40937,"USDBYR":19600,"USDBZD":2.024186,"USDCAD":1.393769,"USDCDF":2807.000181,"USDCHF":0.79978,"USDCLF":0.024462,"USDCLP":959.629986,"USDCNY":7.134797,"USDCNH":7.143115,"USDCOP":3902,"USDCRC":507.796436,"USDCUC":1,"USDCUP":26.5,"USDCVE":94.472099,"USDCZK":20.851031,"USDDJF":179.23825,"USDDKK":6.39394,"USDDOP":62.517135,"USDDZD":129.698991,"USDEGP":48.124034,"USDERN":15,"USDETB":145.953992,"USDEUR":0.85669,"USDFJD":2.266102,"USDFKP":0.743703,"USDGBP":0.749301,"USDGEL":2.698647,"USDGGP":0.743703,"USDGHS":12.429906,"USDGIP":0.743703,"USDGMD":72.999979,"USDGNF":8733.12685,"USDGTQ":7.712805,"USDGYD":210.522708,"USDHKD":7.78257,"USDHNL":26.423807,"USDHRK":6.455397,"USDHTG":131.695176,"USDHUF":335.856027,"USDIDR":16785,"USDILS":3.352028,"USDIMP":0.743703,"USDINR":88.763797,"USDIQD":1318.477013,"USDIRR":42050.00025,"USDISK":121.99003,"USDJEP":0.743703,"USDJMD":160.837214,"USDJOD":0.70902,"USDJPY":149.725502,"USDKES":130.029837,"USDKGS":87.450162,"USDKHR":4032.866102,"USDKMF":423.000262,"USDKPW":900.031081,"USDKRW":1409.965036,"USDKWD":0.305821,"USDKYD":0.838688,"USDKZT":545.836975,"USDLAK":21794.410459,"USDLBP":90125.814453,"USDLKR":304.477458,"USDLRD":181.664739,"USDLSL":17.415931,"USDLTL":2.95274,"USDLVL":0.60489,"USDLYD":5.44364,"USDMAD":9.091922,"USDMDL":16.797608,"USDMGA":4455.068068,"USDMKD":52.772042,"USDMMK":2099.408312,"USDMNT":3595.554095,"USDMOP":8.061996,"USDMRU":40.146848,"USDMUR":45.460345,"USDMVR":15.29877,"USDMWK":1745.101567,"USDMXN":18.482705,"USDMYR":4.223967,"USDMZN":63.898339,"USDNAD":17.41608,"USDNGN":1500.779917,"USDNIO":37.038465,"USDNOK":10.03347,"USDNPR":142.736463,"USDNZD":1.734195,"USDOMR":0.384467,"USDPAB":1.006434,"USDPEN":3.52289,"USDPGK":4.275408,"USDPHP":58.335498,"USDPKR":285.375669,"USDPLN":3.659303,"USDPYG":7137.685971,"USDQAR":3.668275,"USDRON":4.350104,"USDRSD":100.417042,"USDRUB":83.947535,"USDRWF":1459.298067,"USDSAR":3.750334,"USDSBD":8.223823,"USDSCR":14.931908,"USDSDG":601.489175,"USDSEK":9.45684,"USDSGD":1.29346,"USDSHP":0.785843,"USDSLE":23.375016,"USDSLL":20969.503664,"USDSOS":575.134616,"USDSRD":37.9265,"USDSTD":20697.981008,"USDSTN":20.991483,"USDSVC":8.806696,"USDSYP":13001.748365,"USDSZL":17.421403,"USDTHB":32.22101,"USDTJS":9.501092,"USDTMT":3.5,"USDTND":2.933163,"USDTOP":2.342099,"USDTRY":41.568805,"USDTTD":6.831822,"USDTWD":30.526022,"USDTZS":2455.000176,"USDUAH":41.786397,"USDUGX":3524.719732,"USDUYU":40.166217,"USDUZS":12297.964761,"USDVES":169.763603,"USDVND":26405,"USDVUV":119.965433,"USDWST":2.677126,"USDXAF":561.989539,"USDXAG":0.022287,"USDXAU":0.000267,"USDXCD":2.70255,"USDXCG":1.813859,"USDXDR":0.698929,"USDXOF":562.064179,"USDXPF":102.177461,"USDYER":239.281507,"USDZAR":17.4565,"USDZMK":9001.197322,"USDZMW":23.877963,"USDZWL":321.999592}}