{"success":true,"terms":"https:\/\/currencylayer.com\/terms","privacy":"https:\/\/currencylayer.com\/privacy","timestamp":1762565046,"source":"USD","quotes":{"USDAED":3.672504,"USDAFN":66.344071,"USDALL":83.58702,"USDAMD":382.869053,"USDANG":1.789982,"USDAOA":917.000367,"USDARS":1405.057166,"USDAUD":1.540832,"USDAWG":1.805,"USDAZN":1.70397,"USDBAM":1.691481,"USDBBD":2.013336,"USDBDT":122.007014,"USDBGN":1.69079,"USDBHD":0.374011,"USDBIF":2943.839757,"USDBMD":1,"USDBND":1.3018,"USDBOB":6.91701,"USDBRL":5.332404,"USDBSD":0.999615,"USDBTC":9.63484e-6,"USDBTN":88.59887,"USDBWP":13.420625,"USDBYN":3.406804,"USDBYR":19600,"USDBZD":2.010326,"USDCAD":1.40485,"USDCDF":2150.000362,"USDCHF":0.80538,"USDCLF":0.024066,"USDCLP":944.120396,"USDCNY":7.11935,"USDCNH":7.12515,"USDCOP":3780,"USDCRC":501.883251,"USDCUC":1,"USDCUP":26.5,"USDCVE":95.363087,"USDCZK":21.009504,"USDDJF":177.720393,"USDDKK":6.457204,"USDDOP":64.223754,"USDDZD":129.411663,"USDEGP":46.950698,"USDERN":15,"USDETB":154.306137,"USDEUR":0.86435,"USDFJD":2.28425,"USDFKP":0.763092,"USDGBP":0.759936,"USDGEL":2.70504,"USDGGP":0.763092,"USDGHS":10.930743,"USDGIP":0.763092,"USDGMD":73.000355,"USDGNF":8677.076622,"USDGTQ":7.659909,"USDGYD":209.133877,"USDHKD":7.78025,"USDHNL":26.282902,"USDHRK":6.514104,"USDHTG":133.048509,"USDHUF":332.660388,"USDIDR":16685.5,"USDILS":3.26205,"USDIMP":0.763092,"USDINR":88.639504,"USDIQD":1309.474904,"USDIRR":42100.000352,"USDISK":126.580386,"USDJEP":0.763092,"USDJMD":160.439,"USDJOD":0.70904,"USDJPY":153.43504,"USDKES":129.203801,"USDKGS":87.450384,"USDKHR":4023.264362,"USDKMF":421.00035,"USDKPW":899.97951,"USDKRW":1455.990383,"USDKWD":0.306904,"USDKYD":0.83302,"USDKZT":524.767675,"USDLAK":21703.220673,"USDLBP":89512.834262,"USDLKR":304.684561,"USDLRD":182.526573,"USDLSL":17.315523,"USDLTL":2.95274,"USDLVL":0.60489,"USDLYD":5.458091,"USDMAD":9.265955,"USDMDL":17.042585,"USDMGA":4492.856402,"USDMKD":53.206947,"USDMMK":2099.259581,"USDMNT":3583.067197,"USDMOP":8.007472,"USDMRU":39.595594,"USDMUR":45.910378,"USDMVR":15.405039,"USDMWK":1733.369658,"USDMXN":18.451604,"USDMYR":4.176039,"USDMZN":63.950377,"USDNAD":17.315148,"USDNGN":1436.000344,"USDNIO":36.782862,"USDNOK":10.160376,"USDNPR":141.758018,"USDNZD":1.776515,"USDOMR":0.38142,"USDPAB":0.999671,"USDPEN":3.37342,"USDPGK":4.220486,"USDPHP":58.805504,"USDPKR":282.656184,"USDPLN":3.665615,"USDPYG":7072.77311,"USDQAR":3.643196,"USDRON":4.398804,"USDRSD":102.170373,"USDRUB":80.869377,"USDRWF":1452.42265,"USDSAR":3.750713,"USDSBD":8.230592,"USDSCR":13.652393,"USDSDG":600.503676,"USDSEK":9.529804,"USDSGD":1.301038,"USDSHP":0.750259,"USDSLE":23.203667,"USDSLL":20969.499529,"USDSOS":571.228422,"USDSRD":38.599038,"USDSTD":20697.981008,"USDSTN":21.189281,"USDSVC":8.746265,"USDSYP":11055.784093,"USDSZL":17.321588,"USDTHB":32.395038,"USDTJS":9.226139,"USDTMT":3.51,"USDTND":2.954772,"USDTOP":2.342104,"USDTRY":42.209038,"USDTTD":6.77604,"USDTWD":30.981804,"USDTZS":2455.000335,"USDUAH":41.915651,"USDUGX":3498.408635,"USDUYU":39.809213,"USDUZS":12055.19496,"USDVES":228.194038,"USDVND":26310,"USDVUV":122.098254,"USDWST":2.816104,"USDXAF":567.301896,"USDXAG":0.020687,"USDXAU":0.00025,"USDXCD":2.70255,"USDXCG":1.801521,"USDXDR":0.707015,"USDXOF":567.306803,"USDXPF":103.14423,"USDYER":238.503589,"USDZAR":17.303704,"USDZMK":9001.203584,"USDZMW":22.615629,"USDZWL":321.999592}}