{"success":true,"terms":"https:\/\/currencylayer.com\/terms","privacy":"https:\/\/currencylayer.com\/privacy","timestamp":1769478783,"source":"USD","quotes":{"USDAED":3.672498,"USDAFN":66.000195,"USDALL":81.389474,"USDAMD":377.936842,"USDANG":1.79008,"USDAOA":916.999583,"USDARS":1437.749785,"USDAUD":1.44539,"USDAWG":1.8,"USDAZN":1.698268,"USDBAM":1.646989,"USDBBD":2.010863,"USDBDT":122.164211,"USDBGN":1.67937,"USDBHD":0.377011,"USDBIF":2970,"USDBMD":1,"USDBND":1.267032,"USDBOB":6.913684,"USDBRL":5.2829,"USDBSD":0.9984,"USDBTC":1.1305139e-5,"USDBTN":90.730105,"USDBWP":13.140211,"USDBYN":2.846905,"USDBYR":19600,"USDBZD":2.00803,"USDCAD":1.371685,"USDCDF":2205.000212,"USDCHF":0.777005,"USDCLF":0.0219,"USDCLP":864.749845,"USDCNY":6.95435,"USDCNH":6.954375,"USDCOP":3689.75,"USDCRC":494.063158,"USDCUC":1,"USDCUP":26.5,"USDCVE":93.250365,"USDCZK":20.402497,"USDDJF":177.793684,"USDDKK":6.28631,"USDDOP":63.000203,"USDDZD":129.207958,"USDEGP":47.053895,"USDERN":15,"USDETB":156.005305,"USDEUR":0.84172,"USDFJD":2.21295,"USDFKP":0.733978,"USDGBP":0.73095,"USDGEL":2.690291,"USDGGP":0.733978,"USDGHS":10.887579,"USDGIP":0.733978,"USDGMD":73.500031,"USDGNF":8745.263158,"USDGTQ":7.662316,"USDGYD":208.884211,"USDHKD":7.79775,"USDHNL":26.335158,"USDHRK":6.342023,"USDHTG":130.846316,"USDHUF":321.19602,"USDIDR":16741,"USDILS":3.116415,"USDIMP":0.733978,"USDINR":91.70635,"USDIQD":1307.873684,"USDIRR":42125.000158,"USDISK":122.369771,"USDJEP":0.733978,"USDJMD":157.162105,"USDJOD":0.708997,"USDJPY":154.2785,"USDKES":128.999921,"USDKGS":87.450036,"USDKHR":4029.999571,"USDKMF":417.493535,"USDKPW":900.017518,"USDKRW":1448.980239,"USDKWD":0.30665,"USDKYD":0.831973,"USDKZT":501.658947,"USDLAK":21574.999897,"USDLBP":89406.736842,"USDLKR":309.111579,"USDLRD":185.449818,"USDLSL":16.025024,"USDLTL":2.95274,"USDLVL":0.60489,"USDLYD":6.315008,"USDMAD":9.1275,"USDMDL":16.842947,"USDMGA":4502.736842,"USDMKD":51.872896,"USDMMK":2099.934879,"USDMNT":3566.068226,"USDMOP":8.018695,"USDMRU":39.901261,"USDMUR":45.52023,"USDMVR":15.459964,"USDMWK":1733.000242,"USDMXN":17.34095,"USDMYR":3.968029,"USDMZN":63.749749,"USDNAD":16.024994,"USDNGN":1418.749699,"USDNIO":36.741053,"USDNOK":9.778005,"USDNPR":145.167994,"USDNZD":1.67506,"USDOMR":0.384503,"USDPAB":0.9984,"USDPEN":3.348211,"USDPGK":4.332632,"USDPHP":59.089807,"USDPKR":279.576926,"USDPLN":3.54058,"USDPYG":6709.894737,"USDQAR":3.639747,"USDRON":4.291302,"USDRSD":98.817979,"USDRUB":76.522394,"USDRWF":1456.673684,"USDSAR":3.749632,"USDSBD":8.123611,"USDSCR":14.349674,"USDSDG":601.548714,"USDSEK":8.939185,"USDSGD":1.269455,"USDSHP":0.750259,"USDSLE":24.395409,"USDSLL":20969.499267,"USDSOS":569.599765,"USDSRD":38.125013,"USDSTD":20697.981008,"USDSTN":20.631579,"USDSVC":8.735992,"USDSYP":11059.574895,"USDSZL":15.996632,"USDTHB":31.209642,"USDTJS":9.320084,"USDTMT":3.5,"USDTND":2.883116,"USDTOP":2.40776,"USDTRY":43.389396,"USDTTD":6.784842,"USDTWD":31.508013,"USDTZS":2535.47397,"USDUAH":43.044295,"USDUGX":3539.368421,"USDUYU":37.465263,"USDUZS":12065.684211,"USDVES":352.265415,"USDVND":26187.5,"USDVUV":119.765789,"USDWST":2.755589,"USDXAF":552.384842,"USDXAG":0.009057,"USDXAU":0.000197,"USDXCD":2.70255,"USDXCG":1.799326,"USDXDR":0.686989,"USDXOF":552.384842,"USDXPF":100.429474,"USDYER":238.301071,"USDZAR":16.028435,"USDZMK":9001.205954,"USDZMW":19.493895,"USDZWL":321.999592}}