{"success":true,"terms":"https:\/\/currencylayer.com\/terms","privacy":"https:\/\/currencylayer.com\/privacy","timestamp":1781322425,"source":"USD","quotes":{"USDAED":3.67305,"USDAFN":64.000368,"USDALL":82.000368,"USDAMD":368.180403,"USDANG":1.790403,"USDAOA":918.000367,"USDARS":1428.330353,"USDAUD":1.418842,"USDAWG":1.801525,"USDAZN":1.70397,"USDBAM":1.689661,"USDBBD":2.013892,"USDBDT":122.988138,"USDBGN":1.69088,"USDBHD":0.377104,"USDBIF":2991,"USDBMD":1,"USDBND":1.28379,"USDBOB":6.90963,"USDBRL":5.061504,"USDBSD":0.999905,"USDBTC":1.5768095e-5,"USDBTN":95.056177,"USDBWP":13.460733,"USDBYN":2.766542,"USDBYR":19600,"USDBZD":2.011032,"USDCAD":1.39955,"USDCDF":2295.000362,"USDCHF":0.796927,"USDCLF":0.022916,"USDCLP":901.910396,"USDCNY":6.771504,"USDCNH":6.76346,"USDCOP":3490.34,"USDCRC":454.853717,"USDCUC":1,"USDCUP":26.5,"USDCVE":95.62504,"USDCZK":20.874704,"USDDJF":177.720393,"USDDKK":6.461104,"USDDOP":58.65504,"USDDZD":133.20204,"USDEGP":51.846573,"USDERN":15,"USDETB":159.12504,"USDEUR":0.863904,"USDFJD":2.236504,"USDFKP":0.749899,"USDGBP":0.745768,"USDGEL":2.65504,"USDGGP":0.749899,"USDGHS":11.103856,"USDGIP":0.749899,"USDGMD":73.000355,"USDGNF":8777.503848,"USDGTQ":7.622396,"USDGYD":209.198153,"USDHKD":7.83605,"USDHNL":26.72504,"USDHRK":6.513804,"USDHTG":130.737531,"USDHUF":304.250388,"USDIDR":17779.3,"USDILS":2.92082,"USDIMP":0.749899,"USDINR":95.17245,"USDIQD":1310,"USDIRR":1375877.503816,"USDISK":124.650386,"USDJEP":0.749899,"USDJMD":158.495391,"USDJOD":0.70904,"USDJPY":160.24304,"USDKES":129.450385,"USDKGS":87.450384,"USDKHR":4010.00035,"USDKMF":426.00035,"USDKPW":900.00035,"USDKRW":1517.045039,"USDKWD":0.30848,"USDKYD":0.833337,"USDKZT":488.956851,"USDLAK":22025.000349,"USDLBP":89550.000349,"USDLKR":335.219566,"USDLRD":182.250382,"USDLSL":16.280381,"USDLTL":2.95274,"USDLVL":0.60489,"USDLYD":6.375039,"USDMAD":9.257504,"USDMDL":17.463273,"USDMGA":4200.000347,"USDMKD":53.254719,"USDMMK":2098.849754,"USDMNT":3579.422748,"USDMOP":8.07041,"USDMRU":40.040379,"USDMUR":47.250378,"USDMVR":15.460378,"USDMWK":1736.000345,"USDMXN":17.222904,"USDMYR":4.057604,"USDMZN":63.903729,"USDNAD":16.280377,"USDNGN":1360.503725,"USDNIO":36.625039,"USDNOK":9.513504,"USDNPR":152.089399,"USDNZD":1.714972,"USDOMR":0.384251,"USDPAB":0.999901,"USDPEN":3.401039,"USDPGK":4.301039,"USDPHP":60.771038,"USDPKR":278.303701,"USDPLN":3.66995,"USDPYG":6122.62529,"USDQAR":3.64575,"USDRON":4.526104,"USDRSD":101.437038,"USDRUB":72.4589,"USDRWF":1463,"USDSAR":3.753604,"USDSBD":8.045573,"USDSCR":14.640372,"USDSDG":600.503676,"USDSEK":9.47869,"USDSGD":1.284404,"USDSHP":0.746601,"USDSLE":24.650371,"USDSLL":20969.503664,"USDSOS":571.503662,"USDSRD":37.509504,"USDSTD":20697.981008,"USDSTN":21.35,"USDSVC":8.748952,"USDSYP":110.532098,"USDSZL":16.280369,"USDTHB":32.770369,"USDTJS":9.319188,"USDTMT":3.51,"USDTND":2.91875,"USDTOP":2.40776,"USDTRY":46.255404,"USDTTD":6.792137,"USDTWD":31.621504,"USDTZS":2622.503038,"USDUAH":44.805056,"USDUGX":3749.427651,"USDUYU":40.387897,"USDUZS":11557.503617,"USDVES":581.95784,"USDVND":26310,"USDVUV":119.818954,"USDWST":2.748,"USDXAF":566.696616,"USDXAG":0.014703,"USDXAU":0.000237,"USDXCD":2.70255,"USDXCG":1.802058,"USDXDR":0.705121,"USDXOF":566.503593,"USDXPF":103.203591,"USDYER":238.603589,"USDZAR":16.313335,"USDZMK":9001.203584,"USDZMW":17.468456,"USDZWL":321.999592}}