{"success":true,"terms":"https:\/\/currencylayer.com\/terms","privacy":"https:\/\/currencylayer.com\/privacy","timestamp":1764121087,"source":"USD","quotes":{"USDAED":3.672499,"USDAFN":66.248006,"USDALL":83.545113,"USDAMD":380.253445,"USDANG":1.790055,"USDAOA":916.999973,"USDARS":1447.437504,"USDAUD":1.540381,"USDAWG":1.8,"USDAZN":1.681732,"USDBAM":1.690611,"USDBBD":2.006812,"USDBDT":121.855713,"USDBGN":1.69032,"USDBHD":0.377062,"USDBIF":2942.262062,"USDBMD":1,"USDBND":1.297818,"USDBOB":6.910084,"USDBRL":5.381498,"USDBSD":0.996404,"USDBTC":1.1381245e-5,"USDBTN":88.845668,"USDBWP":13.380184,"USDBYN":3.404719,"USDBYR":19600,"USDBZD":2.003959,"USDCAD":1.408465,"USDCDF":2209.499581,"USDCHF":0.806955,"USDCLF":0.023846,"USDCLP":935.459487,"USDCNY":7.08475,"USDCNH":7.08135,"USDCOP":3804.65,"USDCRC":498.158809,"USDCUC":1,"USDCUP":26.5,"USDCVE":95.31404,"USDCZK":20.862963,"USDDJF":177.428557,"USDDKK":6.44997,"USDDOP":62.738793,"USDDZD":130.518013,"USDEGP":47.807697,"USDERN":15,"USDETB":153.060353,"USDEUR":0.86363,"USDFJD":2.28315,"USDFKP":0.763546,"USDGBP":0.758685,"USDGEL":2.704992,"USDGGP":0.763546,"USDGHS":11.094687,"USDGIP":0.763546,"USDGMD":73.000283,"USDGNF":8655.288214,"USDGTQ":7.63273,"USDGYD":208.426257,"USDHKD":7.77545,"USDHNL":26.225526,"USDHRK":6.511903,"USDHTG":130.37822,"USDHUF":329.992498,"USDIDR":16640,"USDILS":3.28355,"USDIMP":0.763546,"USDINR":89.16395,"USDIQD":1305.251693,"USDIRR":42124.999986,"USDISK":126.440148,"USDJEP":0.763546,"USDJMD":159.932922,"USDJOD":0.708972,"USDJPY":156.068011,"USDKES":129.229885,"USDKGS":87.450066,"USDKHR":3989.229513,"USDKMF":429.000322,"USDKPW":899.986038,"USDKRW":1458.3404,"USDKWD":0.30704,"USDKYD":0.830348,"USDKZT":516.715434,"USDLAK":21639.517143,"USDLBP":89226.659982,"USDLKR":306.786012,"USDLRD":177.359404,"USDLSL":17.187139,"USDLTL":2.95274,"USDLVL":0.60489,"USDLYD":5.449233,"USDMAD":9.241741,"USDMDL":17.097933,"USDMGA":4490.603876,"USDMKD":53.175629,"USDMMK":2099.877816,"USDMNT":3581.402564,"USDMOP":7.982297,"USDMRU":39.65562,"USDMUR":46.279802,"USDMVR":15.410177,"USDMWK":1727.780371,"USDMXN":18.36805,"USDMYR":4.127022,"USDMZN":63.892933,"USDNAD":17.187139,"USDNGN":1449.309861,"USDNIO":36.668064,"USDNOK":10.21055,"USDNPR":142.152897,"USDNZD":1.760675,"USDOMR":0.384505,"USDPAB":0.996577,"USDPEN":3.369725,"USDPGK":4.219161,"USDPHP":58.802481,"USDPKR":281.530954,"USDPLN":3.64695,"USDPYG":6967.105064,"USDQAR":3.621873,"USDRON":4.394797,"USDRSD":101.353045,"USDRUB":78.871909,"USDRWF":1449.267846,"USDSAR":3.750708,"USDSBD":8.237372,"USDSCR":13.823746,"USDSDG":601.501164,"USDSEK":9.51849,"USDSGD":1.30107,"USDSHP":0.750259,"USDSLE":22.949581,"USDSLL":20969.498139,"USDSOS":568.435247,"USDSRD":38.446012,"USDSTD":20697.981008,"USDSTN":21.177925,"USDSVC":8.71839,"USDSYP":11056.896936,"USDSZL":17.189634,"USDTHB":32.240049,"USDTJS":9.236514,"USDTMT":3.5,"USDTND":2.9504,"USDTOP":2.40776,"USDTRY":42.47205,"USDTTD":6.776072,"USDTWD":31.373598,"USDTZS":2475.797033,"USDUAH":42.204243,"USDUGX":3610.635686,"USDUYU":39.598569,"USDUZS":11945.265633,"USDVES":242.8066,"USDVND":26373,"USDVUV":123.048529,"USDWST":2.828881,"USDXAF":567.015023,"USDXAG":0.019383,"USDXAU":0.000241,"USDXCD":2.70255,"USDXCG":1.795715,"USDXDR":0.705185,"USDXOF":567.015023,"USDXPF":103.089397,"USDYER":238.424975,"USDZAR":17.184595,"USDZMK":9001.188092,"USDZMW":22.643189,"USDZWL":321.999592}}