{"success":true,"terms":"https:\/\/currencylayer.com\/terms","privacy":"https:\/\/currencylayer.com\/privacy","timestamp":1772503748,"source":"USD","quotes":{"USDAED":3.672497,"USDAFN":62.999385,"USDALL":82.360986,"USDAMD":377.742437,"USDANG":1.789731,"USDAOA":917.000156,"USDARS":1394.000035,"USDAUD":1.408609,"USDAWG":1.8025,"USDAZN":1.70261,"USDBAM":1.672217,"USDBBD":2.020632,"USDBDT":122.590491,"USDBGN":1.647646,"USDBHD":0.3774,"USDBIF":2977.51368,"USDBMD":1,"USDBND":1.27565,"USDBOB":6.946879,"USDBRL":5.172494,"USDBSD":1.003228,"USDBTC":1.4573266e-5,"USDBTN":91.769695,"USDBWP":13.282259,"USDBYN":2.906967,"USDBYR":19600,"USDBZD":2.017725,"USDCAD":1.367105,"USDCDF":2224.999789,"USDCHF":0.77929,"USDCLF":0.022366,"USDCLP":883.149716,"USDCNY":6.882498,"USDCNH":6.883305,"USDCOP":3769.02,"USDCRC":472.1575,"USDCUC":1,"USDCUP":26.5,"USDCVE":94.277433,"USDCZK":20.745038,"USDDJF":178.652199,"USDDKK":6.387995,"USDDOP":60.246681,"USDDZD":130.425963,"USDEGP":49.216098,"USDERN":15,"USDETB":157.043415,"USDEUR":0.855099,"USDFJD":2.200299,"USDFKP":0.741651,"USDGBP":0.746065,"USDGEL":2.702674,"USDGGP":0.741651,"USDGHS":10.759326,"USDGIP":0.741651,"USDGMD":73.000194,"USDGNF":8799.223623,"USDGTQ":7.69507,"USDGYD":209.885515,"USDHKD":7.82038,"USDHNL":26.54924,"USDHRK":6.441705,"USDHTG":131.387361,"USDHUF":324.8375,"USDIDR":16861,"USDILS":3.09058,"USDIMP":0.741651,"USDINR":91.636005,"USDIQD":1314.283027,"USDIRR":1314545.000179,"USDISK":122.879957,"USDJEP":0.741651,"USDJMD":157.174921,"USDJOD":0.709039,"USDJPY":157.346502,"USDKES":129.516025,"USDKGS":87.445204,"USDKHR":4024.452804,"USDKMF":417.000131,"USDKPW":900.000007,"USDKRW":1465.990182,"USDKWD":0.30712,"USDKYD":0.836059,"USDKZT":499.788377,"USDLAK":21476.056723,"USDLBP":89841.732647,"USDLKR":310.234409,"USDLRD":184.091725,"USDLSL":16.11266,"USDLTL":2.95274,"USDLVL":0.60489,"USDLYD":6.364923,"USDMAD":9.241786,"USDMDL":17.21617,"USDMGA":4189.753061,"USDMKD":52.703356,"USDMMK":2099.892679,"USDMNT":3568.336801,"USDMOP":8.083897,"USDMRU":40.000855,"USDMUR":46.77004,"USDMVR":15.460033,"USDMWK":1739.773582,"USDMXN":17.32055,"USDMYR":3.927499,"USDMZN":63.904972,"USDNAD":16.112729,"USDNGN":1370.039929,"USDNIO":36.91892,"USDNOK":9.571445,"USDNPR":146.838246,"USDNZD":1.68309,"USDOMR":0.384497,"USDPAB":1.003258,"USDPEN":3.372478,"USDPGK":4.317137,"USDPHP":58.2485,"USDPKR":280.336197,"USDPLN":3.62394,"USDPYG":6476.078099,"USDQAR":3.669009,"USDRON":4.357702,"USDRSD":100.431997,"USDRUB":77.473973,"USDRWF":1466.328066,"USDSAR":3.753146,"USDSBD":8.05166,"USDSCR":13.73228,"USDSDG":601.50377,"USDSEK":9.163345,"USDSGD":1.27232,"USDSHP":0.750259,"USDSLE":24.575005,"USDSLL":20969.49935,"USDSOS":573.395182,"USDSRD":37.75035,"USDSTD":20697.981008,"USDSTN":20.948676,"USDSVC":8.778703,"USDSYP":110.524979,"USDSZL":16.102919,"USDTHB":31.478502,"USDTJS":9.550775,"USDTMT":3.51,"USDTND":2.920792,"USDTOP":2.40776,"USDTRY":43.970299,"USDTTD":6.798428,"USDTWD":31.565298,"USDTZS":2550.000284,"USDUAH":43.411742,"USDUGX":3641.447003,"USDUYU":38.578281,"USDUZS":12229.333128,"USDVES":419.462297,"USDVND":26210,"USDVUV":118.983872,"USDWST":2.715907,"USDXAF":560.877112,"USDXAG":0.011198,"USDXAU":0.000187,"USDXCD":2.70255,"USDXCG":1.808155,"USDXDR":0.697551,"USDXOF":560.869918,"USDXPF":101.969536,"USDYER":238.549729,"USDZAR":16.10255,"USDZMK":9001.204736,"USDZMW":19.162317,"USDZWL":321.999592}}