{"success":true,"terms":"https:\/\/currencylayer.com\/terms","privacy":"https:\/\/currencylayer.com\/privacy","timestamp":1768614125,"source":"USD","quotes":{"USDAED":3.673042,"USDAFN":65.503991,"USDALL":83.150403,"USDAMD":379.990403,"USDANG":1.79008,"USDAOA":916.000367,"USDARS":1431.042204,"USDAUD":1.49615,"USDAWG":1.8,"USDAZN":1.70397,"USDBAM":1.683046,"USDBBD":2.013924,"USDBDT":122.300053,"USDBGN":1.67937,"USDBHD":0.376018,"USDBIF":2950,"USDBMD":1,"USDBND":1.287197,"USDBOB":6.909282,"USDBRL":5.369204,"USDBSD":0.999948,"USDBTC":1.0479549e-5,"USDBTN":90.717347,"USDBWP":13.354732,"USDBYN":2.883758,"USDBYR":19600,"USDBZD":2.011084,"USDCAD":1.39195,"USDCDF":2175.000362,"USDCHF":0.80287,"USDCLF":0.022603,"USDCLP":886.690396,"USDCNY":6.96885,"USDCNH":6.967445,"USDCOP":3692.5,"USDCRC":488.7011,"USDCUC":1,"USDCUP":26.5,"USDCVE":95.250394,"USDCZK":20.91615,"USDDJF":177.720393,"USDDKK":6.441504,"USDDOP":63.303884,"USDDZD":130.303881,"USDEGP":47.100082,"USDERN":15,"USDETB":155.650392,"USDEUR":0.861604,"USDFJD":2.27904,"USDFKP":0.74706,"USDGBP":0.747272,"USDGEL":2.690391,"USDGGP":0.74706,"USDGHS":10.83504,"USDGIP":0.74706,"USDGMD":74.000355,"USDGNF":8750.000355,"USDGTQ":7.666558,"USDGYD":209.163038,"USDHKD":7.79735,"USDHNL":26.510388,"USDHRK":6.495904,"USDHTG":130.98291,"USDHUF":332.103831,"USDIDR":16909.1,"USDILS":3.145104,"USDIMP":0.74706,"USDINR":90.74404,"USDIQD":1310,"USDIRR":42125.000158,"USDISK":125.980386,"USDJEP":0.74706,"USDJMD":157.79736,"USDJOD":0.70904,"USDJPY":158.20604,"USDKES":129.000351,"USDKGS":87.450384,"USDKHR":4025.00035,"USDKMF":425.00035,"USDKPW":900.008925,"USDKRW":1473.570383,"USDKWD":0.30798,"USDKYD":0.833262,"USDKZT":511.316111,"USDLAK":21615.000349,"USDLBP":89550.000349,"USDLKR":309.760253,"USDLRD":183.603772,"USDLSL":16.425039,"USDLTL":2.95274,"USDLVL":0.60489,"USDLYD":5.425039,"USDMAD":9.241504,"USDMDL":17.143693,"USDMGA":4555.000347,"USDMKD":53.064655,"USDMMK":2099.811473,"USDMNT":3562.208717,"USDMOP":8.033406,"USDMRU":39.805039,"USDMUR":46.320378,"USDMVR":15.460378,"USDMWK":1732.000345,"USDMXN":17.625904,"USDMYR":4.057504,"USDMZN":63.903729,"USDNAD":16.425039,"USDNGN":1418.830377,"USDNIO":36.650377,"USDNOK":10.095204,"USDNPR":145.147411,"USDNZD":1.738526,"USDOMR":0.383527,"USDPAB":0.999948,"USDPEN":3.360504,"USDPGK":4.26425,"USDPHP":59.430375,"USDPKR":279.925038,"USDPLN":3.63815,"USDPYG":6834.414746,"USDQAR":3.64125,"USDRON":4.388704,"USDRSD":101.405038,"USDRUB":77.774417,"USDRWF":1457,"USDSAR":3.749986,"USDSBD":8.123611,"USDSCR":15.270031,"USDSDG":601.503676,"USDSEK":9.221904,"USDSGD":1.287204,"USDSHP":0.750259,"USDSLE":24.150371,"USDSLL":20969.499267,"USDSOS":571.503662,"USDSRD":38.358504,"USDSTD":20697.981008,"USDSTN":21.4,"USDSVC":8.749118,"USDSYP":11059.574895,"USDSZL":16.430369,"USDTHB":31.380369,"USDTJS":9.294357,"USDTMT":3.51,"USDTND":2.901038,"USDTOP":2.40776,"USDTRY":43.277504,"USDTTD":6.789667,"USDTWD":31.623038,"USDTZS":2520.000335,"USDUAH":43.360584,"USDUGX":3554.893895,"USDUYU":38.698518,"USDUZS":11970.000334,"USDVES":341.315304,"USDVND":26275,"USDVUV":121.060293,"USDWST":2.785521,"USDXAF":564.477738,"USDXAG":0.011134,"USDXAU":0.000218,"USDXCD":2.70255,"USDXCG":1.802144,"USDXDR":0.702846,"USDXOF":563.503593,"USDXPF":103.103591,"USDYER":238.475037,"USDZAR":16.406825,"USDZMK":9001.203584,"USDZMW":20.073834,"USDZWL":321.999592}}