{"success":true,"terms":"https:\/\/currencylayer.com\/terms","privacy":"https:\/\/currencylayer.com\/privacy","timestamp":1757121609,"source":"USD","quotes":{"USDAED":3.673042,"USDAFN":70.000368,"USDALL":82.803989,"USDAMD":382.770403,"USDANG":1.789783,"USDAOA":917.000367,"USDARS":1363.781872,"USDAUD":1.525786,"USDAWG":1.8025,"USDAZN":1.70397,"USDBAM":1.673662,"USDBBD":2.015104,"USDBDT":121.763687,"USDBGN":1.66745,"USDBHD":0.376626,"USDBIF":2951,"USDBMD":1,"USDBND":1.287294,"USDBOB":6.913549,"USDBRL":5.415204,"USDBSD":1.000535,"USDBTC":8.95648e-6,"USDBTN":88.30841,"USDBWP":13.451426,"USDBYN":3.380784,"USDBYR":19600,"USDBZD":2.012194,"USDCAD":1.38365,"USDCDF":2875.000362,"USDCHF":0.79812,"USDCLF":0.024592,"USDCLP":964.740396,"USDCNY":7.13285,"USDCNH":7.125945,"USDCOP":3958.25,"USDCRC":506.942216,"USDCUC":1,"USDCUP":26.5,"USDCVE":94.37504,"USDCZK":20.809504,"USDDJF":177.720393,"USDDKK":6.371104,"USDDOP":63.503884,"USDDZD":129.747921,"USDEGP":48.536575,"USDERN":15,"USDETB":142.550392,"USDEUR":0.853104,"USDFJD":2.252804,"USDFKP":0.744127,"USDGBP":0.740302,"USDGEL":2.703861,"USDGGP":0.744127,"USDGHS":12.103856,"USDGIP":0.744127,"USDGMD":71.503851,"USDGNF":8660.000355,"USDGTQ":7.673448,"USDGYD":209.323321,"USDHKD":7.79635,"USDHNL":26.170388,"USDHRK":6.429804,"USDHTG":130.766104,"USDHUF":335.310388,"USDIDR":16378.7,"USDILS":3.346245,"USDIMP":0.744127,"USDINR":88.18755,"USDIQD":1310,"USDIRR":42075.000352,"USDISK":122.150386,"USDJEP":0.744127,"USDJMD":160.09242,"USDJOD":0.70904,"USDJPY":147.39904,"USDKES":129.503801,"USDKGS":87.450384,"USDKHR":4005.00035,"USDKMF":420.503794,"USDKPW":900.020498,"USDKRW":1386.420383,"USDKWD":0.30552,"USDKYD":0.833751,"USDKZT":537.689066,"USDLAK":21690.000349,"USDLBP":89550.000349,"USDLKR":302.102989,"USDLRD":200.903772,"USDLSL":17.60377,"USDLTL":2.95274,"USDLVL":0.60489,"USDLYD":5.420381,"USDMAD":9.09038,"USDMDL":16.793103,"USDMGA":4470.000347,"USDMKD":52.662431,"USDMMK":2099.452773,"USDMNT":3595.6183,"USDMOP":8.04099,"USDMRU":39.950379,"USDMUR":46.110378,"USDMVR":15.410378,"USDMWK":1738.000345,"USDMXN":18.715704,"USDMYR":4.223804,"USDMZN":63.903729,"USDNAD":17.603727,"USDNGN":1530.000344,"USDNIO":36.655039,"USDNOK":10.049304,"USDNPR":141.293456,"USDNZD":1.696929,"USDOMR":0.384159,"USDPAB":1.000535,"USDPEN":3.522504,"USDPGK":4.162504,"USDPHP":56.703704,"USDPKR":283.750374,"USDPLN":3.62642,"USDPYG":7211.347154,"USDQAR":3.64075,"USDRON":4.332204,"USDRSD":100.054038,"USDRUB":81.18038,"USDRWF":1445,"USDSAR":3.752308,"USDSBD":8.223823,"USDSCR":14.735038,"USDSDG":600.503676,"USDSEK":9.395304,"USDSGD":1.285704,"USDSHP":0.785843,"USDSLE":23.250371,"USDSLL":20969.49797,"USDSOS":571.503662,"USDSRD":38.877504,"USDSTD":20697.981008,"USDSTN":21.3,"USDSVC":8.754252,"USDSYP":13002.107031,"USDSZL":17.603649,"USDTHB":32.075038,"USDTJS":9.454763,"USDTMT":3.51,"USDTND":2.895038,"USDTOP":2.342104,"USDTRY":41.210368,"USDTTD":6.790322,"USDTWD":30.523204,"USDTZS":2505.376038,"USDUAH":41.24194,"USDUGX":3519.671395,"USDUYU":40.083007,"USDUZS":12550.000334,"USDVES":152.63057,"USDVND":26400,"USDVUV":119.708718,"USDWST":2.767051,"USDXAF":561.330681,"USDXAG":0.024412,"USDXAU":0.000279,"USDXCD":2.70255,"USDXCG":1.803136,"USDXDR":0.700258,"USDXOF":561.000332,"USDXPF":102.250363,"USDYER":240.103589,"USDZAR":17.58861,"USDZMK":9001.203584,"USDZMW":23.887213,"USDZWL":321.999592}}