{"success":true,"terms":"https:\/\/currencylayer.com\/terms","privacy":"https:\/\/currencylayer.com\/privacy","timestamp":1765589828,"source":"USD","quotes":{"USDAED":3.673042,"USDAFN":65.503991,"USDALL":82.250403,"USDAMD":381.770403,"USDANG":1.790403,"USDAOA":917.000367,"USDARS":1440.198104,"USDAUD":1.502404,"USDAWG":1.8,"USDAZN":1.70397,"USDBAM":1.668223,"USDBBD":2.014603,"USDBDT":122.238002,"USDBGN":1.66581,"USDBHD":0.375335,"USDBIF":2965,"USDBMD":1,"USDBND":1.291806,"USDBOB":6.911523,"USDBRL":5.419704,"USDBSD":1.000264,"USDBTC":1.1071008e-5,"USDBTN":90.4571,"USDBWP":13.253269,"USDBYN":2.948763,"USDBYR":19600,"USDBZD":2.011703,"USDCAD":1.37805,"USDCDF":2240.000362,"USDCHF":0.795992,"USDCLF":0.023203,"USDCLP":910.250396,"USDCNY":7.054504,"USDCNH":7.05357,"USDCOP":3803.5,"USDCRC":500.345448,"USDCUC":1,"USDCUP":26.5,"USDCVE":94.27504,"USDCZK":20.669104,"USDDJF":177.720393,"USDDKK":6.361804,"USDDOP":63.850393,"USDDZD":129.69404,"USDEGP":47.313439,"USDERN":15,"USDETB":155.22504,"USDEUR":0.851404,"USDFJD":2.26525,"USDFKP":0.744826,"USDGBP":0.747831,"USDGEL":2.703861,"USDGGP":0.744826,"USDGHS":11.48504,"USDGIP":0.744826,"USDGMD":73.000355,"USDGNF":8691.000355,"USDGTQ":7.661306,"USDGYD":209.264835,"USDHKD":7.77985,"USDHNL":26.203838,"USDHRK":6.417704,"USDHTG":131.108249,"USDHUF":327.990388,"USDIDR":16633.75,"USDILS":3.222795,"USDIMP":0.744826,"USDINR":90.552404,"USDIQD":1310,"USDIRR":42122.503816,"USDISK":126.403814,"USDJEP":0.744826,"USDJMD":160.152168,"USDJOD":0.70904,"USDJPY":155.75604,"USDKES":128.903801,"USDKGS":87.450384,"USDKHR":4006.00035,"USDKMF":419.503794,"USDKPW":899.99623,"USDKRW":1474.980383,"USDKWD":0.306704,"USDKYD":0.833596,"USDKZT":521.66941,"USDLAK":21680.000349,"USDLBP":89550.000349,"USDLKR":309.078037,"USDLRD":177.025039,"USDLSL":16.880381,"USDLTL":2.95274,"USDLVL":0.60489,"USDLYD":5.420381,"USDMAD":9.19125,"USDMDL":16.909049,"USDMGA":4510.000347,"USDMKD":52.398791,"USDMMK":2100.268185,"USDMNT":3547.376613,"USDMOP":8.020795,"USDMRU":39.740379,"USDMUR":45.903741,"USDMVR":15.403739,"USDMWK":1736.503736,"USDMXN":18.014404,"USDMYR":4.097304,"USDMZN":63.910377,"USDNAD":16.880377,"USDNGN":1452.570377,"USDNIO":36.775039,"USDNOK":10.137304,"USDNPR":144.731702,"USDNZD":1.72295,"USDOMR":0.382805,"USDPAB":1.000264,"USDPEN":3.603708,"USDPGK":4.259204,"USDPHP":59.115038,"USDPKR":280.225038,"USDPLN":3.59745,"USDPYG":6718.782652,"USDQAR":3.641104,"USDRON":4.335904,"USDRSD":99.975303,"USDRUB":79.673577,"USDRWF":1451,"USDSAR":3.75231,"USDSBD":8.176752,"USDSCR":14.958069,"USDSDG":601.503676,"USDSEK":9.269904,"USDSGD":1.292038,"USDSHP":0.750259,"USDSLE":24.125038,"USDSLL":20969.503664,"USDSOS":571.503662,"USDSRD":38.548038,"USDSTD":20697.981008,"USDSTN":21.25,"USDSVC":8.752207,"USDSYP":11058.380716,"USDSZL":16.880369,"USDTHB":31.520369,"USDTJS":9.192334,"USDTMT":3.51,"USDTND":2.916038,"USDTOP":2.40776,"USDTRY":42.696104,"USDTTD":6.787844,"USDTWD":31.335104,"USDTZS":2470.000335,"USDUAH":42.263496,"USDUGX":3555.146134,"USDUYU":39.25315,"USDUZS":12002.503617,"USDVES":267.43975,"USDVND":26306,"USDVUV":121.486164,"USDWST":2.783946,"USDXAF":559.50409,"USDXAG":0.016139,"USDXAU":0.000233,"USDXCD":2.70255,"USDXCG":1.802728,"USDXDR":0.695185,"USDXOF":558.000332,"USDXPF":102.075037,"USDYER":238.503589,"USDZAR":16.875405,"USDZMK":9001.203584,"USDZMW":23.081057,"USDZWL":321.999592}}