{"success":true,"terms":"https:\/\/currencylayer.com\/terms","privacy":"https:\/\/currencylayer.com\/privacy","timestamp":1757640006,"source":"USD","quotes":{"USDAED":3.672498,"USDAFN":67.865224,"USDALL":82.710836,"USDAMD":380.867157,"USDANG":1.789783,"USDAOA":917.000107,"USDARS":1432.731692,"USDAUD":1.500837,"USDAWG":1.8025,"USDAZN":1.69797,"USDBAM":1.666823,"USDBBD":2.005437,"USDBDT":121.17235,"USDBGN":1.667198,"USDBHD":0.377064,"USDBIF":2971.393994,"USDBMD":1,"USDBND":1.279664,"USDBOB":6.880183,"USDBRL":5.389902,"USDBSD":0.995683,"USDBTC":8.627495e-6,"USDBTN":88.038351,"USDBWP":13.342935,"USDBYN":3.370577,"USDBYR":19600,"USDBZD":2.00254,"USDCAD":1.38438,"USDCDF":2868.499801,"USDCHF":0.79638,"USDCLF":0.024289,"USDCLP":952.839921,"USDCNY":7.11865,"USDCNH":7.116525,"USDCOP":3896.27,"USDCRC":501.894141,"USDCUC":1,"USDCUP":26.5,"USDCVE":93.972515,"USDCZK":20.77102,"USDDJF":177.311311,"USDDKK":6.365515,"USDDOP":63.459055,"USDDZD":129.725558,"USDEGP":48.223296,"USDERN":15,"USDETB":142.96594,"USDEUR":0.85285,"USDFJD":2.236196,"USDFKP":0.738201,"USDGBP":0.737455,"USDGEL":2.689959,"USDGGP":0.738201,"USDGHS":12.147012,"USDGIP":0.738201,"USDGMD":71.492287,"USDGNF":8635.920075,"USDGTQ":7.62757,"USDGYD":208.314513,"USDHKD":7.78791,"USDHNL":26.082473,"USDHRK":6.424497,"USDHTG":130.386797,"USDHUF":333.8085,"USDIDR":16437.1,"USDILS":3.32265,"USDIMP":0.738201,"USDINR":88.344498,"USDIQD":1304.384881,"USDIRR":42074.9997,"USDISK":122.119584,"USDJEP":0.738201,"USDJMD":159.423192,"USDJOD":0.708999,"USDJPY":147.312497,"USDKES":128.840176,"USDKGS":87.449898,"USDKHR":3991.119482,"USDKMF":419.49891,"USDKPW":899.990456,"USDKRW":1389.094962,"USDKWD":0.30532,"USDKYD":0.829761,"USDKZT":536.804875,"USDLAK":21590.318319,"USDLBP":89163.651859,"USDLKR":300.507095,"USDLRD":182.712262,"USDLSL":17.474806,"USDLTL":2.95274,"USDLVL":0.60489,"USDLYD":5.387946,"USDMAD":8.9906,"USDMDL":16.543731,"USDMGA":4431.736346,"USDMKD":52.447225,"USDMMK":2099.585355,"USDMNT":3596.649211,"USDMOP":7.989006,"USDMRU":39.568588,"USDMUR":45.560362,"USDMVR":15.404986,"USDMWK":1726.587435,"USDMXN":18.47704,"USDMYR":4.213019,"USDMZN":63.901488,"USDNAD":17.475178,"USDNGN":1501.319709,"USDNIO":36.638528,"USDNOK":9.86632,"USDNPR":140.863592,"USDNZD":1.67385,"USDOMR":0.384491,"USDPAB":0.995679,"USDPEN":3.464721,"USDPGK":4.220377,"USDPHP":57.109001,"USDPKR":282.63277,"USDPLN":3.627411,"USDPYG":7132.508352,"USDQAR":3.62936,"USDRON":4.325299,"USDRSD":99.895006,"USDRUB":84.497828,"USDRWF":1442.785858,"USDSAR":3.7517,"USDSBD":8.223773,"USDSCR":15.062951,"USDSDG":601.492558,"USDSEK":9.315405,"USDSGD":1.2821,"USDSHP":0.785843,"USDSLE":23.385013,"USDSLL":20969.49797,"USDSOS":569.051992,"USDSRD":39.772501,"USDSTD":20697.981008,"USDSTN":20.880296,"USDSVC":8.71266,"USDSYP":13001.853615,"USDSZL":17.467007,"USDTHB":31.718992,"USDTJS":9.44404,"USDTMT":3.5,"USDTND":2.905891,"USDTOP":2.3421,"USDTRY":41.347023,"USDTTD":6.762688,"USDTWD":30.277297,"USDTZS":2460.000038,"USDUAH":41.154467,"USDUGX":3495.061234,"USDUYU":39.850858,"USDUZS":12307.285852,"USDVES":157.53157,"USDVND":26402.5,"USDVUV":119.093353,"USDWST":2.715906,"USDXAF":559.043938,"USDXAG":0.024048,"USDXAU":0.000275,"USDXCD":2.70255,"USDXCG":1.79452,"USDXDR":0.695271,"USDXOF":559.041556,"USDXPF":101.638869,"USDYER":239.585115,"USDZAR":17.360903,"USDZMK":9001.201353,"USDZMW":23.722472,"USDZWL":321.999592}}