{"success":true,"terms":"https:\/\/currencylayer.com\/terms","privacy":"https:\/\/currencylayer.com\/privacy","timestamp":1752111784,"source":"USD","quotes":{"USDAED":3.6725,"USDAFN":68.543837,"USDALL":83.368815,"USDAMD":382.696074,"USDANG":1.789623,"USDAOA":917.000389,"USDARS":1252.55002,"USDAUD":1.527675,"USDAWG":1.8,"USDAZN":1.697326,"USDBAM":1.665496,"USDBBD":2.012092,"USDBDT":121.476107,"USDBGN":1.665202,"USDBHD":0.37695,"USDBIF":2969.185767,"USDBMD":1,"USDBND":1.276596,"USDBOB":6.885804,"USDBRL":5.583699,"USDBSD":0.996764,"USDBTC":8.989087e-6,"USDBTN":85.356383,"USDBWP":13.314202,"USDBYN":3.261262,"USDBYR":19600,"USDBZD":2.001703,"USDCAD":1.367905,"USDCDF":2886.000196,"USDCHF":0.79257,"USDCLF":0.024741,"USDCLP":949.440403,"USDCNY":7.18025,"USDCNH":7.17978,"USDCOP":4022,"USDCRC":502.603712,"USDCUC":1,"USDCUP":26.5,"USDCVE":93.898493,"USDCZK":20.98698,"USDDJF":177.458912,"USDDKK":6.35383,"USDDOP":59.755511,"USDDZD":129.676003,"USDEGP":49.6089,"USDERN":15,"USDETB":138.270437,"USDEUR":0.85157,"USDFJD":2.245202,"USDFKP":0.736767,"USDGBP":0.73469,"USDGEL":2.71018,"USDGGP":0.736767,"USDGHS":10.389168,"USDGIP":0.736767,"USDGMD":71.499662,"USDGNF":8647.815479,"USDGTQ":7.659031,"USDGYD":208.396492,"USDHKD":7.84999,"USDHNL":26.05841,"USDHRK":6.416898,"USDHTG":130.79337,"USDHUF":340.267502,"USDIDR":16240,"USDILS":3.323055,"USDIMP":0.736767,"USDINR":85.696017,"USDIQD":1305.447454,"USDIRR":42124.999981,"USDISK":122.119985,"USDJEP":0.736767,"USDJMD":159.302058,"USDJOD":0.709016,"USDJPY":145.7805,"USDKES":128.950101,"USDKGS":87.449721,"USDKHR":4001.549866,"USDKMF":421.000232,"USDKPW":899.978014,"USDKRW":1373.850307,"USDKWD":0.30533,"USDKYD":0.830445,"USDKZT":516.788582,"USDLAK":21471.332101,"USDLBP":89289.108405,"USDLKR":299.588695,"USDLRD":199.804139,"USDLSL":17.790187,"USDLTL":2.95274,"USDLVL":0.60489,"USDLYD":5.389594,"USDMAD":9.000208,"USDMDL":16.890914,"USDMGA":4411.100987,"USDMKD":52.419509,"USDMMK":2099.507386,"USDMNT":3588.559158,"USDMOP":8.057617,"USDMRU":39.730217,"USDMUR":45.290078,"USDMVR":15.398647,"USDMWK":1727.99346,"USDMXN":18.60763,"USDMYR":4.248503,"USDMZN":63.960081,"USDNAD":17.762601,"USDNGN":1527.509303,"USDNIO":36.66881,"USDNOK":10.072295,"USDNPR":136.571616,"USDNZD":1.664215,"USDOMR":0.384493,"USDPAB":0.996509,"USDPEN":3.537667,"USDPGK":4.180416,"USDPHP":56.447978,"USDPKR":284.556157,"USDPLN":3.613566,"USDPYG":7723.750319,"USDQAR":3.633654,"USDRON":4.323898,"USDRSD":99.769796,"USDRUB":78.203332,"USDRWF":1434,"USDSAR":3.750772,"USDSBD":8.336924,"USDSCR":14.623111,"USDSDG":600.499039,"USDSEK":9.48991,"USDSGD":1.279065,"USDSHP":0.785843,"USDSLE":22.466847,"USDSLL":20969.503664,"USDSOS":569.525934,"USDSRD":37.250498,"USDSTD":20697.981008,"USDSVC":8.719163,"USDSYP":13002.129856,"USDSZL":17.76192,"USDTHB":32.570021,"USDTJS":9.641403,"USDTMT":3.51,"USDTND":2.914587,"USDTOP":2.342103,"USDTRY":40.050305,"USDTTD":6.766527,"USDTWD":29.248202,"USDTZS":2627.502677,"USDUAH":41.65263,"USDUGX":3577.450396,"USDUYU":40.313378,"USDUZS":12667.918471,"USDVES":113.606302,"USDVND":26137,"USDVUV":119.303924,"USDWST":2.753362,"USDXAF":558.589299,"USDXAG":0.027434,"USDXAU":0.000301,"USDXCD":2.70255,"USDXDR":0.694706,"USDXOF":558.594056,"USDXPF":101.557943,"USDYER":241.849845,"USDZAR":17.7901,"USDZMK":9001.202746,"USDZMW":24.240824,"USDZWL":321.999592}}