{"success":true,"terms":"https:\/\/currencylayer.com\/terms","privacy":"https:\/\/currencylayer.com\/privacy","timestamp":1767663964,"source":"USD","quotes":{"USDAED":3.672502,"USDAFN":65.99988,"USDALL":82.479978,"USDAMD":381.549728,"USDANG":1.790403,"USDAOA":916.999878,"USDARS":1469.762599,"USDAUD":1.489935,"USDAWG":1.8,"USDAZN":1.699573,"USDBAM":1.674235,"USDBBD":2.014082,"USDBDT":122.2762,"USDBGN":1.6667,"USDBHD":0.37695,"USDBIF":2960,"USDBMD":1,"USDBND":1.286965,"USDBOB":6.934719,"USDBRL":5.409028,"USDBSD":1.000021,"USDBTC":1.0654416e-5,"USDBTN":90.221927,"USDBWP":13.35502,"USDBYN":2.972585,"USDBYR":19600,"USDBZD":2.011171,"USDCAD":1.376695,"USDCDF":2196.000348,"USDCHF":0.79165,"USDCLF":0.023044,"USDCLP":904.020024,"USDCNY":6.98865,"USDCNH":6.979575,"USDCOP":3750.12,"USDCRC":497.271385,"USDCUC":1,"USDCUP":26.5,"USDCVE":94.403045,"USDCZK":20.644595,"USDDJF":177.719683,"USDDKK":6.373898,"USDDOP":63.249464,"USDDZD":129.86818,"USDEGP":47.315797,"USDERN":15,"USDETB":155.14992,"USDEUR":0.85317,"USDFJD":2.2718,"USDFKP":0.742912,"USDGBP":0.738335,"USDGEL":2.694976,"USDGGP":0.742912,"USDGHS":10.424974,"USDGIP":0.742912,"USDGMD":73.513532,"USDGNF":8741.000417,"USDGTQ":7.670084,"USDGYD":209.205773,"USDHKD":7.78405,"USDHNL":26.430298,"USDHRK":6.430796,"USDHTG":130.887923,"USDHUF":327.69901,"USDIDR":16743.35,"USDILS":3.153755,"USDIMP":0.742912,"USDINR":90.24975,"USDIQD":1310,"USDIRR":42125.000274,"USDISK":125.760043,"USDJEP":0.742912,"USDJMD":159.00871,"USDJOD":0.708958,"USDJPY":156.537021,"USDKES":128.999488,"USDKGS":87.443503,"USDKHR":4020.000087,"USDKMF":420.000283,"USDKPW":900.000795,"USDKRW":1447.279576,"USDKWD":0.30701,"USDKYD":0.833348,"USDKZT":512.842682,"USDLAK":21599.999799,"USDLBP":89549.999807,"USDLKR":309.945,"USDLRD":178.650158,"USDLSL":16.369886,"USDLTL":2.95274,"USDLVL":0.60489,"USDLYD":5.420163,"USDMAD":9.074972,"USDMDL":16.859631,"USDMGA":4594.999623,"USDMKD":52.510782,"USDMMK":2099.867603,"USDMNT":3558.849212,"USDMOP":8.021178,"USDMRU":39.720342,"USDMUR":46.49031,"USDMVR":15.449813,"USDMWK":1737.500923,"USDMXN":17.91748,"USDMYR":4.062005,"USDMZN":63.889062,"USDNAD":16.439499,"USDNGN":1433.700836,"USDNIO":36.784958,"USDNOK":10.029403,"USDNPR":144.355084,"USDNZD":1.726835,"USDOMR":0.384501,"USDPAB":1.000021,"USDPEN":3.363503,"USDPGK":4.252989,"USDPHP":59.135037,"USDPKR":280.150119,"USDPLN":3.594175,"USDPYG":6729.299976,"USDQAR":3.64125,"USDRON":4.341399,"USDRSD":100.078019,"USDRUB":81.000051,"USDRWF":1453,"USDSAR":3.750235,"USDSBD":8.156743,"USDSCR":14.025036,"USDSDG":601.50286,"USDSEK":9.170498,"USDSGD":1.28266,"USDSHP":0.750259,"USDSLE":24.00976,"USDSLL":20969.503664,"USDSOS":571.526387,"USDSRD":38.247497,"USDSTD":20697.981008,"USDSTN":21.025,"USDSVC":8.749545,"USDSYP":11056.798344,"USDSZL":16.369937,"USDTHB":31.269707,"USDTJS":9.254738,"USDTMT":3.51,"USDTND":2.88503,"USDTOP":2.40776,"USDTRY":43.044988,"USDTTD":6.788366,"USDTWD":31.5348,"USDTZS":2479.96703,"USDUAH":42.457283,"USDUGX":3621.888844,"USDUYU":39.052368,"USDUZS":11975.000215,"USDVES":300.62476,"USDVND":26274.5,"USDVUV":120.436432,"USDWST":2.767792,"USDXAF":561.520485,"USDXAG":0.013066,"USDXAU":0.000225,"USDXCD":2.70255,"USDXCG":1.802213,"USDXDR":0.697354,"USDXOF":560.497369,"USDXPF":102.150283,"USDYER":238.474973,"USDZAR":16.361815,"USDZMK":9001.201494,"USDZMW":21.224469,"USDZWL":321.999592}}