{"success":true,"terms":"https:\/\/currencylayer.com\/terms","privacy":"https:\/\/currencylayer.com\/privacy","timestamp":1760145567,"source":"USD","quotes":{"USDAED":3.672504,"USDAFN":66.768876,"USDALL":83.357378,"USDAMD":381.301006,"USDANG":1.790403,"USDAOA":917.000367,"USDARS":1415.568104,"USDAUD":1.543704,"USDAWG":1.8,"USDAZN":1.70397,"USDBAM":1.684546,"USDBBD":2.007536,"USDBDT":121.384122,"USDBGN":1.684855,"USDBHD":0.375522,"USDBIF":2963.502078,"USDBMD":1,"USDBND":1.294115,"USDBOB":6.902521,"USDBRL":5.525204,"USDBSD":0.996705,"USDBTC":8.727032e-6,"USDBTN":88.372774,"USDBWP":14.149566,"USDBYN":3.392003,"USDBYR":19600,"USDBZD":2.004608,"USDCAD":1.40185,"USDCDF":2375.000362,"USDCHF":0.799476,"USDCLF":0.02434,"USDCLP":954.870396,"USDCNY":7.11475,"USDCNH":7.148455,"USDCOP":3921.75,"USDCRC":501.111092,"USDCUC":1,"USDCUP":26.5,"USDCVE":94.972115,"USDCZK":20.926604,"USDDJF":177.489718,"USDDKK":6.424804,"USDDOP":62.849908,"USDDZD":129.567723,"USDEGP":47.349994,"USDERN":15,"USDETB":146.930342,"USDEUR":0.860704,"USDFJD":2.27745,"USDFKP":0.751416,"USDGBP":0.748923,"USDGEL":2.710391,"USDGGP":0.751416,"USDGHS":12.209901,"USDGIP":0.751416,"USDGMD":72.000355,"USDGNF":8644.947353,"USDGTQ":7.637217,"USDGYD":208.531255,"USDHKD":7.78325,"USDHNL":26.174286,"USDHRK":6.483304,"USDHTG":130.566226,"USDHUF":338.01504,"USDIDR":16604.6,"USDILS":3.272804,"USDIMP":0.751416,"USDINR":88.75535,"USDIQD":1305.74277,"USDIRR":42062.503816,"USDISK":121.860386,"USDJEP":0.751416,"USDJMD":160.280786,"USDJOD":0.70904,"USDJPY":151.204504,"USDKES":128.720385,"USDKGS":87.450384,"USDKHR":4011.989458,"USDKMF":425.00035,"USDKPW":899.968677,"USDKRW":1429.540383,"USDKWD":0.30644,"USDKYD":0.830645,"USDKZT":536.525915,"USDLAK":21623.996038,"USDLBP":89257.509528,"USDLKR":301.647251,"USDLRD":181.908228,"USDLSL":17.183179,"USDLTL":2.95274,"USDLVL":0.60489,"USDLYD":5.421072,"USDMAD":9.147504,"USDMDL":16.9247,"USDMGA":4478.801059,"USDMKD":53.013033,"USDMMK":2099.358466,"USDMNT":3595.741907,"USDMOP":7.989578,"USDMRU":39.959691,"USDMUR":45.490378,"USDMVR":15.310378,"USDMWK":1728.472686,"USDMXN":18.594904,"USDMYR":4.225039,"USDMZN":63.903729,"USDNAD":17.183179,"USDNGN":1463.303725,"USDNIO":36.683103,"USDNOK":10.123404,"USDNPR":141.39722,"USDNZD":1.747488,"USDOMR":0.383001,"USDPAB":0.996705,"USDPEN":3.434039,"USDPGK":4.20675,"USDPHP":58.325038,"USDPKR":282.28281,"USDPLN":3.66935,"USDPYG":6993.820116,"USDQAR":3.642902,"USDRON":4.384704,"USDRSD":101.249038,"USDRUB":81.268786,"USDRWF":1446.222088,"USDSAR":3.749518,"USDSBD":8.230542,"USDSCR":14.24848,"USDSDG":601.503676,"USDSEK":9.510204,"USDSGD":1.297804,"USDSHP":0.785843,"USDSLE":23.203667,"USDSLL":20969.503664,"USDSOS":569.669042,"USDSRD":38.933038,"USDSTD":20697.981008,"USDSTN":21.102134,"USDSVC":8.721604,"USDSYP":13002.215961,"USDSZL":17.176202,"USDTHB":32.675038,"USDTJS":9.22478,"USDTMT":3.5,"USDTND":2.935079,"USDTOP":2.342104,"USDTRY":41.845704,"USDTTD":6.771603,"USDTWD":30.720504,"USDTZS":2447.147994,"USDUAH":41.506428,"USDUGX":3416.808424,"USDUYU":39.921621,"USDUZS":12084.149781,"USDVES":193.058038,"USDVND":26340,"USDVUV":121.737933,"USDWST":2.790263,"USDXAF":564.980944,"USDXAG":0.019941,"USDXAU":0.000249,"USDXCD":2.70255,"USDXCG":1.796344,"USDXDR":0.702655,"USDXOF":564.980944,"USDXPF":102.71958,"USDYER":238.950363,"USDZAR":17.501604,"USDZMK":9001.203584,"USDZMW":22.550763,"USDZWL":321.999592}}