{"success":true,"terms":"https:\/\/currencylayer.com\/terms","privacy":"https:\/\/currencylayer.com\/privacy","timestamp":1767491704,"source":"USD","quotes":{"USDAED":3.672504,"USDAFN":66.032991,"USDALL":82.434679,"USDAMD":381.057926,"USDANG":1.790403,"USDAOA":917.000367,"USDARS":1474.750402,"USDAUD":1.494992,"USDAWG":1.80125,"USDAZN":1.70397,"USDBAM":1.667278,"USDBBD":2.013043,"USDBDT":122.202805,"USDBGN":1.666704,"USDBHD":0.377648,"USDBIF":2956.395721,"USDBMD":1,"USDBND":1.285793,"USDBOB":6.906526,"USDBRL":5.423104,"USDBSD":0.999275,"USDBTC":1.110467e-5,"USDBTN":90.054985,"USDBWP":13.963599,"USDBYN":2.935425,"USDBYR":19600,"USDBZD":2.009718,"USDCAD":1.37365,"USDCDF":2196.000362,"USDCHF":0.791936,"USDCLF":0.023109,"USDCLP":906.560396,"USDCNY":6.99385,"USDCNH":6.96975,"USDCOP":3767.95533,"USDCRC":497.165509,"USDCUC":1,"USDCUP":26.5,"USDCVE":93.998551,"USDCZK":20.602104,"USDDJF":177.946379,"USDDKK":6.373604,"USDDOP":63.040791,"USDDZD":129.938195,"USDEGP":47.77972,"USDERN":15,"USDETB":155.307361,"USDEUR":0.852504,"USDFJD":2.280104,"USDFKP":0.741984,"USDGBP":0.742556,"USDGEL":2.690391,"USDGGP":0.741984,"USDGHS":10.467585,"USDGIP":0.741984,"USDGMD":74.000355,"USDGNF":8742.167853,"USDGTQ":7.665828,"USDGYD":209.061847,"USDHKD":7.791804,"USDHNL":26.350113,"USDHRK":6.42904,"USDHTG":130.795789,"USDHUF":326.970388,"USDIDR":16702.5,"USDILS":3.186525,"USDIMP":0.741984,"USDINR":90.01445,"USDIQD":1309.253655,"USDIRR":42125.000352,"USDISK":125.770386,"USDJEP":0.741984,"USDJMD":158.791185,"USDJOD":0.70904,"USDJPY":156.79504,"USDKES":128.903286,"USDKGS":87.443504,"USDKHR":4006.990324,"USDKMF":421.00035,"USDKPW":899.972137,"USDKRW":1442.570383,"USDKWD":0.30732,"USDKYD":0.832701,"USDKZT":507.003112,"USDLAK":21604.36469,"USDLBP":89488.342355,"USDLKR":309.586122,"USDLRD":177.89523,"USDLSL":16.49887,"USDLTL":2.95274,"USDLVL":0.60489,"USDLYD":5.411534,"USDMAD":9.138485,"USDMDL":16.819402,"USDMGA":4586.334768,"USDMKD":52.474319,"USDMMK":2099.586597,"USDMNT":3559.417683,"USDMOP":8.021056,"USDMRU":39.819275,"USDMUR":46.250378,"USDMVR":15.460378,"USDMWK":1733.157154,"USDMXN":17.905104,"USDMYR":4.054039,"USDMZN":63.903729,"USDNAD":16.49887,"USDNGN":1434.370377,"USDNIO":36.781041,"USDNOK":10.065104,"USDNPR":144.087635,"USDNZD":1.733704,"USDOMR":0.385141,"USDPAB":0.999275,"USDPEN":3.358169,"USDPGK":4.317804,"USDPHP":58.812504,"USDPKR":279.902817,"USDPLN":3.59195,"USDPYG":6559.822684,"USDQAR":3.643664,"USDRON":4.342204,"USDRSD":99.995738,"USDRUB":80.439112,"USDRWF":1455.52193,"USDSAR":3.750715,"USDSBD":8.143457,"USDSCR":14.540727,"USDSDG":601.503676,"USDSEK":9.221038,"USDSGD":1.285704,"USDSHP":0.750259,"USDSLE":24.000338,"USDSLL":20969.503664,"USDSOS":570.052427,"USDSRD":38.126504,"USDSTD":20697.981008,"USDSTN":20.885725,"USDSVC":8.743873,"USDSYP":11056.672427,"USDSZL":16.501428,"USDTHB":31.480369,"USDTJS":9.228251,"USDTMT":3.5,"USDTND":2.913346,"USDTOP":2.40776,"USDTRY":43.037504,"USDTTD":6.793402,"USDTWD":31.373704,"USDTZS":2478.155236,"USDUAH":42.307063,"USDUGX":3620.476536,"USDUYU":39.026469,"USDUZS":11995.22612,"USDVES":300.62476,"USDVND":26300,"USDVUV":121.057132,"USDWST":2.767753,"USDXAF":559.189293,"USDXAG":0.013735,"USDXAU":0.000231,"USDXCD":2.70255,"USDXCG":1.801287,"USDXDR":0.695452,"USDXOF":559.189293,"USDXPF":101.666596,"USDYER":238.403589,"USDZAR":16.489745,"USDZMK":9001.203584,"USDZMW":22.058736,"USDZWL":321.999592}}