{"success":true,"terms":"https:\/\/currencylayer.com\/terms","privacy":"https:\/\/currencylayer.com\/privacy","timestamp":1754272635,"source":"USD","quotes":{"USDAED":3.672504,"USDAFN":67.899712,"USDALL":84.367009,"USDAMD":377.936405,"USDANG":1.789699,"USDAOA":917.000199,"USDARS":1352.908501,"USDAUD":1.542412,"USDAWG":1.8025,"USDAZN":1.702829,"USDBAM":1.692352,"USDBBD":1.99383,"USDBDT":120.727027,"USDBGN":1.687426,"USDBHD":0.37225,"USDBIF":2944.13125,"USDBMD":1,"USDBND":1.282217,"USDBOB":6.823747,"USDBRL":5.538096,"USDBSD":0.98757,"USDBTC":8.717438e-6,"USDBTN":86.362103,"USDBWP":13.548044,"USDBYN":3.231618,"USDBYR":19600,"USDBZD":1.98362,"USDCAD":1.378075,"USDCDF":2890.00012,"USDCHF":0.806075,"USDCLF":0.024517,"USDCLP":961.801214,"USDCNY":7.2118,"USDCNH":7.189015,"USDCOP":4124.17,"USDCRC":498.929197,"USDCUC":1,"USDCUP":26.5,"USDCVE":95.412185,"USDCZK":21.247203,"USDDJF":175.846807,"USDDKK":6.450095,"USDDOP":60.016873,"USDDZD":130.500357,"USDEGP":47.968538,"USDERN":15,"USDETB":136.2188,"USDEUR":0.86435,"USDFJD":2.261499,"USDFKP":0.753274,"USDGBP":0.753295,"USDGEL":2.698562,"USDGGP":0.753274,"USDGHS":10.368877,"USDGIP":0.753274,"USDGMD":72.504543,"USDGNF":8564.839853,"USDGTQ":7.578629,"USDGYD":206.59877,"USDHKD":7.84987,"USDHNL":25.950427,"USDHRK":6.514704,"USDHTG":129.278455,"USDHUF":344.199562,"USDIDR":16438,"USDILS":3.41787,"USDIMP":0.753274,"USDINR":87.21295,"USDIQD":1293.627479,"USDIRR":42112.503567,"USDISK":123.029868,"USDJEP":0.753274,"USDJMD":158.402305,"USDJOD":0.708966,"USDJPY":147.775502,"USDKES":127.579789,"USDKGS":87.449964,"USDKHR":3957.097552,"USDKMF":427.501324,"USDKPW":899.999999,"USDKRW":1384.119738,"USDKWD":0.30527,"USDKYD":0.822903,"USDKZT":535.920566,"USDLAK":21354.619595,"USDLBP":88484.565297,"USDLKR":297.531746,"USDLRD":197.975341,"USDLSL":18.088823,"USDLTL":2.95274,"USDLVL":0.60489,"USDLYD":5.395162,"USDMAD":9.042979,"USDMDL":17.004781,"USDMGA":4482.267785,"USDMKD":53.268032,"USDMMK":2099.252476,"USDMNT":3592.88442,"USDMOP":7.983975,"USDMRU":39.389967,"USDMUR":46.749708,"USDMVR":15.399088,"USDMWK":1712.347436,"USDMXN":18.84049,"USDMYR":4.239496,"USDMZN":63.960243,"USDNAD":18.088823,"USDNGN":1512.740463,"USDNIO":36.342712,"USDNOK":10.24969,"USDNPR":138.1897,"USDNZD":1.688433,"USDOMR":0.383,"USDPAB":0.987479,"USDPEN":3.547568,"USDPGK":4.159474,"USDPHP":57.534505,"USDPKR":280.201529,"USDPLN":3.688745,"USDPYG":7396.607148,"USDQAR":3.590558,"USDRON":4.385801,"USDRSD":101.361554,"USDRUB":79.605347,"USDRWF":1426.451437,"USDSAR":3.751206,"USDSBD":8.264604,"USDSCR":14.500545,"USDSDG":600.497576,"USDSEK":9.66224,"USDSGD":1.288215,"USDSHP":0.785843,"USDSLE":22.999888,"USDSLL":20969.503947,"USDSOS":564.350396,"USDSRD":36.839875,"USDSTD":20697.981008,"USDSTN":21.199732,"USDSVC":8.640912,"USDSYP":13001.78415,"USDSZL":18.08396,"USDTHB":32.460293,"USDTJS":9.316288,"USDTMT":3.51,"USDTND":2.937517,"USDTOP":2.3421,"USDTRY":40.686065,"USDTTD":6.693058,"USDTWD":29.869501,"USDTZS":2520.546037,"USDUAH":41.280042,"USDUGX":3539.937872,"USDUYU":39.671209,"USDUZS":12533.909048,"USDVES":123.49336,"USDVND":26177.5,"USDVUV":120.586812,"USDWST":2.775482,"USDXAF":567.601338,"USDXAG":0.027177,"USDXAU":0.000298,"USDXCD":2.70255,"USDXCG":1.779755,"USDXDR":0.705914,"USDXOF":567.601338,"USDXPF":103.195995,"USDYER":240.603303,"USDZAR":18.03123,"USDZMK":9001.201745,"USDZMW":22.588726,"USDZWL":321.999592}}