{"success":true,"terms":"https:\/\/currencylayer.com\/terms","privacy":"https:\/\/currencylayer.com\/privacy","timestamp":1751852775,"source":"USD","quotes":{"USDAED":3.672502,"USDAFN":69.859542,"USDALL":83.12782,"USDAMD":384.486411,"USDANG":1.789623,"USDAOA":916.999799,"USDARS":1232.109361,"USDAUD":1.53185,"USDAWG":1.8025,"USDAZN":1.698233,"USDBAM":1.660349,"USDBBD":2.018855,"USDBDT":122.654284,"USDBGN":1.660335,"USDBHD":0.377013,"USDBIF":2978.810106,"USDBMD":1,"USDBND":1.273431,"USDBOB":6.909491,"USDBRL":5.420497,"USDBSD":0.999877,"USDBTC":9.164433e-6,"USDBTN":85.333231,"USDBWP":13.243403,"USDBYN":3.272139,"USDBYR":19600,"USDBZD":2.008413,"USDCAD":1.361525,"USDCDF":2884.999891,"USDCHF":0.794155,"USDCLF":0.024248,"USDCLP":930.500085,"USDCNY":7.165402,"USDCNH":7.167695,"USDCOP":4001.65,"USDCRC":504.947175,"USDCUC":1,"USDCUP":26.5,"USDCVE":93.609128,"USDCZK":20.930037,"USDDJF":178.047362,"USDDKK":6.33856,"USDDOP":59.841504,"USDDZD":129.124273,"USDEGP":49.2858,"USDERN":15,"USDETB":138.764809,"USDEUR":0.849475,"USDFJD":2.239201,"USDFKP":0.732656,"USDGBP":0.73346,"USDGEL":2.720079,"USDGGP":0.732656,"USDGHS":10.348531,"USDGIP":0.732656,"USDGMD":71.499662,"USDGNF":8671.955583,"USDGTQ":7.68803,"USDGYD":209.186337,"USDHKD":7.849855,"USDHNL":26.123239,"USDHRK":6.397202,"USDHTG":131.28226,"USDHUF":338.6235,"USDIDR":16207.45,"USDILS":3.35004,"USDIMP":0.732656,"USDINR":85.441499,"USDIQD":1309.812344,"USDIRR":42124.999826,"USDISK":120.970111,"USDJEP":0.732656,"USDJMD":159.591492,"USDJOD":0.709017,"USDJPY":144.460497,"USDKES":129.18025,"USDKGS":87.449506,"USDKHR":4017.233695,"USDKMF":417.999931,"USDKPW":900.000043,"USDKRW":1368.330265,"USDKWD":0.30529,"USDKYD":0.833309,"USDKZT":519.272808,"USDLAK":21545.997479,"USDLBP":89588.053772,"USDLKR":299.988539,"USDLRD":200.477955,"USDLSL":17.588173,"USDLTL":2.95274,"USDLVL":0.60489,"USDLYD":5.38565,"USDMAD":8.974528,"USDMDL":16.842892,"USDMGA":4499.361176,"USDMKD":52.239281,"USDMMK":2099.541197,"USDMNT":3583.600295,"USDMOP":8.08435,"USDMRU":39.684366,"USDMUR":44.949912,"USDMVR":15.418719,"USDMWK":1733.867031,"USDMXN":18.622095,"USDMYR":4.2275,"USDMZN":63.960019,"USDNAD":17.588023,"USDNGN":1529.720296,"USDNIO":36.793202,"USDNOK":10.08541,"USDNPR":136.530682,"USDNZD":1.65755,"USDOMR":0.383753,"USDPAB":0.999877,"USDPEN":3.545512,"USDPGK":4.130109,"USDPHP":56.560955,"USDPKR":283.837021,"USDPLN":3.60385,"USDPYG":7968.113961,"USDQAR":3.654462,"USDRON":4.297098,"USDRSD":99.477484,"USDRUB":78.868574,"USDRWF":1437.333662,"USDSAR":3.750403,"USDSBD":8.336924,"USDSCR":14.111015,"USDSDG":600.498058,"USDSEK":9.56962,"USDSGD":1.275435,"USDSHP":0.785843,"USDSLE":22.449779,"USDSLL":20969.503664,"USDSOS":571.418869,"USDSRD":37.385046,"USDSTD":20697.981008,"USDSVC":8.749061,"USDSYP":13001.92652,"USDSZL":17.574675,"USDTHB":32.477016,"USDTJS":9.723796,"USDTMT":3.51,"USDTND":2.913234,"USDTOP":2.342099,"USDTRY":39.96456,"USDTTD":6.781244,"USDTWD":29.033005,"USDTZS":2640.0004,"USDUAH":41.69974,"USDUGX":3586.754899,"USDUYU":40.129549,"USDUZS":12555.764488,"USDVES":109.473498,"USDVND":26164.5,"USDVUV":118.428418,"USDWST":2.592008,"USDXAF":556.865558,"USDXAG":0.02713,"USDXAU":0.000301,"USDXCD":2.70255,"USDXDR":0.692562,"USDXOF":556.865558,"USDXPF":101.244546,"USDYER":242.150364,"USDZAR":17.626005,"USDZMK":9001.204285,"USDZMW":24.221844,"USDZWL":321.999592}}