{"success":true,"terms":"https:\/\/currencylayer.com\/terms","privacy":"https:\/\/currencylayer.com\/privacy","timestamp":1754617805,"source":"USD","quotes":{"USDAED":3.672495,"USDAFN":69.502131,"USDALL":84.401353,"USDAMD":383.65007,"USDANG":1.789699,"USDAOA":916.999894,"USDARS":1326.250106,"USDAUD":1.534978,"USDAWG":1.8025,"USDAZN":1.699946,"USDBAM":1.677927,"USDBBD":2.021611,"USDBDT":121.653562,"USDBGN":1.677799,"USDBHD":0.37693,"USDBIF":2948.5,"USDBMD":1,"USDBND":1.285244,"USDBOB":6.918266,"USDBRL":5.415984,"USDBSD":1.001188,"USDBTC":8.557797e-6,"USDBTN":87.580376,"USDBWP":13.460705,"USDBYN":3.305122,"USDBYR":19600,"USDBZD":2.011213,"USDCAD":1.374495,"USDCDF":2890.000384,"USDCHF":0.807115,"USDCLF":0.024735,"USDCLP":970.330192,"USDCNY":7.181501,"USDCNH":7.18668,"USDCOP":4047,"USDCRC":506.856895,"USDCUC":1,"USDCUP":26.5,"USDCVE":94.875029,"USDCZK":20.979306,"USDDJF":177.719701,"USDDKK":6.40152,"USDDOP":61.098454,"USDDZD":129.7879,"USDEGP":48.537201,"USDERN":15,"USDETB":138.174973,"USDEUR":0.85771,"USDFJD":2.253302,"USDFKP":0.748619,"USDGBP":0.744185,"USDGEL":2.703144,"USDGGP":0.748619,"USDGHS":10.550263,"USDGIP":0.748619,"USDGMD":72.496211,"USDGNF":8674.999976,"USDGTQ":7.681782,"USDGYD":209.4774,"USDHKD":7.849685,"USDHNL":26.349518,"USDHRK":6.462604,"USDHTG":131.389867,"USDHUF":340.389803,"USDIDR":16310.75,"USDILS":3.425201,"USDIMP":0.748619,"USDINR":87.534402,"USDIQD":1310,"USDIRR":42125.000251,"USDISK":122.490003,"USDJEP":0.748619,"USDJMD":160.308847,"USDJOD":0.709019,"USDJPY":147.270024,"USDKES":129.496392,"USDKGS":87.449707,"USDKHR":4009.999961,"USDKMF":422.149924,"USDKPW":900.062687,"USDKRW":1386.700438,"USDKWD":0.305599,"USDKYD":0.834409,"USDKZT":539.457711,"USDLAK":21600.000558,"USDLBP":89549.999974,"USDLKR":301.01706,"USDLRD":201.504253,"USDLSL":17.769962,"USDLTL":2.95274,"USDLVL":0.60489,"USDLYD":5.435029,"USDMAD":9.061972,"USDMDL":16.865775,"USDMGA":4435.000159,"USDMKD":52.752126,"USDMMK":2099.545551,"USDMNT":3592.45472,"USDMOP":8.095383,"USDMRU":39.894926,"USDMUR":45.330392,"USDMVR":15.400338,"USDMWK":1736.496617,"USDMXN":18.62685,"USDMYR":4.234499,"USDMZN":63.959625,"USDNAD":17.769729,"USDNGN":1529.510067,"USDNIO":36.75017,"USDNOK":10.23107,"USDNPR":140.128602,"USDNZD":1.67843,"USDOMR":0.384496,"USDPAB":1.001274,"USDPEN":3.556497,"USDPGK":4.140502,"USDPHP":57.078497,"USDPKR":282.550632,"USDPLN":3.649341,"USDPYG":7498.981233,"USDQAR":3.640498,"USDRON":4.350233,"USDRSD":100.485013,"USDRUB":79.24862,"USDRWF":1441.5,"USDSAR":3.752708,"USDSBD":8.217066,"USDSCR":14.144816,"USDSDG":600.497588,"USDSEK":9.567402,"USDSGD":1.283905,"USDSHP":0.785843,"USDSLE":23.103428,"USDSLL":20969.503947,"USDSOS":571.516915,"USDSRD":37.119976,"USDSTD":20697.981008,"USDSTN":21.25,"USDSVC":8.760965,"USDSYP":13001.872254,"USDSZL":17.76964,"USDTHB":32.350962,"USDTJS":9.361496,"USDTMT":3.51,"USDTND":2.880495,"USDTOP":2.342096,"USDTRY":40.7327,"USDTTD":6.785259,"USDTWD":29.855992,"USDTZS":2484.999646,"USDUAH":41.495678,"USDUGX":3574.109583,"USDUYU":40.193719,"USDUZS":12524.999997,"USDVES":128.74775,"USDVND":26210,"USDVUV":120.338221,"USDWST":2.772398,"USDXAF":562.756142,"USDXAG":0.026289,"USDXAU":0.000295,"USDXCD":2.70255,"USDXCG":1.804471,"USDXDR":0.700098,"USDXOF":565.496714,"USDXPF":102.674977,"USDYER":240.449812,"USDZAR":17.72758,"USDZMK":9001.218719,"USDZMW":23.208349,"USDZWL":321.999592}}