{"success":true,"terms":"https:\/\/currencylayer.com\/terms","privacy":"https:\/\/currencylayer.com\/privacy","timestamp":1756257908,"source":"USD","quotes":{"USDAED":3.672501,"USDAFN":68.511278,"USDALL":83.785921,"USDAMD":381.977863,"USDANG":1.789783,"USDAOA":916.99989,"USDARS":1355.994299,"USDAUD":1.540725,"USDAWG":1.8,"USDAZN":1.70178,"USDBAM":1.680703,"USDBBD":2.016534,"USDBDT":122.009487,"USDBGN":1.68081,"USDBHD":0.377057,"USDBIF":2984.583391,"USDBMD":1,"USDBND":1.286866,"USDBOB":6.940052,"USDBRL":5.431699,"USDBSD":1.000705,"USDBTC":8.985533e-6,"USDBTN":87.688196,"USDBWP":13.435824,"USDBYN":3.392513,"USDBYR":19600,"USDBZD":2.012581,"USDCAD":1.383495,"USDCDF":2867.500967,"USDCHF":0.80406,"USDCLF":0.024638,"USDCLP":966.550381,"USDCNY":7.152903,"USDCNH":7.151659,"USDCOP":4055.12,"USDCRC":504.26234,"USDCUC":1,"USDCUP":26.5,"USDCVE":94.755431,"USDCZK":21.071402,"USDDJF":178.201911,"USDDKK":6.415315,"USDDOP":62.766396,"USDDZD":129.846031,"USDEGP":48.598103,"USDERN":15,"USDETB":142.075742,"USDEUR":0.85944,"USDFJD":2.263504,"USDFKP":0.74134,"USDGBP":0.742399,"USDGEL":2.694981,"USDGGP":0.74134,"USDGHS":11.157707,"USDGIP":0.74134,"USDGMD":71.501076,"USDGNF":8675.924653,"USDGTQ":7.670494,"USDGYD":209.275746,"USDHKD":7.787204,"USDHNL":26.208236,"USDHRK":6.473597,"USDHTG":130.938059,"USDHUF":340.393998,"USDIDR":16330.95,"USDILS":3.35105,"USDIMP":0.74134,"USDINR":87.7107,"USDIQD":1311.013337,"USDIRR":42050.000039,"USDISK":123.079843,"USDJEP":0.74134,"USDJMD":160.22446,"USDJOD":0.708972,"USDJPY":147.617998,"USDKES":129.28994,"USDKGS":87.425299,"USDKHR":4011.412072,"USDKMF":423.250109,"USDKPW":899.980721,"USDKRW":1395.06966,"USDKWD":0.30564,"USDKYD":0.833906,"USDKZT":535.155713,"USDLAK":21696.686374,"USDLBP":90073.387873,"USDLKR":302.359755,"USDLRD":200.639351,"USDLSL":17.652018,"USDLTL":2.95274,"USDLVL":0.60489,"USDLYD":5.412141,"USDMAD":9.036677,"USDMDL":16.702186,"USDMGA":4417.881204,"USDMKD":52.883954,"USDMMK":2099.202559,"USDMNT":3597.80022,"USDMOP":8.04087,"USDMRU":39.978345,"USDMUR":45.97011,"USDMVR":15.410338,"USDMWK":1735.270865,"USDMXN":18.664335,"USDMYR":4.219034,"USDMZN":63.949731,"USDNAD":17.652018,"USDNGN":1535.519605,"USDNIO":36.822838,"USDNOK":10.13836,"USDNPR":140.301457,"USDNZD":1.709102,"USDOMR":0.384505,"USDPAB":1.000705,"USDPEN":3.52004,"USDPGK":4.169513,"USDPHP":56.992499,"USDPKR":283.799842,"USDPLN":3.660649,"USDPYG":7242.540905,"USDQAR":3.648941,"USDRON":4.345397,"USDRSD":100.665055,"USDRUB":80.498638,"USDRWF":1449.023787,"USDSAR":3.752137,"USDSBD":8.217066,"USDSCR":14.791953,"USDSDG":600.498647,"USDSEK":9.56062,"USDSGD":1.286215,"USDSHP":0.785843,"USDSLE":23.250137,"USDSLL":20969.49797,"USDSOS":571.892617,"USDSRD":38.324499,"USDSTD":20697.981008,"USDSTN":21.054079,"USDSVC":8.755844,"USDSYP":13002.330428,"USDSZL":17.656916,"USDTHB":32.487005,"USDTJS":9.581758,"USDTMT":3.5,"USDTND":2.931648,"USDTOP":2.342097,"USDTRY":41.04365,"USDTTD":6.79912,"USDTWD":30.554499,"USDTZS":2524.198039,"USDUAH":41.422298,"USDUGX":3565.413172,"USDUYU":40.019593,"USDUZS":12314.381961,"USDVES":141.606965,"USDVND":26365,"USDVUV":119.048289,"USDWST":2.67662,"USDXAF":563.691908,"USDXAG":0.025921,"USDXAU":0.000295,"USDXCD":2.70255,"USDXCG":1.803503,"USDXDR":0.701052,"USDXOF":563.691908,"USDXPF":102.485219,"USDYER":240.175019,"USDZAR":17.63685,"USDZMK":9001.200038,"USDZMW":23.345765,"USDZWL":321.999592}}