{"success":true,"terms":"https:\/\/currencylayer.com\/terms","privacy":"https:\/\/currencylayer.com\/privacy","timestamp":1768355408,"source":"USD","quotes":{"USDAED":3.672494,"USDAFN":65.476996,"USDALL":82.849969,"USDAMD":380.829892,"USDANG":1.79008,"USDAOA":916.999977,"USDARS":1458.424903,"USDAUD":1.496636,"USDAWG":1.80125,"USDAZN":1.697843,"USDBAM":1.676331,"USDBBD":2.014434,"USDBDT":122.218603,"USDBGN":1.67937,"USDBHD":0.377005,"USDBIF":2960,"USDBMD":1,"USDBND":1.287157,"USDBOB":6.910975,"USDBRL":5.372981,"USDBSD":1.000189,"USDBTC":1.0515402e-5,"USDBTN":90.262832,"USDBWP":13.373389,"USDBYN":2.91571,"USDBYR":19600,"USDBZD":2.01152,"USDCAD":1.389455,"USDCDF":2172.494877,"USDCHF":0.80156,"USDCLF":0.022586,"USDCLP":886.05008,"USDCNY":6.977989,"USDCNH":6.97624,"USDCOP":3686.61,"USDCRC":497.137176,"USDCUC":1,"USDCUP":26.5,"USDCVE":95.000237,"USDCZK":20.82075,"USDDJF":177.720268,"USDDKK":6.420085,"USDDOP":63.649532,"USDDZD":130.13598,"USDEGP":47.094501,"USDERN":15,"USDETB":155.624974,"USDEUR":0.85918,"USDFJD":2.281104,"USDFKP":0.742679,"USDGBP":0.744945,"USDGEL":2.684996,"USDGGP":0.742679,"USDGHS":10.765022,"USDGIP":0.742679,"USDGMD":73.497847,"USDGNF":8744.999835,"USDGTQ":7.668769,"USDGYD":209.251894,"USDHKD":7.799645,"USDHNL":26.503157,"USDHRK":6.473699,"USDHTG":130.978503,"USDHUF":331.807498,"USDIDR":16856.35,"USDILS":3.145355,"USDIMP":0.742679,"USDINR":90.34815,"USDIQD":1310,"USDIRR":42125.000158,"USDISK":125.960497,"USDJEP":0.742679,"USDJMD":158.127735,"USDJOD":0.708935,"USDJPY":159.329007,"USDKES":128.85015,"USDKGS":87.448991,"USDKHR":4029.497023,"USDKMF":423.000393,"USDKPW":899.961917,"USDKRW":1477.880092,"USDKWD":0.30796,"USDKYD":0.833448,"USDKZT":509.353184,"USDLAK":21602.495535,"USDLBP":89549.999922,"USDLKR":309.208722,"USDLRD":180.550074,"USDLSL":16.410076,"USDLTL":2.95274,"USDLVL":0.60489,"USDLYD":5.424989,"USDMAD":9.211496,"USDMDL":17.05722,"USDMGA":4555.000142,"USDMKD":52.893435,"USDMMK":2099.824978,"USDMNT":3561.696985,"USDMOP":8.037404,"USDMRU":39.740232,"USDMUR":46.709634,"USDMVR":15.459662,"USDMWK":1731.999567,"USDMXN":17.828199,"USDMYR":4.060502,"USDMZN":63.90246,"USDNAD":16.409954,"USDNGN":1422.249721,"USDNIO":36.774987,"USDNOK":10.09104,"USDNPR":144.420255,"USDNZD":1.74373,"USDOMR":0.384497,"USDPAB":1.000189,"USDPEN":3.359499,"USDPGK":4.266027,"USDPHP":59.419689,"USDPKR":279.960632,"USDPLN":3.61815,"USDPYG":6618.7815,"USDQAR":3.64125,"USDRON":4.3738,"USDRSD":100.808024,"USDRUB":78.747653,"USDRWF":1458,"USDSAR":3.749839,"USDSBD":8.130216,"USDSCR":14.08372,"USDSDG":601.52571,"USDSEK":9.229102,"USDSGD":1.289175,"USDSHP":0.750259,"USDSLE":24.149706,"USDSLL":20969.499267,"USDSOS":571.496008,"USDSRD":38.177498,"USDSTD":20697.981008,"USDSTN":21.42,"USDSVC":8.751179,"USDSYP":11059.574895,"USDSZL":16.409489,"USDTHB":31.52024,"USDTJS":9.316436,"USDTMT":3.5,"USDTND":2.897497,"USDTOP":2.40776,"USDTRY":43.159104,"USDTTD":6.793637,"USDTWD":31.679798,"USDTZS":2504.866031,"USDUAH":43.136991,"USDUGX":3565.673535,"USDUYU":38.842773,"USDUZS":12065.000127,"USDVES":329.95852,"USDVND":26287.5,"USDVUV":121.13078,"USDWST":2.787068,"USDXAF":562.223156,"USDXAG":0.011215,"USDXAU":0.000217,"USDXCD":2.70255,"USDXCG":1.802497,"USDXDR":0.700002,"USDXOF":562.501776,"USDXPF":102.750041,"USDYER":238.403022,"USDZAR":16.376695,"USDZMK":9001.195771,"USDZMW":19.478349,"USDZWL":321.999592}}