{"success":true,"terms":"https:\/\/currencylayer.com\/terms","privacy":"https:\/\/currencylayer.com\/privacy","timestamp":1757899625,"source":"USD","quotes":{"USDAED":3.672498,"USDAFN":68.205657,"USDALL":82.6774,"USDAMD":382.478478,"USDANG":1.790403,"USDAOA":916.999688,"USDARS":1450.974798,"USDAUD":1.503217,"USDAWG":1.8,"USDAZN":1.697519,"USDBAM":1.667896,"USDBBD":2.015358,"USDBDT":121.779101,"USDBGN":1.666475,"USDBHD":0.377185,"USDBIF":2986.29144,"USDBMD":1,"USDBND":1.28369,"USDBOB":6.91446,"USDBRL":5.352703,"USDBSD":1.000652,"USDBTC":8.685569e-6,"USDBTN":88.267675,"USDBWP":13.329865,"USDBYN":3.389319,"USDBYR":19600,"USDBZD":2.012476,"USDCAD":1.38435,"USDCDF":2835.000412,"USDCHF":0.796605,"USDCLF":0.024267,"USDCLP":951.990178,"USDCNY":7.1247,"USDCNH":7.12222,"USDCOP":3894.88451,"USDCRC":504.078422,"USDCUC":1,"USDCUP":26.5,"USDCVE":94.033421,"USDCZK":20.739803,"USDDJF":178.186919,"USDDKK":6.364785,"USDDOP":63.438325,"USDDZD":129.455457,"USDEGP":48.056803,"USDERN":15,"USDETB":143.674428,"USDEUR":0.852602,"USDFJD":2.238701,"USDFKP":0.737679,"USDGBP":0.73772,"USDGEL":2.689566,"USDGGP":0.737679,"USDGHS":12.207758,"USDGIP":0.737679,"USDGMD":71.507442,"USDGNF":8678.818889,"USDGTQ":7.671742,"USDGYD":209.352601,"USDHKD":7.77825,"USDHNL":26.215948,"USDHRK":6.4249,"USDHTG":130.937559,"USDHUF":332.910247,"USDIDR":16420.7,"USDILS":3.335965,"USDIMP":0.737679,"USDINR":88.265598,"USDIQD":1310.9162,"USDIRR":42075.000084,"USDISK":122.10953,"USDJEP":0.737679,"USDJMD":160.518832,"USDJOD":0.709002,"USDJPY":147.552496,"USDKES":129.279515,"USDKGS":87.450004,"USDKHR":4010.676946,"USDKMF":419.448579,"USDKPW":900.03427,"USDKRW":1390.145026,"USDKWD":0.30537,"USDKYD":0.833948,"USDKZT":541.089787,"USDLAK":21697.658652,"USDLBP":89609.210106,"USDLKR":301.923479,"USDLRD":177.620105,"USDLSL":17.366996,"USDLTL":2.95274,"USDLVL":0.60489,"USDLYD":5.40317,"USDMAD":9.011398,"USDMDL":16.620971,"USDMGA":4434.476348,"USDMKD":52.480993,"USDMMK":2099.833626,"USDMNT":3596.020755,"USDMOP":8.021559,"USDMRU":39.945934,"USDMUR":45.479774,"USDMVR":15.309813,"USDMWK":1735.07415,"USDMXN":18.448396,"USDMYR":4.205019,"USDMZN":63.910041,"USDNAD":17.366996,"USDNGN":1501.0601,"USDNIO":36.82368,"USDNOK":9.85615,"USDNPR":141.225531,"USDNZD":1.679296,"USDOMR":0.383663,"USDPAB":1.000669,"USDPEN":3.487334,"USDPGK":4.240912,"USDPHP":57.247992,"USDPKR":284.101464,"USDPLN":3.62815,"USDPYG":7150.501644,"USDQAR":3.652947,"USDRON":4.317295,"USDRSD":99.896385,"USDRUB":83.379172,"USDRWF":1449.96994,"USDSAR":3.747802,"USDSBD":8.206879,"USDSCR":14.265037,"USDSDG":601.498368,"USDSEK":9.32774,"USDSGD":1.28232,"USDSHP":0.785843,"USDSLE":23.374981,"USDSLL":20969.503664,"USDSOS":571.869577,"USDSRD":39.375006,"USDSTD":20697.981008,"USDSTN":20.893295,"USDSVC":8.755644,"USDSYP":13001.951397,"USDSZL":17.349889,"USDTHB":31.798996,"USDTJS":9.416305,"USDTMT":3.51,"USDTND":2.912977,"USDTOP":2.342097,"USDTRY":41.345399,"USDTTD":6.803597,"USDTWD":30.313496,"USDTZS":2461.614555,"USDUAH":41.253166,"USDUGX":3516.925845,"USDUYU":40.081357,"USDUZS":12455.921168,"USDVES":158.73035,"USDVND":26385,"USDVUV":118.929522,"USDWST":2.747698,"USDXAF":559.382422,"USDXAG":0.023758,"USDXAU":0.000275,"USDXCD":2.70255,"USDXCG":1.80349,"USDXDR":0.695701,"USDXOF":559.382422,"USDXPF":101.70431,"USDYER":239.550083,"USDZAR":17.384899,"USDZMK":9001.200338,"USDZMW":23.740651,"USDZWL":321.999592}}