{"success":true,"terms":"https:\/\/currencylayer.com\/terms","privacy":"https:\/\/currencylayer.com\/privacy","timestamp":1770343568,"source":"USD","quotes":{"USDAED":3.672498,"USDAFN":65.503752,"USDALL":82.012423,"USDAMD":377.773158,"USDANG":1.79008,"USDAOA":917.000137,"USDARS":1442.2689,"USDAUD":1.440414,"USDAWG":1.8,"USDAZN":1.698559,"USDBAM":1.659595,"USDBBD":2.015639,"USDBDT":122.394949,"USDBGN":1.67937,"USDBHD":0.376915,"USDBIF":2965.596535,"USDBMD":1,"USDBND":1.27457,"USDBOB":6.91481,"USDBRL":5.272501,"USDBSD":1.000776,"USDBTC":1.5311075e-5,"USDBTN":90.44239,"USDBWP":13.24927,"USDBYN":2.866659,"USDBYR":19600,"USDBZD":2.012669,"USDCAD":1.369915,"USDCDF":2230.00018,"USDCHF":0.777285,"USDCLF":0.021932,"USDCLP":865.99995,"USDCNY":6.93805,"USDCNH":6.93935,"USDCOP":3698,"USDCRC":496.14758,"USDCUC":1,"USDCUP":26.5,"USDCVE":93.565043,"USDCZK":20.5897,"USDDJF":178.211857,"USDDKK":6.335206,"USDDOP":63.157627,"USDDZD":130.024269,"USDEGP":46.858602,"USDERN":15,"USDETB":155.932472,"USDEUR":0.84838,"USDFJD":2.21395,"USDFKP":0.732184,"USDGBP":0.73833,"USDGEL":2.695008,"USDGGP":0.732184,"USDGHS":10.987836,"USDGIP":0.732184,"USDGMD":73.000228,"USDGNF":8783.310776,"USDGTQ":7.675957,"USDGYD":209.370505,"USDHKD":7.81195,"USDHNL":26.434899,"USDHRK":6.393899,"USDHTG":131.283861,"USDHUF":322.731503,"USDIDR":16870,"USDILS":3.119945,"USDIMP":0.732184,"USDINR":90.33575,"USDIQD":1311.010794,"USDIRR":42125.000158,"USDISK":122.830123,"USDJEP":0.732184,"USDJMD":156.523658,"USDJOD":0.708975,"USDJPY":156.770504,"USDKES":129.099323,"USDKGS":87.4498,"USDKHR":4038.98126,"USDKMF":419.000044,"USDKPW":900.030004,"USDKRW":1468.489707,"USDKWD":0.30739,"USDKYD":0.833956,"USDKZT":493.576471,"USDLAK":21509.911072,"USDLBP":89621.206978,"USDLKR":309.69554,"USDLRD":186.137286,"USDLSL":16.167606,"USDLTL":2.95274,"USDLVL":0.60489,"USDLYD":6.339495,"USDMAD":9.185352,"USDMDL":17.007501,"USDMGA":4427.737424,"USDMKD":52.308906,"USDMMK":2099.783213,"USDMNT":3569.156954,"USDMOP":8.05317,"USDMRU":39.920067,"USDMUR":46.040191,"USDMVR":15.450081,"USDMWK":1735.286131,"USDMXN":17.46305,"USDMYR":3.956501,"USDMZN":63.749906,"USDNAD":16.167606,"USDNGN":1367.959687,"USDNIO":36.826006,"USDNOK":9.799804,"USDNPR":144.708438,"USDNZD":1.67764,"USDOMR":0.384443,"USDPAB":1.000776,"USDPEN":3.36398,"USDPGK":4.350519,"USDPHP":58.659504,"USDPKR":280.209677,"USDPLN":3.585275,"USDPYG":6608.484622,"USDQAR":3.647395,"USDRON":4.3224,"USDRSD":99.590251,"USDRUB":76.746072,"USDRWF":1460.610278,"USDSAR":3.750159,"USDSBD":8.058149,"USDSCR":14.112804,"USDSDG":601.496685,"USDSEK":9.052725,"USDSGD":1.274195,"USDSHP":0.750259,"USDSLE":24.449862,"USDSLL":20969.499267,"USDSOS":570.904894,"USDSRD":37.869625,"USDSTD":20697.981008,"USDSTN":20.789492,"USDSVC":8.756194,"USDSYP":11059.574895,"USDSZL":16.159799,"USDTHB":31.758972,"USDTJS":9.366941,"USDTMT":3.505,"USDTND":2.899825,"USDTOP":2.40776,"USDTRY":43.615894,"USDTTD":6.776526,"USDTWD":31.689979,"USDTZS":2585.000127,"USDUAH":43.184356,"USDUGX":3572.383187,"USDUYU":38.617377,"USDUZS":12275.134071,"USDVES":377.985125,"USDVND":25957,"USDVUV":119.687673,"USDWST":2.726344,"USDXAF":556.612755,"USDXAG":0.014191,"USDXAU":0.000209,"USDXCD":2.702549,"USDXCG":1.803594,"USDXDR":0.692248,"USDXOF":556.610394,"USDXPF":101.198154,"USDYER":238.393572,"USDZAR":16.26765,"USDZMK":9001.205413,"USDZMW":18.589121,"USDZWL":321.999592}}