{"success":true,"terms":"https:\/\/currencylayer.com\/terms","privacy":"https:\/\/currencylayer.com\/privacy","timestamp":1754531418,"source":"USD","quotes":{"USDAED":3.672499,"USDAFN":68.25057,"USDALL":83.483156,"USDAMD":381.28666,"USDANG":1.789699,"USDAOA":916.999781,"USDARS":1331.477183,"USDAUD":1.535391,"USDAWG":1.8025,"USDAZN":1.695151,"USDBAM":1.678416,"USDBBD":2.011225,"USDBDT":121.225644,"USDBGN":1.6783,"USDBHD":0.376968,"USDBIF":2970.239245,"USDBMD":1,"USDBND":1.281665,"USDBOB":6.898002,"USDBRL":5.4595,"USDBSD":0.996082,"USDBTC":8.694631e-6,"USDBTN":87.455643,"USDBWP":13.436429,"USDBYN":3.278753,"USDBYR":19600,"USDBZD":2.000841,"USDCAD":1.373725,"USDCDF":2890.000397,"USDCHF":0.805705,"USDCLF":0.02484,"USDCLP":974.450598,"USDCNY":7.18315,"USDCNH":7.18277,"USDCOP":4044,"USDCRC":504.348796,"USDCUC":1,"USDCUP":26.5,"USDCVE":94.626544,"USDCZK":21.074024,"USDDJF":177.384543,"USDDKK":6.40093,"USDDOP":60.621404,"USDDZD":130.101237,"USDEGP":48.450545,"USDERN":15,"USDETB":138.442414,"USDEUR":0.857595,"USDFJD":2.254898,"USDFKP":0.751467,"USDGBP":0.748575,"USDGEL":2.708119,"USDGGP":0.751467,"USDGHS":10.509197,"USDGIP":0.751467,"USDGMD":72.500028,"USDGNF":8640.311728,"USDGTQ":7.643755,"USDGYD":208.398948,"USDHKD":7.84909,"USDHNL":26.182027,"USDHRK":6.462402,"USDHTG":130.732754,"USDHUF":341.360124,"USDIDR":16331.45,"USDILS":3.435475,"USDIMP":0.751467,"USDINR":87.75285,"USDIQD":1304.93922,"USDIRR":42124.99959,"USDISK":122.44995,"USDJEP":0.751467,"USDJMD":159.191257,"USDJOD":0.708989,"USDJPY":147.516498,"USDKES":128.902763,"USDKGS":87.449571,"USDKHR":3990.988091,"USDKMF":422.504533,"USDKPW":899.94784,"USDKRW":1384.045001,"USDKWD":0.30555,"USDKYD":0.830112,"USDKZT":535.217311,"USDLAK":21550.46277,"USDLBP":89250.942919,"USDLKR":299.682905,"USDLRD":199.72281,"USDLSL":17.746006,"USDLTL":2.95274,"USDLVL":0.604889,"USDLYD":5.421084,"USDMAD":9.036657,"USDMDL":16.918898,"USDMGA":4406.722934,"USDMKD":52.80344,"USDMMK":2099.311056,"USDMNT":3591.43546,"USDMOP":8.053619,"USDMRU":39.734309,"USDMUR":45.629738,"USDMVR":15.394813,"USDMWK":1727.246592,"USDMXN":18.598275,"USDMYR":4.2235,"USDMZN":63.959877,"USDNAD":17.746006,"USDNGN":1525.150246,"USDNIO":36.657011,"USDNOK":10.174702,"USDNPR":139.928686,"USDNZD":1.68251,"USDOMR":0.384504,"USDPAB":0.996082,"USDPEN":3.542113,"USDPGK":4.136416,"USDPHP":57.164501,"USDPKR":282.843731,"USDPLN":3.664656,"USDPYG":7460.963815,"USDQAR":3.631534,"USDRON":4.3533,"USDRSD":100.448024,"USDRUB":80.000066,"USDRWF":1440.873964,"USDSAR":3.752054,"USDSBD":8.217066,"USDSCR":14.635046,"USDSDG":600.499662,"USDSEK":9.60429,"USDSGD":1.28494,"USDSHP":0.785843,"USDSLE":23.098323,"USDSLL":20969.503947,"USDSOS":569.31256,"USDSRD":37.036047,"USDSTD":20697.981008,"USDSTN":21.025441,"USDSVC":8.715614,"USDSYP":13001.372255,"USDSZL":17.742745,"USDTHB":32.32197,"USDTJS":9.31359,"USDTMT":3.51,"USDTND":2.935899,"USDTOP":2.342101,"USDTRY":40.68228,"USDTTD":6.75297,"USDTWD":29.8825,"USDTZS":2480.000013,"USDUAH":41.441389,"USDUGX":3556.272608,"USDUYU":39.974254,"USDUZS":12476.132039,"USDVES":128.74775,"USDVND":26215,"USDVUV":119.124121,"USDWST":2.771506,"USDXAF":562.925172,"USDXAG":0.02635,"USDXAU":0.000296,"USDXCD":2.70255,"USDXCG":1.795214,"USDXDR":0.700098,"USDXOF":562.925172,"USDXPF":102.345818,"USDYER":240.450372,"USDZAR":17.763845,"USDZMK":9001.200304,"USDZMW":22.935654,"USDZWL":321.999592}}