{"success":true,"terms":"https:\/\/currencylayer.com\/terms","privacy":"https:\/\/currencylayer.com\/privacy","timestamp":1771985408,"source":"USD","quotes":{"USDAED":3.672504,"USDAFN":62.999807,"USDALL":81.741116,"USDAMD":377.052521,"USDANG":1.789731,"USDAOA":917.000342,"USDARS":1379.732504,"USDAUD":1.411961,"USDAWG":1.80125,"USDAZN":1.697294,"USDBAM":1.660525,"USDBBD":2.014399,"USDBDT":122.225807,"USDBGN":1.647646,"USDBHD":0.377045,"USDBIF":2966.494178,"USDBMD":1,"USDBND":1.267134,"USDBOB":6.911073,"USDBRL":5.153905,"USDBSD":1.000195,"USDBTC":1.5140573e-5,"USDBTN":90.8891,"USDBWP":13.198457,"USDBYN":2.86704,"USDBYR":19600,"USDBZD":2.011521,"USDCAD":1.36975,"USDCDF":2129.999864,"USDCHF":0.773299,"USDCLF":0.021861,"USDCLP":863.190073,"USDCNY":6.884102,"USDCNH":6.87263,"USDCOP":3711.86,"USDCRC":474.251924,"USDCUC":1,"USDCUP":26.5,"USDCVE":93.61787,"USDCZK":20.556005,"USDDJF":178.101149,"USDDKK":6.341399,"USDDOP":60.992227,"USDDZD":130.050049,"USDEGP":47.800503,"USDERN":15,"USDETB":155.017702,"USDEUR":0.848745,"USDFJD":2.19785,"USDFKP":0.740353,"USDGBP":0.740255,"USDGEL":2.669678,"USDGGP":0.740353,"USDGHS":10.777538,"USDGIP":0.740353,"USDGMD":72.999635,"USDGNF":8771.877693,"USDGTQ":7.673498,"USDGYD":209.259479,"USDHKD":7.82157,"USDHNL":26.460812,"USDHRK":6.394805,"USDHTG":131.255545,"USDHUF":321.168504,"USDIDR":16845,"USDILS":3.102585,"USDIMP":0.740353,"USDINR":90.910351,"USDIQD":1310.302084,"USDIRR":1295153.999356,"USDISK":122.303834,"USDJEP":0.740353,"USDJMD":156.284756,"USDJOD":0.70903,"USDJPY":155.740501,"USDKES":128.979586,"USDKGS":87.449666,"USDKHR":4012.378434,"USDKMF":418.000175,"USDKPW":900.013698,"USDKRW":1439.335043,"USDKWD":0.30661,"USDKYD":0.833471,"USDKZT":499.106419,"USDLAK":21418.777513,"USDLBP":89564.637863,"USDLKR":309.456293,"USDLRD":183.533987,"USDLSL":15.997436,"USDLTL":2.95274,"USDLVL":0.60489,"USDLYD":6.331768,"USDMAD":9.180011,"USDMDL":17.113167,"USDMGA":4270.420335,"USDMKD":52.316846,"USDMMK":2099.701293,"USDMNT":3567.893063,"USDMOP":8.059211,"USDMRU":39.897101,"USDMUR":46.449819,"USDMVR":15.449716,"USDMWK":1734.339116,"USDMXN":17.18015,"USDMYR":3.895501,"USDMZN":64.399011,"USDNAD":15.997436,"USDNGN":1350.88002,"USDNIO":36.804191,"USDNOK":9.5529,"USDNPR":145.419196,"USDNZD":1.67433,"USDOMR":0.384484,"USDPAB":1.000238,"USDPEN":3.359681,"USDPGK":4.301888,"USDPHP":57.666505,"USDPKR":279.596898,"USDPLN":3.57805,"USDPYG":6454.02294,"USDQAR":3.635615,"USDRON":4.3244,"USDRSD":99.694012,"USDRUB":76.549658,"USDRWF":1461.300415,"USDSAR":3.751194,"USDSBD":8.045182,"USDSCR":15.103004,"USDSDG":601.497554,"USDSEK":9.035525,"USDSGD":1.266265,"USDSHP":0.750259,"USDSLE":24.447226,"USDSLL":20969.49935,"USDSOS":570.615953,"USDSRD":37.804495,"USDSTD":20697.981008,"USDSTN":20.800523,"USDSVC":8.751762,"USDSYP":110.548492,"USDSZL":16.003532,"USDTHB":31.057979,"USDTJS":9.476915,"USDTMT":3.51,"USDTND":2.90333,"USDTOP":2.40776,"USDTRY":43.853899,"USDTTD":6.788698,"USDTWD":31.327502,"USDTZS":2561.477028,"USDUAH":43.259698,"USDUGX":3583.739451,"USDUYU":38.732574,"USDUZS":12238.712197,"USDVES":406.86955,"USDVND":26198.5,"USDVUV":118.310075,"USDWST":2.71223,"USDXAF":556.908108,"USDXAG":0.011286,"USDXAU":0.000193,"USDXCD":2.70255,"USDXCG":1.802652,"USDXDR":0.692606,"USDXOF":556.901016,"USDXPF":101.254861,"USDYER":238.475032,"USDZAR":15.94863,"USDZMK":9001.201647,"USDZMW":18.828134,"USDZWL":321.999592}}