{"success":true,"terms":"https:\/\/currencylayer.com\/terms","privacy":"https:\/\/currencylayer.com\/privacy","timestamp":1762393024,"source":"USD","quotes":{"USDAED":3.672503,"USDAFN":65.999724,"USDALL":83.901015,"USDAMD":382.570313,"USDANG":1.789982,"USDAOA":917.000301,"USDARS":1450.813047,"USDAUD":1.537752,"USDAWG":1.8025,"USDAZN":1.698703,"USDBAM":1.701894,"USDBBD":2.013462,"USDBDT":121.860805,"USDBGN":1.70091,"USDBHD":0.377019,"USDBIF":2951,"USDBMD":1,"USDBND":1.306514,"USDBOB":6.907654,"USDBRL":5.360204,"USDBSD":0.999682,"USDBTC":9.682417e-6,"USDBTN":88.718716,"USDBWP":13.495075,"USDBYN":3.407518,"USDBYR":19600,"USDBZD":2.010599,"USDCAD":1.410625,"USDCDF":2221.000174,"USDCHF":0.809025,"USDCLF":0.024061,"USDCLP":943.920052,"USDCNY":7.12675,"USDCNH":7.127494,"USDCOP":3834.5,"USDCRC":501.842642,"USDCUC":1,"USDCUP":26.5,"USDCVE":96.375002,"USDCZK":21.181997,"USDDJF":177.720622,"USDDKK":6.48832,"USDDOP":64.29876,"USDDZD":130.967577,"USDEGP":47.419097,"USDERN":15,"USDETB":153.125002,"USDEUR":0.869125,"USDFJD":2.281598,"USDFKP":0.766694,"USDGBP":0.76565,"USDGEL":2.715031,"USDGGP":0.766694,"USDGHS":10.925027,"USDGIP":0.766694,"USDGMD":73.498929,"USDGNF":8691.000453,"USDGTQ":7.661048,"USDGYD":209.152772,"USDHKD":7.774905,"USDHNL":26.360304,"USDHRK":6.546951,"USDHTG":130.911876,"USDHUF":336.216976,"USDIDR":16676.1,"USDILS":3.25805,"USDIMP":0.766694,"USDINR":88.61435,"USDIQD":1310,"USDIRR":42112.499486,"USDISK":127.74958,"USDJEP":0.766694,"USDJMD":160.956848,"USDJOD":0.709043,"USDJPY":153.9155,"USDKES":129.249618,"USDKGS":87.449781,"USDKHR":4027.0004,"USDKMF":426.000168,"USDKPW":899.974506,"USDKRW":1446.729936,"USDKWD":0.30713,"USDKYD":0.83313,"USDKZT":525.140102,"USDLAK":21639.999867,"USDLBP":89700.938812,"USDLKR":304.599802,"USDLRD":183.449746,"USDLSL":17.309832,"USDLTL":2.95274,"USDLVL":0.60489,"USDLYD":5.454993,"USDMAD":9.310268,"USDMDL":17.135125,"USDMGA":4500.000306,"USDMKD":53.533982,"USDMMK":2099.235133,"USDMNT":3586.705847,"USDMOP":8.006805,"USDMRU":39.764817,"USDMUR":46.030134,"USDMVR":15.404989,"USDMWK":1736.999869,"USDMXN":18.607497,"USDMYR":4.183981,"USDMZN":63.950209,"USDNAD":17.3103,"USDNGN":1443.010314,"USDNIO":36.769871,"USDNOK":10.207775,"USDNPR":141.949154,"USDNZD":1.766795,"USDOMR":0.384493,"USDPAB":0.999687,"USDPEN":3.383891,"USDPGK":4.21599,"USDPHP":58.77429,"USDPKR":282.634661,"USDPLN":3.698749,"USDPYG":7077.158694,"USDQAR":3.644235,"USDRON":4.418403,"USDRSD":101.854988,"USDRUB":81.352818,"USDRWF":1452.539246,"USDSAR":3.750505,"USDSBD":8.223823,"USDSCR":13.719824,"USDSDG":600.501971,"USDSEK":9.555065,"USDSGD":1.306025,"USDSHP":0.750259,"USDSLE":23.200108,"USDSLL":20969.499529,"USDSOS":571.286853,"USDSRD":38.557968,"USDSTD":20697.981008,"USDSTN":21.319828,"USDSVC":8.747031,"USDSYP":11058.728905,"USDSZL":17.467466,"USDTHB":32.460004,"USDTJS":9.257197,"USDTMT":3.5,"USDTND":2.963392,"USDTOP":2.342104,"USDTRY":42.115042,"USDTTD":6.775354,"USDTWD":30.911496,"USDTZS":2459.807011,"USDUAH":42.064759,"USDUGX":3491.230589,"USDUYU":39.758439,"USDUZS":11987.500085,"USDVES":223.682199,"USDVND":26322.5,"USDVUV":121.938877,"USDWST":2.805824,"USDXAF":570.814334,"USDXAG":0.020917,"USDXAU":0.000252,"USDXCD":2.70255,"USDXCG":1.801656,"USDXDR":0.70875,"USDXOF":570.496913,"USDXPF":103.778346,"USDYER":238.54962,"USDZAR":17.4201,"USDZMK":9001.196363,"USDZMW":22.392878,"USDZWL":321.999592}}