{"success":true,"terms":"https:\/\/currencylayer.com\/terms","privacy":"https:\/\/currencylayer.com\/privacy","timestamp":1776911948,"source":"USD","quotes":{"USDAED":3.672497,"USDAFN":63.503214,"USDALL":81.529489,"USDAMD":375.111005,"USDANG":1.789884,"USDAOA":917.999506,"USDARS":1378.505983,"USDAUD":1.398288,"USDAWG":1.8,"USDAZN":1.705159,"USDBAM":1.670018,"USDBBD":2.021074,"USDBDT":123.120931,"USDBGN":1.668102,"USDBHD":0.377117,"USDBIF":2983.85754,"USDBMD":1,"USDBND":1.277223,"USDBOB":6.933593,"USDBRL":4.9867,"USDBSD":1.003407,"USDBTC":1.2841116e-5,"USDBTN":94.06767,"USDBWP":13.491474,"USDBYN":2.823304,"USDBYR":19600,"USDBZD":2.018171,"USDCAD":1.366825,"USDCDF":2310.999694,"USDCHF":0.784935,"USDCLF":0.022619,"USDCLP":890.229849,"USDCNY":6.824799,"USDCNH":6.833035,"USDCOP":3571.47,"USDCRC":457.171157,"USDCUC":1,"USDCUP":26.5,"USDCVE":94.15346,"USDCZK":20.80475,"USDDJF":178.685179,"USDDKK":6.38451,"USDDOP":60.386896,"USDDZD":132.512292,"USDEGP":52.007302,"USDERN":15,"USDETB":157.950756,"USDEUR":0.854299,"USDFJD":2.217899,"USDFKP":0.740159,"USDGBP":0.740915,"USDGEL":2.690275,"USDGGP":0.740159,"USDGHS":11.10817,"USDGIP":0.740159,"USDGMD":73.000223,"USDGNF":8806.991628,"USDGTQ":7.669581,"USDGYD":209.952866,"USDHKD":7.831725,"USDHNL":26.659209,"USDHRK":6.436199,"USDHTG":131.351211,"USDHUF":311.802039,"USDIDR":17307,"USDILS":2.99945,"USDIMP":0.740159,"USDINR":94.00065,"USDIQD":1314.468201,"USDIRR":1319500.000077,"USDISK":122.850037,"USDJEP":0.740159,"USDJMD":158.959624,"USDJOD":0.708967,"USDJPY":159.493034,"USDKES":129.590106,"USDKGS":87.427401,"USDKHR":4016.616359,"USDKMF":421.000066,"USDKPW":899.990254,"USDKRW":1481.770106,"USDKWD":0.30832,"USDKYD":0.836208,"USDKZT":464.965162,"USDLAK":22138.636519,"USDLBP":89858.937248,"USDLKR":318.857162,"USDLRD":184.634433,"USDLSL":16.494808,"USDLTL":2.95274,"USDLVL":0.60489,"USDLYD":6.345262,"USDMAD":9.265398,"USDMDL":17.188821,"USDMGA":4161.845762,"USDMKD":52.667327,"USDMMK":2099.66818,"USDMNT":3578.517246,"USDMOP":8.094644,"USDMRU":40.057552,"USDMUR":46.519862,"USDMVR":15.450442,"USDMWK":1739.624204,"USDMXN":17.35745,"USDMYR":3.963503,"USDMZN":63.910085,"USDNAD":16.494808,"USDNGN":1351.590205,"USDNIO":36.930302,"USDNOK":9.307403,"USDNPR":150.509557,"USDNZD":1.695305,"USDOMR":0.384498,"USDPAB":1.003488,"USDPEN":3.448364,"USDPGK":4.413987,"USDPHP":60.492994,"USDPKR":279.73666,"USDPLN":3.62625,"USDPYG":6311.960448,"USDQAR":3.658464,"USDRON":4.349605,"USDRSD":100.260309,"USDRUB":75.105129,"USDRWF":1466.294941,"USDSAR":3.750523,"USDSBD":8.048395,"USDSCR":13.695009,"USDSDG":600.506991,"USDSEK":9.230685,"USDSGD":1.27648,"USDSHP":0.746601,"USDSLE":24.649832,"USDSLL":20969.496166,"USDSOS":573.470581,"USDSRD":37.457951,"USDSTD":20697.981008,"USDSTN":20.921395,"USDSVC":8.780484,"USDSYP":110.631499,"USDSZL":16.48863,"USDTHB":32.349028,"USDTJS":9.447326,"USDTMT":3.505,"USDTND":2.91772,"USDTOP":2.40776,"USDTRY":44.92297,"USDTTD":6.80289,"USDTWD":31.5279,"USDTZS":2605.000262,"USDUAH":44.026505,"USDUGX":3717.808593,"USDUYU":39.893265,"USDUZS":12170.349023,"USDVES":482.15515,"USDVND":26330,"USDVUV":117.946979,"USDWST":2.711482,"USDXAF":560.113225,"USDXAG":0.013065,"USDXAU":0.000212,"USDXCD":2.70255,"USDXCG":1.80844,"USDXDR":0.696601,"USDXOF":560.115617,"USDXPF":101.833707,"USDYER":238.650107,"USDZAR":16.517204,"USDZMK":9001.200113,"USDZMW":19.090436,"USDZWL":321.999592}}