{"success":true,"terms":"https:\/\/currencylayer.com\/terms","privacy":"https:\/\/currencylayer.com\/privacy","timestamp":1764207427,"source":"USD","quotes":{"USDAED":3.672499,"USDAFN":65.499154,"USDALL":83.349759,"USDAMD":381.120246,"USDANG":1.790055,"USDAOA":917.00039,"USDARS":1452.7313,"USDAUD":1.531655,"USDAWG":1.8025,"USDAZN":1.696935,"USDBAM":1.690034,"USDBBD":2.014768,"USDBDT":122.463793,"USDBGN":1.684795,"USDBHD":0.37696,"USDBIF":2965,"USDBMD":1,"USDBND":1.298573,"USDBOB":6.911986,"USDBRL":5.333022,"USDBSD":1.000298,"USDBTC":1.1031945e-5,"USDBTN":89.314122,"USDBWP":13.37625,"USDBYN":3.416662,"USDBYR":19600,"USDBZD":2.011665,"USDCAD":1.40375,"USDCDF":2200.000259,"USDCHF":0.80302,"USDCLF":0.02361,"USDCLP":926.196143,"USDCNY":7.080404,"USDCNH":7.07227,"USDCOP":3736.38,"USDCRC":500.14906,"USDCUC":1,"USDCUP":26.5,"USDCVE":95.498846,"USDCZK":20.82275,"USDDJF":177.719665,"USDDKK":6.433695,"USDDOP":62.649671,"USDDZD":130.429464,"USDEGP":47.715041,"USDERN":15,"USDETB":153.849689,"USDEUR":0.86143,"USDFJD":2.27435,"USDFKP":0.759179,"USDGBP":0.75434,"USDGEL":2.701654,"USDGGP":0.759179,"USDGHS":11.124989,"USDGIP":0.759179,"USDGMD":73.000146,"USDGNF":8691.000191,"USDGTQ":7.66306,"USDGYD":209.288359,"USDHKD":7.778015,"USDHNL":26.249893,"USDHRK":6.493198,"USDHTG":130.895956,"USDHUF":328.952999,"USDIDR":16634.1,"USDILS":3.269525,"USDIMP":0.759179,"USDINR":89.16295,"USDIQD":1310,"USDIRR":42112.501691,"USDISK":126.629716,"USDJEP":0.759179,"USDJMD":160.218798,"USDJOD":0.708999,"USDJPY":155.831022,"USDKES":129.783254,"USDKGS":87.449967,"USDKHR":4006.000053,"USDKMF":425.499206,"USDKPW":899.9442,"USDKRW":1465.590027,"USDKWD":0.30671,"USDKYD":0.833596,"USDKZT":518.770387,"USDLAK":21700.000218,"USDLBP":89549.999518,"USDLKR":308.000069,"USDLRD":177.490641,"USDLSL":17.10312,"USDLTL":2.95274,"USDLVL":0.60489,"USDLYD":5.445025,"USDMAD":9.244968,"USDMDL":17.035709,"USDMGA":4492.497576,"USDMKD":53.065097,"USDMMK":2099.519905,"USDMNT":3580.588036,"USDMOP":8.01265,"USDMRU":39.749905,"USDMUR":46.13028,"USDMVR":15.410019,"USDMWK":1736.503383,"USDMXN":18.335915,"USDMYR":4.127503,"USDMZN":63.89907,"USDNAD":17.108602,"USDNGN":1447.020298,"USDNIO":36.769558,"USDNOK":10.197402,"USDNPR":142.904792,"USDNZD":1.74937,"USDOMR":0.384498,"USDPAB":1.000389,"USDPEN":3.368503,"USDPGK":4.242501,"USDPHP":58.759728,"USDPKR":280.501917,"USDPLN":3.646525,"USDPYG":6997.56321,"USDQAR":3.641098,"USDRON":4.385194,"USDRSD":101.106991,"USDRUB":78.492245,"USDRWF":1450.5,"USDSAR":3.750792,"USDSBD":8.237372,"USDSCR":13.567025,"USDSDG":601.500185,"USDSEK":9.47808,"USDSGD":1.294765,"USDSHP":0.750259,"USDSLE":22.95004,"USDSLL":20969.498139,"USDSOS":571.503848,"USDSRD":38.464003,"USDSTD":20697.981008,"USDSTN":21.38,"USDSVC":8.752722,"USDSYP":11058.449375,"USDSZL":17.079477,"USDTHB":32.220222,"USDTJS":9.277315,"USDTMT":3.5,"USDTND":2.93875,"USDTOP":2.40776,"USDTRY":42.445904,"USDTTD":6.789649,"USDTWD":31.282299,"USDTZS":2474.99985,"USDUAH":42.341479,"USDUGX":3625.821448,"USDUYU":39.749749,"USDUZS":11899.999728,"USDVES":243.26823,"USDVND":26376.5,"USDVUV":122.89051,"USDWST":2.828086,"USDXAF":566.811691,"USDXAG":0.01888,"USDXAU":0.000241,"USDXCD":2.70255,"USDXCG":1.802926,"USDXDR":0.704694,"USDXOF":565.000074,"USDXPF":103.296617,"USDYER":238.350219,"USDZAR":17.129485,"USDZMK":9001.19855,"USDZMW":22.907755,"USDZWL":321.999592}}