{"success":true,"terms":"https:\/\/currencylayer.com\/terms","privacy":"https:\/\/currencylayer.com\/privacy","timestamp":1766108584,"source":"USD","quotes":{"USDAED":3.672803,"USDAFN":65.999796,"USDALL":82.249797,"USDAMD":381.495633,"USDANG":1.790403,"USDAOA":917.000015,"USDARS":1450.378804,"USDAUD":1.51192,"USDAWG":1.8,"USDAZN":1.677447,"USDBAM":1.669612,"USDBBD":2.015307,"USDBDT":122.367966,"USDBGN":1.66904,"USDBHD":0.377022,"USDBIF":2965,"USDBMD":1,"USDBND":1.291862,"USDBOB":6.914156,"USDBRL":5.523397,"USDBSD":1.00061,"USDBTC":1.1729173e-5,"USDBTN":90.277748,"USDBWP":13.222922,"USDBYN":2.935756,"USDBYR":19600,"USDBZD":2.012438,"USDCAD":1.37779,"USDCDF":2263.999729,"USDCHF":0.794645,"USDCLF":0.023226,"USDCLP":911.140459,"USDCNY":7.04125,"USDCNH":7.036155,"USDCOP":3863.71,"USDCRC":498.555129,"USDCUC":1,"USDCUP":26.5,"USDCVE":94.449707,"USDCZK":20.773499,"USDDJF":177.720306,"USDDKK":6.37263,"USDDOP":62.549784,"USDDZD":129.70444,"USDEGP":47.521403,"USDERN":15,"USDETB":155.198252,"USDEUR":0.85298,"USDFJD":2.29175,"USDFKP":0.746872,"USDGBP":0.74726,"USDGEL":2.689901,"USDGGP":0.746872,"USDGHS":11.525041,"USDGIP":0.746872,"USDGMD":73.501661,"USDGNF":8684.999767,"USDGTQ":7.663578,"USDGYD":209.345507,"USDHKD":7.782202,"USDHNL":26.18025,"USDHRK":6.426196,"USDHTG":131.049996,"USDHUF":330.603993,"USDIDR":16697.1,"USDILS":3.208805,"USDIMP":0.746872,"USDINR":90.2553,"USDIQD":1310,"USDIRR":42125.000101,"USDISK":125.906089,"USDJEP":0.746872,"USDJMD":160.101077,"USDJOD":0.708999,"USDJPY":155.726984,"USDKES":128.900961,"USDKGS":87.449662,"USDKHR":4009.999731,"USDKMF":421.00031,"USDKPW":899.993999,"USDKRW":1477.640217,"USDKWD":0.3069,"USDKYD":0.833782,"USDKZT":516.249648,"USDLAK":21655.999987,"USDLBP":89549.999894,"USDLKR":309.584176,"USDLRD":177.409778,"USDLSL":16.735002,"USDLTL":2.95274,"USDLVL":0.60489,"USDLYD":5.420081,"USDMAD":9.174985,"USDMDL":16.874536,"USDMGA":4528.000384,"USDMKD":52.517746,"USDMMK":2100.057046,"USDMNT":3547.602841,"USDMOP":8.019874,"USDMRU":39.759902,"USDMUR":46.039809,"USDMVR":15.459943,"USDMWK":1738.000221,"USDMXN":17.99673,"USDMYR":4.08104,"USDMZN":63.909948,"USDNAD":16.740314,"USDNGN":1457.880122,"USDNIO":36.698937,"USDNOK":10.15815,"USDNPR":144.441314,"USDNZD":1.731885,"USDOMR":0.384416,"USDPAB":1.000627,"USDPEN":3.366032,"USDPGK":4.24925,"USDPHP":58.564979,"USDPKR":280.25019,"USDPLN":3.584302,"USDPYG":6680.126517,"USDQAR":3.641203,"USDRON":4.342502,"USDRSD":100.164267,"USDRUB":79.930567,"USDRWF":1452,"USDSAR":3.750821,"USDSBD":8.140117,"USDSCR":14.802667,"USDSDG":601.493234,"USDSEK":9.280905,"USDSGD":1.290255,"USDSHP":0.750259,"USDSLE":24.099972,"USDSLL":20969.503664,"USDSOS":571.50174,"USDSRD":38.677971,"USDSTD":20697.981008,"USDSTN":21.2,"USDSVC":8.755448,"USDSYP":11058.365356,"USDSZL":16.739725,"USDTHB":31.409804,"USDTJS":9.240587,"USDTMT":3.51,"USDTND":2.904499,"USDTOP":2.40776,"USDTRY":42.805301,"USDTTD":6.789428,"USDTWD":31.54699,"USDTZS":2489.999741,"USDUAH":42.262365,"USDUGX":3574.401243,"USDUYU":39.209995,"USDUZS":12025.000206,"USDVES":279.213405,"USDVND":26325,"USDVUV":121.372904,"USDWST":2.784715,"USDXAF":559.97217,"USDXAG":0.015428,"USDXAU":0.000232,"USDXCD":2.70255,"USDXCG":1.803297,"USDXDR":0.69494,"USDXOF":558.000168,"USDXPF":102.202089,"USDYER":238.450038,"USDZAR":16.742535,"USDZMK":9001.1977,"USDZMW":22.76404,"USDZWL":321.999592}}