{"success":true,"terms":"https:\/\/currencylayer.com\/terms","privacy":"https:\/\/currencylayer.com\/privacy","timestamp":1780975925,"source":"USD","quotes":{"USDAED":3.672505,"USDAFN":63.000359,"USDALL":82.650161,"USDAMD":368.529489,"USDANG":1.79046,"USDAOA":917.999834,"USDARS":1446.5057,"USDAUD":1.419305,"USDAWG":1.8,"USDAZN":1.703998,"USDBAM":1.695616,"USDBBD":2.012363,"USDBDT":122.63971,"USDBGN":1.66992,"USDBHD":0.377125,"USDBIF":2985,"USDBMD":1,"USDBND":1.287621,"USDBOB":6.928809,"USDBRL":5.204703,"USDBSD":0.999072,"USDBTC":1.5943115e-5,"USDBTN":95.574185,"USDBWP":13.560189,"USDBYN":2.803341,"USDBYR":19600,"USDBZD":2.009415,"USDCAD":1.394855,"USDCDF":2285.495715,"USDCHF":0.79764,"USDCLF":0.023464,"USDCLP":923.460329,"USDCNY":6.783706,"USDCNH":6.78001,"USDCOP":3591.54,"USDCRC":461.043634,"USDCUC":1,"USDCUP":26.5,"USDCVE":95.95024,"USDCZK":20.976974,"USDDJF":177.719718,"USDDKK":6.47831,"USDDOP":58.210142,"USDDZD":133.709015,"USDEGP":52.158605,"USDERN":15,"USDETB":158.810036,"USDEUR":0.86677,"USDFJD":2.217898,"USDFKP":0.749273,"USDGBP":0.749105,"USDGEL":2.660057,"USDGGP":0.749273,"USDGHS":11.809785,"USDGIP":0.749273,"USDGMD":72.503383,"USDGNF":8774.999838,"USDGTQ":7.617049,"USDGYD":209.033768,"USDHKD":7.835735,"USDHNL":26.670034,"USDHRK":6.530699,"USDHTG":130.632486,"USDHUF":308.463499,"USDIDR":18168.2,"USDILS":2.92903,"USDIMP":0.749273,"USDINR":95.44135,"USDIQD":1310,"USDIRR":1375049.999784,"USDISK":124.252639,"USDJEP":0.749273,"USDJMD":157.727503,"USDJOD":0.709027,"USDJPY":160.230501,"USDKES":129.350469,"USDKGS":87.449703,"USDKHR":4009.99972,"USDKMF":426.999565,"USDKPW":899.855249,"USDKRW":1519.639792,"USDKWD":0.30939,"USDKYD":0.832633,"USDKZT":486.594738,"USDLAK":22000.000043,"USDLBP":89550.000285,"USDLKR":336.828599,"USDLRD":182.475022,"USDLSL":16.550053,"USDLTL":2.95274,"USDLVL":0.60489,"USDLYD":6.354975,"USDMAD":9.260997,"USDMDL":17.405176,"USDMGA":4199.999804,"USDMKD":53.43614,"USDMMK":2099.299557,"USDMNT":3578.788309,"USDMOP":8.064259,"USDMRU":40.035024,"USDMUR":47.901871,"USDMVR":15.449817,"USDMWK":1737.000066,"USDMXN":17.4476,"USDMYR":4.061704,"USDMZN":63.909979,"USDNAD":16.54968,"USDNGN":1360.060272,"USDNIO":36.609589,"USDNOK":9.46845,"USDNPR":152.920369,"USDNZD":1.71979,"USDOMR":0.384504,"USDPAB":0.999163,"USDPEN":3.47125,"USDPGK":4.360037,"USDPHP":61.57398,"USDPKR":278.502559,"USDPLN":3.67515,"USDPYG":6148.537642,"USDQAR":3.637503,"USDRON":4.544099,"USDRSD":101.738992,"USDRUB":72.97466,"USDRWF":1463,"USDSAR":3.753798,"USDSBD":8.048583,"USDSCR":13.157769,"USDSDG":600.498004,"USDSEK":9.42558,"USDSGD":1.287135,"USDSHP":0.746601,"USDSLE":24.602945,"USDSLL":20969.502105,"USDSOS":571.000006,"USDSRD":37.349501,"USDSTD":20697.981008,"USDSTN":21.5,"USDSVC":8.742317,"USDSYP":110.532098,"USDSZL":16.550204,"USDTHB":32.840222,"USDTJS":9.346916,"USDTMT":3.5,"USDTND":2.917496,"USDTOP":2.40776,"USDTRY":46.117601,"USDTTD":6.767406,"USDTWD":31.546596,"USDTZS":2624.998045,"USDUAH":44.600913,"USDUGX":3766.95999,"USDUYU":40.244833,"USDUZS":11967.499815,"USDVES":562.585085,"USDVND":26345,"USDVUV":118.279585,"USDWST":2.727014,"USDXAF":568.691317,"USDXAG":0.014767,"USDXAU":0.000231,"USDXCD":2.70255,"USDXCG":1.800654,"USDXDR":0.708406,"USDXOF":564.502799,"USDXPF":103.875025,"USDYER":238.62494,"USDZAR":16.490297,"USDZMK":9001.202288,"USDZMW":17.559572,"USDZWL":321.999592}}