{"success":true,"terms":"https:\/\/currencylayer.com\/terms","privacy":"https:\/\/currencylayer.com\/privacy","timestamp":1778208905,"source":"USD","quotes":{"USDAED":3.672499,"USDAFN":64.496843,"USDALL":81.380528,"USDAMD":369.184597,"USDANG":1.789884,"USDAOA":918.0002,"USDARS":1395.511902,"USDAUD":1.386559,"USDAWG":1.8,"USDAZN":1.700866,"USDBAM":1.667512,"USDBBD":2.020641,"USDBDT":123.098172,"USDBGN":1.668102,"USDBHD":0.378875,"USDBIF":2985.894118,"USDBMD":1,"USDBND":1.270084,"USDBOB":6.932419,"USDBRL":4.946197,"USDBSD":1.003253,"USDBTC":1.2576599e-5,"USDBTN":94.565375,"USDBWP":13.432689,"USDBYN":2.835207,"USDBYR":19600,"USDBZD":2.017742,"USDCAD":1.366051,"USDCDF":2316.00014,"USDCHF":0.78055,"USDCLF":0.022638,"USDCLP":890.96985,"USDCNY":6.80185,"USDCNH":6.80388,"USDCOP":3738.9,"USDCRC":460.209132,"USDCUC":1,"USDCUP":26.5,"USDCVE":94.012576,"USDCZK":20.724996,"USDDJF":178.651968,"USDDKK":6.37107,"USDDOP":59.661791,"USDDZD":132.260162,"USDEGP":52.71684,"USDERN":15,"USDETB":156.643406,"USDEUR":0.85261,"USDFJD":2.189199,"USDFKP":0.735472,"USDGBP":0.737565,"USDGEL":2.679786,"USDGGP":0.735472,"USDGHS":11.286699,"USDGIP":0.735472,"USDGMD":73.000149,"USDGNF":8804.55958,"USDGTQ":7.660794,"USDGYD":209.901226,"USDHKD":7.829545,"USDHNL":26.670759,"USDHRK":6.424796,"USDHTG":131.399121,"USDHUF":304.361998,"USDIDR":17375,"USDILS":2.901355,"USDIMP":0.735472,"USDINR":94.43085,"USDIQD":1314.280599,"USDIRR":1312899.999918,"USDISK":122.601265,"USDJEP":0.735472,"USDJMD":158.020607,"USDJOD":0.70902,"USDJPY":156.901497,"USDKES":129.520119,"USDKGS":87.420497,"USDKHR":4024.093407,"USDKMF":419.000049,"USDKPW":900.010907,"USDKRW":1464.019539,"USDKWD":0.30796,"USDKYD":0.836058,"USDKZT":464.61503,"USDLAK":22016.463537,"USDLBP":89841.460659,"USDLKR":323.055346,"USDLRD":184.10709,"USDLSL":16.368643,"USDLTL":2.95274,"USDLVL":0.60489,"USDLYD":6.345837,"USDMAD":9.195197,"USDMDL":17.26071,"USDMGA":4165.565455,"USDMKD":52.573899,"USDMMK":2099.841446,"USDMNT":3580.445259,"USDMOP":8.092183,"USDMRU":40.138456,"USDMUR":46.720597,"USDMVR":15.454954,"USDMWK":1739.54559,"USDMXN":17.28705,"USDMYR":3.917503,"USDMZN":63.902086,"USDNAD":16.368783,"USDNGN":1361.539734,"USDNIO":36.917043,"USDNOK":9.31468,"USDNPR":151.292686,"USDNZD":1.68403,"USDOMR":0.384499,"USDPAB":1.003253,"USDPEN":3.475021,"USDPGK":4.365952,"USDPHP":60.47502,"USDPKR":279.534225,"USDPLN":3.607898,"USDPYG":6140.362095,"USDQAR":3.656974,"USDRON":4.487902,"USDRSD":100.106019,"USDRUB":74.647146,"USDRWF":1470.817685,"USDSAR":3.771636,"USDSBD":8.032258,"USDSCR":13.850215,"USDSDG":600.50249,"USDSEK":9.281535,"USDSGD":1.26901,"USDSHP":0.746601,"USDSLE":24.587145,"USDSLL":20969.496166,"USDSOS":573.372496,"USDSRD":37.431007,"USDSTD":20697.981008,"USDSTN":20.887684,"USDSVC":8.778354,"USDSYP":110.548305,"USDSZL":16.363923,"USDTHB":32.246016,"USDTJS":9.375794,"USDTMT":3.51,"USDTND":2.910164,"USDTOP":2.40776,"USDTRY":45.324801,"USDTTD":6.786684,"USDTWD":31.4173,"USDTZS":2600.894033,"USDUAH":43.928641,"USDUGX":3752.28603,"USDUYU":40.11647,"USDUZS":12157.202113,"USDVES":496.20906,"USDVND":26313.5,"USDVUV":118.093701,"USDWST":2.711513,"USDXAF":559.236967,"USDXAG":0.012543,"USDXAU":0.000212,"USDXCD":2.70255,"USDXCG":1.808106,"USDXDR":0.695511,"USDXOF":559.267959,"USDXPF":101.680898,"USDYER":238.601428,"USDZAR":16.45455,"USDZMK":9001.20406,"USDZMW":19.111685,"USDZWL":321.999592}}