{"success":true,"terms":"https:\/\/currencylayer.com\/terms","privacy":"https:\/\/currencylayer.com\/privacy","timestamp":1755222137,"source":"USD","quotes":{"USDAED":3.672502,"USDAFN":69.504263,"USDALL":83.650038,"USDAMD":383.538566,"USDANG":1.789783,"USDAOA":916.999997,"USDARS":1298.500045,"USDAUD":1.538521,"USDAWG":1.8015,"USDAZN":1.696166,"USDBAM":1.672875,"USDBBD":2.019801,"USDBDT":121.54389,"USDBGN":1.678805,"USDBHD":0.377017,"USDBIF":2955,"USDBMD":1,"USDBND":1.2813,"USDBOB":6.912007,"USDBRL":5.415202,"USDBSD":1.000321,"USDBTC":8.425949e-6,"USDBTN":87.544103,"USDBWP":13.368973,"USDBYN":3.323768,"USDBYR":19600,"USDBZD":2.009452,"USDCAD":1.380995,"USDCDF":2890.0004,"USDCHF":0.80726,"USDCLF":0.024611,"USDCLP":965.500413,"USDCNY":7.18025,"USDCNH":7.181975,"USDCOP":4049,"USDCRC":505.848391,"USDCUC":1,"USDCUP":26.5,"USDCVE":95.150222,"USDCZK":21.0153,"USDDJF":177.719921,"USDDKK":6.40368,"USDDOP":61.699815,"USDDZD":129.632012,"USDEGP":48.294603,"USDERN":15,"USDETB":140.400169,"USDEUR":0.857895,"USDFJD":2.25845,"USDFKP":0.736821,"USDGBP":0.738615,"USDGEL":2.694977,"USDGGP":0.736821,"USDGHS":10.650012,"USDGIP":0.736821,"USDGMD":72.499903,"USDGNF":8674.999903,"USDGTQ":7.67326,"USDGYD":209.282931,"USDHKD":7.84184,"USDHNL":26.350166,"USDHRK":6.465403,"USDHTG":130.995403,"USDHUF":339.319953,"USDIDR":16171.5,"USDILS":3.381615,"USDIMP":0.736821,"USDINR":87.666751,"USDIQD":1310,"USDIRR":42124.999622,"USDISK":122.860228,"USDJEP":0.736821,"USDJMD":160.068427,"USDJOD":0.708972,"USDJPY":147.375498,"USDKES":129.560893,"USDKGS":87.378801,"USDKHR":4007.000074,"USDKMF":422.50484,"USDKPW":899.984127,"USDKRW":1389.809537,"USDKWD":0.30564,"USDKYD":0.833615,"USDKZT":538.462525,"USDLAK":21600.000266,"USDLBP":89549.999706,"USDLKR":301.105528,"USDLRD":201.490189,"USDLSL":17.610213,"USDLTL":2.95274,"USDLVL":0.60489,"USDLYD":5.425017,"USDMAD":8.997996,"USDMDL":16.680851,"USDMGA":4440.000226,"USDMKD":52.814529,"USDMMK":2099.271251,"USDMNT":3588.842841,"USDMOP":8.081343,"USDMRU":39.940199,"USDMUR":45.35001,"USDMVR":15.396504,"USDMWK":1736.500258,"USDMXN":18.78962,"USDMYR":4.217501,"USDMZN":63.960119,"USDNAD":17.610038,"USDNGN":1533.140135,"USDNIO":36.749853,"USDNOK":10.21685,"USDNPR":140.070566,"USDNZD":1.688063,"USDOMR":0.384502,"USDPAB":1.000321,"USDPEN":3.562499,"USDPGK":4.147044,"USDPHP":57.163019,"USDPKR":282.250315,"USDPLN":3.65595,"USDPYG":7492.783064,"USDQAR":3.640502,"USDRON":4.342598,"USDRSD":100.491035,"USDRUB":79.748605,"USDRWF":1444,"USDSAR":3.752376,"USDSBD":8.223773,"USDSCR":14.720135,"USDSDG":600.497925,"USDSEK":9.57883,"USDSGD":1.2842,"USDSHP":0.785843,"USDSLE":23.199416,"USDSLL":20969.49797,"USDSOS":571.497361,"USDSRD":37.540108,"USDSTD":20697.981008,"USDSTN":21.4,"USDSVC":8.75255,"USDSYP":13001.240644,"USDSZL":17.609698,"USDTHB":32.439828,"USDTJS":9.318171,"USDTMT":3.51,"USDTND":2.88425,"USDTOP":2.342099,"USDTRY":40.854585,"USDTTD":6.789693,"USDTWD":30.034503,"USDTZS":2620.000237,"USDUAH":41.503372,"USDUGX":3559.071956,"USDUYU":40.030622,"USDUZS":12587.497645,"USDVES":134.31305,"USDVND":26270,"USDVUV":119.406082,"USDWST":2.658145,"USDXAF":561.06661,"USDXAG":0.026338,"USDXAU":0.000299,"USDXCD":2.70255,"USDXCG":1.802887,"USDXDR":0.702337,"USDXOF":560.000055,"USDXPF":102.749974,"USDYER":240.275023,"USDZAR":17.58802,"USDZMK":9001.19847,"USDZMW":23.033465,"USDZWL":321.999592}}