{"success":true,"terms":"https:\/\/currencylayer.com\/terms","privacy":"https:\/\/currencylayer.com\/privacy","timestamp":1760838074,"source":"USD","quotes":{"USDAED":3.672504,"USDAFN":66.695268,"USDALL":82.91218,"USDAMD":385.173109,"USDANG":1.789982,"USDAOA":917.000367,"USDARS":1455.455918,"USDAUD":1.54202,"USDAWG":1.8025,"USDAZN":1.70397,"USDBAM":1.67815,"USDBBD":2.02025,"USDBDT":122.167403,"USDBGN":1.678461,"USDBHD":0.378137,"USDBIF":2956.368785,"USDBMD":1,"USDBND":1.29864,"USDBOB":6.931228,"USDBRL":5.405204,"USDBSD":1.003046,"USDBTC":9.341604e-6,"USDBTN":88.289502,"USDBWP":13.44116,"USDBYN":3.416963,"USDBYR":19600,"USDBZD":2.017332,"USDCAD":1.40235,"USDCDF":2205.000362,"USDCHF":0.796501,"USDCLF":0.024501,"USDCLP":961.148054,"USDCNY":7.12705,"USDCNH":7.127415,"USDCOP":3856.707709,"USDCRC":503.496503,"USDCUC":1,"USDCUP":26.5,"USDCVE":94.611523,"USDCZK":20.841704,"USDDJF":178.617701,"USDDKK":6.408804,"USDDOP":63.434725,"USDDZD":129.434982,"USDEGP":47.51212,"USDERN":15,"USDETB":149.082672,"USDEUR":0.857604,"USDFJD":2.27385,"USDFKP":0.745131,"USDGBP":0.747747,"USDGEL":2.703861,"USDGGP":0.745131,"USDGHS":10.757218,"USDGIP":0.745131,"USDGMD":72.000355,"USDGNF":8703.934103,"USDGTQ":7.682869,"USDGYD":209.815951,"USDHKD":7.767265,"USDHNL":26.343472,"USDHRK":6.466804,"USDHTG":131.545755,"USDHUF":334.10504,"USDIDR":16572.65,"USDILS":3.305505,"USDIMP":0.745131,"USDINR":88.02565,"USDIQD":1313.998885,"USDIRR":42062.503816,"USDISK":121.710386,"USDJEP":0.745131,"USDJMD":161.199537,"USDJOD":0.70904,"USDJPY":150.60504,"USDKES":129.546527,"USDKGS":87.450384,"USDKHR":4037.067227,"USDKMF":422.503794,"USDKPW":900.015424,"USDKRW":1421.740383,"USDKWD":0.30583,"USDKYD":0.8359,"USDKZT":539.594148,"USDLAK":21765.84152,"USDLBP":89821.785576,"USDLKR":303.685272,"USDLRD":183.551418,"USDLSL":17.491012,"USDLTL":2.95274,"USDLVL":0.60489,"USDLYD":5.444249,"USDMAD":9.172337,"USDMDL":16.916213,"USDMGA":4461.795873,"USDMKD":52.872281,"USDMMK":2099.451936,"USDMNT":3599.286341,"USDMOP":8.024368,"USDMRU":40.113261,"USDMUR":45.030378,"USDMVR":15.303739,"USDMWK":1739.242353,"USDMXN":18.37665,"USDMYR":4.226039,"USDMZN":63.910377,"USDNAD":17.491012,"USDNGN":1471.040377,"USDNIO":36.91278,"USDNOK":10.063025,"USDNPR":141.263031,"USDNZD":1.746725,"USDOMR":0.383955,"USDPAB":1.003046,"USDPEN":3.396285,"USDPGK":4.278176,"USDPHP":58.121038,"USDPKR":283.94929,"USDPLN":3.64095,"USDPYG":7119.13853,"USDQAR":3.656099,"USDRON":4.365204,"USDRSD":100.536274,"USDRUB":81.427775,"USDRWF":1455.918315,"USDSAR":3.750081,"USDSBD":8.237372,"USDSCR":13.918038,"USDSDG":601.503676,"USDSEK":9.43415,"USDSGD":1.295204,"USDSHP":0.750259,"USDSLE":23.120371,"USDSLL":20969.499529,"USDSOS":573.254966,"USDSRD":39.416038,"USDSTD":20697.981008,"USDSTN":21.021923,"USDSVC":8.776867,"USDSYP":13001.807949,"USDSZL":17.485092,"USDTHB":32.745038,"USDTJS":9.252992,"USDTMT":3.5,"USDTND":2.92874,"USDTOP":2.342104,"USDTRY":41.938175,"USDTTD":6.803381,"USDTWD":30.636904,"USDTZS":2467.458921,"USDUAH":41.862971,"USDUGX":3505.941911,"USDUYU":40.156163,"USDUZS":12197.863486,"USDVES":201.21765,"USDVND":26342,"USDVUV":122.986499,"USDWST":2.80898,"USDXAF":562.835814,"USDXAG":0.019232,"USDXAU":0.000235,"USDXCD":2.70255,"USDXCG":1.807714,"USDXDR":0.699987,"USDXOF":562.835814,"USDXPF":102.329572,"USDYER":238.903589,"USDZAR":17.36915,"USDZMK":9001.203584,"USDZMW":22.744004,"USDZWL":321.999592}}