{"success":true,"terms":"https:\/\/currencylayer.com\/terms","privacy":"https:\/\/currencylayer.com\/privacy","timestamp":1774058468,"source":"USD","quotes":{"USDAED":3.673104,"USDAFN":63.000368,"USDALL":83.025041,"USDAMD":377.503986,"USDANG":1.790083,"USDAOA":917.000367,"USDARS":1378.673804,"USDAUD":1.419648,"USDAWG":1.8025,"USDAZN":1.70397,"USDBAM":1.689727,"USDBBD":2.01353,"USDBDT":122.670076,"USDBGN":1.709309,"USDBHD":0.374681,"USDBIF":2970,"USDBMD":1,"USDBND":1.278587,"USDBOB":6.90829,"USDBRL":5.313404,"USDBSD":0.999767,"USDBTC":1.427777e-5,"USDBTN":93.464137,"USDBWP":13.632554,"USDBYN":3.033193,"USDBYR":19600,"USDBZD":2.010678,"USDCAD":1.37305,"USDCDF":2275.000362,"USDCHF":0.78844,"USDCLF":0.023504,"USDCLP":928.050396,"USDCNY":6.886404,"USDCNH":6.906095,"USDCOP":3712.59,"USDCRC":466.966746,"USDCUC":1,"USDCUP":26.5,"USDCVE":95.850394,"USDCZK":21.149204,"USDDJF":177.720393,"USDDKK":6.457504,"USDDOP":59.000359,"USDDZD":131.224675,"USDEGP":51.758616,"USDERN":15,"USDETB":157.150392,"USDEUR":0.862704,"USDFJD":2.21445,"USDFKP":0.749058,"USDGBP":0.749681,"USDGEL":2.71504,"USDGGP":0.749058,"USDGHS":10.90504,"USDGIP":0.749058,"USDGMD":73.503851,"USDGNF":8777.503848,"USDGTQ":7.658082,"USDGYD":209.166703,"USDHKD":7.83535,"USDHNL":26.560388,"USDHRK":6.511304,"USDHTG":131.155614,"USDHUF":339.680388,"USDIDR":16956.2,"USDILS":3.109125,"USDIMP":0.749058,"USDINR":94.04855,"USDIQD":1310,"USDIRR":1315625.000352,"USDISK":124.270386,"USDJEP":0.749058,"USDJMD":157.066706,"USDJOD":0.70904,"USDJPY":159.23904,"USDKES":129.603801,"USDKGS":87.447904,"USDKHR":4010.00035,"USDKMF":427.00035,"USDKPW":899.950845,"USDKRW":1505.310383,"USDKWD":0.30657,"USDKYD":0.833125,"USDKZT":480.643127,"USDLAK":21485.000349,"USDLBP":89550.000349,"USDLKR":311.869854,"USDLRD":183.375039,"USDLSL":17.010381,"USDLTL":2.95274,"USDLVL":0.60489,"USDLYD":6.380381,"USDMAD":9.360504,"USDMDL":17.410687,"USDMGA":4170.000347,"USDMKD":53.172583,"USDMMK":2099.773051,"USDMNT":3569.674815,"USDMOP":8.069756,"USDMRU":40.130379,"USDMUR":46.503741,"USDMVR":15.460378,"USDMWK":1737.000345,"USDMXN":17.898604,"USDMYR":3.939039,"USDMZN":63.903729,"USDNAD":16.830377,"USDNGN":1356.250377,"USDNIO":36.720377,"USDNOK":9.569995,"USDNPR":149.542319,"USDNZD":1.712622,"USDOMR":0.381586,"USDPAB":0.999784,"USDPEN":3.479039,"USDPGK":4.31175,"USDPHP":60.150375,"USDPKR":279.203701,"USDPLN":3.69475,"USDPYG":6529.758871,"USDQAR":3.644504,"USDRON":4.401504,"USDRSD":101.699038,"USDRUB":82.822413,"USDRWF":1459,"USDSAR":3.755057,"USDSBD":8.05166,"USDSCR":14.367754,"USDSDG":601.000339,"USDSEK":9.344038,"USDSGD":1.282304,"USDSHP":0.750259,"USDSLE":24.575038,"USDSLL":20969.510825,"USDSOS":571.503662,"USDSRD":37.487504,"USDSTD":20697.981008,"USDSTN":21.515,"USDSVC":8.747565,"USDSYP":110.76532,"USDSZL":16.830369,"USDTHB":32.790369,"USDTJS":9.602575,"USDTMT":3.51,"USDTND":2.909038,"USDTOP":2.40776,"USDTRY":44.280904,"USDTTD":6.782897,"USDTWD":32.036704,"USDTZS":2586.664038,"USDUAH":43.796556,"USDUGX":3778.931635,"USDUYU":40.286315,"USDUZS":12195.000334,"USDVES":454.69063,"USDVND":26312,"USDVUV":119.036336,"USDWST":2.744165,"USDXAF":566.725992,"USDXAG":0.014693,"USDXAU":0.000222,"USDXCD":2.70255,"USDXCG":1.801775,"USDXDR":0.705856,"USDXOF":570.503593,"USDXPF":103.550363,"USDYER":238.603589,"USDZAR":17.127505,"USDZMK":9001.203584,"USDZMW":19.520498,"USDZWL":321.999592}}