{"success":true,"terms":"https:\/\/currencylayer.com\/terms","privacy":"https:\/\/currencylayer.com\/privacy","timestamp":1759195391,"source":"USD","quotes":{"USDAED":3.672501,"USDAFN":67.417647,"USDALL":82.688551,"USDAMD":382.61552,"USDANG":1.790403,"USDAOA":917.000224,"USDARS":1358.005902,"USDAUD":1.518937,"USDAWG":1.40625,"USDAZN":1.697809,"USDBAM":1.668508,"USDBBD":2.013683,"USDBDT":121.695288,"USDBGN":1.668025,"USDBHD":0.377041,"USDBIF":2936.356618,"USDBMD":1,"USDBND":1.290612,"USDBOB":6.923763,"USDBRL":5.323502,"USDBSD":0.999795,"USDBTC":8.712167e-6,"USDBTN":88.68405,"USDBWP":14.087679,"USDBYN":3.386791,"USDBYR":19600,"USDBZD":2.010783,"USDCAD":1.391825,"USDCDF":2731.812498,"USDCHF":0.79757,"USDCLF":0.02461,"USDCLP":965.44005,"USDCNY":7.11945,"USDCNH":7.124875,"USDCOP":3920.75,"USDCRC":503.734288,"USDCUC":1,"USDCUP":26.5,"USDCVE":94.067113,"USDCZK":20.728402,"USDDJF":178.035215,"USDDKK":6.36754,"USDDOP":61.906854,"USDDZD":129.497955,"USDEGP":48.052897,"USDERN":15,"USDETB":144.135654,"USDEUR":0.85307,"USDFJD":2.25845,"USDFKP":0.746371,"USDGBP":0.744615,"USDGEL":2.709675,"USDGGP":0.746371,"USDGHS":12.398108,"USDGIP":0.746371,"USDGMD":73.499108,"USDGNF":8674.807741,"USDGTQ":7.660841,"USDGYD":209.180213,"USDHKD":7.783315,"USDHNL":26.25145,"USDHRK":6.427697,"USDHTG":130.818479,"USDHUF":333.650498,"USDIDR":16668.35,"USDILS":3.314775,"USDIMP":0.746371,"USDINR":88.74245,"USDIQD":1309.867085,"USDIRR":42049.999952,"USDISK":120.979824,"USDJEP":0.746371,"USDJMD":160.521736,"USDJOD":0.70901,"USDJPY":148.675501,"USDKES":129.37991,"USDKGS":87.401899,"USDKHR":3997.49197,"USDKMF":420.000221,"USDKPW":899.999987,"USDKRW":1401.870378,"USDKWD":0.30552,"USDKYD":0.833195,"USDKZT":548.499234,"USDLAK":21670.107314,"USDLBP":89529.200007,"USDLKR":302.529324,"USDLRD":180.968184,"USDLSL":17.286523,"USDLTL":2.95274,"USDLVL":0.60489,"USDLYD":5.410155,"USDMAD":9.080656,"USDMDL":16.70612,"USDMGA":4473.467577,"USDMKD":52.547166,"USDMMK":2099.842251,"USDMNT":3594.455491,"USDMOP":8.015151,"USDMRU":39.850884,"USDMUR":45.593009,"USDMVR":15.260081,"USDMWK":1733.596646,"USDMXN":18.372515,"USDMYR":4.213983,"USDMZN":63.901116,"USDNAD":17.286892,"USDNGN":1483.890015,"USDNIO":36.793121,"USDNOK":9.987165,"USDNPR":141.888428,"USDNZD":1.729315,"USDOMR":0.384505,"USDPAB":0.999834,"USDPEN":3.491955,"USDPGK":4.248259,"USDPHP":58.051503,"USDPKR":283.441389,"USDPLN":3.64066,"USDPYG":7084.847554,"USDQAR":3.654255,"USDRON":4.334602,"USDRSD":99.979038,"USDRUB":83.074968,"USDRWF":1450.208787,"USDSAR":3.74998,"USDSBD":8.230542,"USDSCR":15.021091,"USDSDG":600.510938,"USDSEK":9.42362,"USDSGD":1.290302,"USDSHP":0.785843,"USDSLE":23.29594,"USDSLL":20969.503664,"USDSOS":571.382262,"USDSRD":37.650414,"USDSTD":20697.981008,"USDSTN":20.900068,"USDSVC":8.748619,"USDSYP":13001.858744,"USDSZL":17.282445,"USDTHB":32.262501,"USDTJS":9.38837,"USDTMT":3.5,"USDTND":2.915982,"USDTOP":2.342104,"USDTRY":41.587299,"USDTTD":6.787888,"USDTWD":30.479804,"USDTZS":2455.00021,"USDUAH":41.258525,"USDUGX":3489.180554,"USDUYU":39.865381,"USDUZS":12136.36131,"USDVES":175.527565,"USDVND":26421,"USDVUV":120.543016,"USDWST":2.797993,"USDXAF":559.573297,"USDXAG":0.021292,"USDXAU":0.00026,"USDXCD":2.70255,"USDXCG":1.801942,"USDXDR":0.695924,"USDXOF":559.575684,"USDXPF":101.742053,"USDYER":239.250141,"USDZAR":17.271597,"USDZMK":9001.200902,"USDZMW":23.770079,"USDZWL":321.999592}}