{"success":true,"terms":"https:\/\/currencylayer.com\/terms","privacy":"https:\/\/currencylayer.com\/privacy","timestamp":1773713288,"source":"USD","quotes":{"USDAED":3.672503,"USDAFN":62.99995,"USDALL":83.528741,"USDAMD":377.097463,"USDANG":1.790083,"USDAOA":917.000317,"USDARS":1396.487901,"USDAUD":1.411831,"USDAWG":1.8025,"USDAZN":1.70319,"USDBAM":1.701717,"USDBBD":2.011729,"USDBDT":122.560493,"USDBGN":1.709309,"USDBHD":0.377468,"USDBIF":2965.66996,"USDBMD":1,"USDBND":1.277664,"USDBOB":6.926765,"USDBRL":5.234102,"USDBSD":0.998865,"USDBTC":1.32777e-5,"USDBTN":92.130862,"USDBWP":13.619535,"USDBYN":2.975437,"USDBYR":19600,"USDBZD":2.008857,"USDCAD":1.36832,"USDCDF":2264.99997,"USDCHF":0.788795,"USDCLF":0.023044,"USDCLP":909.91975,"USDCNY":6.95625,"USDCNH":6.884305,"USDCOP":3704.16,"USDCRC":469.165343,"USDCUC":1,"USDCUP":26.5,"USDCVE":95.94059,"USDCZK":21.25997,"USDDJF":177.864013,"USDDKK":6.50159,"USDDOP":60.968872,"USDDZD":132.264506,"USDEGP":52.413304,"USDERN":15,"USDETB":157.33744,"USDEUR":0.87008,"USDFJD":2.21195,"USDFKP":0.754939,"USDGBP":0.751498,"USDGEL":2.720137,"USDGGP":0.754939,"USDGHS":10.871788,"USDGIP":0.754939,"USDGMD":73.496767,"USDGNF":8756.824955,"USDGTQ":7.655931,"USDGYD":209.081971,"USDHKD":7.83155,"USDHNL":26.442872,"USDHRK":6.556202,"USDHTG":130.916178,"USDHUF":339.949496,"USDIDR":16973,"USDILS":3.122435,"USDIMP":0.754939,"USDINR":92.31915,"USDIQD":1308.437236,"USDIRR":1321049.999454,"USDISK":124.590276,"USDJEP":0.754939,"USDJMD":157.121043,"USDJOD":0.708982,"USDJPY":159.376038,"USDKES":129.347174,"USDKGS":87.450234,"USDKHR":4005.098822,"USDKMF":428.999902,"USDKPW":899.999993,"USDKRW":1492.395027,"USDKWD":0.30711,"USDKYD":0.832325,"USDKZT":482.332878,"USDLAK":21434.59989,"USDLBP":89444.014235,"USDLKR":311.030096,"USDLRD":182.778438,"USDLSL":16.803647,"USDLTL":2.95274,"USDLVL":0.60489,"USDLYD":6.40213,"USDMAD":9.383804,"USDMDL":17.379123,"USDMGA":4158.165152,"USDMKD":53.632179,"USDMMK":2099.642329,"USDMNT":3571.28497,"USDMOP":8.055442,"USDMRU":39.823891,"USDMUR":46.739698,"USDMVR":15.459881,"USDMWK":1731.655218,"USDMXN":17.6947,"USDMYR":3.924501,"USDMZN":63.908345,"USDNAD":16.803647,"USDNGN":1369.849664,"USDNIO":36.754405,"USDNOK":9.67875,"USDNPR":147.413576,"USDNZD":1.70854,"USDOMR":0.384499,"USDPAB":0.99886,"USDPEN":3.447895,"USDPGK":4.307026,"USDPHP":59.680309,"USDPKR":279.020626,"USDPLN":3.71865,"USDPYG":6483.189475,"USDQAR":3.650989,"USDRON":4.431897,"USDRSD":102.148024,"USDRUB":81.246433,"USDRWF":1457.750554,"USDSAR":3.752795,"USDSBD":8.05166,"USDSCR":14.412196,"USDSDG":600.999971,"USDSEK":9.358198,"USDSGD":1.278165,"USDSHP":0.750259,"USDSLE":24.603169,"USDSLL":20969.510825,"USDSOS":569.822632,"USDSRD":37.571498,"USDSTD":20697.981008,"USDSTN":21.317787,"USDSVC":8.740027,"USDSYP":110.524985,"USDSZL":16.791017,"USDTHB":32.4555,"USDTJS":9.588581,"USDTMT":3.505,"USDTND":2.950218,"USDTOP":2.40776,"USDTRY":44.1939,"USDTTD":6.773629,"USDTWD":31.905504,"USDTZS":2604.999848,"USDUAH":44.034003,"USDUGX":3770.958227,"USDUYU":40.606796,"USDUZS":12076.811304,"USDVES":446.24625,"USDVND":26280,"USDVUV":119.565255,"USDWST":2.735215,"USDXAF":570.742318,"USDXAG":0.012321,"USDXAU":0.000199,"USDXCD":2.70255,"USDXCG":1.800124,"USDXDR":0.70982,"USDXOF":570.742318,"USDXPF":103.766608,"USDYER":238.503625,"USDZAR":16.677455,"USDZMK":9001.200812,"USDZMW":19.451671,"USDZWL":321.999592}}