{"success":true,"terms":"https:\/\/currencylayer.com\/terms","privacy":"https:\/\/currencylayer.com\/privacy","timestamp":1783824365,"source":"USD","quotes":{"USDAED":3.672504,"USDAFN":65.000368,"USDALL":82.125815,"USDAMD":366.589327,"USDANG":1.790403,"USDAOA":917.000367,"USDARS":1487.956748,"USDAUD":1.43575,"USDAWG":1.8,"USDAZN":1.70397,"USDBAM":1.712385,"USDBBD":2.016198,"USDBDT":123.381342,"USDBGN":1.69088,"USDBHD":0.377446,"USDBIF":2978.067679,"USDBMD":1,"USDBND":1.292212,"USDBOB":6.923833,"USDBRL":5.111404,"USDBSD":1.001007,"USDBTC":1.5677151e-5,"USDBTN":95.359629,"USDBWP":13.538502,"USDBYN":2.861533,"USDBYR":19600,"USDBZD":2.013308,"USDCAD":1.41735,"USDCDF":2258.000362,"USDCHF":0.808342,"USDCLF":0.023592,"USDCLP":928.512017,"USDCNY":6.77695,"USDCNH":6.782275,"USDCOP":3294.663573,"USDCRC":455.36926,"USDCUC":1,"USDCUP":26.5,"USDCVE":96.54161,"USDCZK":21.248804,"USDDJF":178.260299,"USDDKK":6.548975,"USDDOP":58.783873,"USDDZD":133.256578,"USDEGP":49.661603,"USDERN":15,"USDETB":160.578558,"USDEUR":0.875804,"USDFJD":2.233204,"USDFKP":0.745078,"USDGBP":0.746185,"USDGEL":2.64504,"USDGGP":0.745078,"USDGHS":11.476601,"USDGIP":0.745078,"USDGMD":73.503851,"USDGNF":8779.932583,"USDGTQ":7.638226,"USDGYD":209.403318,"USDHKD":7.83915,"USDHNL":26.799457,"USDHRK":6.600504,"USDHTG":131.007311,"USDHUF":311.790388,"USDIDR":18080.55,"USDILS":3.010904,"USDIMP":0.745078,"USDINR":95.330504,"USDIQD":1311.38642,"USDIRR":1374750.000352,"USDISK":125.640386,"USDJEP":0.745078,"USDJMD":158.166616,"USDJOD":0.70904,"USDJPY":161.66504,"USDKES":129.387559,"USDKGS":87.448804,"USDKHR":4035.371886,"USDKMF":432.00035,"USDKPW":900.00035,"USDKRW":1499.150383,"USDKWD":0.30956,"USDKYD":0.834216,"USDKZT":471.916999,"USDLAK":22573.217178,"USDLBP":89643.129186,"USDLKR":335.849057,"USDLRD":181.788732,"USDLSL":16.304951,"USDLTL":2.95274,"USDLVL":0.60489,"USDLYD":6.411592,"USDMAD":9.351311,"USDMDL":17.593136,"USDMGA":4291.905617,"USDMKD":53.972771,"USDMMK":2099.567367,"USDMNT":3586.200235,"USDMOP":8.082914,"USDMRU":39.881802,"USDMUR":47.080378,"USDMVR":15.450378,"USDMWK":1735.849057,"USDMXN":17.468404,"USDMYR":4.070377,"USDMZN":63.903729,"USDNAD":16.304951,"USDNGN":1377.920377,"USDNIO":36.834041,"USDNOK":9.782604,"USDNPR":152.575406,"USDNZD":1.727265,"USDOMR":0.384617,"USDPAB":1.001007,"USDPEN":3.400604,"USDPGK":4.468765,"USDPHP":61.447038,"USDPKR":278.263976,"USDPLN":3.79005,"USDPYG":6085.890645,"USDQAR":3.649433,"USDRON":4.587104,"USDRSD":102.77109,"USDRUB":76.636169,"USDRWF":1470.559909,"USDSAR":3.758206,"USDSBD":8.048583,"USDSCR":14.56525,"USDSDG":600.503676,"USDSEK":9.714225,"USDSGD":1.292804,"USDSHP":0.746601,"USDSLE":24.350371,"USDSLL":20969.503664,"USDSOS":572.078974,"USDSRD":37.610504,"USDSTD":20697.981008,"USDSTN":21.450773,"USDSVC":8.75892,"USDSYP":110.532098,"USDSZL":16.302587,"USDTHB":33.288038,"USDTJS":9.264632,"USDTMT":3.5,"USDTND":2.958981,"USDTOP":2.40776,"USDTRY":46.984504,"USDTTD":6.801208,"USDTWD":32.113504,"USDTZS":2630.214945,"USDUAH":44.533818,"USDUGX":3683.404106,"USDUYU":40.362474,"USDUZS":12090.355908,"USDVES":708.806404,"USDVND":26267.5,"USDVUV":120.293183,"USDWST":2.760951,"USDXAF":574.317734,"USDXAG":0.016706,"USDXAU":0.000243,"USDXCD":2.70255,"USDXCG":1.804141,"USDXDR":0.714267,"USDXOF":574.317734,"USDXPF":104.417108,"USDYER":237.075037,"USDZAR":16.316875,"USDZMK":9001.203584,"USDZMW":18.04404,"USDZWL":321.999592}}