{"success":true,"terms":"https:\/\/currencylayer.com\/terms","privacy":"https:\/\/currencylayer.com\/privacy","timestamp":1776652984,"source":"USD","quotes":{"USDAED":3.672505,"USDAFN":64.50087,"USDALL":81.411472,"USDAMD":375.40354,"USDANG":1.789884,"USDAOA":917.999703,"USDARS":1360.379202,"USDAUD":1.397585,"USDAWG":1.80125,"USDAZN":1.699631,"USDBAM":1.663767,"USDBBD":2.020808,"USDBDT":123.357649,"USDBGN":1.668102,"USDBHD":0.378561,"USDBIF":2983.424004,"USDBMD":1,"USDBND":1.276909,"USDBOB":6.933072,"USDBRL":5.014598,"USDBSD":1.003394,"USDBTC":1.3426081e-5,"USDBTN":93.107394,"USDBWP":13.462242,"USDBYN":2.849791,"USDBYR":19600,"USDBZD":2.017924,"USDCAD":1.369655,"USDCDF":2309.999896,"USDCHF":0.782335,"USDCLF":0.022634,"USDCLP":890.820218,"USDCNY":6.81775,"USDCNH":6.81821,"USDCOP":3606.16,"USDCRC":457.592514,"USDCUC":1,"USDCUP":26.5,"USDCVE":93.800243,"USDCZK":20.649677,"USDDJF":178.669865,"USDDKK":6.355495,"USDDOP":60.15287,"USDDZD":132.882737,"USDEGP":51.977549,"USDERN":15,"USDETB":156.663193,"USDEUR":0.85045,"USDFJD":2.218304,"USDFKP":0.739448,"USDGBP":0.740555,"USDGEL":2.696843,"USDGGP":0.739448,"USDGHS":11.086914,"USDGIP":0.739448,"USDGMD":73.499244,"USDGNF":8803.212305,"USDGTQ":7.673102,"USDGYD":209.913826,"USDHKD":7.83301,"USDHNL":26.658727,"USDHRK":6.407298,"USDHTG":131.391456,"USDHUF":307.81029,"USDIDR":17172,"USDILS":2.95979,"USDIMP":0.739448,"USDINR":92.60375,"USDIQD":1314.391442,"USDIRR":1321499.999438,"USDISK":122.120175,"USDJEP":0.739448,"USDJMD":158.636178,"USDJOD":0.708975,"USDJPY":158.829504,"USDKES":129.229965,"USDKGS":87.450033,"USDKHR":4013.628301,"USDKMF":417.999728,"USDKPW":899.992159,"USDKRW":1474.83498,"USDKWD":0.308359,"USDKYD":0.836137,"USDKZT":470.462134,"USDLAK":22134.138562,"USDLBP":89848.961102,"USDLKR":317.151911,"USDLRD":184.613814,"USDLSL":16.443329,"USDLTL":2.95274,"USDLVL":0.60489,"USDLYD":6.344426,"USDMAD":9.257225,"USDMDL":17.245779,"USDMGA":4161.597945,"USDMKD":52.436146,"USDMMK":2099.427148,"USDMNT":3574.523282,"USDMOP":8.093405,"USDMRU":40.104466,"USDMUR":46.289888,"USDMVR":15.460454,"USDMWK":1739.84058,"USDMXN":17.3382,"USDMYR":3.9525,"USDMZN":63.955032,"USDNAD":16.445078,"USDNGN":1346.630165,"USDNIO":36.921088,"USDNOK":9.382575,"USDNPR":148.973437,"USDNZD":1.700725,"USDOMR":0.38628,"USDPAB":1.003381,"USDPEN":3.451904,"USDPGK":4.349712,"USDPHP":59.953504,"USDPKR":279.757129,"USDPLN":3.60268,"USDPYG":6392.064788,"USDQAR":3.657909,"USDRON":4.3338,"USDRSD":99.827737,"USDRUB":76.241421,"USDRWF":1466.074588,"USDSAR":3.751202,"USDSBD":8.035647,"USDSCR":15.084051,"USDSDG":600.999577,"USDSEK":9.173655,"USDSGD":1.272255,"USDSHP":0.746601,"USDSLE":24.625013,"USDSLL":20969.496166,"USDSOS":573.448346,"USDSRD":37.706027,"USDSTD":20697.981008,"USDSTN":20.842549,"USDSVC":8.779056,"USDSYP":110.547479,"USDSZL":16.440524,"USDTHB":32.069015,"USDTJS":9.461394,"USDTMT":3.505,"USDTND":2.911951,"USDTOP":2.40776,"USDTRY":44.870602,"USDTTD":6.814827,"USDTWD":31.502986,"USDTZS":2605.84902,"USDUAH":44.171891,"USDUGX":3715.770759,"USDUYU":39.913741,"USDUZS":12175.836328,"USDVES":479.656993,"USDVND":26335,"USDVUV":116.990425,"USDWST":2.715186,"USDXAF":558.014326,"USDXAG":0.012448,"USDXAU":0.000208,"USDXCD":2.70255,"USDXCG":1.808298,"USDXDR":0.693997,"USDXOF":558.014326,"USDXPF":101.452542,"USDYER":238.597133,"USDZAR":16.37815,"USDZMK":9001.202517,"USDZMW":19.088736,"USDZWL":321.999592}}