{"success":true,"terms":"https:\/\/currencylayer.com\/terms","privacy":"https:\/\/currencylayer.com\/privacy","timestamp":1773108125,"source":"USD","quotes":{"USDAED":3.6725,"USDAFN":62.99976,"USDALL":82.595413,"USDAMD":374.601453,"USDANG":1.789731,"USDAOA":917.000159,"USDARS":1415.7744,"USDAUD":1.413438,"USDAWG":1.8025,"USDAZN":1.694858,"USDBAM":1.683053,"USDBBD":2.003864,"USDBDT":121.680988,"USDBGN":1.647646,"USDBHD":0.377471,"USDBIF":2955.291566,"USDBMD":1,"USDBND":1.274003,"USDBOB":6.899846,"USDBRL":5.208487,"USDBSD":0.994966,"USDBTC":1.4424603e-5,"USDBTN":91.779508,"USDBWP":13.520933,"USDBYN":2.908124,"USDBYR":19600,"USDBZD":2.000938,"USDCAD":1.35946,"USDCDF":2160.000247,"USDCHF":0.777245,"USDCLF":0.023181,"USDCLP":915.319996,"USDCNY":6.911102,"USDCNH":6.88576,"USDCOP":3763.71,"USDCRC":473.645712,"USDCUC":1,"USDCUP":26.5,"USDCVE":94.887936,"USDCZK":20.95885,"USDDJF":177.169657,"USDDKK":6.42839,"USDDOP":59.420851,"USDDZD":131.517976,"USDEGP":52.786401,"USDERN":15,"USDETB":152.788778,"USDEUR":0.860502,"USDFJD":2.20465,"USDFKP":0.745577,"USDGBP":0.74443,"USDGEL":2.730143,"USDGGP":0.745577,"USDGHS":10.724966,"USDGIP":0.745577,"USDGMD":73.000163,"USDGNF":8721.655695,"USDGTQ":7.63144,"USDGYD":208.148496,"USDHKD":7.822075,"USDHNL":26.334495,"USDHRK":6.486023,"USDHTG":130.344427,"USDHUF":333.440365,"USDIDR":16878,"USDILS":3.10209,"USDIMP":0.745577,"USDINR":91.807698,"USDIQD":1303.386257,"USDIRR":1320900.000136,"USDISK":124.849522,"USDJEP":0.745577,"USDJMD":155.861814,"USDJOD":0.709011,"USDJPY":157.613009,"USDKES":128.599765,"USDKGS":87.449656,"USDKHR":3992.857604,"USDKMF":424.999659,"USDKPW":899.999701,"USDKRW":1471.287596,"USDKWD":0.30758,"USDKYD":0.829138,"USDKZT":495.443397,"USDLAK":21313.104801,"USDLBP":89094.922357,"USDLKR":309.864851,"USDLRD":181.580351,"USDLSL":16.681568,"USDLTL":2.952741,"USDLVL":0.60489,"USDLYD":6.354288,"USDMAD":9.343362,"USDMDL":17.241869,"USDMGA":4132.352308,"USDMKD":53.032584,"USDMMK":2100.071131,"USDMNT":3569.093393,"USDMOP":8.009776,"USDMRU":39.719461,"USDMUR":46.149898,"USDMVR":15.450229,"USDMWK":1725.22697,"USDMXN":17.64883,"USDMYR":3.936031,"USDMZN":63.910255,"USDNAD":16.681568,"USDNGN":1397.999465,"USDNIO":36.616325,"USDNOK":9.603305,"USDNPR":146.845661,"USDNZD":1.688011,"USDOMR":0.38449,"USDPAB":0.994962,"USDPEN":3.463864,"USDPGK":4.287251,"USDPHP":59.203497,"USDPKR":279.722559,"USDPLN":3.66034,"USDPYG":6402.450831,"USDQAR":3.628462,"USDRON":4.385501,"USDRSD":101.05202,"USDRUB":78.247312,"USDRWF":1454.578312,"USDSAR":3.75426,"USDSBD":8.045182,"USDSCR":13.583775,"USDSDG":600.496357,"USDSEK":9.141975,"USDSGD":1.274365,"USDSHP":0.750259,"USDSLE":24.52496,"USDSLL":20969.49935,"USDSOS":567.61513,"USDSRD":37.667022,"USDSTD":20697.981008,"USDSTN":21.08343,"USDSVC":8.705305,"USDSYP":110.579916,"USDSZL":16.692913,"USDTHB":31.6735,"USDTJS":9.536583,"USDTMT":3.5,"USDTND":2.926332,"USDTOP":2.40776,"USDTRY":44.078598,"USDTTD":6.750971,"USDTWD":31.792018,"USDTZS":2580.000109,"USDUAH":43.724539,"USDUGX":3745.950063,"USDUYU":39.80138,"USDUZS":12129.374255,"USDVES":432.62565,"USDVND":26265,"USDVUV":119.374671,"USDWST":2.740489,"USDXAF":564.480167,"USDXAG":0.011185,"USDXAU":0.000193,"USDXCD":2.70255,"USDXCG":1.793124,"USDXDR":0.702035,"USDXOF":564.482595,"USDXPF":102.628533,"USDYER":238.598376,"USDZAR":16.319904,"USDZMK":9001.198339,"USDZMW":19.228006,"USDZWL":321.999592}}