{"success":true,"terms":"https:\/\/currencylayer.com\/terms","privacy":"https:\/\/currencylayer.com\/privacy","timestamp":1766368085,"source":"USD","quotes":{"USDAED":3.672502,"USDAFN":66.265317,"USDALL":82.40468,"USDAMD":381.537936,"USDANG":1.790403,"USDAOA":917.00012,"USDARS":1449.911198,"USDAUD":1.51038,"USDAWG":1.8025,"USDAZN":1.697564,"USDBAM":1.670125,"USDBBD":2.014261,"USDBDT":122.309039,"USDBGN":1.670125,"USDBHD":0.377012,"USDBIF":2957.004398,"USDBMD":1,"USDBND":1.292857,"USDBOB":6.910892,"USDBRL":5.544007,"USDBSD":1.000043,"USDBTC":1.1220794e-5,"USDBTN":89.607617,"USDBWP":14.066863,"USDBYN":2.939243,"USDBYR":19600,"USDBZD":2.011357,"USDCAD":1.379695,"USDCDF":2558.502352,"USDCHF":0.794745,"USDCLF":0.023219,"USDCLP":910.890041,"USDCNY":7.04095,"USDCNH":7.03592,"USDCOP":3805,"USDCRC":499.466291,"USDCUC":1,"USDCUP":26.5,"USDCVE":94.159088,"USDCZK":20.766501,"USDDJF":178.088041,"USDDKK":6.37395,"USDDOP":62.644635,"USDDZD":130.069596,"USDEGP":47.673099,"USDERN":15,"USDETB":155.362794,"USDEUR":0.853375,"USDFJD":2.283702,"USDFKP":0.747408,"USDGBP":0.74655,"USDGEL":2.685037,"USDGGP":0.747408,"USDGHS":11.486273,"USDGIP":0.747408,"USDGMD":73.000026,"USDGNF":8741.72751,"USDGTQ":7.663208,"USDGYD":209.231032,"USDHKD":7.780595,"USDHNL":26.346441,"USDHRK":6.430405,"USDHTG":131.121643,"USDHUF":329.894978,"USDIDR":16740,"USDILS":3.20705,"USDIMP":0.747408,"USDINR":89.577498,"USDIQD":1310.106315,"USDIRR":42100.00025,"USDISK":125.629709,"USDJEP":0.747408,"USDJMD":160.018787,"USDJOD":0.709002,"USDJPY":157.322498,"USDKES":128.903157,"USDKGS":87.449891,"USDKHR":4013.492165,"USDKMF":419.999543,"USDKPW":899.999767,"USDKRW":1477.520393,"USDKWD":0.30723,"USDKYD":0.83344,"USDKZT":517.535545,"USDLAK":21660.048674,"USDLBP":89556.722599,"USDLKR":309.636651,"USDLRD":177.012083,"USDLSL":16.776824,"USDLTL":2.95274,"USDLVL":0.60489,"USDLYD":5.420776,"USDMAD":9.166901,"USDMDL":16.930959,"USDMGA":4548.055164,"USDMKD":52.559669,"USDMMK":2100.286841,"USDMNT":3551.115855,"USDMOP":8.015542,"USDMRU":40.023056,"USDMUR":46.150128,"USDMVR":15.449802,"USDMWK":1734.170189,"USDMXN":18.016645,"USDMYR":4.079498,"USDMZN":63.901083,"USDNAD":16.776824,"USDNGN":1459.503248,"USDNIO":36.804577,"USDNOK":10.124735,"USDNPR":143.372187,"USDNZD":1.735015,"USDOMR":0.385423,"USDPAB":1.000043,"USDPEN":3.367832,"USDPGK":4.254302,"USDPHP":58.68997,"USDPKR":280.195978,"USDPLN":3.58814,"USDPYG":6709.363392,"USDQAR":3.645959,"USDRON":4.344011,"USDRSD":100.234832,"USDRUB":80.431128,"USDRWF":1456.129115,"USDSAR":3.750961,"USDSBD":8.146749,"USDSCR":15.161607,"USDSDG":601.497294,"USDSEK":9.26514,"USDSGD":1.292625,"USDSHP":0.750259,"USDSLE":24.049856,"USDSLL":20969.503664,"USDSOS":570.513642,"USDSRD":38.441499,"USDSTD":20697.981008,"USDSTN":20.921395,"USDSVC":8.750267,"USDSYP":11058.461434,"USDSZL":16.774689,"USDTHB":31.409912,"USDTJS":9.215661,"USDTMT":3.5,"USDTND":2.927287,"USDTOP":2.40776,"USDTRY":42.815401,"USDTTD":6.787925,"USDTWD":31.515302,"USDTZS":2494.999699,"USDUAH":42.285385,"USDUGX":3577.131634,"USDUYU":39.263908,"USDUZS":12022.543871,"USDVES":282.15965,"USDVND":26312.5,"USDVUV":121.02974,"USDWST":2.787828,"USDXAF":560.144315,"USDXAG":0.014601,"USDXAU":0.000228,"USDXCD":2.70255,"USDXCG":1.8024,"USDXDR":0.69664,"USDXOF":560.144315,"USDXPF":101.840229,"USDYER":238.404465,"USDZAR":16.756495,"USDZMK":9001.200135,"USDZMW":22.626703,"USDZWL":321.999592}}