{"success":true,"terms":"https:\/\/currencylayer.com\/terms","privacy":"https:\/\/currencylayer.com\/privacy","timestamp":1776998404,"source":"USD","quotes":{"USDAED":3.672505,"USDAFN":62.999927,"USDALL":81.601903,"USDAMD":371.830296,"USDANG":1.789884,"USDAOA":918.000244,"USDARS":1392.720202,"USDAUD":1.403548,"USDAWG":1.80125,"USDAZN":1.699815,"USDBAM":1.674321,"USDBBD":2.014279,"USDBDT":122.710521,"USDBGN":1.668102,"USDBHD":0.377625,"USDBIF":2965,"USDBMD":1,"USDBND":1.277357,"USDBOB":6.911164,"USDBRL":5.032598,"USDBSD":1.000077,"USDBTC":1.2766802e-5,"USDBTN":94.042513,"USDBWP":13.517505,"USDBYN":2.823866,"USDBYR":19600,"USDBZD":2.011454,"USDCAD":1.37034,"USDCDF":2312.999648,"USDCHF":0.786497,"USDCLF":0.02274,"USDCLP":894.970016,"USDCNY":6.826497,"USDCNH":6.83701,"USDCOP":3566.95,"USDCRC":455.350952,"USDCUC":1,"USDCUP":26.5,"USDCVE":94.549792,"USDCZK":20.855967,"USDDJF":177.720336,"USDDKK":6.397215,"USDDOP":59.660084,"USDDZD":132.583106,"USDEGP":52.624399,"USDERN":15,"USDETB":156.599459,"USDEUR":0.85604,"USDFJD":2.205151,"USDFKP":0.740532,"USDGBP":0.742755,"USDGEL":2.684999,"USDGGP":0.740532,"USDGHS":11.089865,"USDGIP":0.740532,"USDGMD":73.50349,"USDGNF":8774.999731,"USDGTQ":7.645651,"USDGYD":209.253449,"USDHKD":7.834665,"USDHNL":26.620104,"USDHRK":6.4488,"USDHTG":131.014498,"USDHUF":313.978004,"USDIDR":17292.9,"USDILS":2.986405,"USDIMP":0.740532,"USDINR":94.235199,"USDIQD":1310,"USDIRR":1318050.000267,"USDISK":123.116915,"USDJEP":0.740532,"USDJMD":157.878291,"USDJOD":0.708999,"USDJPY":159.774499,"USDKES":129.277673,"USDKGS":87.415297,"USDKHR":4010.000373,"USDKMF":421.999747,"USDKPW":899.95002,"USDKRW":1482.394982,"USDKWD":0.30778,"USDKYD":0.83348,"USDKZT":464.605217,"USDLAK":21929.999935,"USDLBP":89498.091962,"USDLKR":317.186236,"USDLRD":184.275021,"USDLSL":16.650151,"USDLTL":2.95274,"USDLVL":0.60489,"USDLYD":6.349454,"USDMAD":9.259753,"USDMDL":17.351887,"USDMGA":4144.999878,"USDMKD":52.765626,"USDMMK":2099.761028,"USDMNT":3579.096956,"USDMOP":8.068761,"USDMRU":40.009937,"USDMUR":46.739804,"USDMVR":15.4602,"USDMWK":1737.000215,"USDMXN":17.43535,"USDMYR":3.97095,"USDMZN":63.908525,"USDNAD":16.650396,"USDNGN":1351.320137,"USDNIO":36.710222,"USDNOK":9.34485,"USDNPR":150.467206,"USDNZD":1.70837,"USDOMR":0.384493,"USDPAB":1.000077,"USDPEN":3.466004,"USDPGK":4.26275,"USDPHP":60.728054,"USDPKR":278.791204,"USDPLN":3.632615,"USDPYG":6332.424462,"USDQAR":3.645501,"USDRON":4.357902,"USDRSD":100.505528,"USDRUB":75.877947,"USDRWF":1461,"USDSAR":3.750765,"USDSBD":8.048583,"USDSCR":13.742117,"USDSDG":600.497491,"USDSEK":9.26987,"USDSGD":1.278315,"USDSHP":0.746601,"USDSLE":24.602517,"USDSLL":20969.496166,"USDSOS":571.503233,"USDSRD":37.398983,"USDSTD":20697.981008,"USDSTN":21.195,"USDSVC":8.750851,"USDSYP":110.632441,"USDSZL":16.650122,"USDTHB":32.478981,"USDTJS":9.400998,"USDTMT":3.505,"USDTND":2.8825,"USDTOP":2.40776,"USDTRY":45.0015,"USDTTD":6.780183,"USDTWD":31.522499,"USDTZS":2599.999762,"USDUAH":43.933602,"USDUGX":3720.524092,"USDUYU":39.5509,"USDUZS":12050.000494,"USDVES":482.733725,"USDVND":26341,"USDVUV":118.032476,"USDWST":2.725399,"USDXAF":561.551731,"USDXAG":0.013306,"USDXAU":0.000214,"USDXCD":2.70255,"USDXCG":1.802484,"USDXDR":0.696601,"USDXOF":558.999829,"USDXPF":102.375005,"USDYER":238.624982,"USDZAR":16.66554,"USDZMK":9001.197909,"USDZMW":18.726832,"USDZWL":321.999592}}