{"success":true,"terms":"https:\/\/currencylayer.com\/terms","privacy":"https:\/\/currencylayer.com\/privacy","timestamp":1755825977,"source":"USD","quotes":{"USDAED":3.672496,"USDAFN":68.590566,"USDALL":83.623903,"USDAMD":385.112098,"USDANG":1.789783,"USDAOA":916.999655,"USDARS":1314.499058,"USDAUD":1.55688,"USDAWG":1.80125,"USDAZN":1.702706,"USDBAM":1.683886,"USDBBD":2.020052,"USDBDT":122.033957,"USDBGN":1.68289,"USDBHD":0.377004,"USDBIF":2991.472491,"USDBMD":1,"USDBND":1.290792,"USDBOB":6.930812,"USDBRL":5.466498,"USDBSD":1.002919,"USDBTC":8.872878e-6,"USDBTN":87.469436,"USDBWP":13.494445,"USDBYN":3.377456,"USDBYR":19600,"USDBZD":2.012139,"USDCAD":1.390845,"USDCDF":2865.000212,"USDCHF":0.809225,"USDCLF":0.02475,"USDCLP":970.92977,"USDCNY":7.180405,"USDCNH":7.18542,"USDCOP":4034.45,"USDCRC":506.056667,"USDCUC":1,"USDCUP":26.5,"USDCVE":94.934911,"USDCZK":21.166947,"USDDJF":178.595105,"USDDKK":6.42861,"USDDOP":62.271315,"USDDZD":129.94506,"USDEGP":48.495653,"USDERN":15,"USDETB":141.78729,"USDEUR":0.86115,"USDFJD":2.27435,"USDFKP":0.74349,"USDGBP":0.745305,"USDGEL":2.695009,"USDGGP":0.74349,"USDGHS":11.032476,"USDGIP":0.74349,"USDGMD":71.999977,"USDGNF":8694.566649,"USDGTQ":7.691049,"USDGYD":209.835727,"USDHKD":7.811495,"USDHNL":26.235972,"USDHRK":6.487899,"USDHTG":131.231517,"USDHUF":341.249871,"USDIDR":16349,"USDILS":3.40659,"USDIMP":0.74349,"USDINR":87.25435,"USDIQD":1313.668767,"USDIRR":42049.999569,"USDISK":123.498326,"USDJEP":0.74349,"USDJMD":161.183262,"USDJOD":0.708953,"USDJPY":148.490501,"USDKES":129.580035,"USDKGS":87.448013,"USDKHR":4020.541783,"USDKMF":422.498309,"USDKPW":900.00801,"USDKRW":1400.414941,"USDKWD":0.30591,"USDKYD":0.835823,"USDKZT":539.109248,"USDLAK":21739.523471,"USDLBP":90249.37044,"USDLKR":302.757151,"USDLRD":201.096876,"USDLSL":17.753748,"USDLTL":2.95274,"USDLVL":0.60489,"USDLYD":5.442054,"USDMAD":9.047939,"USDMDL":16.884554,"USDMGA":4420.931194,"USDMKD":52.984124,"USDMMK":2098.932841,"USDMNT":3596.07368,"USDMOP":8.07177,"USDMRU":40.036848,"USDMUR":45.740232,"USDMVR":15.409699,"USDMWK":1739.093003,"USDMXN":18.74874,"USDMYR":4.229499,"USDMZN":63.896279,"USDNAD":17.754436,"USDNGN":1539.890392,"USDNIO":36.908375,"USDNOK":10.177845,"USDNPR":139.944126,"USDNZD":1.720001,"USDOMR":0.384505,"USDPAB":1.002945,"USDPEN":3.500017,"USDPGK":4.239236,"USDPHP":57.104501,"USDPKR":284.559238,"USDPLN":3.664925,"USDPYG":7247.462355,"USDQAR":3.655595,"USDRON":4.352899,"USDRSD":100.925036,"USDRUB":80.576429,"USDRWF":1451.712189,"USDSAR":3.75257,"USDSBD":8.217016,"USDSCR":14.131202,"USDSDG":600.501112,"USDSEK":9.618925,"USDSGD":1.289125,"USDSHP":0.785843,"USDSLE":23.291398,"USDSLL":20969.49797,"USDSOS":573.209474,"USDSRD":37.979913,"USDSTD":20697.981008,"USDSTN":21.092869,"USDSVC":8.775872,"USDSYP":13001.955997,"USDSZL":17.75878,"USDTHB":32.672017,"USDTJS":9.427885,"USDTMT":3.5,"USDTND":2.936082,"USDTOP":2.342102,"USDTRY":41.01279,"USDTTD":6.796413,"USDTWD":30.670134,"USDTZS":2490.885027,"USDUAH":41.318531,"USDUGX":3575.610428,"USDUYU":40.327858,"USDUZS":12503.013397,"USDVES":137.956902,"USDVND":26432.5,"USDVUV":119.91017,"USDWST":2.707396,"USDXAF":564.737737,"USDXAG":0.026212,"USDXAU":0.0003,"USDXCD":2.702551,"USDXCG":1.807608,"USDXDR":0.702356,"USDXOF":564.74503,"USDXPF":102.67934,"USDYER":240.2005,"USDZAR":17.71806,"USDZMK":9001.197068,"USDZMW":23.193185,"USDZWL":321.999592}}