{"success":true,"terms":"https:\/\/currencylayer.com\/terms","privacy":"https:\/\/currencylayer.com\/privacy","timestamp":1769998264,"source":"USD","quotes":{"USDAED":3.672502,"USDAFN":64.999753,"USDALL":81.423458,"USDAMD":381.600617,"USDANG":1.79008,"USDAOA":916.999706,"USDARS":1453.672014,"USDAUD":1.436988,"USDAWG":1.8025,"USDAZN":1.686468,"USDBAM":1.647524,"USDBBD":2.027361,"USDBDT":123.00409,"USDBGN":1.67937,"USDBHD":0.379498,"USDBIF":2982.153914,"USDBMD":1,"USDBND":1.274793,"USDBOB":6.955518,"USDBRL":5.258019,"USDBSD":1.006443,"USDBTC":1.297867e-5,"USDBTN":92.434957,"USDBWP":13.169088,"USDBYN":2.866963,"USDBYR":19600,"USDBZD":2.024412,"USDCAD":1.362635,"USDCDF":2265.000185,"USDCHF":0.77242,"USDCLF":0.021967,"USDCLP":867.370353,"USDCNY":6.95175,"USDCNH":6.946915,"USDCOP":3669.75,"USDCRC":498.44368,"USDCUC":1,"USDCUP":26.5,"USDCVE":92.885242,"USDCZK":20.52315,"USDDJF":179.242025,"USDDKK":6.290905,"USDDOP":63.373193,"USDDZD":130.125222,"USDEGP":47.097576,"USDERN":15,"USDETB":156.368614,"USDEUR":0.84242,"USDFJD":2.20465,"USDFKP":0.730434,"USDGBP":0.73032,"USDGEL":2.695043,"USDGGP":0.730434,"USDGHS":11.026779,"USDGIP":0.730434,"USDGMD":73.000269,"USDGNF":8832.486027,"USDGTQ":7.720463,"USDGYD":210.587943,"USDHKD":7.808685,"USDHNL":26.568219,"USDHRK":6.346703,"USDHTG":131.733349,"USDHUF":321.425497,"USDIDR":16774,"USDILS":3.090404,"USDIMP":0.730434,"USDINR":91.992703,"USDIQD":1318.659102,"USDIRR":42125.000158,"USDISK":122.149751,"USDJEP":0.730434,"USDJMD":157.738007,"USDJOD":0.708979,"USDJPY":154.994987,"USDKES":129.94973,"USDKGS":87.449787,"USDKHR":4047.696267,"USDKMF":414.999562,"USDKPW":900.000002,"USDKRW":1457.919579,"USDKWD":0.30692,"USDKYD":0.838833,"USDKZT":506.239865,"USDLAK":21661.942288,"USDLBP":90138.571826,"USDLKR":311.285391,"USDLRD":181.432982,"USDLSL":15.982411,"USDLTL":2.95274,"USDLVL":0.60489,"USDLYD":6.31618,"USDMAD":9.130539,"USDMDL":16.930263,"USDMGA":4498.319448,"USDMKD":51.924203,"USDMMK":2100.328489,"USDMNT":3566.381374,"USDMOP":8.094414,"USDMRU":40.16275,"USDMUR":45.429914,"USDMVR":15.460462,"USDMWK":1745.415336,"USDMXN":17.47318,"USDMYR":3.941981,"USDMZN":63.759878,"USDNAD":15.982142,"USDNGN":1397.380119,"USDNIO":37.040001,"USDNOK":9.63395,"USDNPR":147.897178,"USDNZD":1.660045,"USDOMR":0.385845,"USDPAB":1.006558,"USDPEN":3.365386,"USDPGK":4.308856,"USDPHP":58.870997,"USDPKR":281.580628,"USDPLN":3.551115,"USDPYG":6742.424881,"USDQAR":3.669921,"USDRON":4.292697,"USDRSD":98.895221,"USDRUB":76.265083,"USDRWF":1468.639567,"USDSAR":3.750798,"USDSBD":8.051613,"USDSCR":14.439004,"USDSDG":601.50654,"USDSEK":8.904503,"USDSGD":1.271285,"USDSHP":0.750259,"USDSLE":24.325021,"USDSLL":20969.499267,"USDSOS":575.269882,"USDSRD":38.0505,"USDSTD":20697.981008,"USDSTN":20.638705,"USDSVC":8.806992,"USDSYP":11059.574895,"USDSZL":15.975574,"USDTHB":31.60503,"USDTJS":9.396389,"USDTMT":3.5,"USDTND":2.892066,"USDTOP":2.40776,"USDTRY":43.506298,"USDTTD":6.834245,"USDTWD":31.575501,"USDTZS":2591.980318,"USDUAH":43.141748,"USDUGX":3598.655558,"USDUYU":39.061579,"USDUZS":12305.463245,"USDVES":345.94141,"USDVND":25940,"USDVUV":118.791455,"USDWST":2.710781,"USDXAF":552.577954,"USDXAG":0.012193,"USDXAU":0.000213,"USDXCD":2.70255,"USDXCG":1.814062,"USDXDR":0.687215,"USDXOF":552.566317,"USDXPF":100.462045,"USDYER":238.324978,"USDZAR":16.183325,"USDZMK":9001.203721,"USDZMW":19.753856,"USDZWL":321.999592}}