{"success":true,"terms":"https:\/\/currencylayer.com\/terms","privacy":"https:\/\/currencylayer.com\/privacy","timestamp":1778470384,"source":"USD","quotes":{"USDAED":3.672499,"USDAFN":63.999897,"USDALL":80.878301,"USDAMD":368.276037,"USDANG":1.789884,"USDAOA":918.000183,"USDARS":1403.134417,"USDAUD":1.382849,"USDAWG":1.8025,"USDAZN":1.70203,"USDBAM":1.65809,"USDBBD":2.008732,"USDBDT":122.377178,"USDBGN":1.668102,"USDBHD":0.376584,"USDBIF":2968.504938,"USDBMD":1,"USDBND":1.264635,"USDBOB":6.891611,"USDBRL":4.896499,"USDBSD":0.997329,"USDBTC":1.2401209e-5,"USDBTN":94.180832,"USDBWP":13.389852,"USDBYN":2.818448,"USDBYR":19600,"USDBZD":2.00585,"USDCAD":1.368625,"USDCDF":2265.000363,"USDCHF":0.77883,"USDCLF":0.022681,"USDCLP":892.680285,"USDCNY":6.80075,"USDCNH":6.79381,"USDCOP":3750.43,"USDCRC":458.479929,"USDCUC":1,"USDCUP":26.5,"USDCVE":93.480565,"USDCZK":20.679403,"USDDJF":177.601628,"USDDKK":6.35597,"USDDOP":59.310754,"USDDZD":132.326735,"USDEGP":52.742902,"USDERN":15,"USDETB":155.726591,"USDEUR":0.85051,"USDFJD":2.182987,"USDFKP":0.733443,"USDGBP":0.73575,"USDGEL":2.674972,"USDGGP":0.733443,"USDGHS":11.234793,"USDGIP":0.733443,"USDGMD":73.500135,"USDGNF":8750.794795,"USDGTQ":7.614768,"USDGYD":208.672799,"USDHKD":7.82912,"USDHNL":26.513501,"USDHRK":6.407504,"USDHTG":130.575219,"USDHUF":302.331991,"USDIDR":17413.15,"USDILS":2.901297,"USDIMP":0.733443,"USDINR":94.91905,"USDIQD":1306.515196,"USDIRR":1311499.999733,"USDISK":122.295771,"USDJEP":0.733443,"USDJMD":157.187063,"USDJOD":0.708978,"USDJPY":157.141006,"USDKES":128.849963,"USDKGS":87.420501,"USDKHR":4001.526006,"USDKMF":417.999953,"USDKPW":899.999957,"USDKRW":1473.629973,"USDKWD":0.30766,"USDKYD":0.831164,"USDKZT":460.946971,"USDLAK":21871.900301,"USDLBP":89311.771438,"USDLKR":321.097029,"USDLRD":183.01047,"USDLSL":16.361918,"USDLTL":2.95274,"USDLVL":0.60489,"USDLYD":6.306642,"USDMAD":9.121445,"USDMDL":17.054809,"USDMGA":4165.995507,"USDMKD":52.252978,"USDMMK":2099.526436,"USDMNT":3576.70729,"USDMOP":8.041456,"USDMRU":39.863507,"USDMUR":46.820158,"USDMVR":15.400902,"USDMWK":1729.049214,"USDMXN":17.21495,"USDMYR":3.928997,"USDMZN":63.910182,"USDNAD":16.361918,"USDNGN":1357.959779,"USDNIO":36.700437,"USDNOK":9.196304,"USDNPR":150.68967,"USDNZD":1.68125,"USDOMR":0.384681,"USDPAB":0.997329,"USDPEN":3.448264,"USDPGK":4.404222,"USDPHP":61.065951,"USDPKR":277.958713,"USDPLN":3.60625,"USDPYG":6092.153787,"USDQAR":3.645458,"USDRON":4.436097,"USDRSD":99.504048,"USDRUB":74.481216,"USDRWF":1462.082998,"USDSAR":3.767486,"USDSBD":8.019432,"USDSCR":14.874401,"USDSDG":600.499569,"USDSEK":9.255955,"USDSGD":1.26933,"USDSHP":0.746601,"USDSLE":24.650325,"USDSLL":20969.496166,"USDSOS":569.963122,"USDSRD":37.398975,"USDSTD":20697.981008,"USDSTN":20.770633,"USDSVC":8.727057,"USDSYP":110.547935,"USDSZL":16.351151,"USDTHB":32.409005,"USDTJS":9.305159,"USDTMT":3.5,"USDTND":2.896867,"USDTOP":2.40776,"USDTRY":45.3805,"USDTTD":6.759357,"USDTWD":31.395502,"USDTZS":2592.501199,"USDUAH":43.809334,"USDUGX":3737.018354,"USDUYU":39.777881,"USDUZS":12097.83392,"USDVES":499.23597,"USDVND":26327,"USDVUV":118.577788,"USDWST":2.707097,"USDXAF":556.107838,"USDXAG":0.012375,"USDXAU":0.000213,"USDXCD":2.70255,"USDXCG":1.797465,"USDXDR":0.69162,"USDXOF":556.107838,"USDXPF":101.106354,"USDYER":238.624962,"USDZAR":16.44055,"USDZMK":9001.196186,"USDZMW":18.98775,"USDZWL":321.999592}}