{"success":true,"terms":"https:\/\/currencylayer.com\/terms","privacy":"https:\/\/currencylayer.com\/privacy","timestamp":1759713788,"source":"USD","quotes":{"USDAED":3.672496,"USDAFN":67.229401,"USDALL":82.599345,"USDAMD":383.978561,"USDANG":1.790403,"USDAOA":916.99992,"USDARS":1427.178297,"USDAUD":1.516312,"USDAWG":1.40625,"USDAZN":1.70435,"USDBAM":1.669227,"USDBBD":2.017445,"USDBDT":121.901884,"USDBGN":1.669227,"USDBHD":0.377669,"USDBIF":2950.600003,"USDBMD":1,"USDBND":1.291416,"USDBOB":6.921685,"USDBRL":5.334902,"USDBSD":1.001639,"USDBTC":8.080286e-6,"USDBTN":88.992728,"USDBWP":13.315069,"USDBYN":3.396234,"USDBYR":19600,"USDBZD":2.014543,"USDCAD":1.395975,"USDCDF":2535.000101,"USDCHF":0.796801,"USDCLF":0.024502,"USDCLP":961.217418,"USDCNY":7.119498,"USDCNH":7.142225,"USDCOP":3884.16,"USDCRC":503.379762,"USDCUC":1,"USDCUP":26.5,"USDCVE":94.10846,"USDCZK":20.697502,"USDDJF":178.376348,"USDDKK":6.37309,"USDDOP":62.610952,"USDDZD":129.692061,"USDEGP":47.640464,"USDERN":15,"USDETB":144.757954,"USDEUR":0.85359,"USDFJD":2.252303,"USDFKP":0.742222,"USDGBP":0.744155,"USDGEL":2.725026,"USDGGP":0.742222,"USDGHS":12.621193,"USDGIP":0.742222,"USDGMD":73.498797,"USDGNF":8689.380878,"USDGTQ":7.677864,"USDGYD":209.562338,"USDHKD":7.782335,"USDHNL":26.302403,"USDHRK":6.429935,"USDHTG":131.069888,"USDHUF":331.417972,"USDIDR":16603.6,"USDILS":3.305599,"USDIMP":0.742222,"USDINR":88.959202,"USDIQD":1312.218353,"USDIRR":42050.000103,"USDISK":121.209885,"USDJEP":0.742222,"USDJMD":160.881477,"USDJOD":0.708935,"USDJPY":149.75201,"USDKES":129.412468,"USDKGS":87.439598,"USDKHR":4019.92037,"USDKMF":420.000127,"USDKPW":900.008984,"USDKRW":1411.464975,"USDKWD":0.30586,"USDKYD":0.834699,"USDKZT":548.562748,"USDLAK":21711.55947,"USDLBP":89699.576676,"USDLKR":302.992285,"USDLRD":181.807319,"USDLSL":17.266831,"USDLTL":2.95274,"USDLVL":0.60489,"USDLYD":5.413594,"USDMAD":9.117677,"USDMDL":16.777618,"USDMGA":4472.210843,"USDMKD":52.591151,"USDMMK":2100.098724,"USDMNT":3594.29585,"USDMOP":8.029581,"USDMRU":39.928649,"USDMUR":45.310066,"USDMVR":15.300612,"USDMWK":1736.907688,"USDMXN":18.43126,"USDMYR":4.214502,"USDMZN":63.900492,"USDNAD":17.266831,"USDNGN":1464.539785,"USDNIO":36.86223,"USDNOK":9.96184,"USDNPR":142.388707,"USDNZD":1.71646,"USDOMR":0.385091,"USDPAB":1.001647,"USDPEN":3.480899,"USDPGK":4.262329,"USDPHP":58.064498,"USDPKR":283.823399,"USDPLN":3.63095,"USDPYG":7038.611225,"USDQAR":3.651082,"USDRON":4.343505,"USDRSD":100.001707,"USDRUB":82.396173,"USDRWF":1452.956439,"USDSAR":3.750503,"USDSBD":8.23101,"USDSCR":14.654422,"USDSDG":601.493331,"USDSEK":9.38808,"USDSGD":1.291975,"USDSHP":0.785843,"USDSLE":23.310242,"USDSLL":20969.503664,"USDSOS":572.430804,"USDSRD":38.104976,"USDSTD":20697.981008,"USDSTN":20.910503,"USDSVC":8.764338,"USDSYP":13002.25848,"USDSZL":17.262392,"USDTHB":32.4225,"USDTJS":9.330534,"USDTMT":3.5,"USDTND":2.918118,"USDTOP":2.3421,"USDTRY":41.693296,"USDTTD":6.791957,"USDTWD":30.470499,"USDTZS":2456.625013,"USDUAH":41.332446,"USDUGX":3471.084255,"USDUYU":39.959716,"USDUZS":12120.203469,"USDVES":185.16655,"USDVND":26381,"USDVUV":120.888181,"USDWST":2.783193,"USDXAF":559.843131,"USDXAG":0.020711,"USDXAU":0.000256,"USDXCD":2.70255,"USDXCG":1.805271,"USDXDR":0.696265,"USDXOF":559.843131,"USDXPF":101.78547,"USDYER":239.049885,"USDZAR":17.250199,"USDZMK":9001.201154,"USDZMW":23.864878,"USDZWL":321.999592}}