{"success":true,"terms":"https:\/\/currencylayer.com\/terms","privacy":"https:\/\/currencylayer.com\/privacy","timestamp":1769306224,"source":"USD","quotes":{"USDAED":3.672504,"USDAFN":65.503991,"USDALL":81.66716,"USDAMD":374.603711,"USDANG":1.79008,"USDAOA":917.000367,"USDARS":1434.503978,"USDAUD":1.456664,"USDAWG":1.8015,"USDAZN":1.70397,"USDBAM":1.653464,"USDBBD":1.998563,"USDBDT":121.384791,"USDBGN":1.67937,"USDBHD":0.374096,"USDBIF":2938.834172,"USDBMD":1,"USDBND":1.269223,"USDBOB":6.857167,"USDBRL":5.290404,"USDBSD":0.992264,"USDBTC":1.1205907e-5,"USDBTN":91.086782,"USDBWP":13.764214,"USDBYN":2.809147,"USDBYR":19600,"USDBZD":1.995688,"USDCAD":1.37215,"USDCDF":2180.000362,"USDCHF":0.779993,"USDCLF":0.022047,"USDCLP":870.540396,"USDCNY":6.973604,"USDCNH":6.949225,"USDCOP":3575.770385,"USDCRC":491.101999,"USDCUC":1,"USDCUP":26.5,"USDCVE":93.219766,"USDCZK":20.520504,"USDDJF":176.708797,"USDDKK":6.31404,"USDDOP":62.518493,"USDDZD":129.508391,"USDEGP":47.103183,"USDERN":15,"USDETB":154.56888,"USDEUR":0.845604,"USDFJD":2.250304,"USDFKP":0.735942,"USDGBP":0.732869,"USDGEL":2.690391,"USDGGP":0.735942,"USDGHS":10.816249,"USDGIP":0.735942,"USDGMD":73.000355,"USDGNF":8691.719153,"USDGTQ":7.61635,"USDGYD":207.608742,"USDHKD":7.79755,"USDHNL":26.174917,"USDHRK":6.370204,"USDHTG":130.143298,"USDHUF":323.150388,"USDIDR":16777.45,"USDILS":3.13485,"USDIMP":0.735942,"USDINR":91.59304,"USDIQD":1299.995773,"USDIRR":42125.000158,"USDISK":123.270386,"USDJEP":0.735942,"USDJMD":156.199011,"USDJOD":0.70904,"USDJPY":155.71504,"USDKES":127.902946,"USDKGS":87.449604,"USDKHR":3993.743924,"USDKMF":420.00035,"USDKPW":900.021859,"USDKRW":1446.310383,"USDKWD":0.306404,"USDKYD":0.826986,"USDKZT":499.530794,"USDLAK":21443.970072,"USDLBP":88861.055924,"USDLKR":307.418523,"USDLRD":183.573572,"USDLSL":16.016147,"USDLTL":2.95274,"USDLVL":0.60489,"USDLYD":6.313565,"USDMAD":9.089318,"USDMDL":16.88887,"USDMGA":4489.157543,"USDMKD":52.102972,"USDMMK":2099.793807,"USDMNT":3567.460055,"USDMOP":7.970072,"USDMRU":39.672824,"USDMUR":45.910378,"USDMVR":15.450378,"USDMWK":1720.674642,"USDMXN":17.363104,"USDMYR":4.005504,"USDMZN":63.910377,"USDNAD":16.016147,"USDNGN":1421.060377,"USDNIO":36.513506,"USDNOK":9.771204,"USDNPR":145.738682,"USDNZD":1.68039,"USDOMR":0.384115,"USDPAB":0.992349,"USDPEN":3.328994,"USDPGK":4.243987,"USDPHP":58.967038,"USDPKR":277.647462,"USDPLN":3.55905,"USDPYG":6635.66809,"USDQAR":3.617788,"USDRON":4.314038,"USDRSD":99.251807,"USDRUB":75.434501,"USDRWF":1447.267194,"USDSAR":3.748937,"USDSBD":8.123611,"USDSCR":14.253709,"USDSDG":601.503676,"USDSEK":8.950104,"USDSGD":1.272704,"USDSHP":0.750259,"USDSLE":24.403667,"USDSLL":20969.499267,"USDSOS":566.090375,"USDSRD":38.121038,"USDSTD":20697.981008,"USDSTN":20.712685,"USDSVC":8.68242,"USDSYP":11059.574895,"USDSZL":16.012174,"USDTHB":31.220369,"USDTJS":9.2781,"USDTMT":3.5,"USDTND":2.888786,"USDTOP":2.40776,"USDTRY":43.334504,"USDTTD":6.7405,"USDTWD":31.385804,"USDTZS":2540.305195,"USDUAH":42.786744,"USDUGX":3507.629877,"USDUYU":37.578729,"USDUZS":12043.792535,"USDVES":352.265415,"USDVND":26245,"USDVUV":119.78981,"USDWST":2.755619,"USDXAF":554.556368,"USDXAG":0.00971,"USDXAU":0.000201,"USDXCD":2.70255,"USDXCG":1.788392,"USDXDR":0.68969,"USDXOF":554.556368,"USDXPF":100.82428,"USDYER":238.303589,"USDZAR":16.11696,"USDZMK":9001.203584,"USDZMW":19.467388,"USDZWL":321.999592}}