{"success":true,"terms":"https:\/\/currencylayer.com\/terms","privacy":"https:\/\/currencylayer.com\/privacy","timestamp":1777776904,"source":"USD","quotes":{"USDAED":3.672504,"USDAFN":64.000368,"USDALL":81.450403,"USDAMD":370.780403,"USDANG":1.789884,"USDAOA":918.000367,"USDARS":1392.916052,"USDAUD":1.388889,"USDAWG":1.8,"USDAZN":1.70397,"USDBAM":1.669697,"USDBBD":2.01454,"USDBDT":122.725158,"USDBGN":1.668102,"USDBHD":0.37765,"USDBIF":2976,"USDBMD":1,"USDBND":1.275896,"USDBOB":6.911331,"USDBRL":4.953904,"USDBSD":1.000226,"USDBTC":1.2842064e-5,"USDBTN":94.881811,"USDBWP":13.592996,"USDBYN":2.822528,"USDBYR":19600,"USDBZD":2.011629,"USDCAD":1.35975,"USDCDF":2320.000362,"USDCHF":0.781253,"USDCLF":0.022842,"USDCLP":899.000361,"USDCNY":6.82825,"USDCNH":6.831005,"USDCOP":3657.4,"USDCRC":454.73562,"USDCUC":1,"USDCUP":26.5,"USDCVE":94.450394,"USDCZK":20.786704,"USDDJF":177.720393,"USDDKK":6.375104,"USDDOP":59.503884,"USDDZD":132.503944,"USDEGP":53.639736,"USDERN":15,"USDETB":157.000358,"USDEUR":0.85285,"USDFJD":2.192104,"USDFKP":0.734252,"USDGBP":0.735159,"USDGEL":2.680391,"USDGGP":0.734252,"USDGHS":11.203856,"USDGIP":0.734252,"USDGMD":73.000355,"USDGNF":8775.000355,"USDGTQ":7.641507,"USDGYD":209.25239,"USDHKD":7.83505,"USDHNL":26.620388,"USDHRK":6.42804,"USDHTG":131.024649,"USDHUF":309.943504,"USDIDR":17334.35,"USDILS":2.94383,"USDIMP":0.734252,"USDINR":94.910504,"USDIQD":1310,"USDIRR":1314000.000352,"USDISK":122.680386,"USDJEP":0.734252,"USDJMD":156.725146,"USDJOD":0.70904,"USDJPY":157.07304,"USDKES":129.150385,"USDKGS":87.420504,"USDKHR":4012.503796,"USDKMF":420.00035,"USDKPW":900.049007,"USDKRW":1471.320383,"USDKWD":0.30729,"USDKYD":0.833543,"USDKZT":463.288124,"USDLAK":21980.000349,"USDLBP":89550.000349,"USDLKR":319.671116,"USDLRD":183.875039,"USDLSL":16.660381,"USDLTL":2.95274,"USDLVL":0.60489,"USDLYD":6.350381,"USDMAD":9.25125,"USDMDL":17.233504,"USDMGA":4150.000347,"USDMKD":52.564485,"USDMMK":2099.599729,"USDMNT":3579.164068,"USDMOP":8.070846,"USDMRU":39.970379,"USDMUR":47.030378,"USDMVR":15.455039,"USDMWK":1741.503736,"USDMXN":17.457204,"USDMYR":3.970377,"USDMZN":63.903729,"USDNAD":16.660377,"USDNGN":1375.980377,"USDNIO":36.710377,"USDNOK":9.296404,"USDNPR":151.803598,"USDNZD":1.694485,"USDOMR":0.384745,"USDPAB":1.000201,"USDPEN":3.507504,"USDPGK":4.33875,"USDPHP":61.275038,"USDPKR":278.775038,"USDPLN":3.62095,"USDPYG":6151.626275,"USDQAR":3.643504,"USDRON":4.438104,"USDRSD":100.106587,"USDRUB":74.972586,"USDRWF":1461.5,"USDSAR":3.74998,"USDSBD":8.04211,"USDSCR":13.746323,"USDSDG":600.503676,"USDSEK":9.213704,"USDSGD":1.272604,"USDSHP":0.746601,"USDSLE":24.603667,"USDSLL":20969.496166,"USDSOS":571.000338,"USDSRD":37.458038,"USDSTD":20697.981008,"USDSTN":21.21,"USDSVC":8.7523,"USDSYP":110.525092,"USDSZL":16.660369,"USDTHB":32.513038,"USDTJS":9.381822,"USDTMT":3.505,"USDTND":2.88175,"USDTOP":2.40776,"USDTRY":45.142504,"USDTTD":6.789386,"USDTWD":31.629504,"USDTZS":2605.000335,"USDUAH":43.949336,"USDUGX":3760.987334,"USDUYU":39.889518,"USDUZS":11950.000334,"USDVES":488.942755,"USDVND":26356,"USDVUV":118.890896,"USDWST":2.715189,"USDXAF":560.041494,"USDXAG":0.01327,"USDXAU":0.000217,"USDXCD":2.70255,"USDXCG":1.80265,"USDXDR":0.69563,"USDXOF":560.000332,"USDXPF":102.150363,"USDYER":238.603589,"USDZAR":16.665525,"USDZMK":9001.203584,"USDZMW":18.67895,"USDZWL":321.999592}}