{"success":true,"terms":"https:\/\/currencylayer.com\/terms","privacy":"https:\/\/currencylayer.com\/privacy","timestamp":1782272168,"source":"USD","quotes":{"USDAED":3.672498,"USDAFN":63.500876,"USDALL":82.78735,"USDAMD":368.501999,"USDANG":1.790403,"USDAOA":917.000126,"USDARS":1470.991302,"USDAUD":1.44744,"USDAWG":1.80125,"USDAZN":1.69942,"USDBAM":1.718856,"USDBBD":2.018008,"USDBDT":123.091796,"USDBGN":1.69088,"USDBHD":0.377022,"USDBIF":2985,"USDBMD":1,"USDBND":1.297974,"USDBOB":6.938524,"USDBRL":5.199897,"USDBSD":1.001973,"USDBTC":1.5945428e-5,"USDBTN":94.864877,"USDBWP":13.624819,"USDBYN":2.814079,"USDBYR":19600,"USDBZD":2.015116,"USDCAD":1.421665,"USDCDF":2269.000264,"USDCHF":0.81075,"USDCLF":0.023222,"USDCLP":913.969714,"USDCNY":6.790498,"USDCNH":6.80185,"USDCOP":3430.81,"USDCRC":454.535468,"USDCUC":1,"USDCUP":26.5,"USDCVE":97.374975,"USDCZK":21.31065,"USDDJF":177.719932,"USDDKK":6.577475,"USDDOP":58.549547,"USDDZD":133.70503,"USDEGP":49.717498,"USDERN":15,"USDETB":161.535521,"USDEUR":0.87991,"USDFJD":2.24625,"USDFKP":0.754878,"USDGBP":0.757795,"USDGEL":2.644993,"USDGGP":0.754878,"USDGHS":11.225042,"USDGIP":0.754878,"USDGMD":72.50654,"USDGNF":8774.99996,"USDGTQ":7.644241,"USDGYD":209.623413,"USDHKD":7.84125,"USDHNL":26.807458,"USDHRK":6.630984,"USDHTG":131.00145,"USDHUF":312.91702,"USDIDR":17948,"USDILS":2.99632,"USDIMP":0.754878,"USDINR":94.88825,"USDIQD":1312.563167,"USDIRR":1375050.00019,"USDISK":126.709386,"USDJEP":0.754878,"USDJMD":157.717811,"USDJOD":0.70898,"USDJPY":161.565026,"USDKES":129.400953,"USDKGS":87.449923,"USDKHR":4010.000174,"USDKMF":430.999974,"USDKPW":900.00035,"USDKRW":1537.379748,"USDKWD":0.30899,"USDKYD":0.834996,"USDKZT":487.384102,"USDLAK":22188.337654,"USDLBP":89725.095575,"USDLKR":335.228721,"USDLRD":182.352683,"USDLSL":16.522564,"USDLTL":2.95274,"USDLVL":0.60489,"USDLYD":6.429642,"USDMAD":9.377774,"USDMDL":17.639408,"USDMGA":4185.964758,"USDMKD":54.24658,"USDMMK":2099.387374,"USDMNT":3579.000015,"USDMOP":8.091488,"USDMRU":39.79664,"USDMUR":47.960085,"USDMVR":15.459641,"USDMWK":1737.391847,"USDMXN":17.568601,"USDMYR":4.144599,"USDMZN":63.914885,"USDNAD":16.522564,"USDNGN":1370.501538,"USDNIO":36.867777,"USDNOK":9.819165,"USDNPR":151.78296,"USDNZD":1.768365,"USDOMR":0.384517,"USDPAB":1.001977,"USDPEN":3.39166,"USDPGK":4.394272,"USDPHP":61.568504,"USDPKR":278.668893,"USDPLN":3.767903,"USDPYG":6107.983882,"USDQAR":3.652503,"USDRON":4.615299,"USDRSD":103.30102,"USDRUB":74.500323,"USDRWF":1469.343633,"USDSAR":3.755291,"USDSBD":8.065041,"USDSCR":14.245172,"USDSDG":600.497294,"USDSEK":9.751565,"USDSGD":1.297475,"USDSHP":0.746601,"USDSLE":24.75013,"USDSLL":20969.503664,"USDSOS":572.656446,"USDSRD":37.482975,"USDSTD":20697.981008,"USDSTN":21.530796,"USDSVC":8.767412,"USDSYP":110.532098,"USDSZL":16.517116,"USDTHB":33.380332,"USDTJS":9.293141,"USDTMT":3.51,"USDTND":2.965857,"USDTOP":2.40776,"USDTRY":46.494802,"USDTTD":6.803181,"USDTWD":31.711041,"USDTZS":2625.003015,"USDUAH":44.976754,"USDUGX":3667.442985,"USDUYU":40.189832,"USDUZS":12038.49365,"USDVES":616.865275,"USDVND":26329,"USDVUV":118.758526,"USDWST":2.756325,"USDXAF":576.48558,"USDXAG":0.016282,"USDXAU":0.000246,"USDXCD":2.70255,"USDXCG":1.805774,"USDXDR":0.716966,"USDXOF":576.48558,"USDXPF":104.811706,"USDYER":238.649916,"USDZAR":16.570665,"USDZMK":9001.198872,"USDZMW":17.97425,"USDZWL":321.999592}}