{"success":true,"terms":"https:\/\/currencylayer.com\/terms","privacy":"https:\/\/currencylayer.com\/privacy","timestamp":1784601605,"source":"USD","quotes":{"USDAED":3.672506,"USDAFN":66.999994,"USDALL":82.14209,"USDAMD":366.070568,"USDANG":1.790258,"USDAOA":918.000103,"USDARS":1481.406703,"USDAUD":1.42699,"USDAWG":1.804,"USDAZN":1.700631,"USDBAM":1.713645,"USDBBD":2.017235,"USDBDT":123.568531,"USDBGN":1.717508,"USDBHD":0.377722,"USDBIF":2978.065353,"USDBMD":1,"USDBND":1.292685,"USDBOB":6.923833,"USDBRL":5.105802,"USDBSD":1.001564,"USDBTC":1.5317349e-5,"USDBTN":96.551331,"USDBWP":14.329085,"USDBYN":2.895007,"USDBYR":19600,"USDBZD":2.014105,"USDCAD":1.40759,"USDCDF":2259.999994,"USDCHF":0.810404,"USDCLF":0.023738,"USDCLP":934.279882,"USDCNY":6.77325,"USDCNH":6.766615,"USDCOP":3254.37,"USDCRC":454.38814,"USDCUC":1,"USDCUP":26.5,"USDCVE":96.612664,"USDCZK":21.197972,"USDDJF":178.355669,"USDDKK":6.54939,"USDDOP":58.607834,"USDDZD":133.174479,"USDEGP":51.101972,"USDERN":15,"USDETB":161.659489,"USDEUR":0.87608,"USDFJD":2.220301,"USDFKP":0.74341,"USDGBP":0.744295,"USDGEL":2.625048,"USDGGP":0.74341,"USDGHS":11.583181,"USDGIP":0.74341,"USDGMD":73.502273,"USDGNF":8788.108454,"USDGTQ":7.642095,"USDGYD":209.548677,"USDHKD":7.84065,"USDHNL":26.822569,"USDHRK":6.599701,"USDHTG":130.882965,"USDHUF":317.034963,"USDIDR":17936.45,"USDILS":3.054705,"USDIMP":0.74341,"USDINR":96.522104,"USDIQD":1312.08874,"USDIRR":1375249.99987,"USDISK":125.279421,"USDJEP":0.74341,"USDJMD":158.755471,"USDJOD":0.708963,"USDJPY":162.498499,"USDKES":129.280135,"USDKGS":87.450232,"USDKHR":4046.174403,"USDKMF":431.999795,"USDKPW":900.000068,"USDKRW":1479.259956,"USDKWD":0.30975,"USDKYD":0.834655,"USDKZT":471.230428,"USDLAK":22623.126057,"USDLBP":89691.407243,"USDLKR":336.832237,"USDLRD":181.282912,"USDLSL":16.508311,"USDLTL":2.95274,"USDLVL":0.60489,"USDLYD":6.417159,"USDMAD":9.358281,"USDMDL":17.622732,"USDMGA":4295.921809,"USDMKD":53.951161,"USDMMK":2100.202771,"USDMNT":3585.401867,"USDMOP":8.08895,"USDMRU":39.982827,"USDMUR":47.130123,"USDMVR":15.459788,"USDMWK":1736.768552,"USDMXN":17.409498,"USDMYR":4.089501,"USDMZN":63.910108,"USDNAD":16.508311,"USDNGN":1381.089703,"USDNIO":36.860989,"USDNOK":9.66259,"USDNPR":154.481453,"USDNZD":1.704515,"USDOMR":0.384498,"USDPAB":1.001568,"USDPEN":3.396448,"USDPGK":4.479044,"USDPHP":61.724971,"USDPKR":278.312648,"USDPLN":3.79529,"USDPYG":6069.314782,"USDQAR":3.65098,"USDRON":4.591601,"USDRSD":102.811001,"USDRUB":78.497606,"USDRWF":1473.826244,"USDSAR":3.755497,"USDSBD":8.071362,"USDSCR":13.398043,"USDSDG":600.498173,"USDSEK":9.68213,"USDSGD":1.290775,"USDSHP":0.746601,"USDSLE":24.374968,"USDSLL":20969.507346,"USDSOS":572.409896,"USDSRD":37.44185,"USDSTD":20697.981008,"USDSTN":21.466466,"USDSVC":8.763614,"USDSYP":110.532098,"USDSZL":16.509903,"USDTHB":33.633013,"USDTJS":9.259623,"USDTMT":3.51,"USDTND":2.958968,"USDTOP":2.40776,"USDTRY":47.1981,"USDTTD":6.799204,"USDTWD":32.263504,"USDTZS":2635.003019,"USDUAH":44.783079,"USDUGX":3710.64829,"USDUYU":40.304562,"USDUZS":11973.959748,"USDVES":724.839797,"USDVND":26310.5,"USDVUV":118.50378,"USDWST":2.742715,"USDXAF":574.737912,"USDXAG":0.017303,"USDXAU":0.000248,"USDXCD":2.70255,"USDXCG":1.805119,"USDXDR":0.71479,"USDXOF":574.737912,"USDXPF":104.493959,"USDYER":238.601415,"USDZAR":16.495966,"USDZMK":9001.198233,"USDZMW":18.251347,"USDZWL":321.999592}}