{"success":true,"terms":"https:\/\/currencylayer.com\/terms","privacy":"https:\/\/currencylayer.com\/privacy","timestamp":1761009976,"source":"USD","quotes":{"USDAED":3.672501,"USDAFN":66.496734,"USDALL":82.986484,"USDAMD":383.010074,"USDANG":1.789982,"USDAOA":915.999994,"USDARS":1477.493765,"USDAUD":1.534696,"USDAWG":1.8,"USDAZN":1.700308,"USDBAM":1.678373,"USDBBD":2.014246,"USDBDT":121.909044,"USDBGN":1.67927,"USDBHD":0.376981,"USDBIF":2948.090234,"USDBMD":1,"USDBND":1.294976,"USDBOB":6.909868,"USDBRL":5.374597,"USDBSD":1.000043,"USDBTC":9.064005e-6,"USDBTN":87.919117,"USDBWP":14.237288,"USDBYN":3.408557,"USDBYR":19600,"USDBZD":2.011328,"USDCAD":1.403605,"USDCDF":2511.00001,"USDCHF":0.791985,"USDCLF":0.024411,"USDCLP":957.637447,"USDCNY":7.11975,"USDCNH":7.121605,"USDCOP":3883.5,"USDCRC":502.67343,"USDCUC":1,"USDCUP":26.5,"USDCVE":94.924999,"USDCZK":20.85695,"USDDJF":178.090539,"USDDKK":6.411095,"USDDOP":63.415639,"USDDZD":130.159003,"USDEGP":47.506702,"USDERN":15,"USDETB":149.998841,"USDEUR":0.85848,"USDFJD":2.297902,"USDFKP":0.745283,"USDGBP":0.74595,"USDGEL":2.715021,"USDGGP":0.745283,"USDGHS":10.760391,"USDGIP":0.745283,"USDGMD":71.999799,"USDGNF":8678.450203,"USDGTQ":7.659863,"USDGYD":209.226888,"USDHKD":7.768845,"USDHNL":26.278456,"USDHRK":6.466698,"USDHTG":131.008115,"USDHUF":333.977504,"USDIDR":16556,"USDILS":3.279915,"USDIMP":0.745283,"USDINR":87.957987,"USDIQD":1310.780063,"USDIRR":42074.999815,"USDISK":121.559592,"USDJEP":0.745283,"USDJMD":161.124222,"USDJOD":0.708993,"USDJPY":150.637033,"USDKES":129.196031,"USDKGS":87.44993,"USDKHR":4027.652024,"USDKMF":422.499723,"USDKPW":900.000034,"USDKRW":1420.430266,"USDKWD":0.30603,"USDKYD":0.833813,"USDKZT":538.43644,"USDLAK":21703.177634,"USDLBP":89561.743414,"USDLKR":302.838629,"USDLRD":183.110806,"USDLSL":17.331891,"USDLTL":2.95274,"USDLVL":0.60489,"USDLYD":5.42802,"USDMAD":9.199497,"USDMDL":16.972412,"USDMGA":4462.561682,"USDMKD":52.871847,"USDMMK":2099.837998,"USDMNT":3594.425705,"USDMOP":8.007985,"USDMRU":39.885167,"USDMUR":45.03031,"USDMVR":15.300338,"USDMWK":1734.134306,"USDMXN":18.398445,"USDMYR":4.220497,"USDMZN":63.90592,"USDNAD":17.33963,"USDNGN":1467.139721,"USDNIO":36.801023,"USDNOK":10.05025,"USDNPR":140.607808,"USDNZD":1.740583,"USDOMR":0.384499,"USDPAB":1.000009,"USDPEN":3.3735,"USDPGK":4.26633,"USDPHP":58.134992,"USDPKR":282.971294,"USDPLN":3.636215,"USDPYG":7084.31667,"USDQAR":3.64135,"USDRON":4.367503,"USDRSD":100.599039,"USDRUB":80.848635,"USDRWF":1452.134735,"USDSAR":3.75037,"USDSBD":8.230592,"USDSCR":14.456032,"USDSDG":601.504216,"USDSEK":9.414835,"USDSGD":1.293265,"USDSHP":0.750259,"USDSLE":23.198816,"USDSLL":20969.499529,"USDSOS":571.551169,"USDSRD":39.489503,"USDSTD":20697.981008,"USDSTN":21.026975,"USDSVC":8.75542,"USDSYP":13001.841706,"USDSZL":17.327612,"USDTHB":32.564978,"USDTJS":9.205427,"USDTMT":3.51,"USDTND":2.927503,"USDTOP":2.342097,"USDTRY":41.95782,"USDTTD":6.782672,"USDTWD":30.595979,"USDTZS":2460.971975,"USDUAH":41.756876,"USDUGX":3475.514784,"USDUYU":39.964301,"USDUZS":12115.000218,"USDVES":205.418305,"USDVND":26342.5,"USDVUV":122.539243,"USDWST":2.808994,"USDXAF":562.932418,"USDXAG":0.019172,"USDXAU":0.00023,"USDXCD":2.70255,"USDXCG":1.803289,"USDXDR":0.700107,"USDXOF":562.932418,"USDXPF":102.750149,"USDYER":238.875026,"USDZAR":17.20896,"USDZMK":9001.198863,"USDZMW":22.626904,"USDZWL":321.999592}}