{"success":true,"terms":"https:\/\/currencylayer.com\/terms","privacy":"https:\/\/currencylayer.com\/privacy","timestamp":1763084283,"source":"USD","quotes":{"USDAED":3.6725,"USDAFN":65.496902,"USDALL":83.301455,"USDAMD":382.28009,"USDANG":1.790055,"USDAOA":917.000242,"USDARS":1408.006097,"USDAUD":1.52931,"USDAWG":1.8,"USDAZN":1.705413,"USDBAM":1.684198,"USDBBD":2.013055,"USDBDT":122.136156,"USDBGN":1.681297,"USDBHD":0.377067,"USDBIF":2945,"USDBMD":1,"USDBND":1.300529,"USDBOB":6.931234,"USDBRL":5.299199,"USDBSD":0.999466,"USDBTC":1.0068962e-5,"USDBTN":88.614561,"USDBWP":14.187976,"USDBYN":3.409862,"USDBYR":19600,"USDBZD":2.010135,"USDCAD":1.402825,"USDCDF":2137.498228,"USDCHF":0.79316,"USDCLF":0.023703,"USDCLP":929.879744,"USDCNY":7.11275,"USDCNH":7.096635,"USDCOP":3748.57,"USDCRC":502.05818,"USDCUC":1,"USDCUP":26.5,"USDCVE":95.375015,"USDCZK":20.782696,"USDDJF":177.720147,"USDDKK":6.419845,"USDDOP":64.438566,"USDDZD":130.124017,"USDEGP":47.191298,"USDERN":15,"USDETB":153.598699,"USDEUR":0.85961,"USDFJD":2.275949,"USDFKP":0.76162,"USDGBP":0.76073,"USDGEL":2.696375,"USDGGP":0.76162,"USDGHS":10.950009,"USDGIP":0.76162,"USDGMD":73.000279,"USDGNF":8684.999724,"USDGTQ":7.66177,"USDGYD":209.09956,"USDHKD":7.77137,"USDHNL":26.310217,"USDHRK":6.476898,"USDHTG":130.836534,"USDHUF":330.403502,"USDIDR":16726,"USDILS":3.22305,"USDIMP":0.76162,"USDINR":88.79035,"USDIQD":1310,"USDIRR":42112.500271,"USDISK":126.369863,"USDJEP":0.76162,"USDJMD":160.37683,"USDJOD":0.708978,"USDJPY":154.5285,"USDKES":129.249991,"USDKGS":87.450245,"USDKHR":4020.000267,"USDKMF":425.000034,"USDKPW":900.002739,"USDKRW":1460.880064,"USDKWD":0.30669,"USDKYD":0.832885,"USDKZT":522.657205,"USDLAK":21694.999664,"USDLBP":89549.999794,"USDLKR":305.549336,"USDLRD":182.00018,"USDLSL":17.080125,"USDLTL":2.95274,"USDLVL":0.604889,"USDLYD":5.460132,"USDMAD":9.282498,"USDMDL":16.821311,"USDMGA":4500.000401,"USDMKD":52.861525,"USDMMK":2099.574422,"USDMNT":3579.076518,"USDMOP":8.000499,"USDMRU":39.850026,"USDMUR":45.805966,"USDMVR":15.405,"USDMWK":1736.000118,"USDMXN":18.31115,"USDMYR":4.130023,"USDMZN":63.960427,"USDNAD":17.080363,"USDNGN":1441.329732,"USDNIO":36.77008,"USDNOK":10.008535,"USDNPR":141.783641,"USDNZD":1.764155,"USDOMR":0.384504,"USDPAB":0.999427,"USDPEN":3.368999,"USDPGK":4.120027,"USDPHP":58.905044,"USDPKR":280.749488,"USDPLN":3.63798,"USDPYG":7040.597969,"USDQAR":3.6409,"USDRON":4.370799,"USDRSD":100.701007,"USDRUB":80.695512,"USDRWF":1450,"USDSAR":3.749914,"USDSBD":8.237372,"USDSCR":14.27675,"USDSDG":601.495399,"USDSEK":9.39945,"USDSGD":1.30039,"USDSHP":0.750259,"USDSLE":23.374985,"USDSLL":20969.498139,"USDSOS":571.50548,"USDSRD":38.588994,"USDSTD":20697.981008,"USDSTN":21.45,"USDSVC":8.745635,"USDSYP":11056.921193,"USDSZL":17.079786,"USDTHB":32.340323,"USDTJS":9.254993,"USDTMT":3.5,"USDTND":2.952499,"USDTOP":2.40776,"USDTRY":42.290194,"USDTTD":6.757548,"USDTWD":31.123504,"USDTZS":2439.999924,"USDUAH":42.0333,"USDUGX":3658.079766,"USDUYU":39.741144,"USDUZS":12004.99998,"USDVES":233.26555,"USDVND":26330,"USDVUV":122.187972,"USDWST":2.81293,"USDXAF":564.864178,"USDXAG":0.018948,"USDXAU":0.000239,"USDXCD":2.70255,"USDXCG":1.801381,"USDXDR":0.704774,"USDXOF":565.000019,"USDXPF":103.250128,"USDYER":238.49739,"USDZAR":17.031355,"USDZMK":9001.201226,"USDZMW":22.412628,"USDZWL":321.999592}}