{"success":true,"terms":"https:\/\/currencylayer.com\/terms","privacy":"https:\/\/currencylayer.com\/privacy","timestamp":1784082424,"source":"USD","quotes":{"USDAED":3.672499,"USDAFN":65.999681,"USDALL":81.950366,"USDAMD":364.615903,"USDANG":1.790258,"USDAOA":917.498647,"USDARS":1470.499305,"USDAUD":1.43169,"USDAWG":1.8,"USDAZN":1.698357,"USDBAM":1.710565,"USDBBD":2.006691,"USDBDT":122.821671,"USDBGN":1.717508,"USDBHD":0.375738,"USDBIF":2985.511936,"USDBMD":1,"USDBND":1.288576,"USDBOB":6.923833,"USDBRL":5.089898,"USDBSD":0.99637,"USDBTC":1.5502891e-5,"USDBTN":95.801664,"USDBWP":13.577348,"USDBYN":2.862378,"USDBYR":19600,"USDBZD":2.00384,"USDCAD":1.404485,"USDCDF":2259.999994,"USDCHF":0.80888,"USDCLF":0.023517,"USDCLP":925.549808,"USDCNY":6.77075,"USDCNH":6.76861,"USDCOP":3261.35,"USDCRC":453.831857,"USDCUC":1,"USDCUP":26.5,"USDCVE":96.43649,"USDCZK":21.192894,"USDDJF":177.422106,"USDDKK":6.537365,"USDDOP":58.344813,"USDDZD":133.121986,"USDEGP":50.720199,"USDERN":15,"USDETB":160.815936,"USDEUR":0.87449,"USDFJD":2.22575,"USDFKP":0.747301,"USDGBP":0.746155,"USDGEL":2.619755,"USDGGP":0.747301,"USDGHS":11.458283,"USDGIP":0.747301,"USDGMD":73.487145,"USDGNF":8738.280157,"USDGTQ":7.601048,"USDGYD":208.419883,"USDHKD":7.83765,"USDHNL":26.682118,"USDHRK":6.588398,"USDHTG":130.218605,"USDHUF":313.488501,"USDIDR":18054.15,"USDILS":2.998701,"USDIMP":0.747301,"USDINR":96.271302,"USDIQD":1305.18251,"USDIRR":1375124.999634,"USDISK":125.409815,"USDJEP":0.747301,"USDJMD":158.026851,"USDJOD":0.708984,"USDJPY":162.110499,"USDKES":129.279814,"USDKGS":87.449796,"USDKHR":4043.25752,"USDKMF":430.999647,"USDKPW":900.000068,"USDKRW":1490.40499,"USDKWD":0.30956,"USDKYD":0.830269,"USDKZT":467.33108,"USDLAK":22489.756115,"USDLBP":89220.253895,"USDLKR":334.89023,"USDLRD":180.843341,"USDLSL":16.427475,"USDLTL":2.95274,"USDLVL":0.60489,"USDLYD":6.397726,"USDMAD":9.305515,"USDMDL":17.570067,"USDMGA":4268.940636,"USDMKD":53.897242,"USDMMK":2099.937768,"USDMNT":3585.974961,"USDMOP":8.043188,"USDMRU":39.804084,"USDMUR":47.310125,"USDMVR":15.450022,"USDMWK":1727.604679,"USDMXN":17.41605,"USDMYR":4.067976,"USDMZN":63.903045,"USDNAD":16.427475,"USDNGN":1379.519813,"USDNIO":36.664028,"USDNOK":9.669795,"USDNPR":153.274298,"USDNZD":1.71849,"USDOMR":0.384499,"USDPAB":0.996357,"USDPEN":3.411247,"USDPGK":4.385282,"USDPHP":61.679045,"USDPKR":276.904078,"USDPLN":3.783205,"USDPYG":6042.63693,"USDQAR":3.642398,"USDRON":4.585101,"USDRSD":102.67101,"USDRUB":77.500044,"USDRWF":1473.127214,"USDSAR":3.762666,"USDSBD":8.065041,"USDSCR":13.202325,"USDSDG":600.499248,"USDSEK":9.64535,"USDSGD":1.290475,"USDSHP":0.746601,"USDSLE":24.396935,"USDSLL":20969.507346,"USDSOS":569.379455,"USDSRD":37.6245,"USDSTD":20697.981008,"USDSTN":21.427135,"USDSVC":8.718126,"USDSYP":110.532098,"USDSZL":16.424183,"USDTHB":33.498497,"USDTJS":9.196631,"USDTMT":3.5,"USDTND":2.953048,"USDTOP":2.40776,"USDTRY":47.033799,"USDTTD":6.765993,"USDTWD":32.179396,"USDTZS":2639.997981,"USDUAH":44.779797,"USDUGX":3692.609097,"USDUYU":40.08186,"USDUZS":12025.905988,"USDVES":723.09425,"USDVND":26272,"USDVUV":119.718663,"USDWST":2.760172,"USDXAF":573.71496,"USDXAG":0.017139,"USDXAU":0.000248,"USDXCD":2.70255,"USDXCG":1.795665,"USDXDR":0.713502,"USDXOF":573.702416,"USDXPF":104.306149,"USDYER":237.149914,"USDZAR":16.35935,"USDZMK":9001.202983,"USDZMW":18.058817,"USDZWL":321.999592}}