{"success":true,"terms":"https:\/\/currencylayer.com\/terms","privacy":"https:\/\/currencylayer.com\/privacy","timestamp":1759368066,"source":"USD","quotes":{"USDAED":3.672505,"USDAFN":68.503789,"USDALL":82.550093,"USDAMD":382.739959,"USDANG":1.790403,"USDAOA":917.000063,"USDARS":1423.506099,"USDAUD":1.513168,"USDAWG":1.40625,"USDAZN":1.703975,"USDBAM":1.666915,"USDBBD":2.012527,"USDBDT":121.639301,"USDBGN":1.66701,"USDBHD":0.377011,"USDBIF":2925,"USDBMD":1,"USDBND":1.288338,"USDBOB":6.905634,"USDBRL":5.330501,"USDBSD":0.99919,"USDBTC":8.436576e-6,"USDBTN":88.642891,"USDBWP":14.138444,"USDBYN":3.385999,"USDBYR":19600,"USDBZD":2.010007,"USDCAD":1.39438,"USDCDF":2686.50247,"USDCHF":0.797058,"USDCLF":0.024473,"USDCLP":960.050089,"USDCNY":7.11955,"USDCNH":7.129325,"USDCOP":3880.51,"USDCRC":503.534886,"USDCUC":1,"USDCUP":26.5,"USDCVE":94.374981,"USDCZK":20.691801,"USDDJF":177.719892,"USDDKK":6.364525,"USDDOP":62.450431,"USDDZD":129.61182,"USDEGP":47.843786,"USDERN":15,"USDETB":146.602233,"USDEUR":0.85252,"USDFJD":2.253298,"USDFKP":0.743938,"USDGBP":0.742115,"USDGEL":2.709749,"USDGGP":0.743938,"USDGHS":12.410385,"USDGIP":0.743938,"USDGMD":73.999599,"USDGNF":8685.000285,"USDGTQ":7.660412,"USDGYD":209.086764,"USDHKD":7.780715,"USDHNL":26.150025,"USDHRK":6.424399,"USDHTG":130.751204,"USDHUF":331.773031,"USDIDR":16654.55,"USDILS":3.316698,"USDIMP":0.743938,"USDINR":88.68915,"USDIQD":1310,"USDIRR":42049.999595,"USDISK":121.570062,"USDJEP":0.743938,"USDJMD":160.256711,"USDJOD":0.709009,"USDJPY":147.137022,"USDKES":129.495565,"USDKGS":87.450192,"USDKHR":4011.000214,"USDKMF":421.000316,"USDKPW":899.994373,"USDKRW":1403.484974,"USDKWD":0.30559,"USDKYD":0.832811,"USDKZT":548.297754,"USDLAK":21670.000323,"USDLBP":89628.599225,"USDLKR":302.262559,"USDLRD":181.350021,"USDLSL":17.260382,"USDLTL":2.95274,"USDLVL":0.60489,"USDLYD":5.414977,"USDMAD":9.091499,"USDMDL":16.649407,"USDMGA":4464.999755,"USDMKD":52.516085,"USDMMK":2099.458538,"USDMNT":3596.457058,"USDMOP":8.009921,"USDMRU":39.889793,"USDMUR":45.579765,"USDMVR":15.309689,"USDMWK":1736.999706,"USDMXN":18.388855,"USDMYR":4.20399,"USDMZN":63.909895,"USDNAD":17.260281,"USDNGN":1485.000277,"USDNIO":36.635013,"USDNOK":9.917655,"USDNPR":141.828795,"USDNZD":1.71864,"USDOMR":0.384497,"USDPAB":0.999378,"USDPEN":3.468019,"USDPGK":4.183496,"USDPHP":58.12598,"USDPKR":281.293437,"USDPLN":3.634426,"USDPYG":7081.705098,"USDQAR":3.640604,"USDRON":4.334298,"USDRSD":99.885056,"USDRUB":82.500416,"USDRWF":1448.5,"USDSAR":3.750256,"USDSBD":8.217066,"USDSCR":14.241002,"USDSDG":601.497294,"USDSEK":9.37786,"USDSGD":1.288235,"USDSHP":0.785843,"USDSLE":23.289868,"USDSLL":20969.503664,"USDSOS":571.499696,"USDSRD":38.278003,"USDSTD":20697.981008,"USDSTN":21.2,"USDSVC":8.744529,"USDSYP":13002.080254,"USDSZL":17.259952,"USDTHB":32.469946,"USDTJS":9.319366,"USDTMT":3.5,"USDTND":2.90025,"USDTOP":2.3421,"USDTRY":41.597596,"USDTTD":6.78593,"USDTWD":30.438501,"USDTZS":2455.000414,"USDUAH":41.183239,"USDUGX":3472.66607,"USDUYU":39.836189,"USDUZS":12115.000595,"USDVES":177.392305,"USDVND":26410,"USDVUV":120.331355,"USDWST":2.790934,"USDXAF":559.077292,"USDXAG":0.021202,"USDXAU":0.000259,"USDXCD":2.70255,"USDXCG":1.800844,"USDXDR":0.695924,"USDXOF":557.999832,"USDXPF":102.049909,"USDYER":239.293742,"USDZAR":17.22004,"USDZMK":9001.202396,"USDZMW":23.860319,"USDZWL":321.999592}}