{"success":true,"terms":"https:\/\/currencylayer.com\/terms","privacy":"https:\/\/currencylayer.com\/privacy","timestamp":1784169305,"source":"USD","quotes":{"USDAED":3.6725,"USDAFN":66.000126,"USDALL":81.708603,"USDAMD":364.365761,"USDANG":1.790258,"USDAOA":916.999808,"USDARS":1475.474298,"USDAUD":1.43014,"USDAWG":1.79625,"USDAZN":1.699704,"USDBAM":1.705664,"USDBBD":2.003974,"USDBDT":122.731435,"USDBGN":1.717508,"USDBHD":0.375229,"USDBIF":2968.58317,"USDBMD":1,"USDBND":1.285785,"USDBOB":6.923833,"USDBRL":5.092298,"USDBSD":0.994971,"USDBTC":1.5485102e-5,"USDBTN":95.782497,"USDBWP":13.51177,"USDBYN":2.869258,"USDBYR":19600,"USDBZD":2.001098,"USDCAD":1.405075,"USDCDF":2259.00013,"USDCHF":0.80615,"USDCLF":0.023493,"USDCLP":924.620234,"USDCNY":6.768798,"USDCNH":6.771545,"USDCOP":3231.81,"USDCRC":451.756297,"USDCUC":1,"USDCUP":26.5,"USDCVE":96.162735,"USDCZK":21.113404,"USDDJF":177.179114,"USDDKK":6.52059,"USDDOP":58.119062,"USDDZD":133.00401,"USDEGP":50.526903,"USDERN":15,"USDETB":160.591875,"USDEUR":0.87228,"USDFJD":2.24025,"USDFKP":0.7473,"USDGBP":0.739375,"USDGEL":2.620351,"USDGGP":0.7473,"USDGHS":11.463829,"USDGIP":0.7473,"USDGMD":73.999852,"USDGNF":8726.461347,"USDGTQ":7.595169,"USDGYD":208.293725,"USDHKD":7.838465,"USDHNL":26.645284,"USDHRK":6.573302,"USDHTG":130.051468,"USDHUF":313.602497,"USDIDR":18057,"USDILS":2.99905,"USDIMP":0.7473,"USDINR":96.38745,"USDIQD":1304.234073,"USDIRR":1375000.000087,"USDISK":124.910345,"USDJEP":0.7473,"USDJMD":157.708499,"USDJOD":0.709032,"USDJPY":162.100501,"USDKES":129.290362,"USDKGS":87.450364,"USDKHR":4020.656745,"USDKMF":428.999733,"USDKPW":900.000068,"USDKRW":1485.979563,"USDKWD":0.30931,"USDKYD":0.829634,"USDKZT":468.844024,"USDLAK":22492.602551,"USDLBP":89098.721424,"USDLKR":334.766494,"USDLRD":180.700301,"USDLSL":16.303149,"USDLTL":2.952739,"USDLVL":0.60489,"USDLYD":6.374578,"USDMAD":9.294641,"USDMDL":17.491535,"USDMGA":4230.544637,"USDMKD":53.776857,"USDMMK":2099.398858,"USDMNT":3586.587158,"USDMOP":8.038896,"USDMRU":39.761178,"USDMUR":47.120021,"USDMVR":15.459937,"USDMWK":1725.249919,"USDMXN":17.40235,"USDMYR":4.074497,"USDMZN":63.909978,"USDNAD":16.313173,"USDNGN":1375.969662,"USDNIO":36.615925,"USDNOK":9.66903,"USDNPR":153.164822,"USDNZD":1.71223,"USDOMR":0.384496,"USDPAB":0.995596,"USDPEN":3.388305,"USDPGK":4.380682,"USDPHP":61.662992,"USDPKR":276.524312,"USDPLN":3.77525,"USDPYG":6034.670594,"USDQAR":3.629617,"USDRON":4.569396,"USDRSD":102.370131,"USDRUB":77.499051,"USDRWF":1463.63359,"USDSAR":3.748908,"USDSBD":8.071362,"USDSCR":13.452058,"USDSDG":600.499436,"USDSEK":9.601575,"USDSGD":1.28916,"USDSHP":0.746601,"USDSLE":24.374986,"USDSLL":20969.507346,"USDSOS":568.604722,"USDSRD":37.663498,"USDSTD":20697.981008,"USDSTN":21.354298,"USDSVC":8.711464,"USDSYP":110.532098,"USDSZL":16.299886,"USDTHB":33.601991,"USDTJS":9.179261,"USDTMT":3.51,"USDTND":2.94606,"USDTOP":2.40776,"USDTRY":47.040902,"USDTTD":6.757947,"USDTWD":32.156027,"USDTZS":2629.713011,"USDUAH":44.531145,"USDUGX":3678.541839,"USDUYU":40.064536,"USDUZS":12034.186543,"USDVES":724.839799,"USDVND":26261,"USDVUV":120.301282,"USDWST":2.763963,"USDXAF":571.704855,"USDXAG":0.01751,"USDXAU":0.000248,"USDXCD":2.70255,"USDXCG":1.79427,"USDXDR":0.711017,"USDXOF":571.704855,"USDXPF":104.007326,"USDYER":236.650015,"USDZAR":16.36125,"USDZMK":9001.200338,"USDZMW":18.123186,"USDZWL":321.999592}}