{"success":true,"terms":"https:\/\/currencylayer.com\/terms","privacy":"https:\/\/currencylayer.com\/privacy","timestamp":1768528087,"source":"USD","quotes":{"USDAED":3.672505,"USDAFN":65.503141,"USDALL":83.010308,"USDAMD":379.420189,"USDANG":1.79008,"USDAOA":918.000073,"USDARS":1442.032099,"USDAUD":1.492237,"USDAWG":1.8025,"USDAZN":1.70191,"USDBAM":1.681194,"USDBBD":2.013599,"USDBDT":122.277236,"USDBGN":1.67937,"USDBHD":0.37703,"USDBIF":2960,"USDBMD":1,"USDBND":1.287328,"USDBOB":6.908675,"USDBRL":5.368302,"USDBSD":0.999794,"USDBTC":1.0449867e-5,"USDBTN":90.335891,"USDBWP":13.350525,"USDBYN":2.908006,"USDBYR":19600,"USDBZD":2.010788,"USDCAD":1.389515,"USDCDF":2204.999752,"USDCHF":0.803297,"USDCLF":0.022509,"USDCLP":883.010137,"USDCNY":6.966402,"USDCNH":6.96472,"USDCOP":3685.86,"USDCRC":494.610346,"USDCUC":1,"USDCUP":26.5,"USDCVE":95.302735,"USDCZK":20.920203,"USDDJF":178.000328,"USDDKK":6.43771,"USDDOP":63.749468,"USDDZD":130.200319,"USDEGP":47.236699,"USDERN":15,"USDETB":155.62498,"USDEUR":0.86161,"USDFJD":2.279503,"USDFKP":0.743872,"USDGBP":0.747397,"USDGEL":2.694975,"USDGGP":0.743872,"USDGHS":10.814981,"USDGIP":0.743872,"USDGMD":73.501407,"USDGNF":8750.999496,"USDGTQ":7.665859,"USDGYD":209.162294,"USDHKD":7.79855,"USDHNL":26.530279,"USDHRK":6.493399,"USDHTG":130.993519,"USDHUF":331.907498,"USDIDR":16890.8,"USDILS":3.14311,"USDIMP":0.743872,"USDINR":90.32745,"USDIQD":1310,"USDIRR":42125.000158,"USDISK":125.970189,"USDJEP":0.743872,"USDJMD":157.623739,"USDJOD":0.708956,"USDJPY":158.529746,"USDKES":129.000117,"USDKGS":87.448895,"USDKHR":4026.000278,"USDKMF":423.999704,"USDKPW":899.976543,"USDKRW":1473.660276,"USDKWD":0.30814,"USDKYD":0.833129,"USDKZT":510.839479,"USDLAK":21599.999892,"USDLBP":89966.784279,"USDLKR":309.376451,"USDLRD":181.124973,"USDLSL":16.329738,"USDLTL":2.95274,"USDLVL":0.60489,"USDLYD":5.424995,"USDMAD":9.23625,"USDMDL":17.10614,"USDMGA":4549.999733,"USDMKD":53.04186,"USDMMK":2100.072735,"USDMNT":3563.033319,"USDMOP":8.031719,"USDMRU":39.739854,"USDMUR":46.218268,"USDMVR":15.450318,"USDMWK":1732.999854,"USDMXN":17.656295,"USDMYR":4.057981,"USDMZN":63.910331,"USDNAD":16.33042,"USDNGN":1421.999688,"USDNIO":36.750162,"USDNOK":10.11052,"USDNPR":144.535561,"USDNZD":1.739505,"USDOMR":0.3845,"USDPAB":0.999807,"USDPEN":3.360081,"USDPGK":4.270086,"USDPHP":59.419641,"USDPKR":279.900113,"USDPLN":3.63018,"USDPYG":6752.110303,"USDQAR":3.64125,"USDRON":4.384968,"USDRSD":101.120975,"USDRUB":78.249721,"USDRWF":1458,"USDSAR":3.749946,"USDSBD":8.130216,"USDSCR":14.364365,"USDSDG":600.999764,"USDSEK":9.216295,"USDSGD":1.28823,"USDSHP":0.750259,"USDSLE":24.125048,"USDSLL":20969.499267,"USDSOS":571.000019,"USDSRD":38.259713,"USDSTD":20697.981008,"USDSTN":21.45,"USDSVC":8.748087,"USDSYP":11059.574895,"USDSZL":16.330545,"USDTHB":31.420285,"USDTJS":9.312721,"USDTMT":3.5,"USDTND":2.892502,"USDTOP":2.40776,"USDTRY":43.277799,"USDTTD":6.786494,"USDTWD":31.5868,"USDTZS":2514.999408,"USDUAH":43.484577,"USDUGX":3549.263328,"USDUYU":38.603866,"USDUZS":11975.000032,"USDVES":338.72555,"USDVND":26270,"USDVUV":121.157562,"USDWST":2.784721,"USDXAF":563.861501,"USDXAG":0.010932,"USDXAU":0.000217,"USDXCD":2.70255,"USDXCG":1.801881,"USDXDR":0.700974,"USDXOF":562.499195,"USDXPF":102.999594,"USDYER":238.42499,"USDZAR":16.346994,"USDZMK":9001.201607,"USDZMW":19.771,"USDZWL":321.999592}}