{"success":true,"terms":"https:\/\/currencylayer.com\/terms","privacy":"https:\/\/currencylayer.com\/privacy","timestamp":1778900108,"source":"USD","quotes":{"USDAED":3.67315,"USDAFN":62.503991,"USDALL":81.803989,"USDAMD":368.230403,"USDANG":1.79046,"USDAOA":918.000367,"USDARS":1393.261257,"USDAUD":1.398406,"USDAWG":1.80125,"USDAZN":1.70397,"USDBAM":1.679591,"USDBBD":2.014943,"USDBDT":122.797752,"USDBGN":1.66992,"USDBHD":0.37725,"USDBIF":2976.5,"USDBMD":1,"USDBND":1.278909,"USDBOB":6.913254,"USDBRL":5.056804,"USDBSD":1.000386,"USDBTC":1.2647198e-5,"USDBTN":95.955961,"USDBWP":14.15113,"USDBYN":2.784023,"USDBYR":19600,"USDBZD":2.012057,"USDCAD":1.37565,"USDCDF":2247.50392,"USDCHF":0.78699,"USDCLF":0.023076,"USDCLP":908.190396,"USDCNY":6.809904,"USDCNH":6.81438,"USDCOP":3810.82,"USDCRC":453.815434,"USDCUC":1,"USDCUP":26.5,"USDCVE":95.150394,"USDCZK":20.916604,"USDDJF":177.720393,"USDDKK":6.428304,"USDDOP":59.550393,"USDDZD":132.89904,"USDEGP":52.834473,"USDERN":15,"USDETB":157.550392,"USDEUR":0.860404,"USDFJD":2.20415,"USDFKP":0.74189,"USDGBP":0.7503,"USDGEL":2.680391,"USDGGP":0.74189,"USDGHS":11.44039,"USDGIP":0.74189,"USDGMD":72.503851,"USDGNF":8777.503848,"USDGTQ":7.632028,"USDGYD":209.304123,"USDHKD":7.83295,"USDHNL":26.62504,"USDHRK":6.481104,"USDHTG":130.99154,"USDHUF":311.210388,"USDIDR":17602.95,"USDILS":2.91944,"USDIMP":0.74189,"USDINR":95.99105,"USDIQD":1310,"USDIRR":1319000.000352,"USDISK":123.530386,"USDJEP":0.74189,"USDJMD":158.074628,"USDJOD":0.70904,"USDJPY":158.71604,"USDKES":129.350385,"USDKGS":87.450384,"USDKHR":4012.503796,"USDKMF":424.00035,"USDKPW":900.001832,"USDKRW":1497.630383,"USDKWD":0.30864,"USDKYD":0.833713,"USDKZT":469.663269,"USDLAK":21950.000349,"USDLBP":89756.055587,"USDLKR":328.64007,"USDLRD":183.375039,"USDLSL":16.490381,"USDLTL":2.95274,"USDLVL":0.60489,"USDLYD":6.325039,"USDMAD":9.226039,"USDMDL":17.30718,"USDMGA":4183.000347,"USDMKD":53.021116,"USDMMK":2099.639995,"USDMNT":3579.473939,"USDMOP":8.068926,"USDMRU":40.000346,"USDMUR":47.180378,"USDMVR":15.410378,"USDMWK":1741.503736,"USDMXN":17.336604,"USDMYR":3.949504,"USDMZN":63.903729,"USDNAD":16.490377,"USDNGN":1370.490377,"USDNIO":36.720377,"USDNOK":9.304604,"USDNPR":153.529195,"USDNZD":1.708526,"USDOMR":0.384019,"USDPAB":1.000404,"USDPEN":3.432504,"USDPGK":4.382039,"USDPHP":61.608038,"USDPKR":278.625038,"USDPLN":3.65375,"USDPYG":6096.44038,"USDQAR":3.645038,"USDRON":4.436104,"USDRSD":100.985038,"USDRUB":72.76059,"USDRWF":1460.5,"USDSAR":3.783806,"USDSBD":8.016322,"USDSCR":13.572442,"USDSDG":600.503676,"USDSEK":9.450804,"USDSGD":1.280504,"USDSHP":0.746601,"USDSLE":24.603667,"USDSLL":20969.502105,"USDSOS":571.503662,"USDSRD":37.453038,"USDSTD":20697.981008,"USDSTN":21.3,"USDSVC":8.753489,"USDSYP":110.532449,"USDSZL":16.490369,"USDTHB":32.640369,"USDTJS":9.334009,"USDTMT":3.51,"USDTND":2.895504,"USDTOP":2.40776,"USDTRY":45.485038,"USDTTD":6.790913,"USDTWD":31.576504,"USDTZS":2600.000335,"USDUAH":44.173043,"USDUGX":3756.279789,"USDUYU":40.07042,"USDUZS":12050.000334,"USDVES":510.148815,"USDVND":26355,"USDVUV":117.920453,"USDWST":2.705599,"USDXAF":563.328839,"USDXAG":0.013153,"USDXAU":0.00022,"USDXCD":2.70255,"USDXCG":1.803028,"USDXDR":0.699933,"USDXOF":563.000332,"USDXPF":102.850363,"USDYER":238.603589,"USDZAR":16.68789,"USDZMK":9001.203584,"USDZMW":18.833249,"USDZWL":321.999592}}