{"success":true,"terms":"https:\/\/currencylayer.com\/terms","privacy":"https:\/\/currencylayer.com\/privacy","timestamp":1751766544,"source":"USD","quotes":{"USDAED":3.672504,"USDAFN":69.864584,"USDALL":83.134525,"USDAMD":384.514157,"USDANG":1.789623,"USDAOA":917.000367,"USDARS":1239.187333,"USDAUD":1.527184,"USDAWG":1.8025,"USDAZN":1.70397,"USDBAM":1.660483,"USDBBD":2.019018,"USDBDT":122.664176,"USDBGN":1.66087,"USDBHD":0.376279,"USDBIF":2978.987138,"USDBMD":1,"USDBND":1.273507,"USDBOB":6.910048,"USDBRL":5.418604,"USDBSD":0.999958,"USDBTC":9.281173e-6,"USDBTN":85.33939,"USDBWP":13.244471,"USDBYN":3.272403,"USDBYR":19600,"USDBZD":2.008575,"USDCAD":1.36095,"USDCDF":2885.000362,"USDCHF":0.794112,"USDCLF":0.024235,"USDCLP":929.710914,"USDCNY":7.165404,"USDCNH":7.164504,"USDCOP":3981.067199,"USDCRC":504.987902,"USDCUC":1,"USDCUP":26.5,"USDCVE":93.615486,"USDCZK":20.923504,"USDDJF":178.061723,"USDDKK":6.334404,"USDDOP":59.84633,"USDDZD":129.133591,"USDEGP":49.258395,"USDERN":15,"USDETB":138.777179,"USDEUR":0.84895,"USDFJD":2.239204,"USDFKP":0.732516,"USDGBP":0.732306,"USDGEL":2.720391,"USDGGP":0.732516,"USDGHS":10.349365,"USDGIP":0.732516,"USDGMD":71.503851,"USDGNF":8672.581398,"USDGTQ":7.688585,"USDGYD":209.203209,"USDHKD":7.849404,"USDHNL":26.125568,"USDHRK":6.39804,"USDHTG":131.290062,"USDHUF":338.903831,"USDIDR":16182.7,"USDILS":3.348985,"USDIMP":0.732516,"USDINR":85.80175,"USDIQD":1309.929108,"USDIRR":42125.000352,"USDISK":120.930386,"USDJEP":0.732516,"USDJMD":159.604364,"USDJOD":0.70904,"USDJPY":144.47404,"USDKES":129.193021,"USDKGS":87.450384,"USDKHR":4017.489494,"USDKMF":418.00035,"USDKPW":900,"USDKRW":1363.350383,"USDKWD":0.30529,"USDKYD":0.833383,"USDKZT":519.319098,"USDLAK":21547.73528,"USDLBP":89595.279535,"USDLKR":300.012735,"USDLRD":200.492423,"USDLSL":17.589591,"USDLTL":2.95274,"USDLVL":0.60489,"USDLYD":5.386085,"USDMAD":8.975252,"USDMDL":16.84425,"USDMGA":4499.724074,"USDMKD":52.239249,"USDMMK":2099.732017,"USDMNT":3583.662511,"USDMOP":8.08507,"USDMRU":39.687566,"USDMUR":44.950378,"USDMVR":15.403739,"USDMWK":1734.006877,"USDMXN":18.63095,"USDMYR":4.221039,"USDMZN":63.960377,"USDNAD":17.589591,"USDNGN":1529.940377,"USDNIO":36.795857,"USDNOK":10.086504,"USDNPR":136.542854,"USDNZD":1.649893,"USDOMR":0.383784,"USDPAB":0.999958,"USDPEN":3.545783,"USDPGK":4.130407,"USDPHP":56.515038,"USDPKR":283.859914,"USDPLN":3.602851,"USDPYG":7968.756633,"USDQAR":3.65471,"USDRON":4.294904,"USDRSD":99.486352,"USDRUB":78.605765,"USDRWF":1437.44959,"USDSAR":3.749734,"USDSBD":8.336924,"USDSCR":14.085834,"USDSDG":600.503676,"USDSEK":9.562904,"USDSGD":1.273504,"USDSHP":0.785843,"USDSLE":22.450371,"USDSLL":20969.503664,"USDSOS":571.464957,"USDSRD":37.385038,"USDSTD":20697.981008,"USDSVC":8.749841,"USDSYP":13001.92652,"USDSZL":17.576092,"USDTHB":32.360369,"USDTJS":9.724498,"USDTMT":3.51,"USDTND":2.913444,"USDTOP":2.342104,"USDTRY":39.830368,"USDTTD":6.781848,"USDTWD":28.938038,"USDTZS":2640.064524,"USDUAH":41.703103,"USDUGX":3587.044191,"USDUYU":40.132445,"USDUZS":12556.777179,"USDVES":109.473504,"USDVND":26180,"USDVUV":118.428418,"USDWST":2.592008,"USDXAF":556.910472,"USDXAG":0.026983,"USDXAU":0.0003,"USDXCD":2.70255,"USDXDR":0.692618,"USDXOF":556.910472,"USDXPF":101.252282,"USDYER":242.150363,"USDZAR":17.60226,"USDZMK":9001.203587,"USDZMW":24.223798,"USDZWL":321.999592}}