{"success":true,"terms":"https:\/\/currencylayer.com\/terms","privacy":"https:\/\/currencylayer.com\/privacy","timestamp":1777084157,"source":"USD","quotes":{"USDAED":3.672504,"USDAFN":62.000368,"USDALL":81.399019,"USDAMD":371.778334,"USDANG":1.789884,"USDAOA":918.000367,"USDARS":1390.462956,"USDAUD":1.401542,"USDAWG":1.8,"USDAZN":1.70397,"USDBAM":1.67081,"USDBBD":2.010834,"USDBDT":122.673182,"USDBGN":1.668102,"USDBHD":0.377223,"USDBIF":2969.673704,"USDBMD":1,"USDBND":1.275325,"USDBOB":6.908482,"USDBRL":4.980604,"USDBSD":0.998337,"USDBTC":1.2859231e-5,"USDBTN":94.041373,"USDBWP":13.522713,"USDBYN":2.828151,"USDBYR":19600,"USDBZD":2.007933,"USDCAD":1.36795,"USDCDF":2315.000362,"USDCHF":0.787151,"USDCLF":0.022781,"USDCLP":896.609085,"USDCNY":6.836304,"USDCNH":6.83428,"USDCOP":3564.14,"USDCRC":454.339945,"USDCUC":1,"USDCUP":26.5,"USDCVE":94.37504,"USDCZK":20.777504,"USDDJF":177.786308,"USDDKK":6.375104,"USDDOP":59.475368,"USDDZD":132.362551,"USDEGP":52.572403,"USDERN":15,"USDETB":154.33875,"USDEUR":0.85304,"USDFJD":2.20465,"USDFKP":0.741029,"USDGBP":0.740988,"USDGEL":2.680391,"USDGGP":0.741029,"USDGHS":11.103856,"USDGIP":0.741029,"USDGMD":73.503851,"USDGNF":8763.489017,"USDGTQ":7.643154,"USDGYD":209.167133,"USDHKD":7.83545,"USDHNL":26.529324,"USDHRK":6.429504,"USDHTG":130.705907,"USDHUF":311.520388,"USDIDR":17252.7,"USDILS":2.98605,"USDIMP":0.741029,"USDINR":94.250504,"USDIQD":1307.826829,"USDIRR":1317000.000352,"USDISK":122.650386,"USDJEP":0.741029,"USDJMD":157.551717,"USDJOD":0.70904,"USDJPY":159.36504,"USDKES":129.330385,"USDKGS":87.403204,"USDKHR":4000.00035,"USDKMF":420.00035,"USDKPW":900.025942,"USDKRW":1476.640383,"USDKWD":0.30776,"USDKYD":0.83199,"USDKZT":463.757731,"USDLAK":21876.732779,"USDLBP":89402.943058,"USDLKR":318.234165,"USDLRD":183.194711,"USDLSL":16.601322,"USDLTL":2.95274,"USDLVL":0.60489,"USDLYD":6.334826,"USDMAD":9.25038,"USDMDL":17.361484,"USDMGA":4148.432502,"USDMKD":52.578375,"USDMMK":2099.863185,"USDMNT":3580.436774,"USDMOP":8.056729,"USDMRU":39.846449,"USDMUR":46.870378,"USDMVR":15.450378,"USDMWK":1731.200682,"USDMXN":17.379604,"USDMYR":3.965039,"USDMZN":63.910377,"USDNAD":16.601322,"USDNGN":1357.000344,"USDNIO":36.741309,"USDNOK":9.317039,"USDNPR":150.466197,"USDNZD":1.706339,"USDOMR":0.38415,"USDPAB":0.999748,"USDPEN":3.487039,"USDPGK":4.333547,"USDPHP":60.695038,"USDPKR":278.317253,"USDPLN":3.61995,"USDPYG":6330.560887,"USDQAR":3.645504,"USDRON":4.340504,"USDRSD":100.166347,"USDRUB":75.185839,"USDRWF":1459.245042,"USDSAR":3.751023,"USDSBD":8.045307,"USDSCR":14.798038,"USDSDG":600.503676,"USDSEK":9.22035,"USDSGD":1.276104,"USDSHP":0.746601,"USDSLE":24.625038,"USDSLL":20969.496166,"USDSOS":570.526765,"USDSRD":37.463504,"USDSTD":20697.981008,"USDSTN":20.899979,"USDSVC":8.735338,"USDSYP":110.562389,"USDSZL":16.594583,"USDTHB":32.335038,"USDTJS":9.384602,"USDTMT":3.505,"USDTND":2.881038,"USDTOP":2.40776,"USDTRY":45.015038,"USDTTD":6.780124,"USDTWD":31.483504,"USDTZS":2598.251226,"USDUAH":43.992664,"USDUGX":3719.475993,"USDUYU":39.60396,"USDUZS":12052.503617,"USDVES":483.16466,"USDVND":26360,"USDVUV":117.829836,"USDWST":2.712269,"USDXAF":559.570911,"USDXAG":0.013194,"USDXAU":0.000212,"USDXCD":2.70255,"USDXCG":1.799275,"USDXDR":0.695927,"USDXOF":559.570911,"USDXPF":102.250363,"USDYER":238.650363,"USDZAR":16.53436,"USDZMK":9001.203584,"USDZMW":18.893581,"USDZWL":321.999592}}