{"success":true,"terms":"https:\/\/currencylayer.com\/terms","privacy":"https:\/\/currencylayer.com\/privacy","timestamp":1766799665,"source":"USD","quotes":{"USDAED":3.672504,"USDAFN":66.379449,"USDALL":81.856268,"USDAMD":381.470403,"USDANG":1.790403,"USDAOA":917.000367,"USDARS":1450.931504,"USDAUD":1.48876,"USDAWG":1.80025,"USDAZN":1.70397,"USDBAM":1.658674,"USDBBD":2.014358,"USDBDT":122.21671,"USDBGN":1.660404,"USDBHD":0.377363,"USDBIF":2957.76141,"USDBMD":1,"USDBND":1.284077,"USDBOB":6.926234,"USDBRL":5.544041,"USDBSD":1.00014,"USDBTC":1.1440149e-5,"USDBTN":89.856547,"USDBWP":13.14687,"USDBYN":2.919259,"USDBYR":19600,"USDBZD":2.011466,"USDCAD":1.36805,"USDCDF":2200.000362,"USDCHF":0.789185,"USDCLF":0.023092,"USDCLP":905.903912,"USDCNY":7.028504,"USDCNH":7.004085,"USDCOP":3697,"USDCRC":499.518715,"USDCUC":1,"USDCUP":26.5,"USDCVE":93.513465,"USDCZK":20.589604,"USDDJF":177.720393,"USDDKK":6.345404,"USDDOP":62.690023,"USDDZD":129.720387,"USDEGP":47.553819,"USDERN":15,"USDETB":155.604932,"USDEUR":0.849304,"USDFJD":2.269204,"USDFKP":0.740328,"USDGBP":0.740741,"USDGEL":2.68504,"USDGGP":0.740328,"USDGHS":11.126753,"USDGIP":0.740328,"USDGMD":74.503851,"USDGNF":8741.153473,"USDGTQ":7.662397,"USDGYD":209.237241,"USDHKD":7.77175,"USDHNL":26.362545,"USDHRK":6.400904,"USDHTG":130.951927,"USDHUF":328.603831,"USDIDR":16772.3,"USDILS":3.19263,"USDIMP":0.740328,"USDINR":89.805304,"USDIQD":1310.19773,"USDIRR":42125.000352,"USDISK":125.730386,"USDJEP":0.740328,"USDJMD":159.532199,"USDJOD":0.70904,"USDJPY":156.57504,"USDKES":128.950385,"USDKGS":87.425039,"USDKHR":4008.85391,"USDKMF":418.00035,"USDKPW":899.999999,"USDKRW":1442.330383,"USDKWD":0.30716,"USDKYD":0.833489,"USDKZT":514.029352,"USDLAK":21644.588429,"USDLBP":89561.205624,"USDLKR":309.599834,"USDLRD":177.018844,"USDLSL":16.645168,"USDLTL":2.95274,"USDLVL":0.60489,"USDLYD":5.412442,"USDMAD":9.124909,"USDMDL":16.777482,"USDMGA":4573.672337,"USDMKD":52.283113,"USDMMK":2100.090949,"USDMNT":3557.814684,"USDMOP":8.011093,"USDMRU":39.604456,"USDMUR":45.990378,"USDMVR":15.450378,"USDMWK":1734.230032,"USDMXN":17.910804,"USDMYR":4.048504,"USDMZN":63.910377,"USDNAD":16.645168,"USDNGN":1451.090377,"USDNIO":36.806642,"USDNOK":10.009404,"USDNPR":143.770645,"USDNZD":1.713209,"USDOMR":0.384681,"USDPAB":1.000136,"USDPEN":3.365433,"USDPGK":4.319268,"USDPHP":58.710375,"USDPKR":280.16122,"USDPLN":3.58005,"USDPYG":6777.849865,"USDQAR":3.645469,"USDRON":4.325104,"USDRSD":99.70188,"USDRUB":79.007431,"USDRWF":1456.65485,"USDSAR":3.750704,"USDSBD":8.153391,"USDSCR":14.464811,"USDSDG":601.503676,"USDSEK":9.157904,"USDSGD":1.284104,"USDSHP":0.750259,"USDSLE":24.075038,"USDSLL":20969.503664,"USDSOS":570.585342,"USDSRD":38.335504,"USDSTD":20697.981008,"USDSTN":20.777943,"USDSVC":8.75133,"USDSYP":11058.38856,"USDSZL":16.631683,"USDTHB":31.070369,"USDTJS":9.19119,"USDTMT":3.51,"USDTND":2.909675,"USDTOP":2.40776,"USDTRY":42.837504,"USDTTD":6.803263,"USDTWD":31.395038,"USDTZS":2470.000335,"USDUAH":42.191946,"USDUGX":3610.273633,"USDUYU":39.087976,"USDUZS":12053.751267,"USDVES":288.088835,"USDVND":26291,"USDVUV":120.672095,"USDWST":2.788611,"USDXAF":556.301203,"USDXAG":0.012626,"USDXAU":0.000221,"USDXCD":2.70255,"USDXCG":1.802508,"USDXDR":0.692918,"USDXOF":556.303562,"USDXPF":101.141939,"USDYER":238.450363,"USDZAR":16.668037,"USDZMK":9001.203584,"USDZMW":22.577472,"USDZWL":321.999592}}