{"success":true,"terms":"https:\/\/currencylayer.com\/terms","privacy":"https:\/\/currencylayer.com\/privacy","timestamp":1768873626,"source":"USD","quotes":{"USDAED":3.672498,"USDAFN":65.499577,"USDALL":82.961868,"USDAMD":378.890062,"USDANG":1.79008,"USDAOA":915.999785,"USDARS":1435.9939,"USDAUD":1.490199,"USDAWG":1.8,"USDAZN":1.734506,"USDBAM":1.681396,"USDBBD":2.013429,"USDBDT":122.269504,"USDBGN":1.67937,"USDBHD":0.377013,"USDBIF":2959.460447,"USDBMD":1,"USDBND":1.28492,"USDBOB":6.932689,"USDBRL":5.370397,"USDBSD":0.999665,"USDBTC":1.0789774e-5,"USDBTN":90.79897,"USDBWP":13.395118,"USDBYN":2.87753,"USDBYR":19600,"USDBZD":2.010514,"USDCAD":1.387175,"USDCDF":2175.000195,"USDCHF":0.797801,"USDCLF":0.022484,"USDCLP":887.789821,"USDCNY":6.96885,"USDCNH":6.95591,"USDCOP":3677.25,"USDCRC":487.196792,"USDCUC":1,"USDCUP":26.5,"USDCVE":94.790458,"USDCZK":20.87785,"USDDJF":177.720014,"USDDKK":6.41822,"USDDOP":63.618154,"USDDZD":130.131964,"USDEGP":47.424999,"USDERN":15,"USDETB":156.003989,"USDEUR":0.859097,"USDFJD":2.272798,"USDFKP":0.74795,"USDGBP":0.74526,"USDGEL":2.689369,"USDGGP":0.74795,"USDGHS":10.801377,"USDGIP":0.74795,"USDGMD":74.000231,"USDGNF":8751.343219,"USDGTQ":7.665128,"USDGYD":209.143977,"USDHKD":7.79665,"USDHNL":26.363707,"USDHRK":6.472099,"USDHTG":130.907809,"USDHUF":331.290991,"USDIDR":16945.9,"USDILS":3.15535,"USDIMP":0.74795,"USDINR":90.935499,"USDIQD":1309.588287,"USDIRR":42125.000158,"USDISK":125.603963,"USDJEP":0.74795,"USDJMD":157.75447,"USDJOD":0.708972,"USDJPY":158.175995,"USDKES":128.959617,"USDKGS":87.450278,"USDKHR":4026.014778,"USDKMF":424.99985,"USDKPW":899.999096,"USDKRW":1478.17006,"USDKWD":0.307997,"USDKYD":0.833058,"USDKZT":508.500368,"USDLAK":21617.36955,"USDLBP":89519.379978,"USDLKR":309.641201,"USDLRD":180.934245,"USDLSL":16.472287,"USDLTL":2.95274,"USDLVL":0.60489,"USDLYD":5.432194,"USDMAD":9.214356,"USDMDL":17.07381,"USDMGA":4532.383069,"USDMKD":52.868942,"USDMMK":2099.729949,"USDMNT":3564.034934,"USDMOP":8.029093,"USDMRU":39.905433,"USDMUR":46.279835,"USDMVR":15.46018,"USDMWK":1733.430194,"USDMXN":17.592155,"USDMYR":4.052503,"USDMZN":63.90008,"USDNAD":16.472287,"USDNGN":1419.370359,"USDNIO":36.786767,"USDNOK":10.06342,"USDNPR":145.278696,"USDNZD":1.72278,"USDOMR":0.384501,"USDPAB":0.999669,"USDPEN":3.357749,"USDPGK":4.270793,"USDPHP":59.489863,"USDPKR":279.729364,"USDPLN":3.62875,"USDPYG":6664.37414,"USDQAR":3.654417,"USDRON":4.374599,"USDRSD":100.861981,"USDRUB":77.499667,"USDRWF":1457.998401,"USDSAR":3.750086,"USDSBD":8.123611,"USDSCR":13.338201,"USDSDG":601.501677,"USDSEK":9.20594,"USDSGD":1.28576,"USDSHP":0.750259,"USDSLE":24.150167,"USDSLL":20969.499267,"USDSOS":570.330601,"USDSRD":38.291503,"USDSTD":20697.981008,"USDSTN":21.062767,"USDSVC":8.746185,"USDSYP":11059.574895,"USDSZL":16.466856,"USDTHB":31.260006,"USDTJS":9.316953,"USDTMT":3.51,"USDTND":2.928326,"USDTOP":2.40776,"USDTRY":43.275297,"USDTTD":6.784819,"USDTWD":31.614503,"USDTZS":2525.307027,"USDUAH":43.259399,"USDUGX":3483.523758,"USDUYU":38.598753,"USDUZS":11958.390646,"USDVES":341.315298,"USDVND":26265,"USDVUV":120.33514,"USDWST":2.790189,"USDXAF":563.931791,"USDXAG":0.010655,"USDXAU":0.000214,"USDXCD":2.70255,"USDXCG":1.801605,"USDXDR":0.701954,"USDXOF":563.900279,"USDXPF":102.523103,"USDYER":238.475027,"USDZAR":16.40085,"USDZMK":9001.201421,"USDZMW":20.018312,"USDZWL":321.999592}}