{"success":true,"terms":"https:\/\/currencylayer.com\/terms","privacy":"https:\/\/currencylayer.com\/privacy","timestamp":1779766444,"source":"USD","quotes":{"USDAED":3.672497,"USDAFN":62.499958,"USDALL":82.063658,"USDAMD":368.00976,"USDANG":1.79046,"USDAOA":918.000303,"USDARS":1400.997602,"USDAUD":1.3947,"USDAWG":1.8,"USDAZN":1.707442,"USDBAM":1.679757,"USDBBD":2.014017,"USDBDT":122.75624,"USDBGN":1.66992,"USDBHD":0.377553,"USDBIF":2970.867616,"USDBMD":1,"USDBND":1.277548,"USDBOB":6.909494,"USDBRL":5.011994,"USDBSD":0.999966,"USDBTC":1.3059374e-5,"USDBTN":95.177525,"USDBWP":13.442809,"USDBYN":2.748853,"USDBYR":19600,"USDBZD":2.011096,"USDCAD":1.380815,"USDCDF":2255.000483,"USDCHF":0.783255,"USDCLF":0.022797,"USDCLP":897.210039,"USDCNY":6.79475,"USDCNH":6.78657,"USDCOP":3634.3,"USDCRC":455.021729,"USDCUC":1,"USDCUP":26.5,"USDCVE":94.701719,"USDCZK":20.851203,"USDDJF":177.719651,"USDDKK":6.421701,"USDDOP":58.831613,"USDDZD":133.111024,"USDEGP":52.221899,"USDERN":15,"USDETB":161.221035,"USDEUR":0.859397,"USDFJD":2.200805,"USDFKP":0.740576,"USDGBP":0.74135,"USDGEL":2.660337,"USDGGP":0.740576,"USDGHS":11.610011,"USDGIP":0.740576,"USDGMD":72.503419,"USDGNF":8763.763162,"USDGTQ":7.624921,"USDGYD":209.20865,"USDHKD":7.83525,"USDHNL":26.603913,"USDHRK":6.475597,"USDHTG":130.941134,"USDHUF":306.770985,"USDIDR":17784,"USDILS":2.880795,"USDIMP":0.740576,"USDINR":95.35765,"USDIQD":1309.926654,"USDIRR":1323400.000205,"USDISK":123.430381,"USDJEP":0.740576,"USDJMD":157.600691,"USDJOD":0.708994,"USDJPY":158.926972,"USDKES":129.480176,"USDKGS":87.450138,"USDKHR":4011.714791,"USDKMF":425.000022,"USDKPW":900.008265,"USDKRW":1506.97495,"USDKWD":0.30935,"USDKYD":0.833348,"USDKZT":473.332532,"USDLAK":21918.855317,"USDLBP":89567.308518,"USDLKR":323.986121,"USDLRD":182.987787,"USDLSL":16.326245,"USDLTL":2.95274,"USDLVL":0.60489,"USDLYD":6.374454,"USDMAD":9.201178,"USDMDL":17.359191,"USDMGA":4201.521892,"USDMKD":52.971737,"USDMMK":2099.802621,"USDMNT":3578.469788,"USDMOP":8.068777,"USDMRU":39.98832,"USDMUR":47.280026,"USDMVR":15.389175,"USDMWK":1733.943693,"USDMXN":17.27985,"USDMYR":3.965976,"USDMZN":63.896392,"USDNAD":16.326245,"USDNGN":1370.940062,"USDNIO":36.801965,"USDNOK":9.251995,"USDNPR":152.283697,"USDNZD":1.70749,"USDOMR":0.384463,"USDPAB":0.999966,"USDPEN":3.405878,"USDPGK":4.362987,"USDPHP":61.577997,"USDPKR":278.412491,"USDPLN":3.63735,"USDPYG":6200.10564,"USDQAR":3.655992,"USDRON":4.501795,"USDRSD":100.898006,"USDRUB":71.449985,"USDRWF":1462.459419,"USDSAR":3.740134,"USDSBD":8.045182,"USDSCR":13.839689,"USDSDG":600.492944,"USDSEK":9.302032,"USDSGD":1.277185,"USDSHP":0.746601,"USDSLE":24.599569,"USDSLL":20969.502105,"USDSOS":571.482557,"USDSRD":37.119003,"USDSTD":20697.981008,"USDSTN":21.041964,"USDSVC":8.750021,"USDSYP":110.63138,"USDSZL":16.322552,"USDTHB":32.58015,"USDTJS":9.204614,"USDTMT":3.5,"USDTND":2.923115,"USDTOP":2.40776,"USDTRY":45.901985,"USDTTD":6.786677,"USDTWD":31.470994,"USDTZS":2609.085013,"USDUAH":44.283886,"USDUGX":3769.517495,"USDUYU":39.936788,"USDUZS":12003.366714,"USDVES":526.210498,"USDVND":26352,"USDVUV":118.737615,"USDWST":2.725538,"USDXAF":563.372383,"USDXAG":0.012993,"USDXAU":0.00022,"USDXCD":2.70255,"USDXCG":1.802137,"USDXDR":0.700859,"USDXOF":563.374802,"USDXPF":102.427126,"USDYER":238.65015,"USDZAR":16.325396,"USDZMK":9001.203947,"USDZMW":18.824398,"USDZWL":321.999592}}