{"success":true,"terms":"https:\/\/currencylayer.com\/terms","privacy":"https:\/\/currencylayer.com\/privacy","timestamp":1765935607,"source":"USD","quotes":{"USDAED":3.6725,"USDAFN":66.327638,"USDALL":82.0886,"USDAMD":381.467911,"USDANG":1.790403,"USDAOA":917.000289,"USDARS":1450.2624,"USDAUD":1.50932,"USDAWG":1.8,"USDAZN":1.703924,"USDBAM":1.664581,"USDBBD":2.016426,"USDBDT":122.345632,"USDBGN":1.664798,"USDBHD":0.376991,"USDBIF":2968.529906,"USDBMD":1,"USDBND":1.290806,"USDBOB":6.917741,"USDBRL":5.509301,"USDBSD":1.001149,"USDBTC":1.1414743e-5,"USDBTN":90.980893,"USDBWP":13.222859,"USDBYN":2.933912,"USDBYR":19600,"USDBZD":2.013532,"USDCAD":1.376305,"USDCDF":2250.000204,"USDCHF":0.795235,"USDCLF":0.023303,"USDCLP":914.179918,"USDCNY":7.04195,"USDCNH":7.035545,"USDCOP":3840.98,"USDCRC":499.602106,"USDCUC":1,"USDCUP":26.5,"USDCVE":93.847745,"USDCZK":20.690502,"USDDJF":178.279927,"USDDKK":6.360705,"USDDOP":64.326963,"USDDZD":129.421967,"USDEGP":47.384304,"USDERN":15,"USDETB":155.419576,"USDEUR":0.85137,"USDFJD":2.279497,"USDFKP":0.747395,"USDGBP":0.745045,"USDGEL":2.695029,"USDGGP":0.747395,"USDGHS":11.513828,"USDGIP":0.747395,"USDGMD":73.541949,"USDGNF":8706.087623,"USDGTQ":7.666807,"USDGYD":209.458396,"USDHKD":7.77805,"USDHNL":26.377629,"USDHRK":6.413038,"USDHTG":131.114752,"USDHUF":328.365503,"USDIDR":16647.1,"USDILS":3.227699,"USDIMP":0.747395,"USDINR":90.92375,"USDIQD":1311.545172,"USDIRR":42122.483536,"USDISK":126.010153,"USDJEP":0.747395,"USDJMD":160.68974,"USDJOD":0.709029,"USDJPY":154.628971,"USDKES":129.10389,"USDKGS":87.450142,"USDKHR":4008.766517,"USDKMF":419.99994,"USDKPW":900.00025,"USDKRW":1477.1498,"USDKWD":0.30652,"USDKYD":0.834333,"USDKZT":516.056002,"USDLAK":21690.284693,"USDLBP":89653.857611,"USDLKR":309.919571,"USDLRD":177.207541,"USDLSL":16.812545,"USDLTL":2.95274,"USDLVL":0.60489,"USDLYD":5.424061,"USDMAD":9.161752,"USDMDL":16.859441,"USDMGA":4522.803389,"USDMKD":52.374489,"USDMMK":2099.766038,"USDMNT":3546.841984,"USDMOP":8.022214,"USDMRU":39.706877,"USDMUR":45.919767,"USDMVR":15.410185,"USDMWK":1736.010928,"USDMXN":17.969203,"USDMYR":4.082499,"USDMZN":63.910026,"USDNAD":16.812545,"USDNGN":1453.510315,"USDNIO":36.844905,"USDNOK":10.187865,"USDNPR":145.571457,"USDNZD":1.730134,"USDOMR":0.384514,"USDPAB":1.001149,"USDPEN":3.372484,"USDPGK":4.256442,"USDPHP":58.615021,"USDPKR":280.575003,"USDPLN":3.589595,"USDPYG":6724.54147,"USDQAR":3.65033,"USDRON":4.335404,"USDRSD":99.938021,"USDRUB":79.052403,"USDRWF":1457.69766,"USDSAR":3.750868,"USDSBD":8.163401,"USDSCR":13.525034,"USDSDG":601.500036,"USDSEK":9.30108,"USDSGD":1.289545,"USDSHP":0.750259,"USDSLE":23.801599,"USDSLL":20969.503664,"USDSOS":572.201866,"USDSRD":38.678044,"USDSTD":20697.981008,"USDSTN":20.852395,"USDSVC":8.760373,"USDSYP":11058.470992,"USDSZL":16.798376,"USDTHB":31.430236,"USDTJS":9.200647,"USDTMT":3.51,"USDTND":2.923651,"USDTOP":2.40776,"USDTRY":42.709499,"USDTTD":6.791778,"USDTWD":31.51502,"USDTZS":2471.451004,"USDUAH":42.22191,"USDUGX":3564.452502,"USDUYU":39.168124,"USDUZS":12139.239968,"USDVES":273.244102,"USDVND":26345,"USDVUV":121.461818,"USDWST":2.779313,"USDXAF":558.292161,"USDXAG":0.01535,"USDXAU":0.000231,"USDXCD":2.70255,"USDXCG":1.804332,"USDXDR":0.694336,"USDXOF":558.285033,"USDXPF":101.502192,"USDYER":238.349435,"USDZAR":16.75339,"USDZMK":9001.20015,"USDZMW":23.00183,"USDZWL":321.999592}}