{"success":true,"terms":"https:\/\/currencylayer.com\/terms","privacy":"https:\/\/currencylayer.com\/privacy","timestamp":1756691167,"source":"USD","quotes":{"USDAED":3.6725,"USDAFN":68.283341,"USDALL":83.680649,"USDAMD":380.778142,"USDANG":1.789783,"USDAOA":916.999505,"USDARS":1331.55454,"USDAUD":1.52942,"USDAWG":1.8025,"USDAZN":1.700913,"USDBAM":1.672046,"USDBBD":2.009259,"USDBDT":121.308238,"USDBGN":1.673412,"USDBHD":0.376084,"USDBIF":2975.562005,"USDBMD":1,"USDBND":1.282264,"USDBOB":6.893191,"USDBRL":5.433943,"USDBSD":0.997619,"USDBTC":9.232374e-6,"USDBTN":87.925212,"USDBWP":13.430112,"USDBYN":3.394333,"USDBYR":19600,"USDBZD":2.006352,"USDCAD":1.374225,"USDCDF":2865.000207,"USDCHF":0.801055,"USDCLF":0.024636,"USDCLP":966.460114,"USDCNY":7.130798,"USDCNH":7.12673,"USDCOP":4015.74,"USDCRC":503.725362,"USDCUC":1,"USDCUP":26.5,"USDCVE":94.266955,"USDCZK":20.913983,"USDDJF":177.646118,"USDDKK":6.385745,"USDDOP":62.820332,"USDDZD":128.028486,"USDEGP":48.477795,"USDERN":15,"USDETB":142.071498,"USDEUR":0.85544,"USDFJD":2.255398,"USDFKP":0.740444,"USDGBP":0.740305,"USDGEL":2.695031,"USDGGP":0.740444,"USDGHS":11.721759,"USDGIP":0.740444,"USDGMD":71.500781,"USDGNF":8649.337215,"USDGTQ":7.64634,"USDGYD":208.616703,"USDHKD":7.796345,"USDHNL":26.118998,"USDHRK":6.445504,"USDHTG":130.577523,"USDHUF":339.366498,"USDIDR":16457.85,"USDILS":3.34452,"USDIMP":0.740444,"USDINR":88.18205,"USDIQD":1306.84757,"USDIRR":42074.999884,"USDISK":122.496721,"USDJEP":0.740444,"USDJMD":159.624172,"USDJOD":0.709004,"USDJPY":147.356498,"USDKES":128.880181,"USDKGS":87.391303,"USDKHR":3998.478236,"USDKMF":421.999741,"USDKPW":899.971864,"USDKRW":1393.345018,"USDKWD":0.30559,"USDKYD":0.831328,"USDKZT":537.396501,"USDLAK":21646.85364,"USDLBP":89333.111051,"USDLKR":301.223823,"USDLRD":200.007694,"USDLSL":17.70793,"USDLTL":2.95274,"USDLVL":0.60489,"USDLYD":5.407439,"USDMAD":8.992951,"USDMDL":16.619859,"USDMGA":4391.780693,"USDMKD":52.612905,"USDMMK":2099.690213,"USDMNT":3594.228324,"USDMOP":8.009815,"USDMRU":39.78336,"USDMUR":45.909744,"USDMVR":15.398886,"USDMWK":1729.78195,"USDMXN":18.66483,"USDMYR":4.224969,"USDMZN":63.907442,"USDNAD":17.707779,"USDNGN":1531.380137,"USDNIO":36.710738,"USDNOK":10.067295,"USDNPR":140.683175,"USDNZD":1.695075,"USDOMR":0.379418,"USDPAB":0.997602,"USDPEN":3.530755,"USDPGK":4.221649,"USDPHP":57.3055,"USDPKR":283.009186,"USDPLN":3.64775,"USDPYG":7212.198156,"USDQAR":3.635858,"USDRON":4.340698,"USDRSD":100.163719,"USDRUB":80.511248,"USDRWF":1444.491466,"USDSAR":3.752502,"USDSBD":8.210319,"USDSCR":13.988381,"USDSDG":600.498309,"USDSEK":9.464335,"USDSGD":1.28454,"USDSHP":0.785843,"USDSLE":23.290462,"USDSLL":20969.49797,"USDSOS":570.153503,"USDSRD":38.605498,"USDSTD":20697.981008,"USDSTN":20.94581,"USDSVC":8.728771,"USDSYP":13001.959314,"USDSZL":17.711606,"USDTHB":32.337012,"USDTJS":9.30226,"USDTMT":3.51,"USDTND":2.911576,"USDTOP":2.342101,"USDTRY":41.144085,"USDTTD":6.77869,"USDTWD":30.618798,"USDTZS":2502.981013,"USDUAH":41.271539,"USDUGX":3540.208856,"USDUYU":39.924426,"USDUZS":12452.176887,"USDVES":146.89867,"USDVND":26345,"USDVUV":119.598092,"USDWST":2.668089,"USDXAF":560.797993,"USDXAG":0.024983,"USDXAU":0.00029,"USDXCD":2.70255,"USDXCG":1.797905,"USDXDR":0.697453,"USDXOF":560.797993,"USDXPF":101.959946,"USDYER":239.999985,"USDZAR":17.652297,"USDZMK":9001.202416,"USDZMW":23.527702,"USDZWL":321.999592}}