{"success":true,"terms":"https:\/\/currencylayer.com\/terms","privacy":"https:\/\/currencylayer.com\/privacy","timestamp":1773194524,"source":"USD","quotes":{"USDAED":3.672497,"USDAFN":63.48083,"USDALL":82.607312,"USDAMD":376.86357,"USDANG":1.789731,"USDAOA":917.000206,"USDARS":1399.487982,"USDAUD":1.398347,"USDAWG":1.8,"USDAZN":1.697606,"USDBAM":1.682025,"USDBBD":2.016023,"USDBDT":122.60431,"USDBGN":1.647646,"USDBHD":0.377474,"USDBIF":2970.939083,"USDBMD":1,"USDBND":1.272952,"USDBOB":6.916362,"USDBRL":5.164203,"USDBSD":1.001006,"USDBTC":1.4272482e-5,"USDBTN":91.901561,"USDBWP":13.376221,"USDBYN":2.939854,"USDBYR":19600,"USDBZD":2.013098,"USDCAD":1.35708,"USDCDF":2174.999777,"USDCHF":0.77771,"USDCLF":0.022519,"USDCLP":889.189909,"USDCNY":6.876998,"USDCNH":6.86624,"USDCOP":3710.91,"USDCRC":472.678641,"USDCUC":1,"USDCUP":26.5,"USDCVE":94.830811,"USDCZK":20.979858,"USDDJF":178.243538,"USDDKK":6.42537,"USDDOP":60.091078,"USDDZD":131.353232,"USDEGP":51.98302,"USDERN":15,"USDETB":155.264699,"USDEUR":0.85996,"USDFJD":2.196898,"USDFKP":0.746518,"USDGBP":0.743635,"USDGEL":2.719813,"USDGGP":0.746518,"USDGHS":10.800258,"USDGIP":0.746518,"USDGMD":72.999783,"USDGNF":8775.038057,"USDGTQ":7.674876,"USDGYD":209.41733,"USDHKD":7.824545,"USDHNL":26.493569,"USDHRK":6.481398,"USDHTG":131.251451,"USDHUF":330.617499,"USDIDR":16852,"USDILS":3.07759,"USDIMP":0.746518,"USDINR":91.90075,"USDIQD":1311.282256,"USDIRR":1321699.999821,"USDISK":125.303169,"USDJEP":0.746518,"USDJMD":157.060723,"USDJOD":0.70903,"USDJPY":158.252,"USDKES":129.320502,"USDKGS":87.450419,"USDKHR":4017.269701,"USDKMF":422.999609,"USDKPW":900.029469,"USDKRW":1468.535006,"USDKWD":0.30709,"USDKYD":0.83414,"USDKZT":487.763974,"USDLAK":21442.270479,"USDLBP":89636.287014,"USDLKR":311.14169,"USDLRD":183.169999,"USDLSL":16.292238,"USDLTL":2.95274,"USDLVL":0.60489,"USDLYD":6.390134,"USDMAD":9.334079,"USDMDL":17.226699,"USDMGA":4152.278894,"USDMKD":53.0118,"USDMMK":2099.938629,"USDMNT":3586.279594,"USDMOP":8.065895,"USDMRU":39.732183,"USDMUR":45.949719,"USDMVR":15.459643,"USDMWK":1735.649138,"USDMXN":17.543025,"USDMYR":3.9255,"USDMZN":63.897478,"USDNAD":16.292168,"USDNGN":1396.601903,"USDNIO":36.835723,"USDNOK":9.62478,"USDNPR":147.044683,"USDNZD":1.68465,"USDOMR":0.384456,"USDPAB":1.000989,"USDPEN":3.491935,"USDPGK":4.314827,"USDPHP":58.948971,"USDPKR":279.669141,"USDPLN":3.66788,"USDPYG":6517.392183,"USDQAR":3.650124,"USDRON":4.375896,"USDRSD":100.983866,"USDRUB":79.049323,"USDRWF":1463.360095,"USDSAR":3.753221,"USDSBD":8.05166,"USDSCR":13.36418,"USDSDG":601.000029,"USDSEK":9.1597,"USDSGD":1.27201,"USDSHP":0.750259,"USDSLE":24.600532,"USDSLL":20969.49935,"USDSOS":571.067354,"USDSRD":37.538974,"USDSTD":20697.981008,"USDSTN":21.0711,"USDSVC":8.758509,"USDSYP":110.55686,"USDSZL":16.296921,"USDTHB":31.580124,"USDTJS":9.579056,"USDTMT":3.51,"USDTND":2.927358,"USDTOP":2.40776,"USDTRY":44.095497,"USDTTD":6.791658,"USDTWD":31.728503,"USDTZS":2595.99986,"USDUAH":43.91981,"USDUGX":3708.449796,"USDUYU":40.369987,"USDUZS":12166.741202,"USDVES":435.696595,"USDVND":26245,"USDVUV":119.79372,"USDWST":2.734505,"USDXAF":564.150043,"USDXAG":0.011282,"USDXAU":0.000192,"USDXCD":2.70255,"USDXCG":1.803905,"USDXDR":0.701622,"USDXOF":564.152469,"USDXPF":102.566308,"USDYER":238.598534,"USDZAR":16.246575,"USDZMK":9001.203998,"USDZMW":19.41887,"USDZWL":321.999592}}