{"success":true,"terms":"https:\/\/currencylayer.com\/terms","privacy":"https:\/\/currencylayer.com\/privacy","timestamp":1774837924,"source":"USD","quotes":{"USDAED":3.6725,"USDAFN":63.496955,"USDALL":83.463315,"USDAMD":376.986282,"USDANG":1.790083,"USDAOA":916.999666,"USDARS":1388.422096,"USDAUD":1.458364,"USDAWG":1.8,"USDAZN":1.699925,"USDBAM":1.699513,"USDBBD":2.014051,"USDBDT":122.697254,"USDBGN":1.709309,"USDBHD":0.37695,"USDBIF":2970.416618,"USDBMD":1,"USDBND":1.287696,"USDBOB":6.935386,"USDBRL":5.239702,"USDBSD":0.999996,"USDBTC":1.4993976e-5,"USDBTN":94.787611,"USDBWP":13.787859,"USDBYN":2.976638,"USDBYR":19600,"USDBZD":2.011105,"USDCAD":1.38925,"USDCDF":2282.515787,"USDCHF":0.79877,"USDCLF":0.023381,"USDCLP":923.219516,"USDCNY":6.91185,"USDCNH":6.925065,"USDCOP":3673.97,"USDCRC":464.366558,"USDCUC":1,"USDCUP":26.5,"USDCVE":95.823032,"USDCZK":21.317302,"USDDJF":178.063563,"USDDKK":6.49274,"USDDOP":59.522516,"USDDZD":133.441952,"USDEGP":52.810301,"USDERN":15,"USDETB":154.582495,"USDEUR":0.86889,"USDFJD":2.257399,"USDFKP":0.752712,"USDGBP":0.754469,"USDGEL":2.680239,"USDGGP":0.752712,"USDGHS":10.957154,"USDGIP":0.752712,"USDGMD":73.504253,"USDGNF":8767.699413,"USDGTQ":7.653569,"USDGYD":209.330315,"USDHKD":7.831165,"USDHNL":26.549649,"USDHRK":6.5484,"USDHTG":131.078738,"USDHUF":338.7655,"USDIDR":16982,"USDILS":3.13762,"USDIMP":0.752712,"USDINR":93.017499,"USDIQD":1309.975365,"USDIRR":1313250.000212,"USDISK":124.770127,"USDJEP":0.752712,"USDJMD":157.400126,"USDJOD":0.709024,"USDJPY":159.820972,"USDKES":129.889939,"USDKGS":87.450037,"USDKHR":4004.935568,"USDKMF":428.000172,"USDKPW":900.00296,"USDKRW":1511.690176,"USDKWD":0.30791,"USDKYD":0.833344,"USDKZT":483.44391,"USDLAK":21749.12344,"USDLBP":89547.486737,"USDLKR":314.996893,"USDLRD":183.502503,"USDLSL":17.171359,"USDLTL":2.95274,"USDLVL":0.60489,"USDLYD":6.383247,"USDMAD":9.346391,"USDMDL":17.564303,"USDMGA":4167.481307,"USDMKD":53.563437,"USDMMK":2098.832611,"USDMNT":3571.142668,"USDMOP":8.068492,"USDMRU":39.926487,"USDMUR":46.770234,"USDMVR":15.449951,"USDMWK":1733.901626,"USDMXN":18.114202,"USDMYR":4.022011,"USDMZN":63.950012,"USDNAD":17.171583,"USDNGN":1381.680065,"USDNIO":36.800007,"USDNOK":9.74742,"USDNPR":151.645993,"USDNZD":1.745307,"USDOMR":0.385324,"USDPAB":1.000013,"USDPEN":3.483403,"USDPGK":4.321285,"USDPHP":60.7105,"USDPKR":279.086043,"USDPLN":3.721845,"USDPYG":6537.91845,"USDQAR":3.646009,"USDRON":4.429702,"USDRSD":102.017319,"USDRUB":81.556047,"USDRWF":1460.256772,"USDSAR":3.752503,"USDSBD":8.042037,"USDSCR":15.051009,"USDSDG":600.999655,"USDSEK":9.472655,"USDSGD":1.28836,"USDSHP":0.750259,"USDSLE":24.550246,"USDSLL":20969.510825,"USDSOS":571.503052,"USDSRD":37.601017,"USDSTD":20697.981008,"USDSTN":21.28926,"USDSVC":8.74968,"USDSYP":110.527654,"USDSZL":17.169497,"USDTHB":32.879007,"USDTJS":9.555322,"USDTMT":3.5,"USDTND":2.948402,"USDTOP":2.40776,"USDTRY":44.46566,"USDTTD":6.794374,"USDTWD":31.979014,"USDTZS":2580.000193,"USDUAH":43.831285,"USDUGX":3725.347921,"USDUYU":40.479004,"USDUZS":12195.153743,"USDVES":467.928355,"USDVND":26328.5,"USDVUV":119.385423,"USDWST":2.775484,"USDXAF":569.988487,"USDXAG":0.0145,"USDXAU":0.000223,"USDXCD":2.70255,"USDXCG":1.802248,"USDXDR":0.708991,"USDXOF":569.988487,"USDXPF":103.633607,"USDYER":238.606991,"USDZAR":17.16065,"USDZMK":9001.189964,"USDZMW":18.824133,"USDZWL":321.999592}}