{"success":true,"terms":"https:\/\/currencylayer.com\/terms","privacy":"https:\/\/currencylayer.com\/privacy","timestamp":1769392627,"source":"USD","quotes":{"USDAED":3.672502,"USDAFN":65.497478,"USDALL":81.66716,"USDAMD":374.603711,"USDANG":1.79008,"USDAOA":916.999711,"USDARS":1414.129904,"USDAUD":1.444715,"USDAWG":1.8015,"USDAZN":1.702824,"USDBAM":1.653464,"USDBBD":1.998563,"USDBDT":121.384791,"USDBGN":1.67937,"USDBHD":0.374096,"USDBIF":2938.834172,"USDBMD":1,"USDBND":1.269223,"USDBOB":6.857167,"USDBRL":5.294803,"USDBSD":0.992264,"USDBTC":1.1409527e-5,"USDBTN":91.086782,"USDBWP":13.764214,"USDBYN":2.809147,"USDBYR":19600,"USDBZD":1.995688,"USDCAD":1.36809,"USDCDF":2180.000246,"USDCHF":0.777005,"USDCLF":0.021816,"USDCLP":861.396392,"USDCNY":6.973601,"USDCNH":6.953704,"USDCOP":3575.77,"USDCRC":491.101999,"USDCUC":1,"USDCUP":26.5,"USDCVE":93.219766,"USDCZK":20.449894,"USDDJF":176.708797,"USDDKK":6.29515,"USDDOP":62.518493,"USDDZD":129.508391,"USDEGP":46.969401,"USDERN":15,"USDETB":154.56888,"USDEUR":0.84292,"USDFJD":2.250303,"USDFKP":0.732984,"USDGBP":0.731665,"USDGEL":2.689494,"USDGGP":0.732984,"USDGHS":10.816249,"USDGIP":0.732984,"USDGMD":72.999947,"USDGNF":8691.719153,"USDGTQ":7.61635,"USDGYD":207.608742,"USDHKD":7.795955,"USDHNL":26.174917,"USDHRK":6.351046,"USDHTG":130.143298,"USDHUF":321.754495,"USDIDR":16777,"USDILS":3.13485,"USDIMP":0.732984,"USDINR":91.59385,"USDIQD":1299.995773,"USDIRR":42125.000158,"USDISK":122.900677,"USDJEP":0.732984,"USDJMD":156.199011,"USDJOD":0.709042,"USDJPY":154.366497,"USDKES":127.91714,"USDKGS":87.449595,"USDKHR":3993.743924,"USDKMF":419.999851,"USDKPW":900.104416,"USDKRW":1443.759779,"USDKWD":0.306403,"USDKYD":0.826986,"USDKZT":499.530794,"USDLAK":21443.970072,"USDLBP":88861.055924,"USDLKR":307.418523,"USDLRD":183.573572,"USDLSL":16.016147,"USDLTL":2.95274,"USDLVL":0.60489,"USDLYD":6.313565,"USDMAD":9.089318,"USDMDL":16.88887,"USDMGA":4489.157543,"USDMKD":52.102972,"USDMMK":2099.296205,"USDMNT":3564.43953,"USDMOP":7.970072,"USDMRU":39.672824,"USDMUR":45.9102,"USDMVR":15.450315,"USDMWK":1720.674642,"USDMXN":17.36065,"USDMYR":3.969497,"USDMZN":63.909769,"USDNAD":16.016147,"USDNGN":1411.460159,"USDNIO":36.513506,"USDNOK":9.72978,"USDNPR":145.738682,"USDNZD":1.67708,"USDOMR":0.384115,"USDPAB":0.992349,"USDPEN":3.328994,"USDPGK":4.243987,"USDPHP":59.009837,"USDPKR":277.647462,"USDPLN":3.549665,"USDPYG":6635.66809,"USDQAR":3.617788,"USDRON":4.319399,"USDRSD":99.251807,"USDRUB":74.901695,"USDRWF":1447.267194,"USDSAR":3.748937,"USDSBD":8.123611,"USDSCR":14.253709,"USDSDG":601.50253,"USDSEK":8.903975,"USDSGD":1.26946,"USDSHP":0.750259,"USDSLE":24.399522,"USDSLL":20969.499267,"USDSOS":566.090375,"USDSRD":38.121032,"USDSTD":20697.981008,"USDSTN":20.712685,"USDSVC":8.68242,"USDSYP":11059.574895,"USDSZL":16.012174,"USDTHB":30.94017,"USDTJS":9.2781,"USDTMT":3.5,"USDTND":2.888786,"USDTOP":2.40776,"USDTRY":43.393902,"USDTTD":6.7405,"USDTWD":31.442102,"USDTZS":2540.305048,"USDUAH":42.786744,"USDUGX":3507.629877,"USDUYU":37.578729,"USDUZS":12043.792535,"USDVES":352.265415,"USDVND":26245,"USDVUV":119.503978,"USDWST":2.75559,"USDXAF":554.556368,"USDXAG":0.009265,"USDXAU":0.000197,"USDXCD":2.70255,"USDXCG":1.788392,"USDXDR":0.68969,"USDXOF":554.556368,"USDXPF":100.82428,"USDYER":238.294394,"USDZAR":16.085455,"USDZMK":9001.193369,"USDZMW":19.467388,"USDZWL":321.999592}}