{"success":true,"terms":"https:\/\/currencylayer.com\/terms","privacy":"https:\/\/currencylayer.com\/privacy","timestamp":1779853870,"source":"USD","quotes":{"USDAED":3.672501,"USDAFN":63.000081,"USDALL":81.9732,"USDAMD":368.10923,"USDANG":1.79046,"USDAOA":917.999744,"USDARS":1410.381801,"USDAUD":1.397077,"USDAWG":1.80125,"USDAZN":1.698504,"USDBAM":1.680551,"USDBBD":2.014702,"USDBDT":122.814781,"USDBGN":1.66992,"USDBHD":0.377383,"USDBIF":2971.953462,"USDBMD":1,"USDBND":1.277996,"USDBOB":6.936848,"USDBRL":5.046097,"USDBSD":1.000348,"USDBTC":1.3235418e-5,"USDBTN":95.667155,"USDBWP":13.447154,"USDBYN":2.762084,"USDBYR":19600,"USDBZD":2.011866,"USDCAD":1.38119,"USDCDF":2231.999968,"USDCHF":0.785505,"USDCLF":0.022723,"USDCLP":894.329758,"USDCNY":6.786499,"USDCNH":6.781345,"USDCOP":3675.69,"USDCRC":452.30945,"USDCUC":1,"USDCUP":26.5,"USDCVE":94.747696,"USDCZK":20.848401,"USDDJF":178.132747,"USDDKK":6.420825,"USDDOP":58.850065,"USDDZD":133.233021,"USDEGP":52.223502,"USDERN":15,"USDETB":161.277877,"USDEUR":0.859302,"USDFJD":2.20125,"USDFKP":0.744269,"USDGBP":0.743295,"USDGEL":2.664976,"USDGGP":0.744269,"USDGHS":11.643903,"USDGIP":0.744269,"USDGMD":72.999642,"USDGNF":8766.932605,"USDGTQ":7.626838,"USDGYD":209.282642,"USDHKD":7.83595,"USDHNL":26.613565,"USDHRK":6.473403,"USDHTG":130.703959,"USDHUF":305.589505,"USDIDR":17824,"USDILS":2.841697,"USDIMP":0.744269,"USDINR":95.70005,"USDIQD":1310.465421,"USDIRR":1322000.000211,"USDISK":123.059761,"USDJEP":0.744269,"USDJMD":157.559406,"USDJOD":0.709013,"USDJPY":159.225497,"USDKES":129.590267,"USDKGS":87.450422,"USDKHR":4016.240253,"USDKMF":423.999854,"USDKPW":899.996323,"USDKRW":1500.720325,"USDKWD":0.30948,"USDKYD":0.833666,"USDKZT":481.905867,"USDLAK":21919.856331,"USDLBP":89599.714726,"USDLKR":325.372172,"USDLRD":183.057867,"USDLSL":16.340819,"USDLTL":2.95274,"USDLVL":0.60489,"USDLYD":6.35593,"USDMAD":9.205394,"USDMDL":17.315764,"USDMGA":4204.330641,"USDMKD":52.958083,"USDMMK":2099.607958,"USDMNT":3578.472644,"USDMOP":8.07395,"USDMRU":39.931947,"USDMUR":47.330285,"USDMVR":15.40984,"USDMWK":1734.576388,"USDMXN":17.297199,"USDMYR":3.967596,"USDMZN":63.910166,"USDNAD":16.340959,"USDNGN":1372.839921,"USDNIO":36.811081,"USDNOK":9.272602,"USDNPR":153.065161,"USDNZD":1.704495,"USDOMR":0.384494,"USDPAB":1.000357,"USDPEN":3.406471,"USDPGK":4.366786,"USDPHP":61.545006,"USDPKR":278.512882,"USDPLN":3.64015,"USDPYG":6136.819629,"USDQAR":3.646979,"USDRON":4.5018,"USDRSD":100.867956,"USDRUB":72.001237,"USDRWF":1467.9309,"USDSAR":3.740634,"USDSBD":8.048583,"USDSCR":13.655992,"USDSDG":599.999783,"USDSEK":9.300703,"USDSGD":1.277298,"USDSHP":0.746601,"USDSLE":24.624992,"USDSLL":20969.502105,"USDSOS":571.65443,"USDSRD":37.155501,"USDSTD":20697.981008,"USDSTN":21.051998,"USDSVC":8.752476,"USDSYP":111.14867,"USDSZL":16.33621,"USDTHB":32.611981,"USDTJS":9.278002,"USDTMT":3.51,"USDTND":2.925626,"USDTOP":2.40776,"USDTRY":45.897494,"USDTTD":6.789113,"USDTWD":31.4245,"USDTZS":2619.997998,"USDUAH":44.293607,"USDUGX":3776.47074,"USDUYU":39.990204,"USDUZS":11993.933431,"USDVES":534.716065,"USDVND":26339,"USDVUV":118.468323,"USDWST":2.687415,"USDXAF":563.626521,"USDXAG":0.013039,"USDXAU":0.000222,"USDXCD":2.70255,"USDXCG":1.802824,"USDXDR":0.70098,"USDXOF":563.636207,"USDXPF":102.478614,"USDYER":238.650365,"USDZAR":16.35311,"USDZMK":9001.204446,"USDZMW":18.730962,"USDZWL":321.999592}}