{"success":true,"terms":"https:\/\/currencylayer.com\/terms","privacy":"https:\/\/currencylayer.com\/privacy","timestamp":1771294084,"source":"USD","quotes":{"USDAED":3.672498,"USDAFN":63.502368,"USDALL":81.455528,"USDAMD":377.05264,"USDANG":1.789731,"USDAOA":916.999875,"USDARS":1399.249527,"USDAUD":1.416952,"USDAWG":1.8,"USDAZN":1.697226,"USDBAM":1.651231,"USDBBD":2.01697,"USDBDT":122.48723,"USDBGN":1.647646,"USDBHD":0.376868,"USDBIF":2960.574082,"USDBMD":1,"USDBND":1.263824,"USDBOB":6.944996,"USDBRL":5.246698,"USDBSD":1.001393,"USDBTC":1.4564521e-5,"USDBTN":90.75858,"USDBWP":13.163071,"USDBYN":2.854683,"USDBYR":19600,"USDBZD":2.014099,"USDCAD":1.364215,"USDCDF":2255.000304,"USDCHF":0.769575,"USDCLF":0.021852,"USDCLP":862.820349,"USDCNY":6.90865,"USDCNH":6.88603,"USDCOP":3659.93,"USDCRC":482.906217,"USDCUC":1,"USDCUP":26.5,"USDCVE":93.093841,"USDCZK":20.48355,"USDDJF":178.327494,"USDDKK":6.30704,"USDDOP":62.338803,"USDDZD":129.718275,"USDEGP":46.693604,"USDERN":15,"USDETB":155.772882,"USDEUR":0.84429,"USDFJD":2.21345,"USDFKP":0.732816,"USDGBP":0.73443,"USDGEL":2.675009,"USDGGP":0.732816,"USDGHS":11.011018,"USDGIP":0.732816,"USDGMD":73.491204,"USDGNF":8789.3626,"USDGTQ":7.681202,"USDGYD":209.514965,"USDHKD":7.815645,"USDHNL":26.464443,"USDHRK":6.361902,"USDHTG":131.076404,"USDHUF":318.784005,"USDIDR":16837,"USDILS":3.09454,"USDIMP":0.732816,"USDINR":90.78635,"USDIQD":1311.916923,"USDIRR":42125.000158,"USDISK":122.42031,"USDJEP":0.732816,"USDJMD":156.623048,"USDJOD":0.708988,"USDJPY":153.108503,"USDKES":129.179699,"USDKGS":87.449813,"USDKHR":4024.482904,"USDKMF":415.000003,"USDKPW":900.007411,"USDKRW":1444.74961,"USDKWD":0.30661,"USDKYD":0.834565,"USDKZT":492.051163,"USDLAK":21451.061495,"USDLBP":89662.431942,"USDLKR":309.694847,"USDLRD":186.263667,"USDLSL":15.988013,"USDLTL":2.95274,"USDLVL":0.60489,"USDLYD":6.314323,"USDMAD":9.155557,"USDMDL":16.986452,"USDMGA":4369.960741,"USDMKD":52.041032,"USDMMK":2099.655078,"USDMNT":3565.56941,"USDMOP":8.063405,"USDMRU":39.965555,"USDMUR":45.929382,"USDMVR":15.404992,"USDMWK":1736.421543,"USDMXN":17.171979,"USDMYR":3.90318,"USDMZN":63.910329,"USDNAD":15.990713,"USDNGN":1354.860205,"USDNIO":36.850992,"USDNOK":9.506585,"USDNPR":145.207873,"USDNZD":1.660045,"USDOMR":0.38444,"USDPAB":1.001477,"USDPEN":3.35869,"USDPGK":4.301393,"USDPHP":57.952498,"USDPKR":279.973321,"USDPLN":3.55895,"USDPYG":6545.654101,"USDQAR":3.64988,"USDRON":4.302099,"USDRSD":99.136985,"USDRUB":76.749968,"USDRWF":1462.551868,"USDSAR":3.750243,"USDSBD":8.045182,"USDSCR":14.393415,"USDSDG":601.503383,"USDSEK":8.947905,"USDSGD":1.262598,"USDSHP":0.750259,"USDSLE":24.450077,"USDSLL":20969.49935,"USDSOS":571.295905,"USDSRD":37.792018,"USDSTD":20697.981008,"USDSTN":20.683833,"USDSVC":8.762717,"USDSYP":11059.574895,"USDSZL":15.98379,"USDTHB":31.176992,"USDTJS":9.448436,"USDTMT":3.5,"USDTND":2.88826,"USDTOP":2.40776,"USDTRY":43.718014,"USDTTD":6.790493,"USDTWD":31.375302,"USDTZS":2609.330033,"USDUAH":43.280441,"USDUGX":3545.105323,"USDUYU":38.80282,"USDUZS":12238.591751,"USDVES":392.73007,"USDVND":25970,"USDVUV":119.078186,"USDWST":2.712216,"USDXAF":553.781537,"USDXAG":0.013148,"USDXAU":0.000202,"USDXCD":2.70255,"USDXCG":1.804804,"USDXDR":0.688758,"USDXOF":553.807252,"USDXPF":100.688083,"USDYER":238.350202,"USDZAR":15.99765,"USDZMK":9001.198309,"USDZMW":18.403478,"USDZWL":321.999592}}