{"success":true,"terms":"https:\/\/currencylayer.com\/terms","privacy":"https:\/\/currencylayer.com\/privacy","timestamp":1770257169,"source":"USD","quotes":{"USDAED":3.672497,"USDAFN":65.999801,"USDALL":81.749804,"USDAMD":377.657389,"USDANG":1.79008,"USDAOA":916.501212,"USDARS":1447.774499,"USDAUD":1.429817,"USDAWG":1.80125,"USDAZN":1.681055,"USDBAM":1.656847,"USDBBD":2.015105,"USDBDT":122.260014,"USDBGN":1.67937,"USDBHD":0.377079,"USDBIF":2953.091775,"USDBMD":1,"USDBND":1.272884,"USDBOB":6.913553,"USDBRL":5.239503,"USDBSD":1.000479,"USDBTC":1.3892121e-5,"USDBTN":90.561067,"USDBWP":13.175651,"USDBYN":2.857082,"USDBYR":19600,"USDBZD":2.012224,"USDCAD":1.36699,"USDCDF":2224.999455,"USDCHF":0.777055,"USDCLF":0.021805,"USDCLP":861.000623,"USDCNY":7.97075,"USDCNH":6.944775,"USDCOP":3642,"USDCRC":496.003592,"USDCUC":1,"USDCUP":26.5,"USDCVE":93.41048,"USDCZK":20.656396,"USDDJF":178.163135,"USDDKK":6.327855,"USDDOP":63.049771,"USDDZD":129.746948,"USDEGP":46.903596,"USDERN":15,"USDETB":154.976835,"USDEUR":0.84731,"USDFJD":2.20465,"USDFKP":0.729917,"USDGBP":0.732865,"USDGEL":2.690066,"USDGGP":0.729917,"USDGHS":10.985781,"USDGIP":0.729917,"USDGMD":73.501827,"USDGNF":8780.996111,"USDGTQ":7.67429,"USDGYD":209.32114,"USDHKD":7.81035,"USDHNL":26.428662,"USDHRK":6.385499,"USDHTG":131.143652,"USDHUF":321.657001,"USDIDR":16809,"USDILS":3.094805,"USDIMP":0.729917,"USDINR":90.44225,"USDIQD":1310.5,"USDIRR":42125.000158,"USDISK":122.679679,"USDJEP":0.729917,"USDJMD":156.862745,"USDJOD":0.70903,"USDJPY":156.919503,"USDKES":129.169762,"USDKGS":87.449978,"USDKHR":4029.999716,"USDKMF":416.999744,"USDKPW":899.945137,"USDKRW":1461.707056,"USDKWD":0.30733,"USDKYD":0.83376,"USDKZT":497.113352,"USDLAK":21520.880015,"USDLBP":86150.000349,"USDLKR":309.665505,"USDLRD":185.901857,"USDLSL":16.060229,"USDLTL":2.95274,"USDLVL":0.60489,"USDLYD":6.323093,"USDMAD":9.1745,"USDMDL":16.928505,"USDMGA":4431.457248,"USDMKD":52.218038,"USDMMK":2099.936125,"USDMNT":3569.846682,"USDMOP":8.051354,"USDMRU":39.72959,"USDMUR":45.879679,"USDMVR":15.459567,"USDMWK":1738.000213,"USDMXN":17.31505,"USDMYR":3.93897,"USDMZN":63.759488,"USDNAD":16.059988,"USDNGN":1371.896617,"USDNIO":36.81834,"USDNOK":9.68536,"USDNPR":144.897432,"USDNZD":1.667345,"USDOMR":0.384536,"USDPAB":1.000479,"USDPEN":3.362501,"USDPGK":4.286719,"USDPHP":58.801035,"USDPKR":279.84277,"USDPLN":3.57344,"USDPYG":6622.13506,"USDQAR":3.64125,"USDRON":4.316399,"USDRSD":99.457996,"USDRUB":76.250355,"USDRWF":1459.958497,"USDSAR":3.750344,"USDSBD":8.064647,"USDSCR":14.781555,"USDSDG":601.514547,"USDSEK":8.984255,"USDSGD":1.27295,"USDSHP":0.750259,"USDSLE":24.549807,"USDSLL":20969.499267,"USDSOS":570.224434,"USDSRD":37.893995,"USDSTD":20697.981008,"USDSTN":20.755852,"USDSVC":8.7544,"USDSYP":11059.574895,"USDSZL":16.059692,"USDTHB":31.736003,"USDTJS":9.349774,"USDTMT":3.505,"USDTND":2.845498,"USDTOP":2.40776,"USDTRY":43.528702,"USDTTD":6.777163,"USDTWD":31.631034,"USDTZS":2572.498286,"USDUAH":43.151654,"USDUGX":3562.246121,"USDUYU":38.562056,"USDUZS":12264.970117,"USDVES":377.98435,"USDVND":25962.5,"USDVUV":119.556789,"USDWST":2.72617,"USDXAF":555.589718,"USDXAG":0.01161,"USDXAU":0.000202,"USDXCD":2.70255,"USDXCG":1.803149,"USDXDR":0.691101,"USDXOF":555.690911,"USDXPF":101.550533,"USDYER":238.325017,"USDZAR":16.086805,"USDZMK":9001.200639,"USDZMW":19.585153,"USDZWL":321.999592}}