{"success":true,"terms":"https:\/\/currencylayer.com\/terms","privacy":"https:\/\/currencylayer.com\/privacy","timestamp":1773367567,"source":"USD","quotes":{"USDAED":3.672497,"USDAFN":62.499188,"USDALL":83.480209,"USDAMD":378.298827,"USDANG":1.790318,"USDAOA":916.999613,"USDARS":1395.487898,"USDAUD":1.411223,"USDAWG":1.80125,"USDAZN":1.698365,"USDBAM":1.698134,"USDBBD":2.020838,"USDBDT":123.118599,"USDBGN":1.698271,"USDBHD":0.377508,"USDBIF":2978.485101,"USDBMD":1,"USDBND":1.27908,"USDBOB":6.933018,"USDBRL":5.245965,"USDBSD":1.003325,"USDBTC":1.3975674e-5,"USDBTN":92.425775,"USDBWP":13.52527,"USDBYN":2.958046,"USDBYR":19600,"USDBZD":2.017973,"USDCAD":1.362915,"USDCDF":2178.000341,"USDCHF":0.785602,"USDCLF":0.023203,"USDCLP":916.178349,"USDCNY":6.869016,"USDCNH":6.884201,"USDCOP":3717.174524,"USDCRC":472.926335,"USDCUC":1,"USDCUP":26.5,"USDCVE":95.738169,"USDCZK":21.213802,"USDDJF":178.675928,"USDDKK":6.487255,"USDDOP":61.288544,"USDDZD":132.109709,"USDEGP":52.341701,"USDERN":15,"USDETB":156.613039,"USDEUR":0.868202,"USDFJD":2.21195,"USDFKP":0.746092,"USDGBP":0.74855,"USDGEL":2.714964,"USDGGP":0.746092,"USDGHS":10.871424,"USDGIP":0.746092,"USDGMD":72.999941,"USDGNF":8796.06517,"USDGTQ":7.69361,"USDGYD":209.91808,"USDHKD":7.826225,"USDHNL":26.559122,"USDHRK":6.541499,"USDHTG":131.423238,"USDHUF":340.20319,"USDIDR":16911,"USDILS":3.13271,"USDIMP":0.746092,"USDINR":92.36125,"USDIQD":1314.451675,"USDIRR":1321774.99967,"USDISK":125.010299,"USDJEP":0.746092,"USDJMD":157.036561,"USDJOD":0.709021,"USDJPY":159.229015,"USDKES":129.589847,"USDKGS":87.44993,"USDKHR":4026.8806,"USDKMF":427.999585,"USDKPW":900.033195,"USDKRW":1487.834956,"USDKWD":0.30706,"USDKYD":0.83613,"USDKZT":491.137284,"USDLAK":21495.489394,"USDLBP":89852.049942,"USDLKR":311.948113,"USDLRD":183.618628,"USDLSL":16.575499,"USDLTL":2.95274,"USDLVL":0.60489,"USDLYD":6.404168,"USDMAD":9.402857,"USDMDL":17.423203,"USDMGA":4158.81643,"USDMKD":53.523597,"USDMMK":2100.020186,"USDMNT":3570.143099,"USDMOP":8.087859,"USDMRU":39.873585,"USDMUR":45.910218,"USDMVR":15.45969,"USDMWK":1739.843892,"USDMXN":17.80595,"USDMYR":3.927969,"USDMZN":63.892016,"USDNAD":16.575428,"USDNGN":1398.380178,"USDNIO":36.925935,"USDNOK":9.70027,"USDNPR":147.876746,"USDNZD":1.70822,"USDOMR":0.384406,"USDPAB":1.003356,"USDPEN":3.433516,"USDPGK":4.327328,"USDPHP":59.497985,"USDPKR":280.28504,"USDPLN":3.70958,"USDPYG":6496.201433,"USDQAR":3.658133,"USDRON":4.422898,"USDRSD":101.935984,"USDRUB":79.497222,"USDRWF":1466.872726,"USDSAR":3.752659,"USDSBD":8.05166,"USDSCR":15.13002,"USDSDG":601.000126,"USDSEK":9.349325,"USDSGD":1.278275,"USDSHP":0.750259,"USDSLE":24.597294,"USDSLL":20969.502945,"USDSOS":572.423314,"USDSRD":37.366501,"USDSTD":20697.981008,"USDSTN":21.271977,"USDSVC":8.779797,"USDSYP":110.877339,"USDSZL":16.579699,"USDTHB":32.168981,"USDTJS":9.617403,"USDTMT":3.51,"USDTND":2.949897,"USDTOP":2.40776,"USDTRY":44.193801,"USDTTD":6.808858,"USDTWD":31.925011,"USDTZS":2607.346009,"USDUAH":44.426231,"USDUGX":3756.07236,"USDUYU":40.122077,"USDUZS":12176.412109,"USDVES":440.41445,"USDVND":26277,"USDVUV":119.598123,"USDWST":2.714424,"USDXAF":569.520824,"USDXAG":0.01176,"USDXAU":0.000195,"USDXCD":2.70255,"USDXCG":1.808315,"USDXDR":0.708301,"USDXOF":569.530714,"USDXPF":103.548125,"USDYER":238.55005,"USDZAR":16.74045,"USDZMK":9001.201597,"USDZMW":19.490341,"USDZWL":321.999592}}