{"success":true,"terms":"https:\/\/currencylayer.com\/terms","privacy":"https:\/\/currencylayer.com\/privacy","timestamp":1764639605,"source":"USD","quotes":{"USDAED":3.672504,"USDAFN":66.386717,"USDALL":83.302771,"USDAMD":381.190089,"USDANG":1.790055,"USDAOA":916.999776,"USDARS":1451.243803,"USDAUD":1.528164,"USDAWG":1.8,"USDAZN":1.695399,"USDBAM":1.681338,"USDBBD":2.0174,"USDBDT":122.055638,"USDBGN":1.68507,"USDBHD":0.376981,"USDBIF":2952.731658,"USDBMD":1,"USDBND":1.297155,"USDBOB":6.932361,"USDBRL":5.357101,"USDBSD":1.001637,"USDBTC":1.1541194e-5,"USDBTN":89.676113,"USDBWP":13.368076,"USDBYN":2.906852,"USDBYR":19600,"USDBZD":2.014472,"USDCAD":1.400285,"USDCDF":2215.000163,"USDCHF":0.80463,"USDCLF":0.023675,"USDCLP":928.749616,"USDCNY":7.071751,"USDCNH":7.0742,"USDCOP":3810.15,"USDCRC":493.225259,"USDCUC":1,"USDCUP":26.5,"USDCVE":95.375003,"USDCZK":20.817028,"USDDJF":178.361616,"USDDKK":6.43225,"USDDOP":63.150115,"USDDZD":130.289126,"USDEGP":47.5131,"USDERN":15,"USDETB":154.375016,"USDEUR":0.861404,"USDFJD":2.272801,"USDFKP":0.755396,"USDGBP":0.75686,"USDGEL":2.695029,"USDGGP":0.755396,"USDGHS":11.359856,"USDGIP":0.755396,"USDGMD":72.999854,"USDGNF":8702.50575,"USDGTQ":7.66136,"USDGYD":209.131392,"USDHKD":7.79025,"USDHNL":26.319695,"USDHRK":6.491901,"USDHTG":130.981196,"USDHUF":328.020983,"USDIDR":16616,"USDILS":3.258165,"USDIMP":0.755396,"USDINR":89.61625,"USDIQD":1310,"USDIRR":42124.999868,"USDISK":127.480165,"USDJEP":0.755396,"USDJMD":160.664987,"USDJOD":0.709039,"USDJPY":155.6145,"USDKES":129.289851,"USDKGS":87.449947,"USDKHR":4004.000078,"USDKMF":424.000115,"USDKPW":899.999876,"USDKRW":1470.620158,"USDKWD":0.30699,"USDKYD":0.833018,"USDKZT":510.900588,"USDLAK":21695.000313,"USDLBP":89537.513732,"USDLKR":308.440219,"USDLRD":177.601391,"USDLSL":17.096778,"USDLTL":2.95274,"USDLVL":0.60489,"USDLYD":5.458696,"USDMAD":9.25875,"USDMDL":16.958667,"USDMGA":4474.976311,"USDMKD":53.092886,"USDMMK":2099.818305,"USDMNT":3556.474491,"USDMOP":8.019325,"USDMRU":39.779872,"USDMUR":46.160102,"USDMVR":15.409593,"USDMWK":1736.00038,"USDMXN":18.308013,"USDMYR":4.132021,"USDMZN":63.900352,"USDNAD":17.100515,"USDNGN":1447.519948,"USDNIO":36.85854,"USDNOK":10.131798,"USDNPR":143.478074,"USDNZD":1.74683,"USDOMR":0.384494,"USDPAB":0.999622,"USDPEN":3.372496,"USDPGK":4.254998,"USDPHP":58.395026,"USDPKR":280.850086,"USDPLN":3.64386,"USDPYG":7001.464381,"USDQAR":3.641019,"USDRON":4.383797,"USDRSD":101.120975,"USDRUB":77.724029,"USDRWF":1457.391185,"USDSAR":3.753004,"USDSBD":8.223823,"USDSCR":14.018172,"USDSDG":601.508216,"USDSEK":9.452602,"USDSGD":1.296498,"USDSHP":0.750259,"USDSLE":22.950249,"USDSLL":20969.498139,"USDSOS":571.499408,"USDSRD":38.534501,"USDSTD":20697.981008,"USDSTN":21.103861,"USDSVC":8.74626,"USDSYP":11058.436115,"USDSZL":17.108232,"USDTHB":32.039542,"USDTJS":9.231371,"USDTMT":3.5,"USDTND":2.94275,"USDTOP":2.40776,"USDTRY":42.448199,"USDTTD":6.775902,"USDTWD":31.432405,"USDTZS":2467.015999,"USDUAH":42.433888,"USDUGX":3598.569513,"USDUYU":39.76032,"USDUZS":11922.500483,"USDVES":246.99117,"USDVND":26370,"USDVUV":121.835157,"USDWST":2.805025,"USDXAF":565.041778,"USDXAG":0.017601,"USDXAU":0.000237,"USDXCD":2.70255,"USDXCG":1.80152,"USDXDR":0.702731,"USDXOF":565.041778,"USDXPF":103.225018,"USDYER":238.349901,"USDZAR":17.101079,"USDZMK":9001.185453,"USDZMW":22.962357,"USDZWL":321.999592}}