{"success":true,"terms":"https:\/\/currencylayer.com\/terms","privacy":"https:\/\/currencylayer.com\/privacy","timestamp":1752025384,"source":"USD","quotes":{"USDAED":3.672498,"USDAFN":70.000165,"USDALL":83.795151,"USDAMD":384.190264,"USDANG":1.789623,"USDAOA":917.000109,"USDARS":1254.510701,"USDAUD":1.530866,"USDAWG":1.8,"USDAZN":1.702706,"USDBAM":1.666589,"USDBBD":2.017835,"USDBDT":121.925343,"USDBGN":1.668305,"USDBHD":0.376929,"USDBIF":2941,"USDBMD":1,"USDBND":1.277689,"USDBOB":6.905631,"USDBRL":5.446798,"USDBSD":0.999459,"USDBTC":9.18801e-6,"USDBTN":85.596936,"USDBWP":13.343105,"USDBYN":3.270574,"USDBYR":19600,"USDBZD":2.007456,"USDCAD":1.367385,"USDCDF":2886.000305,"USDCHF":0.796245,"USDCLF":0.024593,"USDCLP":943.729695,"USDCNY":7.17405,"USDCNH":7.182805,"USDCOP":4051.63,"USDCRC":505.22997,"USDCUC":1,"USDCUP":26.5,"USDCVE":94.602706,"USDCZK":21.023971,"USDDJF":177.720069,"USDDKK":6.36479,"USDDOP":60.102384,"USDDZD":129.665249,"USDEGP":49.674701,"USDERN":15,"USDETB":136.425016,"USDEUR":0.85308,"USDFJD":2.24825,"USDFKP":0.733342,"USDGBP":0.73619,"USDGEL":2.710325,"USDGGP":0.733342,"USDGHS":10.396166,"USDGIP":0.733342,"USDGMD":71.509279,"USDGNF":8655.999625,"USDGTQ":7.681263,"USDGYD":209.096913,"USDHKD":7.849955,"USDHNL":26.350617,"USDHRK":6.429599,"USDHTG":131.167796,"USDHUF":341.489961,"USDIDR":16245.3,"USDILS":3.35459,"USDIMP":0.733342,"USDINR":85.754899,"USDIQD":1310,"USDIRR":42124.999778,"USDISK":121.990193,"USDJEP":0.733342,"USDJMD":159.513594,"USDJOD":0.708984,"USDJPY":146.827978,"USDKES":129.491543,"USDKGS":87.450082,"USDKHR":4020.999704,"USDKMF":420.499432,"USDKPW":899.998081,"USDKRW":1372.919773,"USDKWD":0.30551,"USDKYD":0.832904,"USDKZT":519.294269,"USDLAK":21550.000405,"USDLBP":89600.000118,"USDLKR":300.441839,"USDLRD":200.504736,"USDLSL":17.790232,"USDLTL":2.95274,"USDLVL":0.60489,"USDLYD":5.399573,"USDMAD":9.005018,"USDMDL":16.915355,"USDMGA":4430.000127,"USDMKD":52.479166,"USDMMK":2099.213878,"USDMNT":3588.812494,"USDMOP":8.081212,"USDMRU":39.705001,"USDMUR":45.110011,"USDMVR":15.388227,"USDMWK":1736.506315,"USDMXN":18.616299,"USDMYR":4.254499,"USDMZN":63.960082,"USDNAD":17.789778,"USDNGN":1534.069712,"USDNIO":36.750035,"USDNOK":10.096602,"USDNPR":136.956605,"USDNZD":1.667345,"USDOMR":0.384503,"USDPAB":0.999382,"USDPEN":3.544497,"USDPGK":4.125002,"USDPHP":56.554027,"USDPKR":284.250164,"USDPLN":3.621275,"USDPYG":7965.027844,"USDQAR":3.6406,"USDRON":4.331202,"USDRSD":99.988012,"USDRUB":78.499384,"USDRWF":1434,"USDSAR":3.750485,"USDSBD":8.336924,"USDSCR":14.097228,"USDSDG":600.501473,"USDSEK":9.52815,"USDSGD":1.280355,"USDSHP":0.785843,"USDSLE":22.498008,"USDSLL":20969.503664,"USDSOS":571.501407,"USDSRD":37.3235,"USDSTD":20697.981008,"USDSVC":8.744743,"USDSYP":13001.868117,"USDSZL":17.790157,"USDTHB":32.629507,"USDTJS":9.599438,"USDTMT":3.51,"USDTND":2.903975,"USDTOP":2.342106,"USDTRY":40.045798,"USDTTD":6.780426,"USDTWD":29.109497,"USDTZS":2640.191992,"USDUAH":41.744944,"USDUGX":3592.564346,"USDUYU":40.127652,"USDUZS":12725.000304,"USDVES":112.287797,"USDVND":26136.5,"USDVUV":118.824009,"USDWST":2.740489,"USDXAF":558.967717,"USDXAG":0.027287,"USDXAU":0.000303,"USDXCD":2.70255,"USDXDR":0.694629,"USDXOF":557.000031,"USDXPF":102.150644,"USDYER":241.849662,"USDZAR":17.782501,"USDZMK":9001.196211,"USDZMW":24.209759,"USDZWL":321.999592}}