{"success":true,"terms":"https:\/\/currencylayer.com\/terms","privacy":"https:\/\/currencylayer.com\/privacy","timestamp":1762738865,"source":"USD","quotes":{"USDAED":3.672501,"USDAFN":66.272138,"USDALL":83.49892,"USDAMD":382.462203,"USDANG":1.789982,"USDAOA":917.000012,"USDARS":1406.777402,"USDAUD":1.533613,"USDAWG":1.805,"USDAZN":1.712043,"USDBAM":1.689676,"USDBBD":2.011145,"USDBDT":121.87473,"USDBGN":1.689676,"USDBHD":0.373737,"USDBIF":2940.647948,"USDBMD":1,"USDBND":1.300389,"USDBOB":6.909719,"USDBRL":5.333899,"USDBSD":0.998531,"USDBTC":9.450143e-6,"USDBTN":88.502808,"USDBWP":13.406479,"USDBYN":3.40311,"USDBYR":19600,"USDBZD":2.008207,"USDCAD":1.402785,"USDCDF":2149.999833,"USDCHF":0.80631,"USDCLF":0.024015,"USDCLP":942.090044,"USDCNY":7.11935,"USDCNH":7.12199,"USDCOP":3780.3,"USDCRC":501.339093,"USDCUC":1,"USDCUP":26.5,"USDCVE":95.261339,"USDCZK":21.029905,"USDDJF":177.814255,"USDDKK":6.460525,"USDDOP":64.155508,"USDDZD":129.316631,"USDEGP":47.0082,"USDERN":15,"USDETB":154.143499,"USDEUR":0.865198,"USDFJD":2.28425,"USDFKP":0.760233,"USDGBP":0.760465,"USDGEL":2.705009,"USDGGP":0.760233,"USDGHS":10.919222,"USDGIP":0.760233,"USDGMD":73.000473,"USDGNF":8667.818575,"USDGTQ":7.651836,"USDGYD":208.907127,"USDHKD":7.77676,"USDHNL":26.25486,"USDHRK":6.519798,"USDHTG":132.907127,"USDHUF":332.821503,"USDIDR":16686,"USDILS":3.26205,"USDIMP":0.760233,"USDINR":88.665503,"USDIQD":1308.077754,"USDIRR":42099.999807,"USDISK":126.669806,"USDJEP":0.760233,"USDJMD":160.267819,"USDJOD":0.709021,"USDJPY":153.818503,"USDKES":129.2102,"USDKGS":87.449794,"USDKHR":4019.006479,"USDKMF":420.999677,"USDKPW":900.018268,"USDKRW":1453.98006,"USDKWD":0.306895,"USDKYD":0.832138,"USDKZT":524.198704,"USDLAK":21680.345572,"USDLBP":89418.488121,"USDLKR":304.354212,"USDLRD":182.332613,"USDLSL":17.296674,"USDLTL":2.95274,"USDLVL":0.60489,"USDLYD":5.452268,"USDMAD":9.256069,"USDMDL":17.024622,"USDMGA":4488.12095,"USDMKD":53.153348,"USDMMK":2099.87471,"USDMNT":3580.787673,"USDMOP":7.998963,"USDMRU":39.553348,"USDMUR":45.909873,"USDMVR":15.404969,"USDMWK":1731.490281,"USDMXN":18.43235,"USDMYR":4.170503,"USDMZN":63.949401,"USDNAD":17.296674,"USDNGN":1435.229491,"USDNIO":36.742981,"USDNOK":10.14855,"USDNPR":141.60432,"USDNZD":1.775852,"USDOMR":0.38114,"USDPAB":0.998618,"USDPEN":3.369762,"USDPGK":4.215983,"USDPHP":59.055008,"USDPKR":282.349719,"USDPLN":3.66815,"USDPYG":7065.226782,"USDQAR":3.639309,"USDRON":4.4002,"USDRSD":101.226782,"USDRUB":81.065882,"USDRWF":1450.885529,"USDSAR":3.750403,"USDSBD":8.230592,"USDSCR":13.701253,"USDSDG":600.505683,"USDSEK":9.533175,"USDSGD":1.302245,"USDSHP":0.750259,"USDSLE":23.177334,"USDSLL":20969.499529,"USDSOS":570.62635,"USDSRD":38.599002,"USDSTD":20697.981008,"USDSTN":21.166307,"USDSVC":8.736933,"USDSYP":11056.858374,"USDSZL":17.302808,"USDTHB":32.260034,"USDTJS":9.216415,"USDTMT":3.51,"USDTND":2.95162,"USDTOP":2.342104,"USDTRY":42.238502,"USDTTD":6.768898,"USDTWD":31.011997,"USDTZS":2456.414992,"USDUAH":41.870929,"USDUGX":3494.600432,"USDUYU":39.766739,"USDUZS":12042.332613,"USDVES":228.194043,"USDVND":26310,"USDVUV":122.303025,"USDWST":2.820887,"USDXAF":566.701512,"USDXAG":0.020338,"USDXAU":0.000247,"USDXCD":2.70255,"USDXCG":1.799568,"USDXDR":0.704795,"USDXOF":566.701512,"USDXPF":103.032397,"USDYER":238.498647,"USDZAR":17.284397,"USDZMK":9001.201776,"USDZMW":22.591793,"USDZWL":321.999592}}