{"success":true,"terms":"https:\/\/currencylayer.com\/terms","privacy":"https:\/\/currencylayer.com\/privacy","timestamp":1782790745,"source":"USD","quotes":{"USDAED":3.672502,"USDAFN":63.999794,"USDALL":82.507456,"USDAMD":367.703735,"USDANG":1.790403,"USDAOA":917.497402,"USDARS":1481.23303,"USDAUD":1.45606,"USDAWG":1.8,"USDAZN":1.706563,"USDBAM":1.713097,"USDBBD":2.011903,"USDBDT":123.11735,"USDBGN":1.69088,"USDBHD":0.37663,"USDBIF":2971.783429,"USDBMD":1,"USDBND":1.292103,"USDBOB":6.917906,"USDBRL":5.188596,"USDBSD":0.998945,"USDBTC":1.6762956e-5,"USDBTN":94.390722,"USDBWP":13.575192,"USDBYN":2.897008,"USDBYR":19600,"USDBZD":2.009013,"USDCAD":1.423335,"USDCDF":2275.000259,"USDCHF":0.809175,"USDCLF":0.023433,"USDCLP":922.239721,"USDCNY":6.79395,"USDCNH":6.796355,"USDCOP":3444.75,"USDCRC":453.094276,"USDCUC":1,"USDCUP":26.5,"USDCVE":96.581777,"USDCZK":21.279096,"USDDJF":177.883078,"USDDKK":6.557905,"USDDOP":59.402385,"USDDZD":133.31103,"USDEGP":49.283299,"USDERN":15,"USDETB":161.045542,"USDEUR":0.87738,"USDFJD":2.250298,"USDFKP":0.757857,"USDGBP":0.755765,"USDGEL":2.640331,"USDGGP":0.757857,"USDGHS":11.298312,"USDGIP":0.757857,"USDGMD":73.500366,"USDGNF":8757.385047,"USDGTQ":7.621225,"USDGYD":208.956139,"USDHKD":7.84305,"USDHNL":26.733762,"USDHRK":6.609101,"USDHTG":130.560263,"USDHUF":310.988995,"USDIDR":17900,"USDILS":2.98755,"USDIMP":0.757857,"USDINR":94.56235,"USDIQD":1308.597856,"USDIRR":1375999.999878,"USDISK":126.339729,"USDJEP":0.757857,"USDJMD":157.289691,"USDJOD":0.708985,"USDJPY":162.17402,"USDKES":129.479842,"USDKGS":87.449687,"USDKHR":4016.834619,"USDKMF":432.000093,"USDKPW":900.00035,"USDKRW":1548.079993,"USDKWD":0.30967,"USDKYD":0.832454,"USDKZT":485.019949,"USDLAK":22404.211245,"USDLBP":89452.529331,"USDLKR":335.883613,"USDLRD":181.802256,"USDLSL":16.412646,"USDLTL":2.95274,"USDLVL":0.60489,"USDLYD":6.417595,"USDMAD":9.36107,"USDMDL":17.65605,"USDMGA":4250.809125,"USDMKD":54.070533,"USDMMK":2099.649649,"USDMNT":3579.92745,"USDMOP":8.069687,"USDMRU":39.866691,"USDMUR":47.240329,"USDMVR":15.460314,"USDMWK":1732.206908,"USDMXN":17.49545,"USDMYR":4.066502,"USDMZN":63.850135,"USDNAD":16.412646,"USDNGN":1380.33002,"USDNIO":36.762097,"USDNOK":9.94843,"USDNPR":151.021499,"USDNZD":1.771145,"USDOMR":0.384499,"USDPAB":0.998971,"USDPEN":3.411304,"USDPGK":4.385719,"USDPHP":61.319021,"USDPKR":277.769934,"USDPLN":3.76295,"USDPYG":6083.007432,"USDQAR":3.641301,"USDRON":4.598899,"USDRSD":102.957562,"USDRUB":77.00308,"USDRWF":1466.390474,"USDSAR":3.752458,"USDSBD":8.065041,"USDSCR":13.42013,"USDSDG":600.496556,"USDSEK":9.731898,"USDSGD":1.29411,"USDSHP":0.746601,"USDSLE":24.798309,"USDSLL":20969.503664,"USDSOS":570.895539,"USDSRD":37.494501,"USDSTD":20697.981008,"USDSTN":21.459979,"USDSVC":8.74059,"USDSYP":110.532098,"USDSZL":16.408648,"USDTHB":33.266501,"USDTJS":9.260125,"USDTMT":3.51,"USDTND":2.958885,"USDTOP":2.40776,"USDTRY":46.657399,"USDTTD":6.790721,"USDTWD":31.874502,"USDTZS":2625.002959,"USDUAH":44.832941,"USDUGX":3661.287144,"USDUYU":40.195503,"USDUZS":12039.275454,"USDVES":622.24352,"USDVND":26308,"USDVUV":119.179282,"USDWST":2.780883,"USDXAF":574.561715,"USDXAG":0.017454,"USDXAU":0.000252,"USDXCD":2.70255,"USDXCG":1.800321,"USDXDR":0.71457,"USDXOF":574.541585,"USDXPF":104.460551,"USDYER":238.600208,"USDZAR":16.45955,"USDZMK":9001.198484,"USDZMW":18.085232,"USDZWL":321.999592}}