{"success":true,"terms":"https:\/\/currencylayer.com\/terms","privacy":"https:\/\/currencylayer.com\/privacy","timestamp":1773022147,"source":"USD","quotes":{"USDAED":3.672502,"USDAFN":63.540595,"USDALL":83.360121,"USDAMD":374.467719,"USDANG":1.789731,"USDAOA":917.000431,"USDARS":1434.285997,"USDAUD":1.434844,"USDAWG":1.8,"USDAZN":1.699029,"USDBAM":1.682481,"USDBBD":2.023231,"USDBDT":121.648243,"USDBGN":1.647646,"USDBHD":0.379144,"USDBIF":2981.117159,"USDBMD":1,"USDBND":1.287178,"USDBOB":6.873414,"USDBRL":5.263097,"USDBSD":1.004579,"USDBTC":1.5085106e-5,"USDBTN":91.359628,"USDBWP":13.632948,"USDBYN":2.956135,"USDBYR":19600,"USDBZD":2.020364,"USDCAD":1.358725,"USDCDF":2222.497853,"USDCHF":0.782305,"USDCLF":0.023316,"USDCLP":920.660336,"USDCNY":6.89675,"USDCNH":6.92778,"USDCOP":3773.22,"USDCRC":479.663601,"USDCUC":1,"USDCUP":26.5,"USDCVE":94.855693,"USDCZK":21.208396,"USDDJF":178.883261,"USDDKK":6.488705,"USDDOP":59.808082,"USDDZD":133.040555,"USDEGP":50.782699,"USDERN":15,"USDETB":155.813,"USDEUR":0.868605,"USDFJD":2.210499,"USDFKP":0.745814,"USDGBP":0.75232,"USDGEL":2.724967,"USDGGP":0.745814,"USDGHS":10.762613,"USDGIP":0.745814,"USDGMD":73.496888,"USDGNF":8808.517478,"USDGTQ":7.631296,"USDGYD":208.103574,"USDHKD":7.81564,"USDHNL":26.588706,"USDHRK":6.544024,"USDHTG":131.784596,"USDHUF":343.275497,"USDIDR":16993,"USDILS":3.09326,"USDIMP":0.745814,"USDINR":92.30675,"USDIQD":1315.934651,"USDIRR":1320700.000372,"USDISK":126.029769,"USDJEP":0.745814,"USDJMD":157.320649,"USDJOD":0.709036,"USDJPY":158.739497,"USDKES":128.460128,"USDKGS":87.44989,"USDKHR":4031.119548,"USDKMF":424.000314,"USDKPW":899.991515,"USDKRW":1495.855019,"USDKWD":0.307499,"USDKYD":0.837152,"USDKZT":496.314219,"USDLAK":21510.981373,"USDLBP":89957.081918,"USDLKR":312.517376,"USDLRD":181.530388,"USDLSL":16.802891,"USDLTL":2.95274,"USDLVL":0.60489,"USDLYD":6.401223,"USDMAD":9.276356,"USDMDL":17.373853,"USDMGA":4183.191649,"USDMKD":53.025937,"USDMMK":2100.500394,"USDMNT":3568.19919,"USDMOP":8.090909,"USDMRU":40.201904,"USDMUR":47.397584,"USDMVR":15.460082,"USDMWK":1741.910541,"USDMXN":18.000299,"USDMYR":3.967498,"USDMZN":63.902614,"USDNAD":16.802818,"USDNGN":1384.980076,"USDNIO":36.966409,"USDNOK":9.653355,"USDNPR":147.627963,"USDNZD":1.705475,"USDOMR":0.389573,"USDPAB":0.994709,"USDPEN":3.426126,"USDPGK":4.326522,"USDPHP":59.690271,"USDPKR":280.594772,"USDPLN":3.733445,"USDPYG":6572.374308,"USDQAR":3.627339,"USDRON":4.419915,"USDRSD":101.976899,"USDRUB":80.024232,"USDRWF":1465.215786,"USDSAR":3.770188,"USDSBD":8.045182,"USDSCR":13.973129,"USDSDG":601.50083,"USDSEK":9.295025,"USDSGD":1.284165,"USDSHP":0.750259,"USDSLE":24.524977,"USDSLL":20969.49935,"USDSOS":573.054451,"USDSRD":37.656502,"USDSTD":20697.981008,"USDSTN":21.285099,"USDSVC":8.789404,"USDSYP":110.646951,"USDSZL":16.807555,"USDTHB":32.160501,"USDTJS":9.563852,"USDTMT":3.51,"USDTND":2.922362,"USDTOP":2.40776,"USDTRY":44.083901,"USDTTD":6.806858,"USDTWD":31.9908,"USDTZS":2567.250474,"USDUAH":43.895798,"USDUGX":3670.695514,"USDUYU":39.132866,"USDUZS":12130.414211,"USDVES":425.142005,"USDVND":26220,"USDVUV":118.58983,"USDWST":2.740483,"USDXAF":569.889446,"USDXAG":0.012222,"USDXAU":0.000197,"USDXCD":2.70255,"USDXCG":1.810442,"USDXDR":0.708753,"USDXOF":569.886971,"USDXPF":102.59366,"USDYER":238.50839,"USDZAR":16.85579,"USDZMK":9001.202078,"USDZMW":19.422604,"USDZWL":321.999592}}