{"success":true,"terms":"https:\/\/currencylayer.com\/terms","privacy":"https:\/\/currencylayer.com\/privacy","timestamp":1764293227,"source":"USD","quotes":{"USDAED":3.672499,"USDAFN":66.296435,"USDALL":83.452716,"USDAMD":381.069727,"USDANG":1.790055,"USDAOA":917.000087,"USDARS":1450.487496,"USDAUD":1.52952,"USDAWG":1.8025,"USDAZN":1.700999,"USDBAM":1.687875,"USDBBD":2.013912,"USDBDT":122.184442,"USDBGN":1.686545,"USDBHD":0.37701,"USDBIF":2953.134237,"USDBMD":1,"USDBND":1.297881,"USDBOB":6.909259,"USDBRL":5.356799,"USDBSD":0.999879,"USDBTC":1.0988015e-5,"USDBTN":89.298243,"USDBWP":14.305194,"USDBYN":3.415794,"USDBYR":19600,"USDBZD":2.010977,"USDCAD":1.40297,"USDCDF":2200.000244,"USDCHF":0.80515,"USDCLF":0.02364,"USDCLP":927.379938,"USDCNY":7.080399,"USDCNH":7.077811,"USDCOP":3745.63,"USDCRC":498.472479,"USDCUC":1,"USDCUP":26.5,"USDCVE":95.159808,"USDCZK":20.849395,"USDDJF":177.72049,"USDDKK":6.442699,"USDDOP":62.637273,"USDDZD":130.353986,"USDEGP":47.6279,"USDERN":15,"USDETB":154.307758,"USDEUR":0.86258,"USDFJD":2.272796,"USDFKP":0.756099,"USDGBP":0.755535,"USDGEL":2.700431,"USDGGP":0.756099,"USDGHS":11.224309,"USDGIP":0.756099,"USDGMD":72.999813,"USDGNF":8687.059595,"USDGTQ":7.659215,"USDGYD":209.194549,"USDHKD":7.77989,"USDHNL":26.32526,"USDHRK":6.497094,"USDHTG":130.892741,"USDHUF":329.108498,"USDIDR":16637.2,"USDILS":3.26592,"USDIMP":0.756099,"USDINR":89.37145,"USDIQD":1309.876719,"USDIRR":42112.480041,"USDISK":127.319628,"USDJEP":0.756099,"USDJMD":160.097002,"USDJOD":0.708988,"USDJPY":156.387025,"USDKES":129.80348,"USDKGS":87.450199,"USDKHR":4000.914791,"USDKMF":425.504586,"USDKPW":899.998942,"USDKRW":1465.690151,"USDKWD":0.30694,"USDKYD":0.833236,"USDKZT":516.129589,"USDLAK":21705.566847,"USDLBP":89551.364203,"USDLKR":307.973782,"USDLRD":177.487422,"USDLSL":17.163717,"USDLTL":2.95274,"USDLVL":0.60489,"USDLYD":5.449046,"USDMAD":9.260098,"USDMDL":16.968504,"USDMGA":4483.337433,"USDMKD":53.059376,"USDMMK":2099.958048,"USDMNT":3563.313284,"USDMOP":8.009856,"USDMRU":39.885737,"USDMUR":46.0901,"USDMVR":15.409499,"USDMWK":1733.873578,"USDMXN":18.357315,"USDMYR":4.129499,"USDMZN":63.903104,"USDNAD":17.163643,"USDNGN":1445.020038,"USDNIO":36.79875,"USDNOK":10.166645,"USDNPR":142.876745,"USDNZD":1.74592,"USDOMR":0.384504,"USDPAB":0.99997,"USDPEN":3.368069,"USDPGK":4.296927,"USDPHP":58.759871,"USDPKR":282.521964,"USDPLN":3.64803,"USDPYG":6977.406493,"USDQAR":3.644233,"USDRON":4.390502,"USDRSD":101.246042,"USDRUB":77.9493,"USDRWF":1454.344609,"USDSAR":3.751466,"USDSBD":8.237372,"USDSCR":13.377312,"USDSDG":601.495836,"USDSEK":9.474695,"USDSGD":1.296902,"USDSHP":0.750259,"USDSLE":22.949562,"USDSLL":20969.498139,"USDSOS":570.44721,"USDSRD":38.503978,"USDSTD":20697.981008,"USDSTN":21.143656,"USDSVC":8.749196,"USDSYP":11056.900429,"USDSZL":17.158367,"USDTHB":32.219582,"USDTJS":9.264194,"USDTMT":3.5,"USDTND":2.948905,"USDTOP":2.40776,"USDTRY":42.493601,"USDTTD":6.795312,"USDTWD":31.329698,"USDTZS":2462.499774,"USDUAH":42.169521,"USDUGX":3624.62675,"USDUYU":39.750245,"USDUZS":11900.909181,"USDVES":243.26823,"USDVND":26375.5,"USDVUV":122.653097,"USDWST":2.824884,"USDXAF":566.097512,"USDXAG":0.018587,"USDXAU":0.000239,"USDXCD":2.70255,"USDXCG":1.802044,"USDXDR":0.702676,"USDXOF":566.097512,"USDXPF":102.922584,"USDYER":238.350479,"USDZAR":17.146945,"USDZMK":9001.202594,"USDZMW":22.997493,"USDZWL":321.999592}}