{"success":true,"terms":"https:\/\/currencylayer.com\/terms","privacy":"https:\/\/currencylayer.com\/privacy","timestamp":1758158464,"source":"USD","quotes":{"USDAED":3.672503,"USDAFN":67.258298,"USDALL":81.8979,"USDAMD":382.314266,"USDANG":1.790403,"USDAOA":916.999464,"USDARS":1473.768798,"USDAUD":1.504325,"USDAWG":1.8025,"USDAZN":1.703233,"USDBAM":1.653905,"USDBBD":2.015855,"USDBDT":121.865315,"USDBGN":1.65365,"USDBHD":0.377055,"USDBIF":2987.05856,"USDBMD":1,"USDBND":1.277825,"USDBOB":6.916497,"USDBRL":5.311301,"USDBSD":1.000871,"USDBTC":8.578279e-6,"USDBTN":87.875623,"USDBWP":14.188589,"USDBYN":3.390596,"USDBYR":19600,"USDBZD":2.01298,"USDCAD":1.377775,"USDCDF":2824.999675,"USDCHF":0.789545,"USDCLF":0.024282,"USDCLP":952.56056,"USDCNY":7.103602,"USDCNH":7.106635,"USDCOP":3877,"USDCRC":504.390694,"USDCUC":1,"USDCUP":26.5,"USDCVE":93.244597,"USDCZK":20.59385,"USDDJF":178.229711,"USDDKK":6.319975,"USDDOP":62.26033,"USDDZD":129.146954,"USDEGP":48.139199,"USDERN":15,"USDETB":145.035578,"USDEUR":0.846599,"USDFJD":2.24075,"USDFKP":0.732451,"USDGBP":0.73448,"USDGEL":2.698615,"USDGGP":0.732451,"USDGHS":12.260948,"USDGIP":0.732451,"USDGMD":71.999875,"USDGNF":8680.689145,"USDGTQ":7.667426,"USDGYD":209.406064,"USDHKD":7.776085,"USDHNL":26.243758,"USDHRK":6.378204,"USDHTG":130.961793,"USDHUF":330.334507,"USDIDR":16463.55,"USDILS":3.34403,"USDIMP":0.732451,"USDINR":87.901101,"USDIQD":1311.25083,"USDIRR":42062.498074,"USDISK":120.891035,"USDJEP":0.732451,"USDJMD":160.599373,"USDJOD":0.708988,"USDJPY":147.1035,"USDKES":129.320149,"USDKGS":87.450382,"USDKHR":4010.535795,"USDKMF":415.000065,"USDKPW":899.982242,"USDKRW":1384.720495,"USDKWD":0.30517,"USDKYD":0.83414,"USDKZT":542.343356,"USDLAK":21680.746171,"USDLBP":89549.999549,"USDLKR":302.070913,"USDLRD":177.161775,"USDLSL":17.405978,"USDLTL":2.95274,"USDLVL":0.60489,"USDLYD":5.384014,"USDMAD":8.985273,"USDMDL":16.499658,"USDMGA":4397.239886,"USDMKD":52.040743,"USDMMK":2099.648647,"USDMNT":3597.429174,"USDMOP":8.017099,"USDMRU":39.919887,"USDMUR":45.201015,"USDMVR":15.299948,"USDMWK":1736.999772,"USDMXN":18.32225,"USDMYR":4.193988,"USDMZN":63.91024,"USDNAD":17.406419,"USDNGN":1492.350342,"USDNIO":36.832537,"USDNOK":9.83311,"USDNPR":140.593013,"USDNZD":1.689635,"USDOMR":0.384503,"USDPAB":1.000901,"USDPEN":3.481927,"USDPGK":4.183984,"USDPHP":57.05797,"USDPKR":284.043228,"USDPLN":3.608386,"USDPYG":7142.041731,"USDQAR":3.650463,"USDRON":4.290698,"USDRSD":99.197977,"USDRUB":83.998612,"USDRWF":1450.829341,"USDSAR":3.751258,"USDSBD":8.217066,"USDSCR":14.780446,"USDSDG":601.491881,"USDSEK":9.30561,"USDSGD":1.279304,"USDSHP":0.785843,"USDSLE":23.309708,"USDSLL":20969.503664,"USDSOS":571.04442,"USDSRD":38.238504,"USDSTD":20697.981008,"USDSTN":20.716977,"USDSVC":8.758303,"USDSYP":13001.781154,"USDSZL":17.398547,"USDTHB":31.864,"USDTJS":9.433717,"USDTMT":3.51,"USDTND":2.897335,"USDTOP":2.342103,"USDTRY":41.306699,"USDTTD":6.790497,"USDTWD":30.146977,"USDTZS":2469.999897,"USDUAH":41.271056,"USDUGX":3503.490383,"USDUYU":40.244052,"USDUZS":12296.464798,"USDVES":160.24738,"USDVND":26375,"USDVUV":118.610162,"USDWST":2.654417,"USDXAF":554.690017,"USDXAG":0.024056,"USDXAU":0.000274,"USDXCD":2.70255,"USDXCG":1.803921,"USDXDR":0.689851,"USDXOF":554.685327,"USDXPF":100.851138,"USDYER":239.549875,"USDZAR":17.423675,"USDZMK":9001.193572,"USDZMW":23.445447,"USDZWL":321.999592}}