{"success":true,"terms":"https:\/\/currencylayer.com\/terms","privacy":"https:\/\/currencylayer.com\/privacy","timestamp":1771726205,"source":"USD","quotes":{"USDAED":3.672504,"USDAFN":63.000368,"USDALL":81.782338,"USDAMD":375.630644,"USDANG":1.789731,"USDAOA":917.000367,"USDARS":1375.750402,"USDAUD":1.415829,"USDAWG":1.8,"USDAZN":1.70397,"USDBAM":1.658371,"USDBBD":2.009582,"USDBDT":121.931572,"USDBGN":1.647646,"USDBHD":0.376818,"USDBIF":2958.918048,"USDBMD":1,"USDBND":1.266206,"USDBOB":6.894476,"USDBRL":5.178041,"USDBSD":0.997753,"USDBTC":1.4750372e-5,"USDBTN":90.738966,"USDBWP":13.211515,"USDBYN":2.861152,"USDBYR":19600,"USDBZD":2.006699,"USDCAD":1.36835,"USDCDF":2280.000362,"USDCHF":0.775622,"USDCLF":0.021955,"USDCLP":866.903912,"USDCNY":6.90875,"USDCNH":6.897865,"USDCOP":3689.744351,"USDCRC":476.194514,"USDCUC":1,"USDCUP":26.5,"USDCVE":93.496418,"USDCZK":20.55904,"USDDJF":177.682622,"USDDKK":6.340204,"USDDOP":61.330394,"USDDZD":129.968203,"USDEGP":47.532963,"USDERN":15,"USDETB":155.273922,"USDEUR":0.84825,"USDFJD":2.22225,"USDFKP":0.740812,"USDGBP":0.741867,"USDGEL":2.67504,"USDGGP":0.740812,"USDGHS":10.965362,"USDGIP":0.740812,"USDGMD":73.503851,"USDGNF":8753.974647,"USDGTQ":7.655912,"USDGYD":208.716666,"USDHKD":7.81585,"USDHNL":26.396744,"USDHRK":6.39504,"USDHTG":130.783906,"USDHUF":323.04504,"USDIDR":16862.9,"USDILS":3.115575,"USDIMP":0.740812,"USDINR":90.72685,"USDIQD":1307.160724,"USDIRR":42125.000158,"USDISK":122.990386,"USDJEP":0.740812,"USDJMD":155.466995,"USDJOD":0.70904,"USDJPY":155.02504,"USDKES":128.613219,"USDKGS":87.450384,"USDKHR":4012.379701,"USDKMF":418.00035,"USDKPW":900.035909,"USDKRW":1445.245039,"USDKWD":0.30666,"USDKYD":0.831475,"USDKZT":498.011617,"USDLAK":21380.421419,"USDLBP":89350.659261,"USDLKR":308.712426,"USDLRD":184.092933,"USDLSL":16.074448,"USDLTL":2.95274,"USDLVL":0.60489,"USDLYD":6.311951,"USDMAD":9.149023,"USDMDL":17.136558,"USDMGA":4270.148811,"USDMKD":52.270318,"USDMMK":2099.696196,"USDMNT":3568.870945,"USDMOP":8.032052,"USDMRU":39.95082,"USDMUR":46.420378,"USDMVR":15.460378,"USDMWK":1730.190359,"USDMXN":17.132704,"USDMYR":3.903039,"USDMZN":63.905039,"USDNAD":16.074448,"USDNGN":1343.180377,"USDNIO":36.71514,"USDNOK":9.525104,"USDNPR":145.182516,"USDNZD":1.669868,"USDOMR":0.384246,"USDPAB":0.997753,"USDPEN":3.351592,"USDPGK":4.35155,"USDPHP":57.958504,"USDPKR":278.852927,"USDPLN":3.58165,"USDPYG":6451.01115,"USDQAR":3.636834,"USDRON":4.326104,"USDRSD":99.563319,"USDRUB":76.652393,"USDRWF":1457.243397,"USDSAR":3.751487,"USDSBD":8.045182,"USDSCR":15.159198,"USDSDG":601.503676,"USDSEK":9.060204,"USDSGD":1.266038,"USDSHP":0.750259,"USDSLE":24.503667,"USDSLL":20969.49935,"USDSOS":569.211854,"USDSRD":37.635504,"USDSTD":20697.981008,"USDSTN":20.774155,"USDSVC":8.730233,"USDSYP":11059.574895,"USDSZL":16.069021,"USDTHB":31.118038,"USDTJS":9.453936,"USDTMT":3.5,"USDTND":2.896935,"USDTOP":2.40776,"USDTRY":43.830368,"USDTTD":6.75372,"USDTWD":31.539504,"USDTZS":2571.755628,"USDUAH":43.187179,"USDUGX":3591.809047,"USDUYU":38.716242,"USDUZS":12185.525925,"USDVES":401.83138,"USDVND":25970,"USDVUV":118.483132,"USDWST":2.714456,"USDXAF":556.202145,"USDXAG":0.011846,"USDXAU":0.000196,"USDXCD":2.70255,"USDXCG":1.798279,"USDXDR":0.691737,"USDXOF":556.202145,"USDXPF":101.1235,"USDYER":238.450363,"USDZAR":16.03989,"USDZMK":9001.203584,"USDZMW":18.89261,"USDZWL":321.999592}}