{"success":true,"terms":"https:\/\/currencylayer.com\/terms","privacy":"https:\/\/currencylayer.com\/privacy","timestamp":1781062988,"source":"USD","quotes":{"USDAED":3.672497,"USDAFN":62.501321,"USDALL":82.527553,"USDAMD":368.449912,"USDANG":1.79046,"USDAOA":917.999833,"USDARS":1442.005699,"USDAUD":1.423954,"USDAWG":1.8025,"USDAZN":1.703695,"USDBAM":1.690457,"USDBBD":2.018247,"USDBDT":122.882912,"USDBGN":1.66992,"USDBHD":0.377927,"USDBIF":2990.556229,"USDBMD":1,"USDBND":1.288338,"USDBOB":6.907788,"USDBRL":5.1917,"USDBSD":1.002019,"USDBTC":1.6278333e-5,"USDBTN":95.321771,"USDBWP":13.55427,"USDBYN":2.767703,"USDBYR":19600,"USDBZD":2.015388,"USDCAD":1.39498,"USDCDF":2275.999686,"USDCHF":0.79913,"USDCLF":0.023296,"USDCLP":916.86041,"USDCNY":6.77275,"USDCNH":6.776385,"USDCOP":3576.68,"USDCRC":462.400201,"USDCUC":1,"USDCUP":26.5,"USDCVE":95.64979,"USDCZK":20.9245,"USDDJF":178.439918,"USDDKK":6.472969,"USDDOP":58.361022,"USDDZD":133.65699,"USDEGP":51.712501,"USDERN":15,"USDETB":161.549911,"USDEUR":0.86609,"USDFJD":2.219298,"USDFKP":0.749189,"USDGBP":0.747208,"USDGEL":2.649687,"USDGGP":0.749189,"USDGHS":11.709667,"USDGIP":0.749189,"USDGMD":73.000024,"USDGNF":8777.58428,"USDGTQ":7.620003,"USDGYD":209.14383,"USDHKD":7.836835,"USDHNL":26.795647,"USDHRK":6.524799,"USDHTG":131.017722,"USDHUF":308.259997,"USDIDR":17988,"USDILS":2.94556,"USDIMP":0.749189,"USDINR":95.445502,"USDIQD":1310,"USDIRR":1375174.999601,"USDISK":124.188724,"USDJEP":0.749189,"USDJMD":158.237664,"USDJOD":0.708984,"USDJPY":160.359002,"USDKES":129.380375,"USDKGS":87.449703,"USDKHR":4025.298908,"USDKMF":426.999705,"USDKPW":899.855249,"USDKRW":1522.625025,"USDKWD":0.30929,"USDKYD":0.833049,"USDKZT":488.143446,"USDLAK":22002.497519,"USDLBP":89734.701127,"USDLKR":337.385637,"USDLRD":182.500677,"USDLSL":16.51996,"USDLTL":2.95274,"USDLVL":0.60489,"USDLYD":6.386408,"USDMAD":9.256975,"USDMDL":17.383563,"USDMGA":4203.868564,"USDMKD":53.38593,"USDMMK":2099.173167,"USDMNT":3578.677969,"USDMOP":8.06868,"USDMRU":40.01161,"USDMUR":47.870361,"USDMVR":15.460164,"USDMWK":1737.604783,"USDMXN":17.445202,"USDMYR":4.0661,"USDMZN":63.901482,"USDNAD":16.510387,"USDNGN":1359.139926,"USDNIO":36.874025,"USDNOK":9.51305,"USDNPR":152.879713,"USDNZD":1.718641,"USDOMR":0.384505,"USDPAB":0.999693,"USDPEN":3.43075,"USDPGK":4.385703,"USDPHP":61.461502,"USDPKR":278.851286,"USDPLN":3.67635,"USDPYG":6172.400946,"USDQAR":3.645505,"USDRON":4.536301,"USDRSD":101.66194,"USDRUB":71.973412,"USDRWF":1467.281825,"USDSAR":3.753948,"USDSBD":8.045573,"USDSCR":13.314223,"USDSDG":600.496025,"USDSEK":9.474895,"USDSGD":1.28728,"USDSHP":0.746601,"USDSLE":24.65019,"USDSLL":20969.502105,"USDSOS":572.715851,"USDSRD":37.474007,"USDSTD":20697.981008,"USDSTN":21.226732,"USDSVC":8.747099,"USDSYP":110.532098,"USDSZL":16.480384,"USDTHB":32.945969,"USDTJS":9.326724,"USDTMT":3.51,"USDTND":2.90875,"USDTOP":2.40776,"USDTRY":46.126701,"USDTTD":6.78073,"USDTWD":31.618998,"USDTZS":2609.998026,"USDUAH":45.015444,"USDUGX":3771.10605,"USDUYU":40.468298,"USDUZS":12025.000017,"USDVES":566.973195,"USDVND":26319.5,"USDVUV":119.284637,"USDWST":2.746352,"USDXAF":568.334091,"USDXAG":0.01562,"USDXAU":0.000239,"USDXCD":2.70255,"USDXCG":1.801626,"USDXDR":0.706825,"USDXOF":568.336554,"USDXPF":103.750155,"USDYER":238.649927,"USDZAR":16.54305,"USDZMK":9001.199259,"USDZMW":17.797205,"USDZWL":321.999592}}