{"success":true,"terms":"https:\/\/currencylayer.com\/terms","privacy":"https:\/\/currencylayer.com\/privacy","timestamp":1768960208,"source":"USD","quotes":{"USDAED":3.672497,"USDAFN":65.508796,"USDALL":83.14996,"USDAMD":379.209705,"USDANG":1.79008,"USDAOA":915.999554,"USDARS":1434.262201,"USDAUD":1.48324,"USDAWG":1.8,"USDAZN":1.701649,"USDBAM":1.665879,"USDBBD":2.013143,"USDBDT":122.270631,"USDBGN":1.67937,"USDBHD":0.376979,"USDBIF":2950,"USDBMD":1,"USDBND":1.281632,"USDBOB":6.906684,"USDBRL":5.375302,"USDBSD":0.999544,"USDBTC":1.1239624e-5,"USDBTN":90.87719,"USDBWP":13.356841,"USDBYN":2.881308,"USDBYR":19600,"USDBZD":2.010153,"USDCAD":1.38262,"USDCDF":2154.999526,"USDCHF":0.789355,"USDCLF":0.022439,"USDCLP":886.000096,"USDCNY":6.961202,"USDCNH":6.958575,"USDCOP":3672,"USDCRC":487.358241,"USDCUC":1,"USDCUP":26.5,"USDCVE":94.798714,"USDCZK":20.745041,"USDDJF":177.719964,"USDDKK":6.36809,"USDDOP":62.94985,"USDDZD":129.732002,"USDEGP":47.475196,"USDERN":15,"USDETB":155.650226,"USDEUR":0.852501,"USDFJD":2.26765,"USDFKP":0.744714,"USDGBP":0.743365,"USDGEL":2.689873,"USDGGP":0.744714,"USDGHS":10.845007,"USDGIP":0.744714,"USDGMD":73.501137,"USDGNF":8749.999959,"USDGTQ":7.664167,"USDGYD":209.106627,"USDHKD":7.79775,"USDHNL":26.510113,"USDHRK":6.421802,"USDHTG":130.847888,"USDHUF":328.212498,"USDIDR":16971.2,"USDILS":3.163145,"USDIMP":0.744714,"USDINR":91.05645,"USDIQD":1310,"USDIRR":42125.000158,"USDISK":124.640264,"USDJEP":0.744714,"USDJMD":157.388834,"USDJOD":0.708965,"USDJPY":157.9615,"USDKES":128.950222,"USDKGS":87.450101,"USDKHR":4025.494952,"USDKMF":419.999878,"USDKPW":899.989233,"USDKRW":1470.550436,"USDKWD":0.30746,"USDKYD":0.832907,"USDKZT":507.746425,"USDLAK":21605.000136,"USDLBP":87550.000169,"USDLKR":309.543176,"USDLRD":184.924992,"USDLSL":16.429859,"USDLTL":2.95274,"USDLVL":0.60489,"USDLYD":5.425014,"USDMAD":9.182501,"USDMDL":17.026949,"USDMGA":4555.00004,"USDMKD":52.572087,"USDMMK":2100.036036,"USDMNT":3563.553506,"USDMOP":8.02775,"USDMRU":39.759852,"USDMUR":46.19034,"USDMVR":15.449783,"USDMWK":1733.503123,"USDMXN":17.58045,"USDMYR":4.055501,"USDMZN":63.910265,"USDNAD":16.430217,"USDNGN":1418.580091,"USDNIO":36.650232,"USDNOK":9.980945,"USDNPR":145.403674,"USDNZD":1.71375,"USDOMR":0.384496,"USDPAB":0.999497,"USDPEN":3.357496,"USDPGK":4.194013,"USDPHP":59.34502,"USDPKR":279.949501,"USDPLN":3.600275,"USDPYG":6675.269477,"USDQAR":3.64125,"USDRON":4.3408,"USDRSD":100.074,"USDRUB":78.052049,"USDRWF":1452,"USDSAR":3.749899,"USDSBD":8.123611,"USDSCR":13.798129,"USDSDG":601.491475,"USDSEK":9.114201,"USDSGD":1.283298,"USDSHP":0.750259,"USDSLE":24.149882,"USDSLL":20969.499267,"USDSOS":571.496346,"USDSRD":38.311027,"USDSTD":20697.981008,"USDSTN":21.4,"USDSVC":8.745906,"USDSYP":11059.574895,"USDSZL":16.430109,"USDTHB":30.92034,"USDTJS":9.33029,"USDTMT":3.51,"USDTND":2.91976,"USDTOP":2.40776,"USDTRY":43.300155,"USDTTD":6.772905,"USDTWD":31.647298,"USDTZS":2525.000264,"USDUAH":43.261146,"USDUGX":3458.159254,"USDUYU":38.414528,"USDUZS":11969.999822,"USDVES":341.315295,"USDVND":26265,"USDVUV":121.154373,"USDWST":2.793285,"USDXAF":558.698726,"USDXAG":0.010582,"USDXAU":0.000207,"USDXCD":2.702551,"USDXCG":1.801318,"USDXDR":0.700606,"USDXOF":563.498148,"USDXPF":103.094993,"USDYER":238.475025,"USDZAR":16.388105,"USDZMK":9001.196392,"USDZMW":20.01465,"USDZWL":321.999592}}