{"success":true,"terms":"https:\/\/currencylayer.com\/terms","privacy":"https:\/\/currencylayer.com\/privacy","timestamp":1760319366,"source":"USD","quotes":{"USDAED":3.672496,"USDAFN":66.718019,"USDALL":83.276685,"USDAMD":381.013857,"USDANG":1.789758,"USDAOA":916.999809,"USDARS":1416.2771,"USDAUD":1.532778,"USDAWG":1.8,"USDAZN":1.697197,"USDBAM":1.683292,"USDBBD":2.005593,"USDBDT":121.293754,"USDBGN":1.684645,"USDBHD":0.375504,"USDBIF":2961.270333,"USDBMD":1,"USDBND":1.293141,"USDBOB":6.897383,"USDBRL":5.529199,"USDBSD":0.995741,"USDBTC":8.637481e-6,"USDBTN":88.306983,"USDBWP":14.13885,"USDBYN":3.388719,"USDBYR":19600,"USDBZD":2.002667,"USDCAD":1.399045,"USDCDF":2374.999765,"USDCHF":0.801485,"USDCLF":0.024153,"USDCLP":947.530368,"USDCNY":7.11475,"USDCNH":7.135391,"USDCOP":3873.98,"USDCRC":500.729406,"USDCUC":1,"USDCUP":26.5,"USDCVE":94.901411,"USDCZK":20.956699,"USDDJF":177.317902,"USDDKK":6.42921,"USDDOP":62.802036,"USDDZD":129.628498,"USDEGP":47.388721,"USDERN":15,"USDETB":146.81906,"USDEUR":0.86093,"USDFJD":2.27745,"USDFKP":0.748381,"USDGBP":0.749045,"USDGEL":2.710325,"USDGGP":0.748381,"USDGHS":12.200811,"USDGIP":0.748381,"USDGMD":71.999961,"USDGNF":8638.474217,"USDGTQ":7.631466,"USDGYD":208.376008,"USDHKD":7.78124,"USDHNL":26.154462,"USDHRK":6.488204,"USDHTG":130.467899,"USDHUF":337.540065,"USDIDR":16595.7,"USDILS":3.272797,"USDIMP":0.748381,"USDINR":88.71355,"USDIQD":1304.753831,"USDIRR":42062.499839,"USDISK":121.909951,"USDJEP":0.748381,"USDJMD":160.159393,"USDJOD":0.709021,"USDJPY":151.945977,"USDKES":128.630409,"USDKGS":87.450009,"USDKHR":4008.968108,"USDKMF":425.000518,"USDKPW":899.94245,"USDKRW":1427.049713,"USDKWD":0.30644,"USDKYD":0.830016,"USDKZT":536.119562,"USDLAK":21607.618523,"USDLBP":89171.105279,"USDLKR":301.418791,"USDLRD":181.772801,"USDLSL":17.170165,"USDLTL":2.95274,"USDLVL":0.60489,"USDLYD":5.415824,"USDMAD":9.126854,"USDMDL":16.911736,"USDMGA":4475.408919,"USDMKD":53.038584,"USDMMK":2099.570524,"USDMNT":3593.779735,"USDMOP":7.983527,"USDMRU":39.929254,"USDMUR":45.489878,"USDMVR":15.310144,"USDMWK":1727.16358,"USDMXN":18.475805,"USDMYR":4.223499,"USDMZN":63.898027,"USDNAD":17.170165,"USDNGN":1463.440566,"USDNIO":36.655636,"USDNOK":10.096203,"USDNPR":141.28952,"USDNZD":1.74169,"USDOMR":0.382902,"USDPAB":0.995963,"USDPEN":3.415799,"USDPGK":4.245614,"USDPHP":58.201501,"USDPKR":282.069016,"USDPLN":3.66885,"USDPYG":6987.049864,"USDQAR":3.640158,"USDRON":4.386898,"USDRSD":100.843012,"USDRUB":80.833297,"USDRWF":1445.126753,"USDSAR":3.750704,"USDSBD":8.230542,"USDSCR":14.795638,"USDSDG":601.50191,"USDSEK":9.49982,"USDSGD":1.296375,"USDSHP":0.785843,"USDSLE":23.20348,"USDSLL":20969.502996,"USDSOS":569.237588,"USDSRD":38.933004,"USDSTD":20697.981008,"USDSTN":21.086061,"USDSVC":8.715036,"USDSYP":13001.954446,"USDSZL":17.163193,"USDTHB":32.625981,"USDTJS":9.217912,"USDTMT":3.5,"USDTND":2.932869,"USDTOP":2.3421,"USDTRY":41.81792,"USDTTD":6.766474,"USDTWD":30.621497,"USDTZS":2447.305978,"USDUAH":41.474992,"USDUGX":3414.264689,"USDUYU":39.8919,"USDUZS":12074.997526,"USDVES":193.058019,"USDVND":26335.5,"USDVUV":121.960061,"USDWST":2.78158,"USDXAF":564.55304,"USDXAG":0.019818,"USDXAU":0.000247,"USDXCD":2.70255,"USDXCG":1.794983,"USDXDR":0.702123,"USDXOF":564.434023,"USDXPF":102.641782,"USDYER":238.949662,"USDZAR":17.37025,"USDZMK":9001.198794,"USDZMW":22.528933,"USDZWL":321.999592}}