{"success":true,"terms":"https:\/\/currencylayer.com\/terms","privacy":"https:\/\/currencylayer.com\/privacy","timestamp":1762220175,"source":"USD","quotes":{"USDAED":3.672499,"USDAFN":69.999902,"USDALL":84.749636,"USDAMD":382.550219,"USDANG":1.789982,"USDAOA":917.000207,"USDARS":1480.2179,"USDAUD":1.531382,"USDAWG":1.8,"USDAZN":1.710262,"USDBAM":1.698148,"USDBBD":2.013771,"USDBDT":122.03434,"USDBGN":1.69969,"USDBHD":0.377034,"USDBIF":2940,"USDBMD":1,"USDBND":1.303523,"USDBOB":6.933977,"USDBRL":5.357502,"USDBSD":0.999805,"USDBTC":9.340906e-6,"USDBTN":88.702409,"USDBWP":13.42427,"USDBYN":3.408539,"USDBYR":19600,"USDBZD":2.010897,"USDCAD":1.40696,"USDCDF":2260.000328,"USDCHF":0.80982,"USDCLF":0.023937,"USDCLP":939.029877,"USDCNY":7.120949,"USDCNH":7.12916,"USDCOP":3856.45,"USDCRC":501.682259,"USDCUC":1,"USDCUP":26.5,"USDCVE":96.103866,"USDCZK":21.15825,"USDDJF":177.719777,"USDDKK":6.49123,"USDDOP":64.249664,"USDDZD":130.592991,"USDEGP":47.200498,"USDERN":15,"USDETB":152.625054,"USDEUR":0.869495,"USDFJD":2.27695,"USDFKP":0.760358,"USDGBP":0.76216,"USDGEL":2.72049,"USDGGP":0.760358,"USDGHS":10.92499,"USDGIP":0.760358,"USDGMD":73.500677,"USDGNF":8689.999934,"USDGTQ":7.662453,"USDGYD":209.181879,"USDHKD":7.774685,"USDHNL":26.350517,"USDHRK":6.549504,"USDHTG":130.907986,"USDHUF":336.669503,"USDIDR":16672.9,"USDILS":3.25688,"USDIMP":0.760358,"USDINR":88.75825,"USDIQD":1310,"USDIRR":42112.501184,"USDISK":126.430328,"USDJEP":0.760358,"USDJMD":160.4897,"USDJOD":0.709002,"USDJPY":154.447495,"USDKES":129.198863,"USDKGS":87.448994,"USDKHR":4014.999997,"USDKMF":425.999786,"USDKPW":899.999893,"USDKRW":1438.049986,"USDKWD":0.30717,"USDKYD":0.833185,"USDKZT":525.252876,"USDLAK":21639.999961,"USDLBP":89550.000023,"USDLKR":304.395581,"USDLRD":183.450419,"USDLSL":17.65024,"USDLTL":2.95274,"USDLVL":0.60489,"USDLYD":5.455034,"USDMAD":9.309984,"USDMDL":17.017157,"USDMGA":4484.999997,"USDMKD":53.402251,"USDMMK":2099.812195,"USDMNT":3586.185516,"USDMOP":8.005209,"USDMRU":40.040071,"USDMUR":45.949931,"USDMVR":15.405009,"USDMWK":1737.000308,"USDMXN":18.50429,"USDMYR":4.2045,"USDMZN":63.950152,"USDNAD":17.649814,"USDNGN":1442.250332,"USDNIO":36.749612,"USDNOK":10.14315,"USDNPR":141.927109,"USDNZD":1.758118,"USDOMR":0.384484,"USDPAB":0.999978,"USDPEN":3.376505,"USDPGK":4.212036,"USDPHP":58.760247,"USDPKR":282.250262,"USDPLN":3.700425,"USDPYG":7095.443791,"USDQAR":3.640901,"USDRON":4.422298,"USDRSD":101.921012,"USDRUB":81.000009,"USDRWF":1449.5,"USDSAR":3.750402,"USDSBD":8.230592,"USDSCR":15.02547,"USDSDG":600.502758,"USDSEK":9.50295,"USDSGD":1.306575,"USDSHP":0.750259,"USDSLE":22.549911,"USDSLL":20969.499529,"USDSOS":571.499688,"USDSRD":38.800503,"USDSTD":20697.981008,"USDSTN":21.5,"USDSVC":8.748616,"USDSYP":11056.756635,"USDSZL":17.64995,"USDTHB":32.540108,"USDTJS":9.228392,"USDTMT":3.51,"USDTND":2.89375,"USDTOP":2.342104,"USDTRY":42.074031,"USDTTD":6.771582,"USDTWD":30.921198,"USDTZS":2459.61502,"USDUAH":42.046756,"USDUGX":3479.144236,"USDUYU":39.853264,"USDUZS":11989.999808,"USDVES":223.682199,"USDVND":26312,"USDVUV":121.628578,"USDWST":2.799576,"USDXAF":569.545549,"USDXAG":0.020855,"USDXAU":0.000251,"USDXCD":2.70255,"USDXCG":1.801993,"USDXDR":0.70875,"USDXOF":569.497801,"USDXPF":103.949694,"USDYER":238.550322,"USDZAR":17.341055,"USDZMK":9001.198562,"USDZMW":22.271906,"USDZWL":321.999592}}