{"success":true,"terms":"https:\/\/currencylayer.com\/terms","privacy":"https:\/\/currencylayer.com\/privacy","timestamp":1772417284,"source":"USD","quotes":{"USDAED":3.672504,"USDAFN":62.503383,"USDALL":81.659303,"USDAMD":376.771283,"USDANG":1.789731,"USDAOA":916.999851,"USDARS":1409.510402,"USDAUD":1.407965,"USDAWG":1.795,"USDAZN":1.70389,"USDBAM":1.65854,"USDBBD":2.015365,"USDBDT":122.283185,"USDBGN":1.647646,"USDBHD":0.37727,"USDBIF":2968.971278,"USDBMD":1,"USDBND":1.266737,"USDBOB":6.914711,"USDBRL":5.1313,"USDBSD":1.000602,"USDBTC":1.5118495e-5,"USDBTN":91.051788,"USDBWP":13.169789,"USDBYN":2.896658,"USDBYR":19600,"USDBZD":2.012482,"USDCAD":1.36505,"USDCDF":2209.99975,"USDCHF":0.768855,"USDCLF":0.022134,"USDCLP":873.990135,"USDCNY":6.85815,"USDCNH":6.86636,"USDCOP":3766.42,"USDCRC":472.1525,"USDCUC":1,"USDCUP":26.5,"USDCVE":93.505932,"USDCZK":20.566971,"USDDJF":178.183483,"USDDKK":6.337565,"USDDOP":60.401006,"USDDZD":128.991855,"USDEGP":47.996399,"USDERN":15,"USDETB":155.205569,"USDEUR":0.8483,"USDFJD":2.19255,"USDFKP":0.741575,"USDGBP":0.74385,"USDGEL":2.679939,"USDGGP":0.741575,"USDGHS":10.667175,"USDGIP":0.741575,"USDGMD":72.4971,"USDGNF":8776.065738,"USDGTQ":7.675347,"USDGYD":209.357841,"USDHKD":7.82275,"USDHNL":26.479604,"USDHRK":6.3907,"USDHTG":131.172565,"USDHUF":320.96029,"USDIDR":16834,"USDILS":3.135765,"USDIMP":0.741575,"USDINR":91.240899,"USDIQD":1310.805368,"USDIRR":1314315.00021,"USDISK":121.719785,"USDJEP":0.741575,"USDJMD":156.010447,"USDJOD":0.709039,"USDJPY":156.291984,"USDKES":129.033899,"USDKGS":87.450065,"USDKHR":4011.957006,"USDKMF":417.000212,"USDKPW":900.00005,"USDKRW":1451.198275,"USDKWD":0.30654,"USDKYD":0.833902,"USDKZT":498.390961,"USDLAK":21417.123863,"USDLBP":89605.779749,"USDLKR":309.44305,"USDLRD":183.615927,"USDLSL":15.922716,"USDLTL":2.95274,"USDLVL":0.60489,"USDLYD":6.319904,"USDMAD":9.1639,"USDMDL":17.125559,"USDMGA":4244.079065,"USDMKD":52.275859,"USDMMK":2100.106686,"USDMNT":3566.430956,"USDMOP":8.064277,"USDMRU":39.937927,"USDMUR":46.370349,"USDMVR":15.450151,"USDMWK":1735.196601,"USDMXN":17.23775,"USDMYR":3.904496,"USDMZN":63.905013,"USDNAD":15.922919,"USDNGN":1360.000035,"USDNIO":36.829117,"USDNOK":9.51553,"USDNPR":145.676406,"USDNZD":1.671025,"USDOMR":0.381696,"USDPAB":1.000657,"USDPEN":3.357445,"USDPGK":4.36722,"USDPHP":58.045032,"USDPKR":279.674211,"USDPLN":3.58285,"USDPYG":6445.40359,"USDQAR":3.637458,"USDRON":4.321298,"USDRSD":99.535732,"USDRUB":77.391607,"USDRWF":1461.902763,"USDSAR":3.750803,"USDSBD":8.045182,"USDSCR":13.760558,"USDSDG":601.497707,"USDSEK":9.05904,"USDSGD":1.267025,"USDSHP":0.750259,"USDSLE":24.550036,"USDSLL":20969.49935,"USDSOS":570.856794,"USDSRD":37.72203,"USDSTD":20697.981008,"USDSTN":20.776093,"USDSVC":8.755379,"USDSYP":110.524984,"USDSZL":15.919748,"USDTHB":31.179777,"USDTJS":9.521181,"USDTMT":3.5,"USDTND":2.900452,"USDTOP":2.40776,"USDTRY":43.9696,"USDTTD":6.79228,"USDTWD":31.430901,"USDTZS":2565.000297,"USDUAH":43.14189,"USDUGX":3607.454048,"USDUYU":38.439197,"USDUZS":12157.675821,"USDVES":416.836203,"USDVND":26045,"USDVUV":119.042224,"USDWST":2.715909,"USDXAF":556.230444,"USDXAG":0.010796,"USDXAU":0.000188,"USDXCD":2.70255,"USDXCG":1.803396,"USDXDR":0.691772,"USDXOF":556.230444,"USDXPF":101.131647,"USDYER":238.549802,"USDZAR":16.01349,"USDZMK":9001.201212,"USDZMW":18.907139,"USDZWL":321.999592}}