{"success":true,"terms":"https:\/\/currencylayer.com\/terms","privacy":"https:\/\/currencylayer.com\/privacy","timestamp":1776220444,"source":"USD","quotes":{"USDAED":3.672497,"USDAFN":63.999845,"USDALL":81.122914,"USDAMD":374.190046,"USDANG":1.789884,"USDAOA":916.999964,"USDARS":1365.971101,"USDAUD":1.403607,"USDAWG":1.795,"USDAZN":1.70032,"USDBAM":1.658765,"USDBBD":2.015122,"USDBDT":123.037648,"USDBGN":1.668102,"USDBHD":0.37712,"USDBIF":3016.517185,"USDBMD":1,"USDBND":1.272353,"USDBOB":6.913924,"USDBRL":4.9839,"USDBSD":1.000522,"USDBTC":1.3464323e-5,"USDBTN":93.119212,"USDBWP":13.406272,"USDBYN":2.842834,"USDBYR":19600,"USDBZD":2.012255,"USDCAD":1.37804,"USDCDF":2309.999656,"USDCHF":0.78186,"USDCLF":0.022532,"USDCLP":886.780387,"USDCNY":6.81765,"USDCNH":6.81794,"USDCOP":3594.65,"USDCRC":460.615313,"USDCUC":1,"USDCUP":26.5,"USDCVE":93.517827,"USDCZK":20.662701,"USDDJF":178.163576,"USDDKK":6.34346,"USDDOP":59.631491,"USDDZD":132.210959,"USDEGP":52.4229,"USDERN":15,"USDETB":156.22136,"USDEUR":0.84887,"USDFJD":2.200298,"USDFKP":0.743086,"USDGBP":0.737595,"USDGEL":2.685009,"USDGGP":0.743086,"USDGHS":11.05523,"USDGIP":0.743086,"USDGMD":73.502867,"USDGNF":8778.878448,"USDGTQ":7.649184,"USDGYD":209.325994,"USDHKD":7.83668,"USDHNL":26.574221,"USDHRK":6.394302,"USDHTG":131.068846,"USDHUF":308.726502,"USDIDR":17143.35,"USDILS":3.009495,"USDIMP":0.743086,"USDINR":93.20545,"USDIQD":1310.694022,"USDIRR":1316124.999942,"USDISK":122.070091,"USDJEP":0.743086,"USDJMD":157.988254,"USDJOD":0.708983,"USDJPY":159.034998,"USDKES":129.420231,"USDKGS":87.450275,"USDKHR":4014.163645,"USDKMF":417.999987,"USDKPW":899.97402,"USDKRW":1474.935001,"USDKWD":0.30888,"USDKYD":0.833793,"USDKZT":475.366178,"USDLAK":21983.427617,"USDLBP":89595.952742,"USDLKR":315.714928,"USDLRD":184.440411,"USDLSL":16.38376,"USDLTL":2.95274,"USDLVL":0.60489,"USDLYD":6.337965,"USDMAD":9.254752,"USDMDL":17.133843,"USDMGA":4137.141403,"USDMKD":52.324002,"USDMMK":2099.876639,"USDMNT":3575.565881,"USDMOP":8.072922,"USDMRU":39.760661,"USDMUR":46.290019,"USDMVR":15.459982,"USDMWK":1734.919322,"USDMXN":17.268798,"USDMYR":3.948999,"USDMZN":63.954973,"USDNAD":16.38376,"USDNGN":1351.579845,"USDNIO":36.817777,"USDNOK":9.45573,"USDNPR":148.99137,"USDNZD":1.696515,"USDOMR":0.384487,"USDPAB":1.000539,"USDPEN":3.374439,"USDPGK":4.401737,"USDPHP":59.929807,"USDPKR":279.06698,"USDPLN":3.598197,"USDPYG":6401.574102,"USDQAR":3.647505,"USDRON":4.321099,"USDRSD":99.663962,"USDRUB":75.375343,"USDRWF":1465.216377,"USDSAR":3.752004,"USDSBD":8.04851,"USDSCR":14.115041,"USDSDG":601.000063,"USDSEK":9.19485,"USDSGD":1.27227,"USDSHP":0.746601,"USDSLE":24.650287,"USDSLL":20969.496166,"USDSOS":571.804169,"USDSRD":37.429708,"USDSTD":20697.981008,"USDSTN":20.778912,"USDSVC":8.754357,"USDSYP":110.6312,"USDSZL":16.378941,"USDTHB":32.0165,"USDTJS":9.474881,"USDTMT":3.505,"USDTND":2.905146,"USDTOP":2.40776,"USDTRY":44.739299,"USDTTD":6.798579,"USDTWD":31.624032,"USDTZS":2606.222049,"USDUAH":43.535144,"USDUGX":3712.247789,"USDUYU":40.260203,"USDUZS":12151.10214,"USDVES":477.02885,"USDVND":26333,"USDVUV":119.334106,"USDWST":2.759339,"USDXAF":556.33187,"USDXAG":0.01247,"USDXAU":0.000207,"USDXCD":2.70255,"USDXCG":1.803201,"USDXDR":0.691898,"USDXOF":556.327152,"USDXPF":101.147515,"USDYER":238.525005,"USDZAR":16.359526,"USDZMK":9001.198027,"USDZMW":19.134329,"USDZWL":321.999592}}