{"success":true,"terms":"https:\/\/currencylayer.com\/terms","privacy":"https:\/\/currencylayer.com\/privacy","timestamp":1775528895,"source":"USD","quotes":{"USDAED":3.67315,"USDAFN":64.999957,"USDALL":83.124979,"USDAMD":376.619749,"USDANG":1.790083,"USDAOA":917.000255,"USDARS":1387.622698,"USDAUD":1.448761,"USDAWG":1.8,"USDAZN":1.70124,"USDBAM":1.695072,"USDBBD":2.009612,"USDBDT":122.428639,"USDBGN":1.709309,"USDBHD":0.37719,"USDBIF":2971,"USDBMD":1,"USDBND":1.2851,"USDBOB":6.894519,"USDBRL":5.141196,"USDBSD":0.997742,"USDBTC":1.4588339e-5,"USDBTN":92.939509,"USDBWP":13.688562,"USDBYN":2.956504,"USDBYR":19600,"USDBZD":2.006665,"USDCAD":1.39276,"USDCDF":2299.999712,"USDCHF":0.799845,"USDCLF":0.023208,"USDCLP":916.404639,"USDCNY":6.882598,"USDCNH":6.882565,"USDCOP":3683.02,"USDCRC":464.279833,"USDCUC":1,"USDCUP":26.5,"USDCVE":95.875017,"USDCZK":21.266973,"USDDJF":177.719792,"USDDKK":6.481545,"USDDOP":60.625001,"USDDZD":132.91548,"USDEGP":54.299598,"USDERN":15,"USDETB":156.700085,"USDEUR":0.86737,"USDFJD":2.261503,"USDFKP":0.75717,"USDGBP":0.75675,"USDGEL":2.680195,"USDGGP":0.75717,"USDGHS":11.009713,"USDGIP":0.75717,"USDGMD":73.501999,"USDGNF":8777.503576,"USDGTQ":7.632939,"USDGYD":208.828972,"USDHKD":7.837302,"USDHNL":26.609934,"USDHRK":6.5364,"USDHTG":130.952897,"USDHUF":331.397011,"USDIDR":17084,"USDILS":3.14681,"USDIMP":0.75717,"USDINR":92.94205,"USDIQD":1310,"USDIRR":1315799.999955,"USDISK":125.250051,"USDJEP":0.75717,"USDJMD":157.303566,"USDJOD":0.709021,"USDJPY":159.869501,"USDKES":130.097435,"USDKGS":87.4499,"USDKHR":4012.500827,"USDKMF":426.999792,"USDKPW":899.999766,"USDKRW":1510.239734,"USDKWD":0.30934,"USDKYD":0.831502,"USDKZT":472.805432,"USDLAK":21959.999844,"USDLBP":89540.13367,"USDLKR":314.804623,"USDLRD":184.249505,"USDLSL":16.864985,"USDLTL":2.95274,"USDLVL":0.60489,"USDLYD":6.375019,"USDMAD":9.377503,"USDMDL":17.55613,"USDMGA":4160.999839,"USDMKD":53.34747,"USDMMK":2099.768269,"USDMNT":3572.241801,"USDMOP":8.055104,"USDMRU":40.120456,"USDMUR":46.949756,"USDMVR":15.449673,"USDMWK":1736.508119,"USDMXN":17.793206,"USDMYR":4.038026,"USDMZN":63.959948,"USDNAD":16.869887,"USDNGN":1379.103045,"USDNIO":36.729738,"USDNOK":9.719102,"USDNPR":148.701282,"USDNZD":1.75646,"USDOMR":0.384111,"USDPAB":0.997734,"USDPEN":3.42625,"USDPGK":4.306996,"USDPHP":60.259497,"USDPKR":279.050402,"USDPLN":3.703935,"USDPYG":6454.29687,"USDQAR":3.645105,"USDRON":4.421598,"USDRSD":101.640096,"USDRUB":80.274181,"USDRWF":1461,"USDSAR":3.753297,"USDSBD":8.04524,"USDSCR":14.424033,"USDSDG":601.000207,"USDSEK":9.47265,"USDSGD":1.286855,"USDSHP":0.750259,"USDSLE":24.592896,"USDSLL":20969.510825,"USDSOS":571.501635,"USDSRD":37.350986,"USDSTD":20697.981008,"USDSTN":21.55,"USDSVC":8.730169,"USDSYP":110.564494,"USDSZL":16.860117,"USDTHB":32.660185,"USDTJS":9.563492,"USDTMT":3.5,"USDTND":2.918991,"USDTOP":2.40776,"USDTRY":44.610402,"USDTTD":6.768937,"USDTWD":31.956502,"USDTZS":2599.99972,"USDUAH":43.698134,"USDUGX":3743.234401,"USDUYU":40.405091,"USDUZS":12174.999906,"USDVES":473.467197,"USDVND":26340.5,"USDVUV":119.305544,"USDWST":2.766278,"USDXAF":568.506489,"USDXAG":0.013873,"USDXAU":0.000216,"USDXCD":2.70255,"USDXCG":1.798209,"USDXDR":0.706253,"USDXOF":568.499441,"USDXPF":103.649848,"USDYER":238.597417,"USDZAR":16.923016,"USDZMK":9001.197138,"USDZMW":19.281421,"USDZWL":321.999592}}