{"success":true,"terms":"https:\/\/currencylayer.com\/terms","privacy":"https:\/\/currencylayer.com\/privacy","timestamp":1765503788,"source":"USD","quotes":{"USDAED":3.672497,"USDAFN":65.999923,"USDALL":82.680097,"USDAMD":381.840287,"USDANG":1.790055,"USDAOA":916.999867,"USDARS":1436.487799,"USDAUD":1.499625,"USDAWG":1.8025,"USDAZN":1.643843,"USDBAM":1.669355,"USDBBD":2.013657,"USDBDT":122.174804,"USDBGN":1.66583,"USDBHD":0.376999,"USDBIF":2966,"USDBMD":1,"USDBND":1.293189,"USDBOB":6.908501,"USDBRL":5.405704,"USDBSD":0.999744,"USDBTC":1.0838792e-5,"USDBTN":90.24155,"USDBWP":14.112325,"USDBYN":2.933339,"USDBYR":19600,"USDBZD":2.010755,"USDCAD":1.37735,"USDCDF":2235.000497,"USDCHF":0.79444,"USDCLF":0.023305,"USDCLP":914.250113,"USDCNY":7.05805,"USDCNH":7.051755,"USDCOP":3803.25,"USDCRC":497.866166,"USDCUC":1,"USDCUP":26.5,"USDCVE":94.302857,"USDCZK":20.624969,"USDDJF":177.720123,"USDDKK":6.36324,"USDDOP":64.200338,"USDDZD":129.870219,"USDEGP":47.5392,"USDERN":15,"USDETB":155.949771,"USDEUR":0.85193,"USDFJD":2.271799,"USDFKP":0.749723,"USDGBP":0.746495,"USDGEL":2.702436,"USDGGP":0.749723,"USDGHS":11.49797,"USDGIP":0.749723,"USDGMD":73.000223,"USDGNF":8690.000475,"USDGTQ":7.65705,"USDGYD":209.13281,"USDHKD":7.78135,"USDHNL":26.249699,"USDHRK":6.4154,"USDHTG":130.932059,"USDHUF":326.19501,"USDIDR":16655.4,"USDILS":3.21002,"USDIMP":0.749723,"USDINR":90.23675,"USDIQD":1310,"USDIRR":42109.999952,"USDISK":126.260098,"USDJEP":0.749723,"USDJMD":160.176855,"USDJOD":0.709006,"USDJPY":155.599504,"USDKES":128.900643,"USDKGS":87.450111,"USDKHR":4005.000387,"USDKMF":420.00021,"USDKPW":900.029165,"USDKRW":1471.380069,"USDKWD":0.30662,"USDKYD":0.833134,"USDKZT":520.578696,"USDLAK":21680.000275,"USDLBP":89550.000346,"USDLKR":309.175487,"USDLRD":177.102589,"USDLSL":16.970018,"USDLTL":2.95274,"USDLVL":0.60489,"USDLYD":5.425014,"USDMAD":9.174968,"USDMDL":17.026289,"USDMGA":4505.000385,"USDMKD":52.419578,"USDMMK":2099.91721,"USDMNT":3546.714389,"USDMOP":8.01323,"USDMRU":39.770006,"USDMUR":46.07002,"USDMVR":15.40973,"USDMWK":1736.999606,"USDMXN":18.029855,"USDMYR":4.104497,"USDMZN":63.899181,"USDNAD":16.969523,"USDNGN":1451.209956,"USDNIO":36.750255,"USDNOK":10.067915,"USDNPR":144.386309,"USDNZD":1.71985,"USDOMR":0.384493,"USDPAB":0.999744,"USDPEN":3.370503,"USDPGK":4.24375,"USDPHP":59.084996,"USDPKR":280.183254,"USDPLN":3.59867,"USDPYG":6832.536702,"USDQAR":3.640946,"USDRON":4.336205,"USDRSD":100.006003,"USDRUB":80.2733,"USDRWF":1452,"USDSAR":3.752646,"USDSBD":8.230592,"USDSCR":15.058972,"USDSDG":601.500364,"USDSEK":9.24795,"USDSGD":1.291485,"USDSHP":0.750259,"USDSLE":24.096802,"USDSLL":20969.498139,"USDSOS":571.497373,"USDSRD":38.587497,"USDSTD":20697.981008,"USDSTN":21.26,"USDSVC":8.748128,"USDSYP":11056.853244,"USDSZL":16.969791,"USDTHB":31.660243,"USDTJS":9.217822,"USDTMT":3.5,"USDTND":2.932497,"USDTOP":2.40776,"USDTRY":42.660898,"USDTTD":6.784739,"USDTWD":31.19804,"USDTZS":2453.738028,"USDUAH":42.201149,"USDUGX":3554.967566,"USDUYU":39.365979,"USDUZS":12050.000003,"USDVES":264.734865,"USDVND":26327.5,"USDVUV":122.493131,"USDWST":2.780098,"USDXAF":559.881359,"USDXAG":0.015831,"USDXAU":0.000234,"USDXCD":2.70255,"USDXCG":1.801809,"USDXDR":0.696946,"USDXOF":560.498035,"USDXPF":102.049764,"USDYER":238.375025,"USDZAR":16.87579,"USDZMK":9001.199938,"USDZMW":22.919939,"USDZWL":321.999592}}