{"success":true,"terms":"https:\/\/currencylayer.com\/terms","privacy":"https:\/\/currencylayer.com\/privacy","timestamp":1769219044,"source":"USD","quotes":{"USDAED":3.672504,"USDAFN":65.503991,"USDALL":82.289453,"USDAMD":379.070403,"USDANG":1.79008,"USDAOA":917.000367,"USDARS":1433.052704,"USDAUD":1.449906,"USDAWG":1.8015,"USDAZN":1.70397,"USDBAM":1.665716,"USDBBD":2.013371,"USDBDT":122.309727,"USDBGN":1.67937,"USDBHD":0.376601,"USDBIF":2961.24031,"USDBMD":1,"USDBND":1.278894,"USDBOB":6.909418,"USDBRL":5.290404,"USDBSD":0.999617,"USDBTC":1.1205907e-5,"USDBTN":91.780851,"USDBWP":13.868977,"USDBYN":2.830529,"USDBYR":19600,"USDBZD":2.010904,"USDCAD":1.37225,"USDCDF":2180.000362,"USDCHF":0.779993,"USDCLF":0.022047,"USDCLP":870.540396,"USDCNY":6.973604,"USDCNH":6.949225,"USDCOP":3639,"USDCRC":494.740876,"USDCUC":1,"USDCUP":26.5,"USDCVE":93.929288,"USDCZK":20.520504,"USDDJF":177.720393,"USDDKK":6.31404,"USDDOP":62.981731,"USDDZD":129.508391,"USDEGP":47.103183,"USDERN":15,"USDETB":155.747338,"USDEUR":0.845604,"USDFJD":2.250304,"USDFKP":0.741295,"USDGBP":0.732869,"USDGEL":2.690391,"USDGGP":0.741295,"USDGHS":10.898667,"USDGIP":0.741295,"USDGMD":73.000355,"USDGNF":8757.948897,"USDGTQ":7.674386,"USDGYD":209.188911,"USDHKD":7.79755,"USDHNL":26.368863,"USDHRK":6.370204,"USDHTG":131.135531,"USDHUF":323.150388,"USDIDR":16777.45,"USDILS":3.13485,"USDIMP":0.741295,"USDINR":91.606504,"USDIQD":1309.628242,"USDIRR":42125.000158,"USDISK":123.270386,"USDJEP":0.741295,"USDJMD":157.389227,"USDJOD":0.70904,"USDJPY":155.70504,"USDKES":128.880385,"USDKGS":87.449604,"USDKHR":4024.192861,"USDKMF":420.00035,"USDKPW":900.009178,"USDKRW":1446.310383,"USDKWD":0.306404,"USDKYD":0.83328,"USDKZT":503.339296,"USDLAK":21607.462305,"USDLBP":89538.165354,"USDLKR":309.696376,"USDLRD":184.972379,"USDLSL":16.134821,"USDLTL":2.95274,"USDLVL":0.60489,"USDLYD":6.361673,"USDMAD":9.1585,"USDMDL":17.017416,"USDMGA":4523.383593,"USDMKD":52.499989,"USDMMK":2099.790962,"USDMNT":3566.266517,"USDMOP":8.030906,"USDMRU":39.966784,"USDMUR":45.910378,"USDMVR":15.450378,"USDMWK":1733.785954,"USDMXN":17.362804,"USDMYR":4.005504,"USDMZN":63.910377,"USDNAD":16.134821,"USDNGN":1421.060377,"USDNIO":36.784057,"USDNOK":9.771204,"USDNPR":146.849191,"USDNZD":1.68039,"USDOMR":0.384082,"USDPAB":0.999915,"USDPEN":3.35366,"USDPGK":4.276289,"USDPHP":58.967038,"USDPKR":279.704723,"USDPLN":3.55905,"USDPYG":6686.230998,"USDQAR":3.645355,"USDRON":4.314038,"USDRSD":99.380373,"USDRUB":75.434501,"USDRWF":1458.313811,"USDSAR":3.749937,"USDSBD":8.123611,"USDSCR":14.253709,"USDSDG":601.503676,"USDSEK":8.950104,"USDSGD":1.272704,"USDSHP":0.750259,"USDSLE":24.403667,"USDSLL":20969.499267,"USDSOS":570.403908,"USDSRD":38.121038,"USDSTD":20697.981008,"USDSTN":20.866158,"USDSVC":8.748578,"USDSYP":11059.574895,"USDSZL":16.134253,"USDTHB":31.090369,"USDTJS":9.348917,"USDTMT":3.5,"USDTND":2.91019,"USDTOP":2.40776,"USDTRY":43.370204,"USDTTD":6.790444,"USDTWD":31.385804,"USDTZS":2555.000335,"USDUAH":43.112406,"USDUGX":3533.620066,"USDUYU":37.864752,"USDUZS":12133.032406,"USDVES":352.265415,"USDVND":26245,"USDVUV":120.068251,"USDWST":2.763186,"USDXAF":558.779634,"USDXAG":0.00971,"USDXAU":0.000201,"USDXCD":2.70255,"USDXCG":1.802027,"USDXDR":0.69436,"USDXOF":558.777254,"USDXPF":101.571349,"USDYER":238.303589,"USDZAR":16.11708,"USDZMK":9001.203584,"USDZMW":19.615811,"USDZWL":321.999592}}