{"success":true,"terms":"https:\/\/currencylayer.com\/terms","privacy":"https:\/\/currencylayer.com\/privacy","timestamp":1756604224,"source":"USD","quotes":{"USDAED":3.672504,"USDAFN":68.337968,"USDALL":83.747594,"USDAMD":381.090909,"USDANG":1.789783,"USDAOA":917.000367,"USDARS":1331.833668,"USDAUD":1.529052,"USDAWG":1.8025,"USDAZN":1.70397,"USDBAM":1.673412,"USDBBD":2.010866,"USDBDT":121.403209,"USDBGN":1.673412,"USDBHD":0.376385,"USDBIF":2977.967914,"USDBMD":1,"USDBND":1.283251,"USDBOB":6.898824,"USDBRL":5.432404,"USDBSD":0.998417,"USDBTC":9.276352e-6,"USDBTN":87.997433,"USDBWP":13.440856,"USDBYN":3.397048,"USDBYR":19600,"USDBZD":2.007957,"USDCAD":1.37445,"USDCDF":2865.000362,"USDCHF":0.813867,"USDCLF":0.024629,"USDCLP":966.17754,"USDCNY":7.130804,"USDCNH":7.12231,"USDCOP":4021.475936,"USDCRC":504.128342,"USDCUC":1,"USDCUP":26.5,"USDCVE":94.344385,"USDCZK":20.928604,"USDDJF":177.788235,"USDDKK":6.387704,"USDDOP":62.870588,"USDDZD":128.130909,"USDEGP":47.965775,"USDERN":15,"USDETB":142.185155,"USDEUR":0.855804,"USDFJD":2.255404,"USDFKP":0.74024,"USDGBP":0.752814,"USDGEL":2.69504,"USDGGP":0.74024,"USDGHS":11.731337,"USDGIP":0.74024,"USDGMD":71.503851,"USDGNF":8656.256684,"USDGTQ":7.65262,"USDGYD":208.787166,"USDHKD":7.797704,"USDHNL":26.139893,"USDHRK":6.447504,"USDHTG":130.678075,"USDHUF":339.420388,"USDIDR":16416.25,"USDILS":3.34452,"USDIMP":0.74024,"USDINR":88.174504,"USDIQD":1307.893048,"USDIRR":42075.000352,"USDISK":122.540386,"USDJEP":0.74024,"USDJMD":159.751872,"USDJOD":0.70904,"USDJPY":147.03504,"USDKES":128.983957,"USDKGS":87.391304,"USDKHR":4001.71123,"USDKMF":422.00035,"USDKPW":899.994191,"USDKRW":1388.970383,"USDKWD":0.30559,"USDKYD":0.832039,"USDKZT":537.831016,"USDLAK":21664.171123,"USDLBP":89404.57754,"USDLKR":301.46738,"USDLRD":200.171123,"USDLSL":17.722096,"USDLTL":2.95274,"USDLVL":0.60489,"USDLYD":5.411765,"USDMAD":9.000299,"USDMDL":16.633155,"USDMGA":4395.294118,"USDMKD":52.654545,"USDMMK":2099.500603,"USDMNT":3594.918739,"USDMOP":8.016257,"USDMRU":39.815187,"USDMUR":45.910378,"USDMVR":15.403739,"USDMWK":1731.165775,"USDMXN":18.655104,"USDMYR":4.225039,"USDMZN":63.903729,"USDNAD":17.722096,"USDNGN":1538.730377,"USDNIO":36.740107,"USDNOK":10.059304,"USDNPR":140.795722,"USDNZD":1.685346,"USDOMR":0.379722,"USDPAB":0.998417,"USDPEN":3.533519,"USDPGK":4.225027,"USDPHP":57.088038,"USDPKR":283.235594,"USDPLN":3.648941,"USDPYG":7217.967914,"USDQAR":3.638845,"USDRON":4.342038,"USDRSD":100.24385,"USDRUB":80.521925,"USDRWF":1445.647059,"USDSAR":3.752438,"USDSBD":8.210319,"USDSCR":14.172038,"USDSDG":600.503676,"USDSEK":9.461604,"USDSGD":1.284038,"USDSHP":0.785843,"USDSLE":23.290371,"USDSLL":20969.49797,"USDSOS":570.609626,"USDSRD":38.605504,"USDSTD":20697.981008,"USDSTN":20.962567,"USDSVC":8.735829,"USDSYP":13002.076272,"USDSZL":17.725775,"USDTHB":32.305038,"USDTJS":9.309861,"USDTMT":3.51,"USDTND":2.913968,"USDTOP":2.342104,"USDTRY":41.103635,"USDTTD":6.784171,"USDTWD":30.579038,"USDTZS":2500.962567,"USDUAH":41.304556,"USDUGX":3543.101604,"USDUYU":39.957219,"USDUZS":12462.032086,"USDVES":146.89867,"USDVND":26345,"USDVUV":119.475675,"USDWST":2.773114,"USDXAF":561.246631,"USDXAG":0.025745,"USDXAU":0.00029,"USDXCD":2.70255,"USDXCG":1.799358,"USDXDR":0.698011,"USDXOF":561.246631,"USDXPF":102.040642,"USDYER":240.000331,"USDZAR":17.65308,"USDZMK":9001.203584,"USDZMW":23.546524,"USDZWL":321.999592}}