{"success":true,"terms":"https:\/\/currencylayer.com\/terms","privacy":"https:\/\/currencylayer.com\/privacy","timestamp":1778295007,"source":"USD","quotes":{"USDAED":3.673104,"USDAFN":64.000368,"USDALL":80.950403,"USDAMD":369.010403,"USDANG":1.789884,"USDAOA":918.000367,"USDARS":1398.655759,"USDAUD":1.37874,"USDAWG":1.8025,"USDAZN":1.70397,"USDBAM":1.662466,"USDBBD":2.013854,"USDBDT":122.689218,"USDBGN":1.668102,"USDBHD":0.377404,"USDBIF":2975,"USDBMD":1,"USDBND":1.267973,"USDBOB":6.9098,"USDBRL":4.915095,"USDBSD":0.999873,"USDBTC":1.2482003e-5,"USDBTN":94.420977,"USDBWP":13.425192,"USDBYN":2.825886,"USDBYR":19600,"USDBZD":2.010964,"USDCAD":1.36705,"USDCDF":2265.000362,"USDCHF":0.776955,"USDCLF":0.022646,"USDCLP":891.290396,"USDCNY":6.80075,"USDCNH":6.796265,"USDCOP":3750.48,"USDCRC":459.648974,"USDCUC":1,"USDCUP":26.5,"USDCVE":94.050394,"USDCZK":20.636704,"USDDJF":177.720393,"USDDKK":6.340404,"USDDOP":59.350393,"USDDZD":132.260393,"USDEGP":52.744691,"USDERN":15,"USDETB":157.303874,"USDEUR":0.84804,"USDFJD":2.18304,"USDFKP":0.734821,"USDGBP":0.73346,"USDGEL":2.67504,"USDGGP":0.734821,"USDGHS":11.29039,"USDGIP":0.734821,"USDGMD":73.503851,"USDGNF":8780.000355,"USDGTQ":7.634866,"USDGYD":209.223551,"USDHKD":7.83175,"USDHNL":26.620388,"USDHRK":6.393304,"USDHTG":130.919848,"USDHUF":300.190388,"USDIDR":17377.45,"USDILS":2.901304,"USDIMP":0.734821,"USDINR":94.425504,"USDIQD":1310,"USDIRR":1311500.000352,"USDISK":122.010386,"USDJEP":0.734821,"USDJMD":157.601928,"USDJOD":0.70904,"USDJPY":156.66204,"USDKES":129.180385,"USDKGS":87.420504,"USDKHR":4010.00035,"USDKMF":418.00035,"USDKPW":899.950939,"USDKRW":1461.920383,"USDKWD":0.30766,"USDKYD":0.833358,"USDKZT":462.122307,"USDLAK":21955.000349,"USDLBP":89550.000349,"USDLKR":321.915771,"USDLRD":183.503772,"USDLSL":16.390381,"USDLTL":2.95274,"USDLVL":0.60489,"USDLYD":6.325039,"USDMAD":9.12038,"USDMDL":17.099822,"USDMGA":4165.000347,"USDMKD":52.252978,"USDMMK":2099.606786,"USDMNT":3578.902576,"USDMOP":8.06268,"USDMRU":39.945039,"USDMUR":46.820378,"USDMVR":15.403739,"USDMWK":1742.000345,"USDMXN":17.177604,"USDMYR":3.921039,"USDMZN":63.910377,"USDNAD":16.390377,"USDNGN":1365.000344,"USDNIO":36.715039,"USDNOK":9.209304,"USDNPR":151.087386,"USDNZD":1.675884,"USDOMR":0.384942,"USDPAB":0.999962,"USDPEN":3.434504,"USDPGK":4.350375,"USDPHP":60.515038,"USDPKR":278.650374,"USDPLN":3.59545,"USDPYG":6107.687731,"USDQAR":3.640374,"USDRON":4.426304,"USDRSD":99.473038,"USDRUB":74.240007,"USDRWF":1460.5,"USDSAR":3.782036,"USDSBD":8.019432,"USDSCR":13.958442,"USDSDG":600.503676,"USDSEK":9.215704,"USDSGD":1.267304,"USDSHP":0.746601,"USDSLE":24.650371,"USDSLL":20969.496166,"USDSOS":571.503662,"USDSRD":37.399038,"USDSTD":20697.981008,"USDSTN":21.15,"USDSVC":8.749309,"USDSYP":110.543945,"USDSZL":16.370369,"USDTHB":32.203038,"USDTJS":9.329718,"USDTMT":3.5,"USDTND":2.866038,"USDTOP":2.40776,"USDTRY":45.349038,"USDTTD":6.776593,"USDTWD":31.316038,"USDTZS":2598.394038,"USDUAH":43.92104,"USDUGX":3746.547108,"USDUYU":39.879308,"USDUZS":12135.000334,"USDVES":499.23597,"USDVND":26308,"USDVUV":118.026144,"USDWST":2.704092,"USDXAF":557.575577,"USDXAG":0.012439,"USDXAU":0.000212,"USDXCD":2.70255,"USDXCG":1.802048,"USDXDR":0.695511,"USDXOF":557.503593,"USDXPF":101.625037,"USDYER":238.625037,"USDZAR":16.380704,"USDZMK":9001.203584,"USDZMW":19.037864,"USDZWL":321.999592}}