{"success":true,"terms":"https:\/\/currencylayer.com\/terms","privacy":"https:\/\/currencylayer.com\/privacy","timestamp":1784774584,"source":"USD","quotes":{"USDAED":3.672501,"USDAFN":65.999957,"USDALL":82.065205,"USDAMD":365.045653,"USDAOA":917.999696,"USDARS":1482.588798,"USDAUD":1.425588,"USDAWG":1.80125,"USDAZN":1.702236,"USDBAM":1.712947,"USDBBD":2.01164,"USDBDT":123.272974,"USDBHD":0.376694,"USDBIF":2982.824912,"USDBMD":1,"USDBND":1.289839,"USDBOB":10.861159,"USDBRL":5.067992,"USDBSD":0.998796,"USDBTC":1.521579e-5,"USDBTN":96.503252,"USDBWP":13.610387,"USDBYN":2.879039,"USDBYR":19600,"USDBZD":2.008723,"USDCAD":1.406945,"USDCDF":2259.999799,"USDCHF":0.81371,"USDCLF":0.023779,"USDCLP":935.860232,"USDCNY":6.772956,"USDCNH":6.76919,"USDCOP":3223.33,"USDCRC":453.156065,"USDCUC":1,"USDCUP":26.5,"USDCVE":96.573318,"USDCZK":21.1587,"USDDJF":177.857772,"USDDKK":6.542855,"USDDOP":58.137804,"USDDZD":133.211073,"USDEGP":51.293299,"USDERN":15,"USDETB":161.206373,"USDEUR":0.87515,"USDFJD":2.244199,"USDFKP":0.747809,"USDGBP":0.747045,"USDGEL":2.629691,"USDGGP":0.747809,"USDGHS":11.600359,"USDGIP":0.747809,"USDGMD":73.498289,"USDGNF":8763.739873,"USDGTQ":7.618839,"USDGYD":208.955355,"USDHKD":7.840595,"USDHNL":26.747068,"USDHRK":6.596803,"USDHTG":130.586721,"USDHUF":318.372024,"USDIDR":17902,"USDILS":3.05875,"USDIMP":0.747809,"USDINR":96.525896,"USDIQD":1308.395663,"USDIRR":1375249.999585,"USDISK":125.520269,"USDJEP":0.747809,"USDJMD":158.517039,"USDJOD":0.708976,"USDJPY":163.07601,"USDKES":129.439776,"USDKGS":87.449901,"USDKHR":4034.963259,"USDKMF":432.000251,"USDKRW":1467.240179,"USDKWD":0.30991,"USDKYD":0.832297,"USDKZT":466.946347,"USDLAK":22593.486286,"USDLBP":89439.641959,"USDLKR":335.90387,"USDLRD":180.779926,"USDLSL":16.460233,"USDLTL":2.95274,"USDLVL":0.60489,"USDLYD":6.409431,"USDMAD":9.376628,"USDMDL":17.563082,"USDMGA":4261.785378,"USDMKD":53.929189,"USDMMK":2099.348112,"USDMNT":3589.011374,"USDMOP":8.066021,"USDMRU":39.901029,"USDMUR":47.289374,"USDMVR":15.460139,"USDMWK":1731.86486,"USDMXN":17.384898,"USDMYR":4.089502,"USDMZN":63.910163,"USDNAD":16.460089,"USDNGN":1372.849966,"USDNIO":36.758717,"USDNOK":9.573665,"USDNPR":154.405879,"USDNZD":1.71882,"USDOMR":0.384499,"USDPAB":0.998796,"USDPEN":3.39778,"USDPGK":4.468579,"USDPHP":61.754502,"USDPKR":277.48129,"USDPLN":3.788595,"USDPYG":6053.83817,"USDQAR":3.641173,"USDRON":4.583398,"USDRSD":102.720077,"USDRUB":78.496265,"USDRWF":1469.641567,"USDSAR":3.762597,"USDSBD":8.077882,"USDSCR":13.387575,"USDSDG":600.497294,"USDSEK":9.68179,"USDSGD":1.289585,"USDSLE":24.250126,"USDSOS":570.780455,"USDSRD":37.735502,"USDSTD":20697.981008,"USDSTN":21.458288,"USDSVC":8.738986,"USDSZL":16.444571,"USDTHB":33.760323,"USDTJS":9.238598,"USDTMT":3.51,"USDTND":2.956625,"USDTRY":47.229602,"USDTTD":6.777108,"USDTWD":32.262098,"USDTZS":2639.997973,"USDUAH":44.725449,"USDUGX":3735.411968,"USDUYU":40.077949,"USDUZS":12036.522082,"USDVES":736.95925,"USDVND":26307.5,"USDVUV":119.457233,"USDWST":2.741971,"USDXAF":574.506361,"USDXAG":0.016777,"USDXAU":0.000243,"USDXCD":2.70255,"USDXCG":1.799996,"USDXDR":0.714502,"USDXOF":574.516424,"USDXPF":104.451402,"USDYER":238.599631,"USDZAR":16.3697,"USDZMK":9001.203248,"USDZMW":18.352449,"USDZWL":321.999592}}