{"success":true,"terms":"https:\/\/currencylayer.com\/terms","privacy":"https:\/\/currencylayer.com\/privacy","timestamp":1754186225,"source":"USD","quotes":{"USDAED":3.672504,"USDAFN":67.701997,"USDALL":84.120616,"USDAMD":376.86036,"USDANG":1.789699,"USDAOA":917.000367,"USDARS":1354.222596,"USDAUD":1.546791,"USDAWG":1.8025,"USDAZN":1.70397,"USDBAM":1.687416,"USDBBD":1.988007,"USDBDT":120.374445,"USDBGN":1.68952,"USDBHD":0.371166,"USDBIF":2935.507528,"USDBMD":1,"USDBND":1.278461,"USDBOB":6.803848,"USDBRL":5.538804,"USDBSD":0.984686,"USDBTC":8.78395e-6,"USDBTN":86.116216,"USDBWP":13.508477,"USDBYN":3.222208,"USDBYR":19600,"USDBZD":1.977827,"USDCAD":1.37995,"USDCDF":2890.000362,"USDCHF":0.803795,"USDCLF":0.024709,"USDCLP":958.992278,"USDCNY":7.211804,"USDCNH":7.19286,"USDCOP":4123.376903,"USDCRC":497.476382,"USDCUC":1,"USDCUP":26.5,"USDCVE":95.133946,"USDCZK":21.201404,"USDDJF":175.333247,"USDDKK":6.439804,"USDDOP":59.842112,"USDDZD":130.120357,"USDEGP":48.338726,"USDERN":15,"USDETB":135.820974,"USDEUR":0.86255,"USDFJD":2.261504,"USDFKP":0.754031,"USDGBP":0.752899,"USDGEL":2.703861,"USDGGP":0.754031,"USDGHS":10.338639,"USDGIP":0.754031,"USDGMD":72.503851,"USDGNF":8539.752383,"USDGTQ":7.557051,"USDGYD":205.99629,"USDHKD":7.84915,"USDHNL":25.874639,"USDHRK":6.502404,"USDHTG":128.898667,"USDHUF":344.13504,"USDIDR":16367.95,"USDILS":3.41469,"USDIMP":0.754031,"USDINR":87.167904,"USDIQD":1289.849446,"USDIRR":42112.503816,"USDISK":123.430386,"USDJEP":0.754031,"USDJMD":157.939692,"USDJOD":0.70904,"USDJPY":147.390385,"USDKES":127.207627,"USDKGS":87.450384,"USDKHR":3945.472585,"USDKMF":427.503794,"USDKPW":899.997983,"USDKRW":1389.030383,"USDKWD":0.30527,"USDKYD":0.8205,"USDKZT":534.360036,"USDLAK":21292.437772,"USDLBP":88226.909969,"USDLKR":296.665373,"USDLRD":197.411673,"USDLSL":18.03615,"USDLTL":2.95274,"USDLVL":0.60489,"USDLYD":5.379406,"USDMAD":9.016608,"USDMDL":16.955265,"USDMGA":4469.177344,"USDMKD":53.112463,"USDMMK":2098.596987,"USDMNT":3590.521894,"USDMOP":7.960657,"USDMRU":39.275269,"USDMUR":46.750378,"USDMVR":15.403739,"USDMWK":1707.346534,"USDMXN":18.858904,"USDMYR":4.277504,"USDMZN":63.960377,"USDNAD":18.03615,"USDNGN":1533.980377,"USDNIO":36.236573,"USDNOK":10.23875,"USDNPR":137.786118,"USDNZD":1.691189,"USDOMR":0.378586,"USDPAB":0.984599,"USDPEN":3.537207,"USDPGK":4.147362,"USDPHP":57.766038,"USDPKR":279.383202,"USDPLN":3.686327,"USDPYG":7375.005392,"USDQAR":3.580087,"USDRON":4.380304,"USDRSD":101.065528,"USDRUB":79.88758,"USDRWF":1422.285492,"USDSAR":3.750991,"USDSBD":8.264604,"USDSCR":14.458134,"USDSDG":600.503676,"USDSEK":9.65361,"USDSGD":1.290371,"USDSHP":0.785843,"USDSLE":23.000338,"USDSLL":20969.503947,"USDSOS":562.702213,"USDSRD":36.84037,"USDSTD":20697.981008,"USDSTN":21.138001,"USDSVC":8.615677,"USDSYP":13001.722914,"USDSZL":18.031146,"USDTHB":32.475038,"USDTJS":9.289763,"USDTMT":3.51,"USDTND":2.92895,"USDTOP":2.342104,"USDTRY":40.620504,"USDTTD":6.673569,"USDTWD":29.709038,"USDTZS":2491.091842,"USDUAH":41.159484,"USDUGX":3529.614771,"USDUYU":39.558259,"USDUZS":12497.303826,"USDVES":123.49336,"USDVND":26220,"USDVUV":120.138031,"USDWST":2.775456,"USDXAF":565.943661,"USDXAG":0.027001,"USDXAU":0.000297,"USDXCD":2.70255,"USDXCG":1.774557,"USDXDR":0.703852,"USDXOF":565.943661,"USDXPF":102.894612,"USDYER":240.603589,"USDZAR":18.15613,"USDZMK":9001.203584,"USDZMW":22.522756,"USDZWL":321.999592}}