{"success":true,"terms":"https:\/\/currencylayer.com\/terms","privacy":"https:\/\/currencylayer.com\/privacy","timestamp":1764812464,"source":"USD","quotes":{"USDAED":3.672497,"USDAFN":65.49797,"USDALL":82.70058,"USDAMD":381.174628,"USDANG":1.790055,"USDAOA":917.000105,"USDARS":1452.825602,"USDAUD":1.514108,"USDAWG":1.80125,"USDAZN":1.698291,"USDBAM":1.676654,"USDBBD":2.014162,"USDBDT":122.307092,"USDBGN":1.676665,"USDBHD":0.377006,"USDBIF":2966,"USDBMD":1,"USDBND":1.294219,"USDBOB":6.910505,"USDBRL":5.308905,"USDBSD":1.000009,"USDBTC":1.0697704e-5,"USDBTN":90.190615,"USDBWP":13.329333,"USDBYN":2.912657,"USDBYR":19600,"USDBZD":2.011342,"USDCAD":1.396135,"USDCDF":2219.99993,"USDCHF":0.800101,"USDCLF":0.023425,"USDCLP":918.949752,"USDCNY":7.06385,"USDCNH":7.06367,"USDCOP":3769.9,"USDCRC":492.158132,"USDCUC":1,"USDCUP":26.5,"USDCVE":94.87496,"USDCZK":20.67585,"USDDJF":177.719816,"USDDKK":6.404494,"USDDOP":63.449769,"USDDZD":129.915739,"USDEGP":47.545707,"USDERN":15,"USDETB":155.624972,"USDEUR":0.85755,"USDFJD":2.26045,"USDFKP":0.758551,"USDGBP":0.74975,"USDGEL":2.701385,"USDGGP":0.758551,"USDGHS":11.389891,"USDGIP":0.758551,"USDGMD":72.497497,"USDGNF":8688.509698,"USDGTQ":7.659731,"USDGYD":209.226865,"USDHKD":7.78239,"USDHNL":26.280243,"USDHRK":6.461304,"USDHTG":130.862673,"USDHUF":326.846503,"USDIDR":16601,"USDILS":3.234301,"USDIMP":0.758551,"USDINR":90.17095,"USDIQD":1310,"USDIRR":42124.999826,"USDISK":127.780135,"USDJEP":0.758551,"USDJMD":160.515735,"USDJOD":0.709028,"USDJPY":155.332497,"USDKES":129.392751,"USDKGS":87.449826,"USDKHR":4003.999585,"USDKMF":421.999863,"USDKPW":899.947794,"USDKRW":1469.779749,"USDKWD":0.30679,"USDKYD":0.833383,"USDKZT":502.775432,"USDLAK":21697.497618,"USDLBP":89549.999728,"USDLKR":308.739504,"USDLRD":177.750372,"USDLSL":17.050028,"USDLTL":2.95274,"USDLVL":0.60489,"USDLYD":5.449791,"USDMAD":9.226496,"USDMDL":16.994299,"USDMGA":4484.999537,"USDMKD":52.812421,"USDMMK":2099.941776,"USDMNT":3552.019383,"USDMOP":8.019306,"USDMRU":39.835027,"USDMUR":46.079893,"USDMVR":15.410127,"USDMWK":1735.999939,"USDMXN":18.29333,"USDMYR":4.118994,"USDMZN":63.898755,"USDNAD":17.050084,"USDNGN":1448.202186,"USDNIO":36.770223,"USDNOK":10.06215,"USDNPR":144.305328,"USDNZD":1.732875,"USDOMR":0.384501,"USDPAB":1.000099,"USDPEN":3.362497,"USDPGK":4.25725,"USDPHP":59.159757,"USDPKR":280.506616,"USDPLN":3.623615,"USDPYG":6935.335922,"USDQAR":3.640982,"USDRON":4.3672,"USDRSD":100.675988,"USDRUB":76.998079,"USDRWF":1450,"USDSAR":3.752856,"USDSBD":8.223823,"USDSCR":14.392449,"USDSDG":601.496955,"USDSEK":9.37776,"USDSGD":1.295195,"USDSHP":0.750259,"USDSLE":23.000129,"USDSLL":20969.498139,"USDSOS":571.472936,"USDSRD":38.602003,"USDSTD":20697.981008,"USDSTN":21.3,"USDSVC":8.75007,"USDSYP":11058.293685,"USDSZL":17.049926,"USDTHB":31.919939,"USDTJS":9.190517,"USDTMT":3.5,"USDTND":2.936986,"USDTOP":2.40776,"USDTRY":42.453499,"USDTTD":6.772686,"USDTWD":31.320103,"USDTZS":2440.000201,"USDUAH":42.175758,"USDUGX":3544.822502,"USDUYU":39.340074,"USDUZS":11934.999952,"USDVES":248.585899,"USDVND":26372.5,"USDVUV":122.198799,"USDWST":2.801873,"USDXAF":562.336421,"USDXAG":0.017051,"USDXAU":0.000237,"USDXCD":2.70255,"USDXCG":1.802338,"USDXDR":0.701031,"USDXOF":561.500468,"USDXPF":102.602652,"USDYER":238.397339,"USDZAR":17.050555,"USDZMK":9001.200846,"USDZMW":22.975863,"USDZWL":321.999592}}