{"success":true,"terms":"https:\/\/currencylayer.com\/terms","privacy":"https:\/\/currencylayer.com\/privacy","timestamp":1772935687,"source":"USD","quotes":{"USDAED":3.672504,"USDAFN":63.503991,"USDALL":82.541185,"USDAMD":374.467719,"USDANG":1.789731,"USDAOA":917.000367,"USDARS":1415.503978,"USDAUD":1.420858,"USDAWG":1.8,"USDAZN":1.70397,"USDBAM":1.682481,"USDBBD":2.003355,"USDBDT":121.648243,"USDBGN":1.647646,"USDBHD":0.375414,"USDBIF":2951.868898,"USDBMD":1,"USDBND":1.274549,"USDBOB":6.873414,"USDBRL":5.245041,"USDBSD":0.994709,"USDBTC":1.4642639e-5,"USDBTN":91.359628,"USDBWP":13.499075,"USDBYN":2.927094,"USDBYR":19600,"USDBZD":2.000516,"USDCAD":1.35715,"USDCDF":2222.50392,"USDCHF":0.776535,"USDCLF":0.023082,"USDCLP":911.390396,"USDCNY":6.89675,"USDCNH":6.907005,"USDCOP":3754.91419,"USDCRC":474.945159,"USDCUC":1,"USDCUP":26.5,"USDCVE":94.855693,"USDCZK":20.991804,"USDDJF":177.125898,"USDDKK":6.431204,"USDDOP":59.219751,"USDDZD":130.83238,"USDEGP":50.302379,"USDERN":15,"USDETB":154.28027,"USDEUR":0.86055,"USDFJD":2.210504,"USDFKP":0.746355,"USDGBP":0.745879,"USDGEL":2.72504,"USDGGP":0.746355,"USDGHS":10.762613,"USDGIP":0.746355,"USDGMD":73.503851,"USDGNF":8722.095574,"USDGTQ":7.631296,"USDGYD":208.103574,"USDHKD":7.82204,"USDHNL":26.327154,"USDHRK":6.485804,"USDHTG":130.491634,"USDHUF":337.810388,"USDIDR":16939.9,"USDILS":3.09326,"USDIMP":0.746355,"USDINR":91.94045,"USDIQD":1303.023786,"USDIRR":1320700.000352,"USDISK":124.950386,"USDJEP":0.746355,"USDJMD":155.774442,"USDJOD":0.70904,"USDJPY":157.78504,"USDKES":128.461439,"USDKGS":87.450384,"USDKHR":3991.56953,"USDKMF":424.00035,"USDKPW":900.045408,"USDKRW":1485.290383,"USDKWD":0.307504,"USDKYD":0.828939,"USDKZT":491.444793,"USDLAK":21299.840853,"USDLBP":89073.336488,"USDLKR":309.449869,"USDLRD":181.530388,"USDLSL":16.637963,"USDLTL":2.95274,"USDLVL":0.60489,"USDLYD":6.338337,"USDMAD":9.276356,"USDMDL":17.203321,"USDMGA":4142.113639,"USDMKD":53.025937,"USDMMK":2100.295604,"USDMNT":3568.349373,"USDMOP":8.011527,"USDMRU":39.807304,"USDMUR":47.403741,"USDMVR":15.460378,"USDMWK":1724.805368,"USDMXN":17.798039,"USDMYR":3.946039,"USDMZN":63.903729,"USDNAD":16.637963,"USDNGN":1388.000344,"USDNIO":36.603725,"USDNOK":9.583104,"USDNPR":146.175749,"USDNZD":1.694916,"USDOMR":0.384504,"USDPAB":0.994709,"USDPEN":3.426126,"USDPGK":4.284055,"USDPHP":59.045038,"USDPKR":277.838187,"USDPLN":3.67655,"USDPYG":6507.806787,"USDQAR":3.627339,"USDRON":4.382504,"USDRSD":100.976386,"USDRUB":79.26285,"USDRWF":1450.815089,"USDSAR":3.759449,"USDSBD":8.045182,"USDSCR":13.836036,"USDSDG":601.503676,"USDSEK":9.182504,"USDSGD":1.274704,"USDSHP":0.750259,"USDSLE":24.525038,"USDSLL":20969.49935,"USDSOS":567.422255,"USDSRD":37.656504,"USDSTD":20697.981008,"USDSTN":21.076175,"USDSVC":8.70317,"USDSYP":110.801141,"USDSZL":16.642436,"USDTHB":31.660369,"USDTJS":9.563852,"USDTMT":3.51,"USDTND":2.922362,"USDTOP":2.40776,"USDTRY":44.072504,"USDTTD":6.740075,"USDTWD":31.817304,"USDTZS":2567.250204,"USDUAH":43.464751,"USDUGX":3670.695514,"USDUYU":39.132866,"USDUZS":12130.414211,"USDVES":425.142005,"USDVND":26220,"USDVUV":118.955545,"USDWST":2.740515,"USDXAF":564.288356,"USDXAG":0.011854,"USDXAU":0.000193,"USDXCD":2.70255,"USDXCG":1.792679,"USDXDR":0.701794,"USDXOF":564.288356,"USDXPF":102.59366,"USDYER":238.503589,"USDZAR":16.54519,"USDZMK":9001.203584,"USDZMW":19.231795,"USDZWL":321.999592}}