{"success":true,"terms":"https:\/\/currencylayer.com\/terms","privacy":"https:\/\/currencylayer.com\/privacy","timestamp":1783910824,"source":"USD","quotes":{"USDAED":3.672502,"USDAFN":65.000311,"USDALL":82.320418,"USDAMD":367.445085,"USDANG":1.789979,"USDAOA":916.999921,"USDARS":1490.849601,"USDAUD":1.44167,"USDAWG":1.8,"USDAZN":1.698985,"USDBAM":1.716435,"USDBBD":2.020886,"USDBDT":123.67316,"USDBGN":1.716458,"USDBHD":0.37834,"USDBIF":2985.124402,"USDBMD":1,"USDBND":1.295274,"USDBOB":6.923833,"USDBRL":5.109102,"USDBSD":1.003379,"USDBTC":1.5781683e-5,"USDBTN":95.582234,"USDBWP":13.570523,"USDBYN":2.868049,"USDBYR":19600,"USDBZD":2.01799,"USDCAD":1.41636,"USDCDF":2257.999698,"USDCHF":0.809915,"USDCLF":0.023559,"USDCLP":927.210058,"USDCNY":6.77695,"USDCNH":6.784195,"USDCOP":3244.86,"USDCRC":456.448286,"USDCUC":1,"USDCUP":26.5,"USDCVE":96.761031,"USDCZK":21.287041,"USDDJF":178.674857,"USDDKK":6.558095,"USDDOP":58.923165,"USDDZD":133.572924,"USDEGP":49.777305,"USDERN":15,"USDETB":160.95694,"USDEUR":0.877203,"USDFJD":2.233199,"USDFKP":0.746145,"USDGBP":0.74735,"USDGEL":2.644967,"USDGGP":0.746145,"USDGHS":11.503493,"USDGIP":0.746145,"USDGMD":73.505469,"USDGNF":8800.69858,"USDGTQ":7.656057,"USDGYD":209.893987,"USDHKD":7.83815,"USDHNL":26.862607,"USDHRK":6.611196,"USDHTG":131.318317,"USDHUF":313.304497,"USDIDR":18113.4,"USDILS":3.010905,"USDIMP":0.746145,"USDINR":95.61435,"USDIQD":1314.488067,"USDIRR":1374749.999809,"USDISK":125.798797,"USDJEP":0.746145,"USDJMD":158.539315,"USDJOD":0.709026,"USDJPY":162.034977,"USDKES":129.379845,"USDKGS":87.448797,"USDKHR":4044.951709,"USDKMF":431.999915,"USDKPW":900.000456,"USDKRW":1507.050304,"USDKWD":0.309561,"USDKYD":0.836189,"USDKZT":473.033161,"USDLAK":22626.606579,"USDLBP":89847.264941,"USDLKR":336.64635,"USDLRD":182.213095,"USDLSL":16.343443,"USDLTL":2.95274,"USDLVL":0.60489,"USDLYD":6.426785,"USDMAD":9.373264,"USDMDL":17.633199,"USDMGA":4302.094441,"USDMKD":54.100425,"USDMMK":2099.466399,"USDMNT":3585.261694,"USDMOP":8.102031,"USDMRU":39.976304,"USDMUR":47.150261,"USDMVR":15.450103,"USDMWK":1739.969898,"USDMXN":17.515094,"USDMYR":4.078602,"USDMZN":63.903383,"USDNAD":16.343515,"USDNGN":1379.779773,"USDNIO":36.92116,"USDNOK":9.78635,"USDNPR":152.936943,"USDNZD":1.734255,"USDOMR":0.385511,"USDPAB":1.003291,"USDPEN":3.408647,"USDPGK":4.479315,"USDPHP":61.610203,"USDPKR":278.92334,"USDPLN":3.80225,"USDPYG":6100.043879,"USDQAR":3.657952,"USDRON":4.594404,"USDRSD":103.015064,"USDRUB":76.78508,"USDRWF":1474.050963,"USDSAR":3.759664,"USDSBD":8.048583,"USDSCR":14.599699,"USDSDG":600.505044,"USDSEK":9.692026,"USDSGD":1.29385,"USDSHP":0.746601,"USDSLE":24.349481,"USDSLL":20969.497358,"USDSOS":573.432035,"USDSRD":37.610497,"USDSTD":20697.981008,"USDSTN":21.501413,"USDSVC":8.779636,"USDSYP":110.532098,"USDSZL":16.341146,"USDTHB":33.370965,"USDTJS":9.2863,"USDTMT":3.5,"USDTND":2.965888,"USDTOP":2.40776,"USDTRY":47.003498,"USDTTD":6.817354,"USDTWD":32.100497,"USDTZS":2630.191998,"USDUAH":44.639539,"USDUGX":3692.034963,"USDUYU":40.457938,"USDUZS":12118.951604,"USDVES":708.806405,"USDVND":26266,"USDVUV":119.005629,"USDWST":2.760902,"USDXAF":575.681143,"USDXAG":0.017122,"USDXAU":0.000246,"USDXCD":2.70255,"USDXCG":1.808408,"USDXDR":0.715963,"USDXOF":575.678617,"USDXPF":104.664072,"USDYER":237.075006,"USDZAR":16.37365,"USDZMK":9001.197594,"USDZMW":18.086003,"USDZWL":321.999592}}