{"success":true,"terms":"https:\/\/currencylayer.com\/terms","privacy":"https:\/\/currencylayer.com\/privacy","timestamp":1765849447,"source":"USD","quotes":{"USDAED":3.672504,"USDAFN":65.509743,"USDALL":81.824973,"USDAMD":381.700557,"USDANG":1.790403,"USDAOA":917.000447,"USDARS":1438.372499,"USDAUD":1.509605,"USDAWG":1.8025,"USDAZN":1.699323,"USDBAM":1.664171,"USDBBD":2.013461,"USDBDT":122.170791,"USDBGN":1.66408,"USDBHD":0.376941,"USDBIF":2966,"USDBMD":1,"USDBND":1.288843,"USDBOB":6.933052,"USDBRL":5.415104,"USDBSD":0.999711,"USDBTC":1.1647538e-5,"USDBTN":90.668289,"USDBWP":13.203148,"USDBYN":2.923573,"USDBYR":19600,"USDBZD":2.010568,"USDCAD":1.37746,"USDCDF":2249.999841,"USDCHF":0.79584,"USDCLF":0.023307,"USDCLP":914.330354,"USDCNY":7.04725,"USDCNH":7.041025,"USDCOP":3819.82,"USDCRC":500.068071,"USDCUC":1,"USDCUP":26.5,"USDCVE":94.208119,"USDCZK":20.703979,"USDDJF":177.720081,"USDDKK":6.355915,"USDDOP":63.349856,"USDDZD":129.651969,"USDEGP":47.433898,"USDERN":15,"USDETB":155.050445,"USDEUR":0.85091,"USDFJD":2.279503,"USDFKP":0.748248,"USDGBP":0.748075,"USDGEL":2.69503,"USDGGP":0.748248,"USDGHS":11.505003,"USDGIP":0.748248,"USDGMD":73.497519,"USDGNF":8690.000129,"USDGTQ":7.65801,"USDGYD":209.150549,"USDHKD":7.779545,"USDHNL":26.209933,"USDHRK":6.4104,"USDHTG":130.986011,"USDHUF":327.249013,"USDIDR":16652,"USDILS":3.21285,"USDIMP":0.748248,"USDINR":90.82935,"USDIQD":1310,"USDIRR":42109.999778,"USDISK":126.120293,"USDJEP":0.748248,"USDJMD":159.763112,"USDJOD":0.709036,"USDJPY":154.936003,"USDKES":128.910208,"USDKGS":87.450261,"USDKHR":4003.999875,"USDKMF":420.000267,"USDKPW":899.999687,"USDKRW":1471.203045,"USDKWD":0.30681,"USDKYD":0.833099,"USDKZT":515.622341,"USDLAK":21665.000216,"USDLBP":88848.954563,"USDLKR":309.11133,"USDLRD":177.250199,"USDLSL":16.810054,"USDLTL":2.95274,"USDLVL":0.60489,"USDLYD":5.420354,"USDMAD":9.182499,"USDMDL":16.874708,"USDMGA":4509.999961,"USDMKD":52.383445,"USDMMK":2099.265884,"USDMNT":3545.865278,"USDMOP":8.013921,"USDMRU":39.750149,"USDMUR":45.950167,"USDMVR":15.403487,"USDMWK":1736.999941,"USDMXN":17.990994,"USDMYR":4.0905,"USDMZN":63.893009,"USDNAD":16.81003,"USDNGN":1451.520308,"USDNIO":36.699361,"USDNOK":10.165785,"USDNPR":145.069092,"USDNZD":1.734105,"USDOMR":0.384491,"USDPAB":0.999711,"USDPEN":3.371502,"USDPGK":4.25325,"USDPHP":58.910177,"USDPKR":280.249912,"USDPLN":3.58937,"USDPYG":6714.373234,"USDQAR":3.640995,"USDRON":4.334399,"USDRSD":99.872,"USDRUB":79.504069,"USDRWF":1452,"USDSAR":3.752101,"USDSBD":8.160045,"USDSCR":14.353855,"USDSDG":601.498718,"USDSEK":9.294145,"USDSGD":1.28975,"USDSHP":0.750259,"USDSLE":24.04992,"USDSLL":20969.503664,"USDSOS":571.501507,"USDSRD":38.610234,"USDSTD":20697.981008,"USDSTN":21.2,"USDSVC":8.74715,"USDSYP":11056.681827,"USDSZL":16.810334,"USDTHB":31.529865,"USDTJS":9.192328,"USDTMT":3.5,"USDTND":2.911499,"USDTOP":2.40776,"USDTRY":42.698995,"USDTTD":6.784997,"USDTWD":31.376696,"USDTZS":2482.49479,"USDUAH":42.255795,"USDUGX":3560.97478,"USDUYU":39.174977,"USDUZS":12125.000359,"USDVES":267.43975,"USDVND":26320,"USDVUV":121.127634,"USDWST":2.775483,"USDXAF":558.147272,"USDXAG":0.015652,"USDXAU":0.000232,"USDXCD":2.70255,"USDXCG":1.801675,"USDXDR":0.695393,"USDXOF":558.499562,"USDXPF":102.000205,"USDYER":238.449928,"USDZAR":16.794715,"USDZMK":9001.201522,"USDZMW":23.168034,"USDZWL":321.999592}}