{"success":true,"terms":"https:\/\/currencylayer.com\/terms","privacy":"https:\/\/currencylayer.com\/privacy","timestamp":1784255828,"source":"USD","quotes":{"USDAED":3.672497,"USDAFN":66.00034,"USDALL":81.771363,"USDAMD":366.397009,"USDANG":1.790258,"USDAOA":918.000164,"USDARS":1475.5043,"USDAUD":1.432521,"USDAWG":1.8,"USDAZN":1.702964,"USDBAM":1.708592,"USDBBD":2.016389,"USDBDT":123.413865,"USDBGN":1.717508,"USDBHD":0.377485,"USDBIF":2974.35539,"USDBMD":1,"USDBND":1.290486,"USDBOB":6.923833,"USDBRL":5.115102,"USDBSD":1.001162,"USDBTC":1.5769811e-5,"USDBTN":96.45659,"USDBWP":13.568976,"USDBYN":2.900435,"USDBYR":19600,"USDBZD":2.013506,"USDCAD":1.40406,"USDCDF":2260.000006,"USDCHF":0.809099,"USDCLF":0.023493,"USDCLP":924.629783,"USDCNY":6.77325,"USDCNH":6.778255,"USDCOP":3242.98,"USDCRC":454.974316,"USDCUC":1,"USDCUP":26.5,"USDCVE":96.328231,"USDCZK":21.184298,"USDDJF":178.278456,"USDDKK":6.535841,"USDDOP":58.618747,"USDDZD":133.042006,"USDEGP":50.448702,"USDERN":15,"USDETB":161.59032,"USDEUR":0.87428,"USDFJD":2.24225,"USDFKP":0.740969,"USDGBP":0.742725,"USDGEL":2.625042,"USDGGP":0.740969,"USDGHS":11.548206,"USDGIP":0.740969,"USDGMD":74.00015,"USDGNF":8780.658265,"USDGTQ":7.638076,"USDGYD":209.455918,"USDHKD":7.839775,"USDHNL":26.807609,"USDHRK":6.5867,"USDHTG":130.848225,"USDHUF":317.029691,"USDIDR":17938,"USDILS":3.02195,"USDIMP":0.740969,"USDINR":96.38445,"USDIQD":1311.463953,"USDIRR":1374999.999632,"USDISK":125.19021,"USDJEP":0.740969,"USDJMD":158.796165,"USDJOD":0.708985,"USDJPY":162.428499,"USDKES":129.290315,"USDKGS":87.45002,"USDKHR":4043.033673,"USDKMF":428.999835,"USDKPW":900.000068,"USDKRW":1479.355031,"USDKWD":0.30912,"USDKYD":0.834298,"USDKZT":471.417651,"USDLAK":22598.243262,"USDLBP":89648.780275,"USDLKR":336.470886,"USDLRD":181.207438,"USDLSL":16.378972,"USDLTL":2.95274,"USDLVL":0.60489,"USDLYD":6.40534,"USDMAD":9.312646,"USDMDL":17.575755,"USDMGA":4290.319481,"USDMKD":53.873216,"USDMMK":2099.369865,"USDMNT":3585.362392,"USDMOP":8.084216,"USDMRU":39.965755,"USDMUR":47.029811,"USDMVR":15.460656,"USDMWK":1736.046197,"USDMXN":17.438635,"USDMYR":4.080498,"USDMZN":63.910183,"USDNAD":16.378972,"USDNGN":1379.939943,"USDNIO":36.839829,"USDNOK":9.68033,"USDNPR":154.327173,"USDNZD":1.71381,"USDOMR":0.384503,"USDPAB":1.001149,"USDPEN":3.3922,"USDPGK":4.472885,"USDPHP":61.595986,"USDPKR":278.194851,"USDPLN":3.787594,"USDPYG":6071.618895,"USDQAR":3.639445,"USDRON":4.583204,"USDRSD":102.60106,"USDRUB":78.101408,"USDRWF":1472.612912,"USDSAR":3.746464,"USDSBD":8.071362,"USDSCR":13.428263,"USDSDG":600.499385,"USDSEK":9.66232,"USDSGD":1.290899,"USDSHP":0.746601,"USDSLE":24.374959,"USDSLL":20969.507346,"USDSOS":572.12746,"USDSRD":37.610956,"USDSTD":20697.981008,"USDSTN":21.403455,"USDSVC":8.759692,"USDSYP":110.532098,"USDSZL":16.368036,"USDTHB":33.639034,"USDTJS":9.235507,"USDTMT":3.51,"USDTND":2.951742,"USDTOP":2.40776,"USDTRY":47.154802,"USDTTD":6.800701,"USDTWD":32.312601,"USDTZS":2628.462991,"USDUAH":44.681349,"USDUGX":3694.482301,"USDUYU":40.212112,"USDUZS":12102.945801,"USDVES":724.839798,"USDVND":26264.5,"USDVUV":120.073082,"USDWST":2.749513,"USDXAF":573.038351,"USDXAG":0.018215,"USDXAU":0.000252,"USDXCD":2.70255,"USDXCG":1.804355,"USDXDR":0.712694,"USDXOF":573.053369,"USDXPF":104.186323,"USDYER":238.60326,"USDZAR":16.46155,"USDZMK":9001.205074,"USDZMW":18.345899,"USDZWL":321.999592}}