{"success":true,"terms":"https:\/\/currencylayer.com\/terms","privacy":"https:\/\/currencylayer.com\/privacy","timestamp":1772071507,"source":"USD","quotes":{"USDAED":3.672503,"USDAFN":63.000233,"USDALL":81.531366,"USDAMD":374.809235,"USDANG":1.789731,"USDAOA":917.000101,"USDARS":1397.476403,"USDAUD":1.402672,"USDAWG":1.8,"USDAZN":1.699161,"USDBAM":1.653625,"USDBBD":2.005183,"USDBDT":121.658698,"USDBGN":1.647646,"USDBHD":0.377006,"USDBIF":2953.058153,"USDBMD":1,"USDBND":1.260209,"USDBOB":6.878971,"USDBRL":5.125202,"USDBSD":0.995574,"USDBTC":1.4703169e-5,"USDBTN":90.455597,"USDBWP":13.102681,"USDBYN":2.854655,"USDBYR":19600,"USDBZD":2.002224,"USDCAD":1.366225,"USDCDF":2110.000342,"USDCHF":0.771215,"USDCLF":0.021678,"USDCLP":855.969757,"USDCNY":6.86945,"USDCNH":6.84089,"USDCOP":3700.24,"USDCRC":472.126047,"USDCUC":1,"USDCUP":26.5,"USDCVE":93.22883,"USDCZK":20.485497,"USDDJF":177.284007,"USDDKK":6.317604,"USDDOP":60.503832,"USDDZD":129.919213,"USDEGP":47.981097,"USDERN":15,"USDETB":154.305402,"USDEUR":0.845497,"USDFJD":2.189699,"USDFKP":0.73909,"USDGBP":0.73685,"USDGEL":2.669803,"USDGGP":0.73909,"USDGHS":10.61269,"USDGIP":0.73909,"USDGMD":72.999934,"USDGNF":8731.420261,"USDGTQ":7.637383,"USDGYD":208.288416,"USDHKD":7.81845,"USDHNL":26.339797,"USDHRK":6.370701,"USDHTG":130.654244,"USDHUF":317.07026,"USDIDR":16755,"USDILS":3.089675,"USDIMP":0.73909,"USDINR":90.83835,"USDIQD":1304.180565,"USDIRR":1310669.99971,"USDISK":121.329918,"USDJEP":0.73909,"USDJMD":155.216511,"USDJOD":0.708955,"USDJPY":155.808503,"USDKES":128.379752,"USDKGS":87.449745,"USDKHR":3993.269865,"USDKMF":416.999993,"USDKPW":899.976745,"USDKRW":1420.035028,"USDKWD":0.30641,"USDKYD":0.829603,"USDKZT":499.714644,"USDLAK":21321.766922,"USDLBP":89151.754197,"USDLKR":307.972623,"USDLRD":182.686739,"USDLSL":15.826453,"USDLTL":2.95274,"USDLVL":0.60489,"USDLYD":6.299805,"USDMAD":9.138395,"USDMDL":17.053693,"USDMGA":4185.214778,"USDMKD":52.116493,"USDMMK":2099.743814,"USDMNT":3569.708423,"USDMOP":8.019802,"USDMRU":39.693592,"USDMUR":46.389668,"USDMVR":15.460265,"USDMWK":1726.337683,"USDMXN":17.166303,"USDMYR":3.883501,"USDMZN":63.90498,"USDNAD":15.826453,"USDNGN":1347.989969,"USDNIO":36.635271,"USDNOK":9.53862,"USDNPR":144.728954,"USDNZD":1.663745,"USDOMR":0.38449,"USDPAB":0.995574,"USDPEN":3.343437,"USDPGK":4.281583,"USDPHP":57.453008,"USDPKR":278.306721,"USDPLN":3.56565,"USDPYG":6412.256338,"USDQAR":3.6293,"USDRON":4.306601,"USDRSD":99.308351,"USDRUB":77.24838,"USDRWF":1454.510097,"USDSAR":3.751025,"USDSBD":8.048447,"USDSCR":13.75456,"USDSDG":601.501128,"USDSEK":9.01365,"USDSGD":1.26224,"USDSHP":0.750259,"USDSLE":24.449734,"USDSLL":20969.49935,"USDSOS":567.920963,"USDSRD":37.812031,"USDSTD":20697.981008,"USDSTN":20.714612,"USDSVC":8.711165,"USDSYP":111.011509,"USDSZL":15.828567,"USDTHB":31.080277,"USDTJS":9.442859,"USDTMT":3.5,"USDTND":2.890081,"USDTOP":2.40776,"USDTRY":43.870191,"USDTTD":6.758065,"USDTWD":31.24904,"USDTZS":2558.661945,"USDUAH":43.084038,"USDUGX":3584.065746,"USDUYU":38.199597,"USDUZS":12133.740863,"USDVES":410.571865,"USDVND":26102,"USDVUV":118.362569,"USDWST":2.71515,"USDXAF":554.610289,"USDXAG":0.011155,"USDXAU":0.000193,"USDXCD":2.70255,"USDXCG":1.794231,"USDXDR":0.689757,"USDXOF":554.610289,"USDXPF":100.834084,"USDYER":238.450329,"USDZAR":15.845799,"USDZMK":9001.202059,"USDZMW":18.765827,"USDZWL":321.999592}}