{"success":true,"terms":"https:\/\/currencylayer.com\/terms","privacy":"https:\/\/currencylayer.com\/privacy","timestamp":1772589787,"source":"USD","quotes":{"USDAED":3.672503,"USDAFN":63.000466,"USDALL":82.993708,"USDAMD":376.585458,"USDANG":1.789731,"USDAOA":916.999829,"USDARS":1414.993905,"USDAUD":1.42771,"USDAWG":1.8,"USDAZN":1.702143,"USDBAM":1.686965,"USDBBD":2.014724,"USDBDT":122.351987,"USDBGN":1.647646,"USDBHD":0.377275,"USDBIF":2972.894879,"USDBMD":1,"USDBND":1.279224,"USDBOB":6.912345,"USDBRL":5.276497,"USDBSD":1.000289,"USDBTC":1.4642778e-5,"USDBTN":92.041764,"USDBWP":13.422003,"USDBYN":2.909869,"USDBYR":19600,"USDBZD":2.011877,"USDCAD":1.36899,"USDCDF":2254.999959,"USDCHF":0.78222,"USDCLF":0.022804,"USDCLP":900.41985,"USDCNY":6.900201,"USDCNH":6.92408,"USDCOP":3803.25,"USDCRC":470.34368,"USDCUC":1,"USDCUP":26.5,"USDCVE":95.108098,"USDCZK":21.0232,"USDDJF":178.131995,"USDDKK":6.44497,"USDDOP":59.989736,"USDDZD":130.890617,"USDEGP":49.886009,"USDERN":15,"USDETB":155.15571,"USDEUR":0.86263,"USDFJD":2.215901,"USDFKP":0.746766,"USDGBP":0.75056,"USDGEL":2.704987,"USDGGP":0.746766,"USDGHS":10.773046,"USDGIP":0.746766,"USDGMD":73.000331,"USDGNF":8772.868023,"USDGTQ":7.671441,"USDGYD":209.27655,"USDHKD":7.808425,"USDHNL":26.474838,"USDHRK":6.498898,"USDHTG":131.252318,"USDHUF":334.888032,"USDIDR":16932,"USDILS":3.106355,"USDIMP":0.746766,"USDINR":92.12255,"USDIQD":1310.464394,"USDIRR":1314572.502645,"USDISK":124.288769,"USDJEP":0.746766,"USDJMD":156.257952,"USDJOD":0.709018,"USDJPY":157.589498,"USDKES":129.191968,"USDKGS":87.449502,"USDKHR":4014.162559,"USDKMF":425.000376,"USDKPW":900.104442,"USDKRW":1480.270016,"USDKWD":0.3074,"USDKYD":0.83365,"USDKZT":500.414022,"USDLAK":21415.941416,"USDLBP":89578.778038,"USDLKR":310.109413,"USDLRD":183.557378,"USDLSL":16.374669,"USDLTL":2.95274,"USDLVL":0.60489,"USDLYD":6.362103,"USDMAD":9.311137,"USDMDL":17.305088,"USDMGA":4191.949904,"USDMKD":53.171577,"USDMMK":2099.653012,"USDMNT":3569.497638,"USDMOP":8.038314,"USDMRU":39.74072,"USDMUR":46.92993,"USDMVR":15.449738,"USDMWK":1734.225201,"USDMXN":17.707101,"USDMYR":3.949031,"USDMZN":63.905029,"USDNAD":16.37474,"USDNGN":1379.049637,"USDNIO":36.813256,"USDNOK":9.688095,"USDNPR":147.266823,"USDNZD":1.702145,"USDOMR":0.384512,"USDPAB":1.00028,"USDPEN":3.368065,"USDPGK":4.367908,"USDPHP":58.5805,"USDPKR":279.589775,"USDPLN":3.703635,"USDPYG":6456.982917,"USDQAR":3.657606,"USDRON":4.397098,"USDRSD":101.28799,"USDRUB":77.652727,"USDRWF":1462.007219,"USDSAR":3.752744,"USDSBD":8.045182,"USDSCR":13.716992,"USDSDG":601.498,"USDSEK":9.28927,"USDSGD":1.278535,"USDSHP":0.750259,"USDSLE":24.39751,"USDSLL":20969.49935,"USDSOS":570.657213,"USDSRD":37.590979,"USDSTD":20697.981008,"USDSTN":21.132258,"USDSVC":8.753105,"USDSYP":110.52498,"USDSZL":16.381381,"USDTHB":31.713002,"USDTJS":9.553074,"USDTMT":3.5,"USDTND":2.936953,"USDTOP":2.40776,"USDTRY":43.988406,"USDTTD":6.777848,"USDTWD":31.770969,"USDTZS":2560.798368,"USDUAH":43.625692,"USDUGX":3720.97035,"USDUYU":38.426207,"USDUZS":12209.427697,"USDVES":421.34985,"USDVND":26240,"USDVUV":118.829543,"USDWST":2.715908,"USDXAF":565.789894,"USDXAG":0.011805,"USDXAU":0.000193,"USDXCD":2.70255,"USDXCG":1.802805,"USDXDR":0.703661,"USDXOF":565.789894,"USDXPF":102.867099,"USDYER":238.485566,"USDZAR":16.54754,"USDZMK":9001.223681,"USDZMW":19.131162,"USDZWL":321.999592}}