{"success":true,"terms":"https:\/\/currencylayer.com\/terms","privacy":"https:\/\/currencylayer.com\/privacy","timestamp":1782705365,"source":"USD","quotes":{"USDAED":3.672502,"USDAFN":62.999849,"USDALL":82.780483,"USDAMD":367.570226,"USDANG":1.790403,"USDAOA":917.000171,"USDARS":1479.152993,"USDAUD":1.451263,"USDAWG":1.80125,"USDAZN":1.64249,"USDBAM":1.717384,"USDBBD":2.017035,"USDBDT":123.179593,"USDBGN":1.69088,"USDBHD":0.377582,"USDBIF":2974.21533,"USDBMD":1,"USDBND":1.295752,"USDBOB":6.92023,"USDBRL":5.172101,"USDBSD":1.001497,"USDBTC":1.669247e-5,"USDBTN":93.997348,"USDBWP":13.61,"USDBYN":2.904549,"USDBYR":19600,"USDBZD":2.014138,"USDCAD":1.418895,"USDCDF":2267.502876,"USDCHF":0.809835,"USDCLF":0.023439,"USDCLP":922.490263,"USDCNY":6.79815,"USDCNH":6.800885,"USDCOP":3444.5,"USDCRC":454.679165,"USDCUC":1,"USDCUP":26.5,"USDCVE":96.82263,"USDCZK":21.301993,"USDDJF":178.336846,"USDDKK":6.5639,"USDDOP":58.84135,"USDDZD":133.496951,"USDEGP":49.4885,"USDERN":15,"USDETB":161.458114,"USDEUR":0.878198,"USDFJD":2.2661,"USDFKP":0.757679,"USDGBP":0.75745,"USDGEL":2.644997,"USDGGP":0.757679,"USDGHS":11.291463,"USDGIP":0.757679,"USDGMD":73.000047,"USDGNF":8774.795185,"USDGTQ":7.640297,"USDGYD":209.58444,"USDHKD":7.84205,"USDHNL":26.79575,"USDHRK":6.616797,"USDHTG":130.881249,"USDHUF":310.6165,"USDIDR":17841.05,"USDILS":3.00205,"USDIMP":0.757679,"USDINR":94.36205,"USDIQD":1311.878471,"USDIRR":1375250.000329,"USDISK":126.469692,"USDJEP":0.757679,"USDJMD":157.727432,"USDJOD":0.708982,"USDJPY":161.786015,"USDKES":129.479903,"USDKGS":87.450273,"USDKHR":4019.685748,"USDKMF":433.99998,"USDKPW":900.00035,"USDKRW":1544.754988,"USDKWD":0.30961,"USDKYD":0.834541,"USDKZT":485.902198,"USDLAK":21981.331718,"USDLBP":89681.682473,"USDLKR":336.626187,"USDLRD":182.415286,"USDLSL":16.461632,"USDLTL":2.95274,"USDLVL":0.60489,"USDLYD":6.428697,"USDMAD":9.390561,"USDMDL":17.755943,"USDMGA":4236.056533,"USDMKD":54.125137,"USDMMK":2099.260826,"USDMNT":3579.633879,"USDMOP":8.089654,"USDMRU":39.96751,"USDMUR":47.480474,"USDMVR":15.449765,"USDMWK":1736.57243,"USDMXN":17.50034,"USDMYR":4.0654,"USDMZN":63.909923,"USDNAD":16.461632,"USDNGN":1379.520263,"USDNIO":36.853613,"USDNOK":9.93736,"USDNPR":150.396242,"USDNZD":1.771435,"USDOMR":0.384879,"USDPAB":1.001462,"USDPEN":3.414908,"USDPGK":4.394842,"USDPHP":61.224502,"USDPKR":278.710567,"USDPLN":3.76635,"USDPYG":6112.57464,"USDQAR":3.650397,"USDRON":4.602101,"USDRSD":103.071148,"USDRUB":77.81281,"USDRWF":1466.637981,"USDSAR":3.760889,"USDSBD":8.051953,"USDSCR":14.06555,"USDSDG":600.000114,"USDSEK":9.734665,"USDSGD":1.29425,"USDSHP":0.746601,"USDSLE":24.805026,"USDSLL":20969.503664,"USDSOS":572.356867,"USDSRD":37.483009,"USDSTD":20697.981008,"USDSTN":21.513213,"USDSVC":8.762502,"USDSYP":110.532098,"USDSZL":16.452478,"USDTHB":33.35021,"USDTJS":9.268372,"USDTMT":3.5,"USDTND":2.968209,"USDTOP":2.40776,"USDTRY":46.6367,"USDTTD":6.806108,"USDTWD":31.882023,"USDTZS":2629.775023,"USDUAH":44.952516,"USDUGX":3675.718394,"USDUYU":40.199152,"USDUZS":12029.065045,"USDVES":620.752985,"USDVND":26298.5,"USDVUV":119.209429,"USDWST":2.780882,"USDXAF":576.00973,"USDXAG":0.017055,"USDXAU":0.000246,"USDXCD":2.70255,"USDXCG":1.804843,"USDXDR":0.716371,"USDXOF":576.007201,"USDXPF":104.721512,"USDYER":238.625029,"USDZAR":16.46615,"USDZMK":9001.207539,"USDZMW":18.040042,"USDZWL":321.999592}}