{"success":true,"terms":"https:\/\/currencylayer.com\/terms","privacy":"https:\/\/currencylayer.com\/privacy","timestamp":1779248104,"source":"USD","quotes":{"USDAED":3.672501,"USDAFN":62.999942,"USDALL":82.06033,"USDAMD":368.210224,"USDANG":1.79046,"USDAOA":917.999652,"USDARS":1398.481931,"USDAUD":1.40786,"USDAWG":1.80225,"USDAZN":1.703276,"USDBAM":1.68319,"USDBBD":2.014527,"USDBDT":122.775311,"USDBGN":1.66992,"USDBHD":0.37725,"USDBIF":2975,"USDBMD":1,"USDBND":1.281294,"USDBOB":6.911598,"USDBRL":5.059971,"USDBSD":1.000207,"USDBTC":1.3036807e-5,"USDBTN":96.503322,"USDBWP":13.583201,"USDBYN":2.726365,"USDBYR":19600,"USDBZD":2.011601,"USDCAD":1.37529,"USDCDF":2252.498743,"USDCHF":0.78954,"USDCLF":0.023008,"USDCLP":905.530556,"USDCNY":6.815035,"USDCNH":6.81324,"USDCOP":3794.85,"USDCRC":452.511274,"USDCUC":1,"USDCUP":26.5,"USDCVE":95.374995,"USDCZK":20.964016,"USDDJF":177.719973,"USDDKK":6.440585,"USDDOP":58.850414,"USDDZD":132.914971,"USDEGP":53.107605,"USDERN":15,"USDETB":156.175858,"USDEUR":0.86187,"USDFJD":2.210373,"USDFKP":0.745062,"USDGBP":0.746385,"USDGEL":2.670116,"USDGGP":0.745062,"USDGHS":11.445,"USDGIP":0.745062,"USDGMD":73.000004,"USDGNF":8777.516238,"USDGTQ":7.625047,"USDGYD":209.258494,"USDHKD":7.83333,"USDHNL":26.601892,"USDHRK":6.494898,"USDHTG":130.92646,"USDHUF":311.8025,"USDIDR":17708,"USDILS":2.928935,"USDIMP":0.745062,"USDINR":96.842451,"USDIQD":1310.5,"USDIRR":1320949.999567,"USDISK":123.597801,"USDJEP":0.745062,"USDJMD":158.241248,"USDJOD":0.709048,"USDJPY":158.881498,"USDKES":129.33022,"USDKGS":87.449929,"USDKHR":4011.496786,"USDKMF":424.000134,"USDKPW":900.049483,"USDKRW":1508.610079,"USDKWD":0.30914,"USDKYD":0.833513,"USDKZT":471.023099,"USDLAK":21949.999344,"USDLBP":89550.000453,"USDLKR":330.512012,"USDLRD":183.275001,"USDLSL":16.696375,"USDLTL":2.95274,"USDLVL":0.60489,"USDLYD":6.360072,"USDMAD":9.224586,"USDMDL":17.303671,"USDMGA":4196.357878,"USDMKD":53.138806,"USDMMK":2099.427985,"USDMNT":3578.349826,"USDMOP":8.069452,"USDMRU":39.990135,"USDMUR":47.250064,"USDMVR":15.400492,"USDMWK":1741.000234,"USDMXN":17.418033,"USDMYR":3.977996,"USDMZN":63.910187,"USDNAD":16.711637,"USDNGN":1372.339534,"USDNIO":36.807704,"USDNOK":9.277602,"USDNPR":154.405487,"USDNZD":1.71475,"USDOMR":0.384501,"USDPAB":1.000207,"USDPEN":3.422764,"USDPGK":4.42356,"USDPHP":61.688957,"USDPKR":278.560536,"USDPLN":3.665958,"USDPYG":6125.724515,"USDQAR":3.645916,"USDRON":4.506497,"USDRSD":101.166108,"USDRUB":71.201551,"USDRWF":1462.799604,"USDSAR":3.752456,"USDSBD":8.032258,"USDSCR":13.044846,"USDSDG":600.498743,"USDSEK":9.407802,"USDSGD":1.281565,"USDSHP":0.746601,"USDSLE":24.590302,"USDSLL":20969.502105,"USDSOS":571.620366,"USDSRD":37.227505,"USDSTD":20697.981008,"USDSTN":21.085063,"USDSVC":8.751442,"USDSYP":111.458438,"USDSZL":16.695884,"USDTHB":32.731016,"USDTJS":9.286861,"USDTMT":3.5,"USDTND":2.927516,"USDTOP":2.40776,"USDTRY":45.590897,"USDTTD":6.780784,"USDTWD":31.675501,"USDTZS":2609.997991,"USDUAH":44.17973,"USDUGX":3771.214155,"USDUYU":40.31911,"USDUZS":12021.721544,"USDVES":517.314499,"USDVND":26330,"USDVUV":118.295117,"USDWST":2.706459,"USDXAF":564.531176,"USDXAG":0.01357,"USDXAU":0.000224,"USDXCD":2.70255,"USDXCG":1.802644,"USDXDR":0.702153,"USDXOF":564.523888,"USDXPF":102.636924,"USDYER":238.649867,"USDZAR":16.70915,"USDZMK":9001.201599,"USDZMW":18.829392,"USDZWL":321.999592}}