{"success":true,"terms":"https:\/\/currencylayer.com\/terms","privacy":"https:\/\/currencylayer.com\/privacy","timestamp":1774404728,"source":"USD","quotes":{"USDAED":3.672497,"USDAFN":62.500113,"USDALL":82.669181,"USDAMD":376.230888,"USDANG":1.790083,"USDAOA":917.000212,"USDARS":1397.413896,"USDAUD":1.433743,"USDAWG":1.80225,"USDAZN":1.699718,"USDBAM":1.684191,"USDBBD":2.010067,"USDBDT":122.460754,"USDBGN":1.709309,"USDBHD":0.377687,"USDBIF":2964.056903,"USDBMD":1,"USDBND":1.276953,"USDBOB":6.911428,"USDBRL":5.233805,"USDBSD":0.997972,"USDBTC":1.4165169e-5,"USDBTN":93.511761,"USDBWP":13.674625,"USDBYN":2.954524,"USDBYR":19600,"USDBZD":2.007225,"USDCAD":1.37719,"USDCDF":2277.505142,"USDCHF":0.78866,"USDCLF":0.023245,"USDCLP":917.859918,"USDCNY":6.8927,"USDCNH":6.89045,"USDCOP":3705.32,"USDCRC":464.994123,"USDCUC":1,"USDCUP":26.5,"USDCVE":94.953305,"USDCZK":21.051992,"USDDJF":177.721517,"USDDKK":6.43794,"USDDOP":59.786189,"USDDZD":132.617737,"USDEGP":52.5802,"USDERN":15,"USDETB":154.279108,"USDEUR":0.86162,"USDFJD":2.221303,"USDFKP":0.74705,"USDGBP":0.745875,"USDGEL":2.704943,"USDGGP":0.74705,"USDGHS":10.903627,"USDGIP":0.74705,"USDGMD":73.501507,"USDGNF":8747.24442,"USDGTQ":7.642594,"USDGYD":208.863457,"USDHKD":7.82654,"USDHNL":26.426305,"USDHRK":6.490197,"USDHTG":130.855608,"USDHUF":335.599501,"USDIDR":16915,"USDILS":3.12535,"USDIMP":0.74705,"USDINR":93.90585,"USDIQD":1307.361768,"USDIRR":1313025.000213,"USDISK":123.889946,"USDJEP":0.74705,"USDJMD":157.486621,"USDJOD":0.70902,"USDJPY":158.760496,"USDKES":129.340045,"USDKGS":87.448501,"USDKHR":4005.063378,"USDKMF":426.000347,"USDKPW":899.971148,"USDKRW":1495.07971,"USDKWD":0.30645,"USDKYD":0.831676,"USDKZT":481.782876,"USDLAK":21486.820464,"USDLBP":89375.339068,"USDLKR":313.699656,"USDLRD":183.13807,"USDLSL":17.013787,"USDLTL":2.95274,"USDLVL":0.60489,"USDLYD":6.362944,"USDMAD":9.303745,"USDMDL":17.455028,"USDMGA":4166.899883,"USDMKD":53.079818,"USDMMK":2099.628947,"USDMNT":3568.971376,"USDMOP":8.04266,"USDMRU":39.802636,"USDMUR":46.493009,"USDMVR":15.460198,"USDMWK":1730.481919,"USDMXN":17.74489,"USDMYR":3.952973,"USDMZN":63.910154,"USDNAD":17.013787,"USDNGN":1375.189952,"USDNIO":36.726715,"USDNOK":9.70947,"USDNPR":149.61272,"USDNZD":1.71737,"USDOMR":0.384495,"USDPAB":0.997963,"USDPEN":3.451997,"USDPGK":4.309899,"USDPHP":59.889056,"USDPKR":278.8205,"USDPLN":3.67923,"USDPYG":6511.920293,"USDQAR":3.639338,"USDRON":4.389305,"USDRSD":101.211019,"USDRUB":80.49728,"USDRWF":1459.995436,"USDSAR":3.753637,"USDSBD":8.041975,"USDSCR":14.342935,"USDSDG":601.000141,"USDSEK":9.32263,"USDSGD":1.27836,"USDSHP":0.750259,"USDSLE":24.601579,"USDSLL":20969.510825,"USDSOS":570.306681,"USDSRD":37.339875,"USDSTD":20697.981008,"USDSTN":21.09741,"USDSVC":8.732681,"USDSYP":110.977546,"USDSZL":17.012336,"USDTHB":32.574501,"USDTJS":9.575933,"USDTMT":3.51,"USDTND":2.927264,"USDTOP":2.40776,"USDTRY":44.345197,"USDTTD":6.780508,"USDTWD":31.898797,"USDTZS":2567.55901,"USDUAH":43.82926,"USDUGX":3737.239351,"USDUYU":40.671515,"USDUZS":12175.463071,"USDVES":458.87816,"USDVND":26344,"USDVUV":119.458227,"USDWST":2.748874,"USDXAF":564.849586,"USDXAG":0.0136,"USDXAU":0.000218,"USDXCD":2.70255,"USDXCG":1.798634,"USDXDR":0.702492,"USDXOF":564.869043,"USDXPF":102.697908,"USDYER":238.60029,"USDZAR":16.93555,"USDZMK":9001.20229,"USDZMW":18.887324,"USDZWL":321.999592}}