{"success":true,"terms":"https:\/\/currencylayer.com\/terms","privacy":"https:\/\/currencylayer.com\/privacy","timestamp":1760577854,"source":"USD","quotes":{"USDAED":3.672496,"USDAFN":66.303988,"USDALL":83.024995,"USDAMD":382.670141,"USDANG":1.789982,"USDAOA":916.999898,"USDARS":1361.488402,"USDAUD":1.538379,"USDAWG":1.8025,"USDAZN":1.696617,"USDBAM":1.681852,"USDBBD":2.010502,"USDBDT":121.70593,"USDBGN":1.67914,"USDBHD":0.376975,"USDBIF":2941.901356,"USDBMD":1,"USDBND":1.293963,"USDBOB":6.90696,"USDBRL":5.451195,"USDBSD":0.99821,"USDBTC":9.025597e-6,"USDBTN":88.074127,"USDBWP":14.211433,"USDBYN":3.404707,"USDBYR":19600,"USDBZD":2.007669,"USDCAD":1.403101,"USDCDF":2344.999955,"USDCHF":0.79442,"USDCLF":0.024462,"USDCLP":959.63999,"USDCNY":7.126697,"USDCNH":7.12491,"USDCOP":3891.45,"USDCRC":502.797374,"USDCUC":1,"USDCUP":26.5,"USDCVE":95.124977,"USDCZK":20.80995,"USDDJF":177.760984,"USDDKK":6.40036,"USDDOP":62.911931,"USDDZD":130.087259,"USDEGP":47.5913,"USDERN":15,"USDETB":147.423453,"USDEUR":0.85697,"USDFJD":2.272299,"USDFKP":0.750881,"USDGBP":0.744615,"USDGEL":2.709897,"USDGGP":0.750881,"USDGHS":11.949618,"USDGIP":0.750881,"USDGMD":71.99998,"USDGNF":8663.05706,"USDGTQ":7.655959,"USDGYD":209.100642,"USDHKD":7.773375,"USDHNL":26.189758,"USDHRK":6.458997,"USDHTG":130.61568,"USDHUF":334.714994,"USDIDR":16581,"USDILS":3.277595,"USDIMP":0.750881,"USDINR":87.72275,"USDIQD":1310,"USDIRR":42062.501691,"USDISK":121.190168,"USDJEP":0.750881,"USDJMD":159.924774,"USDJOD":0.708997,"USDJPY":150.692968,"USDKES":129.209359,"USDKGS":87.450193,"USDKHR":4015.509002,"USDKMF":424.000093,"USDKPW":900.036157,"USDKRW":1418.505004,"USDKWD":0.30626,"USDKYD":0.833011,"USDKZT":538.832301,"USDLAK":21697.500947,"USDLBP":89550.00013,"USDLKR":302.84164,"USDLRD":182.673027,"USDLSL":17.35979,"USDLTL":2.95274,"USDLVL":0.60489,"USDLYD":5.43498,"USDMAD":9.182012,"USDMDL":16.907876,"USDMGA":4492.973289,"USDMKD":52.821957,"USDMMK":2099.620081,"USDMNT":3595.997912,"USDMOP":8.002219,"USDMRU":39.939544,"USDMUR":45.403383,"USDMVR":15.299323,"USDMWK":1736.501901,"USDMXN":18.460498,"USDMYR":4.225501,"USDMZN":63.909711,"USDNAD":17.359812,"USDNGN":1463.790125,"USDNIO":36.630156,"USDNOK":10.08735,"USDNPR":140.918947,"USDNZD":1.742024,"USDOMR":0.384515,"USDPAB":0.999583,"USDPEN":3.404032,"USDPGK":4.190499,"USDPHP":58.053988,"USDPKR":281.105277,"USDPLN":3.646225,"USDPYG":7052.903215,"USDQAR":3.64115,"USDRON":4.360699,"USDRSD":100.429809,"USDRUB":78.648354,"USDRWF":1448,"USDSAR":3.750391,"USDSBD":8.233954,"USDSCR":15.065487,"USDSDG":601.502513,"USDSEK":9.4656,"USDSGD":1.293599,"USDSHP":0.750259,"USDSLE":23.101753,"USDSLL":20969.499529,"USDSOS":569.522149,"USDSRD":39.195038,"USDSTD":20697.981008,"USDSTN":21.35,"USDSVC":8.746351,"USDSYP":13002.108722,"USDSZL":17.359662,"USDTHB":32.466973,"USDTJS":9.226364,"USDTMT":3.51,"USDTND":2.920102,"USDTOP":2.3421,"USDTRY":41.850265,"USDTTD":6.78313,"USDTWD":30.547796,"USDTZS":2449.059765,"USDUAH":41.691993,"USDUGX":3450.900132,"USDUYU":40.081349,"USDUZS":12237.494287,"USDVES":201.214665,"USDVND":26340,"USDVUV":122.549789,"USDWST":2.804328,"USDXAF":563.302232,"USDXAG":0.018785,"USDXAU":0.000237,"USDXCD":2.70255,"USDXCG":1.801554,"USDXDR":0.700567,"USDXOF":563.302232,"USDXPF":102.874982,"USDYER":238.849921,"USDZAR":17.33505,"USDZMK":9001.204511,"USDZMW":22.535284,"USDZWL":321.999592}}