{"success":true,"terms":"https:\/\/currencylayer.com\/terms","privacy":"https:\/\/currencylayer.com\/privacy","timestamp":1761701946,"source":"USD","quotes":{"USDAED":3.672499,"USDAFN":65.999885,"USDALL":82.900169,"USDAMD":382.780104,"USDANG":1.789982,"USDAOA":917.000147,"USDARS":1473.475798,"USDAUD":1.516059,"USDAWG":1.8025,"USDAZN":1.696986,"USDBAM":1.678647,"USDBBD":2.015526,"USDBDT":122.383819,"USDBGN":1.678901,"USDBHD":0.377022,"USDBIF":2950.807009,"USDBMD":1,"USDBND":1.295946,"USDBOB":6.914458,"USDBRL":5.358498,"USDBSD":1.000682,"USDBTC":8.883519e-6,"USDBTN":88.277022,"USDBWP":14.226186,"USDBYN":3.410452,"USDBYR":19600,"USDBZD":2.012608,"USDCAD":1.393445,"USDCDF":2225.000006,"USDCHF":0.793298,"USDCLF":0.023998,"USDCLP":941.450202,"USDCNY":7.09925,"USDCNH":7.09612,"USDCOP":3889.22,"USDCRC":501.671523,"USDCUC":1,"USDCUP":26.5,"USDCVE":94.875006,"USDCZK":20.870986,"USDDJF":177.719827,"USDDKK":6.410445,"USDDOP":64.249859,"USDDZD":129.912784,"USDEGP":47.368705,"USDERN":15,"USDETB":151.278349,"USDEUR":0.85835,"USDFJD":2.26045,"USDFKP":0.750277,"USDGBP":0.753655,"USDGEL":2.719969,"USDGGP":0.750277,"USDGHS":10.875007,"USDGIP":0.750277,"USDGMD":72.999917,"USDGNF":8678.000154,"USDGTQ":7.665404,"USDGYD":209.363105,"USDHKD":7.76842,"USDHNL":26.298545,"USDHRK":6.467302,"USDHTG":130.992486,"USDHUF":333.161502,"USDIDR":16585.3,"USDILS":3.257303,"USDIMP":0.750277,"USDINR":88.22235,"USDIQD":1310,"USDIRR":42074.999721,"USDISK":123.089934,"USDJEP":0.750277,"USDJMD":160.424686,"USDJOD":0.709007,"USDJPY":151.777496,"USDKES":129.200735,"USDKGS":87.450253,"USDKHR":4025.000287,"USDKMF":421.999833,"USDKPW":899.980753,"USDKRW":1433.419671,"USDKWD":0.30669,"USDKYD":0.833916,"USDKZT":533.514147,"USDLAK":21695.000201,"USDLBP":89569.336113,"USDLKR":304.513327,"USDLRD":183.449762,"USDLSL":17.15962,"USDLTL":2.95274,"USDLVL":0.60489,"USDLYD":5.435011,"USDMAD":9.211031,"USDMDL":17.001901,"USDMGA":4522.00005,"USDMKD":52.892044,"USDMMK":2099.371182,"USDMNT":3588.55862,"USDMOP":8.008806,"USDMRU":40.069681,"USDMUR":45.33012,"USDMVR":15.302561,"USDMWK":1736.496392,"USDMXN":18.435601,"USDMYR":4.190501,"USDMZN":63.903184,"USDNAD":17.15978,"USDNGN":1456.729783,"USDNIO":36.760131,"USDNOK":9.983345,"USDNPR":141.243064,"USDNZD":1.730415,"USDOMR":0.384507,"USDPAB":1.000682,"USDPEN":3.392498,"USDPGK":4.201503,"USDPHP":59.230297,"USDPKR":281.010243,"USDPLN":3.633898,"USDPYG":7098.991928,"USDQAR":3.6412,"USDRON":4.363977,"USDRSD":100.647989,"USDRUB":79.248682,"USDRWF":1449.5,"USDSAR":3.750257,"USDSBD":8.223823,"USDSCR":14.680694,"USDSDG":601.500634,"USDSEK":9.37888,"USDSGD":1.294055,"USDSHP":0.750259,"USDSLE":23.20972,"USDSLL":20969.499529,"USDSOS":571.500097,"USDSRD":39.548503,"USDSTD":20697.981008,"USDSTN":21.45,"USDSVC":8.756368,"USDSYP":11056.825278,"USDSZL":17.159767,"USDTHB":32.349753,"USDTJS":9.241399,"USDTMT":3.5,"USDTND":2.911505,"USDTOP":2.342096,"USDTRY":41.95793,"USDTTD":6.792521,"USDTWD":30.550502,"USDTZS":2459.999759,"USDUAH":42.100258,"USDUGX":3479.514722,"USDUYU":39.953824,"USDUZS":12024.999662,"USDVES":217.89725,"USDVND":26328,"USDVUV":121.954666,"USDWST":2.798001,"USDXAF":563.002476,"USDXAG":0.021095,"USDXAU":0.000252,"USDXCD":2.70255,"USDXCG":1.803528,"USDXDR":0.700977,"USDXOF":562.498951,"USDXPF":102.674967,"USDYER":238.603673,"USDZAR":17.14435,"USDZMK":9001.200559,"USDZMW":21.965402,"USDZWL":321.999592}}