{"success":true,"terms":"https:\/\/currencylayer.com\/terms","privacy":"https:\/\/currencylayer.com\/privacy","timestamp":1754099045,"source":"USD","quotes":{"USDAED":3.673042,"USDAFN":70.503991,"USDALL":85.403989,"USDAMD":383.550403,"USDANG":1.789699,"USDAOA":917.000367,"USDARS":1354.222596,"USDAUD":1.54585,"USDAWG":1.8025,"USDAZN":1.70397,"USDBAM":1.713247,"USDBBD":2.018439,"USDBDT":122.209083,"USDBGN":1.688945,"USDBHD":0.374962,"USDBIF":2942.5,"USDBMD":1,"USDBND":1.298031,"USDBOB":6.908,"USDBRL":5.538804,"USDBSD":0.999759,"USDBTC":8.78395e-6,"USDBTN":87.434466,"USDBWP":13.715262,"USDBYN":3.271533,"USDBYR":19600,"USDBZD":2.008103,"USDCAD":1.38005,"USDCDF":2890.000362,"USDCHF":0.803795,"USDCLF":0.024709,"USDCLP":969.330396,"USDCNY":7.211804,"USDCNH":7.19286,"USDCOP":4124.99,"USDCRC":505.09165,"USDCUC":1,"USDCUP":26.5,"USDCVE":96.02504,"USDCZK":21.201404,"USDDJF":177.720393,"USDDKK":6.439804,"USDDOP":60.750393,"USDDZD":130.142814,"USDEGP":48.338726,"USDERN":15,"USDETB":138.150392,"USDEUR":0.86255,"USDFJD":2.261504,"USDFKP":0.756365,"USDGBP":0.752899,"USDGEL":2.703861,"USDGGP":0.756365,"USDGHS":10.503856,"USDGIP":0.756365,"USDGMD":72.503851,"USDGNF":8675.000355,"USDGTQ":7.6728,"USDGYD":209.14964,"USDHKD":7.84925,"USDHNL":26.350388,"USDHRK":6.502404,"USDHTG":130.871822,"USDHUF":344.13504,"USDIDR":16367.95,"USDILS":3.41469,"USDIMP":0.756365,"USDINR":87.166904,"USDIQD":1310,"USDIRR":42112.503816,"USDISK":123.430386,"USDJEP":0.756365,"USDJMD":160.357401,"USDJOD":0.70904,"USDJPY":147.38404,"USDKES":129.503801,"USDKGS":87.450384,"USDKHR":4015.00035,"USDKMF":427.503794,"USDKPW":899.980278,"USDKRW":1389.030383,"USDKWD":0.30527,"USDKYD":0.83306,"USDKZT":542.539912,"USDLAK":21600.000349,"USDLBP":89550.000349,"USDLKR":301.206666,"USDLRD":201.000348,"USDLSL":18.10377,"USDLTL":2.95274,"USDLVL":0.60489,"USDLYD":5.455039,"USDMAD":9.086504,"USDMDL":17.214813,"USDMGA":4430.000347,"USDMKD":53.925498,"USDMMK":2098.469766,"USDMNT":3591.435698,"USDMOP":8.082518,"USDMRU":39.820379,"USDMUR":46.803741,"USDMVR":15.403739,"USDMWK":1736.503736,"USDMXN":18.858904,"USDMYR":4.277504,"USDMZN":63.960377,"USDNAD":18.103727,"USDNGN":1533.980377,"USDNIO":36.750377,"USDNOK":10.23875,"USDNPR":139.89532,"USDNZD":1.691189,"USDOMR":0.381948,"USDPAB":0.999672,"USDPEN":3.694504,"USDPGK":4.13025,"USDPHP":57.766038,"USDPKR":283.250374,"USDPLN":3.68625,"USDPYG":7487.900488,"USDQAR":3.64075,"USDRON":4.380304,"USDRSD":101.789038,"USDRUB":79.88758,"USDRWF":1440,"USDSAR":3.751106,"USDSBD":8.264604,"USDSCR":14.156038,"USDSDG":600.503676,"USDSEK":9.65361,"USDSGD":1.289904,"USDSHP":0.785843,"USDSLE":23.000338,"USDSLL":20969.503947,"USDSOS":571.503662,"USDSRD":36.84037,"USDSTD":20697.981008,"USDSTN":21.7,"USDSVC":8.74741,"USDSYP":13001.991551,"USDSZL":18.103649,"USDTHB":32.360369,"USDTJS":9.431969,"USDTMT":3.51,"USDTND":2.894504,"USDTOP":2.342104,"USDTRY":40.633804,"USDTTD":6.775727,"USDTWD":29.709038,"USDTZS":2539.612038,"USDUAH":41.788813,"USDUGX":3583.645402,"USDUYU":40.16117,"USDUZS":12760.000334,"USDVES":123.49336,"USDVND":26220,"USDVUV":120.138643,"USDWST":2.771841,"USDXAF":574.607012,"USDXAG":0.027014,"USDXAU":0.000297,"USDXCD":2.70255,"USDXCG":1.801721,"USDXDR":0.69341,"USDXOF":573.000332,"USDXPF":105.503591,"USDYER":240.603589,"USDZAR":18.15427,"USDZMK":9001.203584,"USDZMW":22.86753,"USDZWL":321.999592}}