{"success":true,"terms":"https:\/\/currencylayer.com\/terms","privacy":"https:\/\/currencylayer.com\/privacy","timestamp":1756516808,"source":"USD","quotes":{"USDAED":3.672504,"USDAFN":69.503991,"USDALL":83.850403,"USDAMD":382.520403,"USDANG":1.789783,"USDAOA":917.000367,"USDARS":1342.688342,"USDAUD":1.529304,"USDAWG":1.8025,"USDAZN":1.70397,"USDBAM":1.676431,"USDBBD":2.014495,"USDBDT":121.622259,"USDBGN":1.672204,"USDBHD":0.375818,"USDBIF":2948.5,"USDBMD":1,"USDBND":1.285567,"USDBOB":6.911271,"USDBRL":5.432404,"USDBSD":1.000219,"USDBTC":9.276352e-6,"USDBTN":88.156209,"USDBWP":13.465107,"USDBYN":3.403177,"USDBYR":19600,"USDBZD":2.01158,"USDCAD":1.37485,"USDCDF":2865.000362,"USDCHF":0.800518,"USDCLF":0.024637,"USDCLP":966.503912,"USDCNY":7.130804,"USDCNH":7.12231,"USDCOP":4017.25,"USDCRC":505.037951,"USDCUC":1,"USDCUP":26.5,"USDCVE":94.62504,"USDCZK":20.928604,"USDDJF":177.720393,"USDDKK":6.387704,"USDDOP":63.000359,"USDDZD":128.141873,"USDEGP":48.414118,"USDERN":15,"USDETB":141.703874,"USDEUR":0.855804,"USDFJD":2.255404,"USDFKP":0.739957,"USDGBP":0.740466,"USDGEL":2.69504,"USDGGP":0.739957,"USDGHS":11.75039,"USDGIP":0.739957,"USDGMD":71.503851,"USDGNF":8681.000355,"USDGTQ":7.666428,"USDGYD":209.163884,"USDHKD":7.79775,"USDHNL":26.410388,"USDHRK":6.447504,"USDHTG":130.91386,"USDHUF":339.420388,"USDIDR":16416.25,"USDILS":3.34452,"USDIMP":0.739957,"USDINR":88.16745,"USDIQD":1310,"USDIRR":42075.000352,"USDISK":122.540386,"USDJEP":0.739957,"USDJMD":160.040115,"USDJOD":0.70904,"USDJPY":147.05404,"USDKES":129.503801,"USDKGS":87.391304,"USDKHR":4006.00035,"USDKMF":422.00035,"USDKPW":900.03541,"USDKRW":1388.970383,"USDKWD":0.305475,"USDKYD":0.833501,"USDKZT":538.801435,"USDLAK":21675.000349,"USDLBP":89565.891938,"USDLKR":302.011323,"USDLRD":200.532296,"USDLSL":17.640381,"USDLTL":2.95274,"USDLVL":0.60489,"USDLYD":5.420381,"USDMAD":9.037504,"USDMDL":16.663167,"USDMGA":4475.000347,"USDMKD":52.749551,"USDMMK":2099.589215,"USDMNT":3598.002954,"USDMOP":8.030721,"USDMRU":39.970379,"USDMUR":45.910378,"USDMVR":15.403739,"USDMWK":1734.289351,"USDMXN":18.655604,"USDMYR":4.225039,"USDMZN":63.903729,"USDNAD":17.640377,"USDNGN":1538.730377,"USDNIO":36.810377,"USDNOK":10.059304,"USDNPR":141.049762,"USDNZD":1.696353,"USDOMR":0.383306,"USDPAB":1.000219,"USDPEN":3.532504,"USDPGK":4.146504,"USDPHP":57.088038,"USDPKR":281.750374,"USDPLN":3.648856,"USDPYG":7230.991433,"USDQAR":3.640604,"USDRON":4.342038,"USDRSD":100.326017,"USDRUB":79.648171,"USDRWF":1445,"USDSAR":3.752438,"USDSBD":8.210319,"USDSCR":14.129123,"USDSDG":600.503676,"USDSEK":9.461604,"USDSGD":1.284104,"USDSHP":0.785843,"USDSLE":23.290371,"USDSLL":20969.49797,"USDSOS":571.639188,"USDSRD":38.605504,"USDSTD":20697.981008,"USDSTN":21.3,"USDSVC":8.751591,"USDSYP":13001.911386,"USDSZL":17.640369,"USDTHB":32.270369,"USDTJS":9.326659,"USDTMT":3.51,"USDTND":2.873504,"USDTOP":2.342104,"USDTRY":41.103635,"USDTTD":6.796412,"USDTWD":30.579038,"USDTZS":2505.878038,"USDUAH":41.381211,"USDUGX":3549.494491,"USDUYU":40.029315,"USDUZS":12475.000334,"USDVES":146.89867,"USDVND":26345,"USDVUV":119.905576,"USDWST":2.672352,"USDXAF":562.259299,"USDXAG":0.025175,"USDXAU":0.00029,"USDXCD":2.70255,"USDXCG":1.802605,"USDXDR":0.699264,"USDXOF":561.503593,"USDXPF":102.503591,"USDYER":240.000331,"USDZAR":17.65301,"USDZMK":9001.203584,"USDZMW":23.58901,"USDZWL":321.999592}}