{"success":true,"terms":"https:\/\/currencylayer.com\/terms","privacy":"https:\/\/currencylayer.com\/privacy","timestamp":1762306624,"source":"USD","quotes":{"USDAED":3.672503,"USDAFN":68.999591,"USDALL":83.795056,"USDAMD":382.549731,"USDANG":1.789982,"USDAOA":917.000261,"USDARS":1457.737397,"USDAUD":1.54643,"USDAWG":1.8,"USDAZN":1.683593,"USDBAM":1.702376,"USDBBD":2.014336,"USDBDT":121.911626,"USDBGN":1.70269,"USDBHD":0.376979,"USDBIF":2950,"USDBMD":1,"USDBND":1.306122,"USDBOB":6.910056,"USDBRL":5.400797,"USDBSD":1.000118,"USDBTC":1.0067138e-5,"USDBTN":88.662288,"USDBWP":13.501151,"USDBYN":3.408468,"USDBYR":19600,"USDBZD":2.01114,"USDCAD":1.411355,"USDCDF":2243.999753,"USDCHF":0.80837,"USDCLF":0.024137,"USDCLP":946.889874,"USDCNY":7.12975,"USDCNH":7.13525,"USDCOP":3861.99,"USDCRC":501.799602,"USDCUC":1,"USDCUP":26.5,"USDCVE":96.374999,"USDCZK":21.230271,"USDDJF":177.719926,"USDDKK":6.495395,"USDDOP":64.149605,"USDDZD":130.603306,"USDEGP":47.307798,"USDERN":15,"USDETB":152.624963,"USDEUR":0.87009,"USDFJD":2.287898,"USDFKP":0.760542,"USDGBP":0.76825,"USDGEL":2.71977,"USDGGP":0.760542,"USDGHS":10.935011,"USDGIP":0.760542,"USDGMD":73.499605,"USDGNF":8691.000163,"USDGTQ":7.664956,"USDGYD":209.207606,"USDHKD":7.77539,"USDHNL":26.350373,"USDHRK":6.5582,"USDHTG":130.942953,"USDHUF":338.005027,"USDIDR":16714,"USDILS":3.26885,"USDIMP":0.760542,"USDINR":88.73245,"USDIQD":1310,"USDIRR":42100.000341,"USDISK":127.380406,"USDJEP":0.760542,"USDJMD":160.532351,"USDJOD":0.709051,"USDJPY":153.16598,"USDKES":129.203383,"USDKGS":87.450193,"USDKHR":4025.000248,"USDKMF":425.999798,"USDKPW":900.001478,"USDKRW":1447.780114,"USDKWD":0.30719,"USDKYD":0.833431,"USDKZT":523.986717,"USDLAK":21639.99992,"USDLBP":89549.999639,"USDLKR":304.752952,"USDLRD":183.449815,"USDLSL":17.30984,"USDLTL":2.95274,"USDLVL":0.60489,"USDLYD":5.455029,"USDMAD":9.310065,"USDMDL":17.072502,"USDMGA":4484.999937,"USDMKD":53.574072,"USDMMK":2099.588461,"USDMNT":3591.543191,"USDMOP":8.007207,"USDMRU":39.798206,"USDMUR":45.897294,"USDMVR":15.405014,"USDMWK":1737.000107,"USDMXN":18.753901,"USDMYR":4.202009,"USDMZN":63.950095,"USDNAD":17.310376,"USDNGN":1442.759418,"USDNIO":36.750247,"USDNOK":10.23346,"USDNPR":141.86001,"USDNZD":1.77417,"USDOMR":0.384511,"USDPAB":1.000044,"USDPEN":3.377018,"USDPGK":4.212028,"USDPHP":58.670351,"USDPKR":280.897801,"USDPLN":3.70715,"USDPYG":7087.86498,"USDQAR":3.640897,"USDRON":4.4257,"USDRSD":101.985007,"USDRUB":80.994383,"USDRWF":1449.5,"USDSAR":3.750468,"USDSBD":8.230592,"USDSCR":15.136363,"USDSDG":600.50015,"USDSEK":9.586199,"USDSGD":1.307875,"USDSHP":0.750259,"USDSLE":23.203383,"USDSLL":20969.499529,"USDSOS":571.499577,"USDSRD":38.499497,"USDSTD":20697.981008,"USDSTN":21.5,"USDSVC":8.751246,"USDSYP":11056.913788,"USDSZL":17.31015,"USDTHB":32.550035,"USDTJS":9.229712,"USDTMT":3.51,"USDTND":2.933502,"USDTOP":2.342104,"USDTRY":42.087685,"USDTTD":6.781476,"USDTWD":30.9738,"USDTZS":2459.807032,"USDUAH":42.087974,"USDUGX":3485.17885,"USDUYU":39.821911,"USDUZS":11989.999706,"USDVES":223.682195,"USDVND":26320,"USDVUV":122.084691,"USDWST":2.802706,"USDXAF":570.868979,"USDXAG":0.021201,"USDXAU":0.000253,"USDXCD":2.70255,"USDXCG":1.802475,"USDXDR":0.70875,"USDXOF":568.650164,"USDXPF":103.949982,"USDYER":238.550386,"USDZAR":17.552835,"USDZMK":9001.203789,"USDZMW":22.324529,"USDZWL":321.999592}}