{"success":true,"terms":"https:\/\/currencylayer.com\/terms","privacy":"https:\/\/currencylayer.com\/privacy","timestamp":1756948807,"source":"USD","quotes":{"USDAED":3.672504,"USDAFN":68.365146,"USDALL":83.950202,"USDAMD":381.506212,"USDANG":1.789783,"USDAOA":916.999848,"USDARS":1361.250016,"USDAUD":1.528605,"USDAWG":1.8025,"USDAZN":1.698326,"USDBAM":1.677495,"USDBBD":2.011313,"USDBDT":121.608467,"USDBGN":1.67733,"USDBHD":0.376978,"USDBIF":2979.42048,"USDBMD":1,"USDBND":1.287346,"USDBOB":6.90084,"USDBRL":5.450302,"USDBSD":0.998675,"USDBTC":8.947505e-6,"USDBTN":88.019178,"USDBWP":13.426019,"USDBYN":3.372972,"USDBYR":19600,"USDBZD":2.008397,"USDCAD":1.380085,"USDCDF":2864.999893,"USDCHF":0.80426,"USDCLF":0.024686,"USDCLP":968.409503,"USDCNY":7.1421,"USDCNH":7.14086,"USDCOP":4004,"USDCRC":504.867693,"USDCUC":1,"USDCUP":26.5,"USDCVE":94.574601,"USDCZK":20.96065,"USDDJF":177.830001,"USDDKK":6.403495,"USDDOP":63.375014,"USDDZD":129.865517,"USDEGP":48.542801,"USDERN":15,"USDETB":142.939915,"USDEUR":0.85789,"USDFJD":2.280309,"USDFKP":0.746838,"USDGBP":0.744225,"USDGEL":2.694962,"USDGGP":0.746838,"USDGHS":12.033158,"USDGIP":0.746838,"USDGMD":72.000106,"USDGNF":8656.423275,"USDGTQ":7.660144,"USDGYD":208.929238,"USDHKD":7.800505,"USDHNL":26.149852,"USDHRK":6.463599,"USDHTG":130.621417,"USDHUF":337.680345,"USDIDR":16452.35,"USDILS":3.35859,"USDIMP":0.746838,"USDINR":88.087004,"USDIQD":1310,"USDIRR":42075.000228,"USDISK":123.349552,"USDJEP":0.746838,"USDJMD":159.403011,"USDJOD":0.708971,"USDJPY":148.082499,"USDKES":128.980276,"USDKGS":87.436973,"USDKHR":4003.999756,"USDKMF":422.501197,"USDKPW":899.982096,"USDKRW":1391.679961,"USDKWD":0.30583,"USDKYD":0.8322,"USDKZT":539.287874,"USDLAK":21660.355674,"USDLBP":89445.299735,"USDLKR":301.709757,"USDLRD":200.72819,"USDLSL":17.65984,"USDLTL":2.95274,"USDLVL":0.60489,"USDLYD":5.421353,"USDMAD":9.074995,"USDMDL":16.707478,"USDMGA":4480.000131,"USDMKD":52.778743,"USDMMK":2099.136809,"USDMNT":3596.238933,"USDMOP":8.025113,"USDMRU":39.960095,"USDMUR":46.200677,"USDMVR":15.409931,"USDMWK":1737.999643,"USDMXN":18.716551,"USDMYR":4.223802,"USDMZN":63.90229,"USDNAD":17.660243,"USDNGN":1528.430175,"USDNIO":36.75099,"USDNOK":10.04942,"USDNPR":140.837157,"USDNZD":1.700265,"USDOMR":0.384485,"USDPAB":0.998593,"USDPEN":3.532499,"USDPGK":4.231962,"USDPHP":57.234002,"USDPKR":281.750094,"USDPLN":3.64882,"USDPYG":7212.971341,"USDQAR":3.6406,"USDRON":4.354597,"USDRSD":100.50103,"USDRUB":81.005949,"USDRWF":1446.669812,"USDSAR":3.752118,"USDSBD":8.223823,"USDSCR":14.695036,"USDSDG":600.50249,"USDSEK":9.426225,"USDSGD":1.28855,"USDSHP":0.785843,"USDSLE":23.290043,"USDSLL":20969.49797,"USDSOS":571.499323,"USDSRD":38.8515,"USDSTD":20697.981008,"USDSTN":21.012998,"USDSVC":8.737976,"USDSYP":13001.695672,"USDSZL":17.65971,"USDTHB":32.291003,"USDTJS":9.397381,"USDTMT":3.51,"USDTND":2.879011,"USDTOP":2.342099,"USDTRY":41.162701,"USDTTD":6.76447,"USDTWD":30.675801,"USDTZS":2496.092031,"USDUAH":41.318078,"USDUGX":3528.468324,"USDUYU":39.968608,"USDUZS":12406.29878,"USDVES":151.783895,"USDVND":26387.5,"USDVUV":120.08766,"USDWST":2.661819,"USDXAF":562.642707,"USDXAG":0.024331,"USDXAU":0.000281,"USDXCD":2.70255,"USDXCG":1.79975,"USDXDR":0.699693,"USDXOF":562.596863,"USDXPF":102.286567,"USDYER":240.149802,"USDZAR":17.666706,"USDZMK":9001.199675,"USDZMW":23.74963,"USDZWL":321.999592}}