{"success":true,"terms":"https:\/\/currencylayer.com\/terms","privacy":"https:\/\/currencylayer.com\/privacy","timestamp":1777949108,"source":"USD","quotes":{"USDAED":3.672501,"USDAFN":63.498121,"USDALL":81.989926,"USDAMD":370.903715,"USDANG":1.789884,"USDAOA":917.99994,"USDARS":1402.006099,"USDAUD":1.396209,"USDAWG":1.8025,"USDAZN":1.666847,"USDBAM":1.67146,"USDBBD":2.014355,"USDBDT":122.739548,"USDBGN":1.668102,"USDBHD":0.377397,"USDBIF":2975,"USDBMD":1,"USDBND":1.275858,"USDBOB":6.936925,"USDBRL":4.986403,"USDBSD":1.000128,"USDBTC":1.236298e-5,"USDBTN":95.070143,"USDBWP":13.576443,"USDBYN":2.828953,"USDBYR":19600,"USDBZD":2.011854,"USDCAD":1.362055,"USDCDF":2316.000008,"USDCHF":0.783875,"USDCLF":0.0232,"USDCLP":913.070207,"USDCNY":6.83025,"USDCNH":6.82998,"USDCOP":3728.45,"USDCRC":454.739685,"USDCUC":1,"USDCUP":26.5,"USDCVE":94.649572,"USDCZK":20.870699,"USDDJF":177.719914,"USDDKK":6.39159,"USDDOP":59.599647,"USDDZD":132.414619,"USDEGP":53.520699,"USDERN":15,"USDETB":157.074947,"USDEUR":0.85536,"USDFJD":2.199298,"USDFKP":0.736222,"USDGBP":0.739055,"USDGEL":2.68502,"USDGGP":0.736222,"USDGHS":11.194968,"USDGIP":0.736222,"USDGMD":73.500761,"USDGNF":8777.498985,"USDGTQ":7.643867,"USDGYD":209.252937,"USDHKD":7.835455,"USDHNL":26.630374,"USDHRK":6.445196,"USDHTG":130.892468,"USDHUF":312.436018,"USDIDR":17402.4,"USDILS":2.943995,"USDIMP":0.736222,"USDINR":95.258503,"USDIQD":1310,"USDIRR":1315000.000108,"USDISK":122.660239,"USDJEP":0.736222,"USDJMD":157.565709,"USDJOD":0.709004,"USDJPY":157.204033,"USDKES":129.180007,"USDKGS":87.420497,"USDKHR":4011.999491,"USDKMF":420.497187,"USDKPW":899.999998,"USDKRW":1473.590041,"USDKWD":0.30803,"USDKYD":0.833593,"USDKZT":463.980036,"USDLAK":21962.49757,"USDLBP":89401.229103,"USDLKR":319.60688,"USDLRD":183.624968,"USDLSL":16.830237,"USDLTL":2.95274,"USDLVL":0.60489,"USDLYD":6.335029,"USDMAD":9.247035,"USDMDL":17.22053,"USDMGA":4154.999875,"USDMKD":52.731978,"USDMMK":2099.74975,"USDMNT":3576.675528,"USDMOP":8.070745,"USDMRU":39.950363,"USDMUR":46.760396,"USDMVR":15.454953,"USDMWK":1741.506315,"USDMXN":17.511699,"USDMYR":3.962501,"USDMZN":63.909443,"USDNAD":16.830103,"USDNGN":1370.9301,"USDNIO":36.71988,"USDNOK":9.279735,"USDNPR":152.110449,"USDNZD":1.704345,"USDOMR":0.384508,"USDPAB":1.000329,"USDPEN":3.505955,"USDPGK":4.332498,"USDPHP":61.707497,"USDPKR":278.749687,"USDPLN":3.64165,"USDPYG":6218.192229,"USDQAR":3.642977,"USDRON":4.441199,"USDRSD":100.416023,"USDRUB":74.999487,"USDRWF":1460.5,"USDSAR":3.752195,"USDSBD":8.025868,"USDSCR":13.849662,"USDSDG":600.515336,"USDSEK":9.29673,"USDSGD":1.27646,"USDSHP":0.746601,"USDSLE":24.649496,"USDSLL":20969.496166,"USDSOS":571.498196,"USDSRD":37.456018,"USDSTD":20697.981008,"USDSTN":21.15,"USDSVC":8.752948,"USDSYP":110.524984,"USDSZL":16.830344,"USDTHB":32.730017,"USDTJS":9.363182,"USDTMT":3.505,"USDTND":2.885497,"USDTOP":2.40776,"USDTRY":45.221947,"USDTTD":6.794204,"USDTWD":31.616798,"USDTZS":2595.00028,"USDUAH":44.075497,"USDUGX":3753.577989,"USDUYU":40.286638,"USDUZS":11997.999954,"USDVES":488.94275,"USDVND":26333,"USDVUV":118.778782,"USDWST":2.715188,"USDXAF":560.591908,"USDXAG":0.013661,"USDXAU":0.00022,"USDXCD":2.70255,"USDXCG":1.8029,"USDXDR":0.69563,"USDXOF":558.498325,"USDXPF":102.37503,"USDYER":238.625015,"USDZAR":16.786198,"USDZMK":9001.198735,"USDZMW":18.731492,"USDZWL":321.999592}}