{"success":true,"terms":"https:\/\/currencylayer.com\/terms","privacy":"https:\/\/currencylayer.com\/privacy","timestamp":1782185707,"source":"USD","quotes":{"USDAED":3.672499,"USDAFN":63.499211,"USDALL":82.599871,"USDAMD":368.06984,"USDANG":1.790403,"USDAOA":917.000011,"USDARS":1461.519245,"USDAUD":1.434103,"USDAWG":1.8,"USDAZN":1.693524,"USDBAM":1.707839,"USDBBD":2.019173,"USDBDT":122.896637,"USDBGN":1.69088,"USDBHD":0.378044,"USDBIF":2989.634336,"USDBMD":1,"USDBND":1.296533,"USDBOB":6.91239,"USDBRL":5.158599,"USDBSD":1.002494,"USDBTC":1.5636972e-5,"USDBTN":94.655909,"USDBWP":13.605776,"USDBYN":2.805013,"USDBYR":19600,"USDBZD":2.016285,"USDCAD":1.41687,"USDCDF":2265.000091,"USDCHF":0.808885,"USDCLF":0.023028,"USDCLP":906.310039,"USDCNY":6.774796,"USDCNH":6.780711,"USDCOP":3440.13,"USDCRC":454.784115,"USDCUC":1,"USDCUP":26.5,"USDCVE":96.87503,"USDCZK":21.183994,"USDDJF":178.525487,"USDDKK":6.54239,"USDDOP":58.604757,"USDDZD":133.538437,"USDEGP":49.8114,"USDERN":15,"USDETB":159.15019,"USDEUR":0.875303,"USDFJD":2.24285,"USDFKP":0.755695,"USDGBP":0.75525,"USDGEL":2.644987,"USDGGP":0.755695,"USDGHS":11.229932,"USDGIP":0.755695,"USDGMD":72.999981,"USDGNF":8784.035073,"USDGTQ":7.628428,"USDGYD":209.275317,"USDHKD":7.839755,"USDHNL":26.670214,"USDHRK":6.595299,"USDHTG":130.960611,"USDHUF":308.570229,"USDIDR":17868,"USDILS":2.97135,"USDIMP":0.755695,"USDINR":94.71945,"USDIQD":1310,"USDIRR":1375000.000266,"USDISK":126.000142,"USDJEP":0.755695,"USDJMD":158.408737,"USDJOD":0.708978,"USDJPY":161.58196,"USDKES":129.377673,"USDKGS":87.449912,"USDKHR":4012.501118,"USDKMF":430.999938,"USDKPW":900.00035,"USDKRW":1536.914975,"USDKWD":0.30867,"USDKYD":0.835444,"USDKZT":488.630447,"USDLAK":22049.999845,"USDLBP":89550.000078,"USDLKR":335.219143,"USDLRD":182.198432,"USDLSL":16.472163,"USDLTL":2.952739,"USDLVL":0.60489,"USDLYD":6.427478,"USDMAD":9.35033,"USDMDL":17.629557,"USDMGA":4229.999814,"USDMKD":53.957653,"USDMMK":2099.917974,"USDMNT":3579.231668,"USDMOP":8.095209,"USDMRU":40.069863,"USDMUR":47.810484,"USDMVR":15.459903,"USDMWK":1738.365682,"USDMXN":17.38315,"USDMYR":4.140297,"USDMZN":63.90433,"USDNAD":16.472091,"USDNGN":1368.119802,"USDNIO":36.630122,"USDNOK":9.714085,"USDNPR":151.770486,"USDNZD":1.75449,"USDOMR":0.384492,"USDPAB":1.000358,"USDPEN":3.384974,"USDPGK":4.36375,"USDPHP":61.412503,"USDPKR":278.149993,"USDPLN":3.74385,"USDPYG":6111.57296,"USDQAR":3.646018,"USDRON":4.583602,"USDRSD":102.771993,"USDRUB":74.250026,"USDRWF":1464.5,"USDSAR":3.753691,"USDSBD":8.065041,"USDSCR":13.258842,"USDSDG":600.500719,"USDSEK":9.63696,"USDSGD":1.29405,"USDSHP":0.746601,"USDSLE":24.750255,"USDSLL":20969.503664,"USDSOS":572.921224,"USDSRD":37.430499,"USDSTD":20697.981008,"USDSTN":21.6,"USDSVC":8.771861,"USDSYP":110.532098,"USDSZL":16.409827,"USDTHB":33.041984,"USDTJS":9.278635,"USDTMT":3.51,"USDTND":2.911503,"USDTOP":2.40776,"USDTRY":46.475973,"USDTTD":6.798512,"USDTWD":31.638019,"USDTZS":2628.232007,"USDUAH":45.088297,"USDUGX":3651.795772,"USDUYU":40.002096,"USDUZS":11994.999781,"USDVES":616.865275,"USDVND":26317.5,"USDVUV":118.352303,"USDWST":2.751796,"USDXAF":574.021212,"USDXAG":0.015863,"USDXAU":0.000242,"USDXCD":2.70255,"USDXCG":1.80679,"USDXDR":0.713895,"USDXOF":574.016189,"USDXPF":104.850152,"USDYER":238.649834,"USDZAR":16.42555,"USDZMK":9001.200483,"USDZMW":17.769494,"USDZWL":321.999592}}