{"success":true,"terms":"https:\/\/currencylayer.com\/terms","privacy":"https:\/\/currencylayer.com\/privacy","timestamp":1763602024,"source":"USD","quotes":{"USDAED":3.672498,"USDAFN":65.99973,"USDALL":83.750258,"USDAMD":381.469549,"USDANG":1.790055,"USDAOA":917.000472,"USDARS":1407.006096,"USDAUD":1.542665,"USDAWG":1.80125,"USDAZN":1.70349,"USDBAM":1.688145,"USDBBD":2.014242,"USDBDT":122.307002,"USDBGN":1.69513,"USDBHD":0.376997,"USDBIF":2966,"USDBMD":1,"USDBND":1.304085,"USDBOB":6.910124,"USDBRL":5.330502,"USDBSD":1.000043,"USDBTC":1.0850371e-5,"USDBTN":88.504611,"USDBWP":14.207787,"USDBYN":3.414754,"USDBYR":19600,"USDBZD":2.011315,"USDCAD":1.405155,"USDCDF":2225.000353,"USDCHF":0.80574,"USDCLF":0.023769,"USDCLP":932.450136,"USDCNY":7.107998,"USDCNH":7.11648,"USDCOP":3714,"USDCRC":500.174781,"USDCUC":1,"USDCUP":26.5,"USDCVE":96.049874,"USDCZK":20.960803,"USDDJF":177.719757,"USDDKK":6.47733,"USDDOP":63.374967,"USDDZD":130.642811,"USDEGP":47.3961,"USDERN":15,"USDETB":154.198687,"USDEUR":0.867295,"USDFJD":2.2889,"USDFKP":0.760507,"USDGBP":0.766095,"USDGEL":2.700997,"USDGGP":0.760507,"USDGHS":11.024989,"USDGIP":0.760507,"USDGMD":73.504886,"USDGNF":8690.000218,"USDGTQ":7.660438,"USDGYD":209.142147,"USDHKD":7.78449,"USDHNL":26.250122,"USDHRK":6.534501,"USDHTG":130.913642,"USDHUF":331.310106,"USDIDR":16706.1,"USDILS":3.27692,"USDIMP":0.760507,"USDINR":88.48755,"USDIQD":1310,"USDIRR":42125.000085,"USDISK":127.319732,"USDJEP":0.760507,"USDJMD":160.668741,"USDJOD":0.709016,"USDJPY":157.069706,"USDKES":130.000149,"USDKGS":87.449924,"USDKHR":4013.999714,"USDKMF":427.000177,"USDKPW":900.017317,"USDKRW":1468.169874,"USDKWD":0.30746,"USDKYD":0.833341,"USDKZT":518.662691,"USDLAK":21679.999881,"USDLBP":89550.000376,"USDLKR":308.273273,"USDLRD":179.750571,"USDLSL":17.210211,"USDLTL":2.95274,"USDLVL":0.60489,"USDLYD":5.450065,"USDMAD":9.282501,"USDMDL":17.010332,"USDMGA":4490.000106,"USDMKD":53.323106,"USDMMK":2099.296672,"USDMNT":3570.655461,"USDMOP":8.020698,"USDMRU":39.820074,"USDMUR":45.92019,"USDMVR":15.409709,"USDMWK":1736.499573,"USDMXN":18.342028,"USDMYR":4.157499,"USDMZN":63.895018,"USDNAD":17.210162,"USDNGN":1451.140134,"USDNIO":36.750068,"USDNOK":10.178715,"USDNPR":141.607723,"USDNZD":1.78328,"USDOMR":0.384507,"USDPAB":1.000004,"USDPEN":3.380502,"USDPGK":4.22825,"USDPHP":59.0798,"USDPKR":280.660266,"USDPLN":3.66705,"USDPYG":7042.423719,"USDQAR":3.64085,"USDRON":4.412398,"USDRSD":101.69598,"USDRUB":80.552469,"USDRWF":1450,"USDSAR":3.750639,"USDSBD":8.230592,"USDSCR":14.409484,"USDSDG":601.503673,"USDSEK":9.549055,"USDSGD":1.30662,"USDSHP":0.750259,"USDSLE":23.374979,"USDSLL":20969.498139,"USDSOS":571.497601,"USDSRD":38.576499,"USDSTD":20697.981008,"USDSTN":21.5,"USDSVC":8.750254,"USDSYP":11057.023193,"USDSZL":17.24024,"USDTHB":32.449761,"USDTJS":9.235364,"USDTMT":3.5,"USDTND":2.945502,"USDTOP":2.40776,"USDTRY":42.3554,"USDTTD":6.782353,"USDTWD":31.230303,"USDTZS":2419.999744,"USDUAH":42.098058,"USDUGX":3655.431358,"USDUYU":39.824097,"USDUZS":11949.99984,"USDVES":237.45331,"USDVND":26377,"USDVUV":122.161304,"USDWST":2.816955,"USDXAF":566.16836,"USDXAG":0.019387,"USDXAU":0.000244,"USDXCD":2.70255,"USDXCG":1.802355,"USDXDR":0.704691,"USDXOF":565.495602,"USDXPF":103.874995,"USDYER":238.488667,"USDZAR":17.185798,"USDZMK":9001.219621,"USDZMW":22.725802,"USDZWL":321.999592}}