{"success":true,"terms":"https:\/\/currencylayer.com\/terms","privacy":"https:\/\/currencylayer.com\/privacy","timestamp":1781409967,"source":"USD","quotes":{"USDAED":3.672504,"USDAFN":64.000368,"USDALL":82.087167,"USDAMD":368.450607,"USDANG":1.790403,"USDAOA":918.000367,"USDARS":1428.330353,"USDAUD":1.418842,"USDAWG":1.801525,"USDAZN":1.70397,"USDBAM":1.689603,"USDBBD":2.013822,"USDBDT":122.983888,"USDBGN":1.69088,"USDBHD":0.37683,"USDBIF":2970.152477,"USDBMD":1,"USDBND":1.283746,"USDBOB":6.909421,"USDBRL":5.061504,"USDBSD":0.99987,"USDBTC":1.5768095e-5,"USDBTN":95.052482,"USDBWP":13.460326,"USDBYN":2.766446,"USDBYR":19600,"USDBZD":2.010971,"USDCAD":1.39945,"USDCDF":2295.000362,"USDCHF":0.799521,"USDCLF":0.022916,"USDCLP":904.902596,"USDCNY":6.771504,"USDCNH":6.76346,"USDCOP":3492.894475,"USDCRC":454.839964,"USDCUC":1,"USDCUP":26.5,"USDCVE":95.257224,"USDCZK":20.874704,"USDDJF":178.057103,"USDDKK":6.461104,"USDDOP":58.710207,"USDDZD":133.120816,"USDEGP":51.846573,"USDERN":15,"USDETB":157.556391,"USDEUR":0.863904,"USDFJD":2.215904,"USDFKP":0.745521,"USDGBP":0.748195,"USDGEL":2.65504,"USDGGP":0.745521,"USDGHS":11.098441,"USDGIP":0.745521,"USDGMD":73.000355,"USDGNF":8759.016889,"USDGTQ":7.622133,"USDGYD":209.191828,"USDHKD":7.83605,"USDHNL":26.736642,"USDHRK":6.513804,"USDHTG":130.733014,"USDHUF":304.250388,"USDIDR":17779.3,"USDILS":2.92082,"USDIMP":0.745521,"USDINR":95.110504,"USDIQD":1309.835428,"USDIRR":1375877.503816,"USDISK":124.650386,"USDJEP":0.745521,"USDJMD":158.489914,"USDJOD":0.70904,"USDJPY":160.22504,"USDKES":129.480368,"USDKGS":87.450384,"USDKHR":4017.105093,"USDKMF":426.00035,"USDKPW":900.00035,"USDKRW":1518.020383,"USDKWD":0.30848,"USDKYD":0.833312,"USDKZT":488.937843,"USDLAK":22017.191482,"USDLBP":89543.518639,"USDLKR":335.207982,"USDLRD":181.97918,"USDLSL":16.286467,"USDLTL":2.95274,"USDLVL":0.60489,"USDLYD":6.372943,"USDMAD":9.260766,"USDMDL":17.462745,"USDMGA":4172.605935,"USDMKD":53.254719,"USDMMK":2099.254457,"USDMNT":3578.100965,"USDMOP":8.070062,"USDMRU":39.65617,"USDMUR":47.250378,"USDMVR":15.460378,"USDMWK":1733.834392,"USDMXN":17.222904,"USDMYR":4.057604,"USDMZN":63.903729,"USDNAD":16.286467,"USDNGN":1360.503725,"USDNIO":36.793227,"USDNOK":9.513504,"USDNPR":152.084143,"USDNZD":1.715119,"USDOMR":0.384251,"USDPAB":0.99987,"USDPEN":3.400458,"USDPGK":4.378213,"USDPHP":60.771038,"USDPKR":278.191957,"USDPLN":3.66995,"USDPYG":6122.413719,"USDQAR":3.65522,"USDRON":4.526104,"USDRSD":101.386549,"USDRUB":72.4589,"USDRWF":1468.359898,"USDSAR":3.753804,"USDSBD":8.045573,"USDSCR":14.065224,"USDSDG":600.503676,"USDSEK":9.47869,"USDSGD":1.284504,"USDSHP":0.746601,"USDSLE":24.650371,"USDSLL":20969.503664,"USDSOS":571.465595,"USDSRD":37.509504,"USDSTD":20697.981008,"USDSTN":21.165392,"USDSVC":8.74865,"USDSYP":110.532098,"USDSZL":16.273163,"USDTHB":32.873038,"USDTJS":9.318906,"USDTMT":3.51,"USDTND":2.933437,"USDTOP":2.40776,"USDTRY":46.232504,"USDTTD":6.791931,"USDTWD":31.621504,"USDTZS":2624.681439,"USDUAH":44.803507,"USDUGX":3749.298086,"USDUYU":40.387024,"USDUZS":11975.292644,"USDVES":581.95784,"USDVND":26310,"USDVUV":119.415431,"USDWST":2.743477,"USDXAF":566.677033,"USDXAG":0.014699,"USDXAU":0.000237,"USDXCD":2.70255,"USDXCG":1.801996,"USDXDR":0.704764,"USDXOF":566.677033,"USDXPF":103.027947,"USDYER":238.603589,"USDZAR":16.31128,"USDZMK":9001.203584,"USDZMW":17.467928,"USDZWL":321.999592}}