{"success":true,"terms":"https:\/\/currencylayer.com\/terms","privacy":"https:\/\/currencylayer.com\/privacy","timestamp":1779593827,"source":"USD","quotes":{"USDAED":3.672504,"USDAFN":62.503991,"USDALL":82.21715,"USDAMD":367.457686,"USDANG":1.79046,"USDAOA":918.000367,"USDARS":1405.603945,"USDAUD":1.40056,"USDAWG":1.8,"USDAZN":1.70397,"USDBAM":1.684655,"USDBBD":2.012145,"USDBDT":122.787372,"USDBGN":1.66992,"USDBHD":0.37676,"USDBIF":2973.599208,"USDBMD":1,"USDBND":1.279039,"USDBOB":6.902967,"USDBRL":5.034404,"USDBSD":0.999009,"USDBTC":1.3175968e-5,"USDBTN":95.544166,"USDBWP":13.511348,"USDBYN":2.742926,"USDBYR":19600,"USDBZD":2.009217,"USDCAD":1.38255,"USDCDF":2255.000362,"USDCHF":0.784598,"USDCLF":0.022887,"USDCLP":897.549421,"USDCNY":6.79475,"USDCNH":6.79779,"USDCOP":3680.089582,"USDCRC":452.129721,"USDCUC":1,"USDCUP":26.5,"USDCVE":94.978251,"USDCZK":20.931604,"USDDJF":177.897412,"USDDKK":6.439504,"USDDOP":58.882811,"USDDZD":133.517378,"USDEGP":53.093587,"USDERN":15,"USDETB":161.054309,"USDEUR":0.861404,"USDFJD":2.206104,"USDFKP":0.744177,"USDGBP":0.744048,"USDGEL":2.660391,"USDGGP":0.744177,"USDGHS":11.599121,"USDGIP":0.744177,"USDGMD":72.503851,"USDGNF":8755.760369,"USDGTQ":7.617899,"USDGYD":208.975408,"USDHKD":7.83585,"USDHNL":26.579095,"USDHRK":6.493904,"USDHTG":130.823894,"USDHUF":309.190388,"USDIDR":17698.6,"USDILS":2.89104,"USDIMP":0.744177,"USDINR":95.700504,"USDIQD":1308.669624,"USDIRR":1323400.000352,"USDISK":123.760386,"USDJEP":0.744177,"USDJMD":157.70705,"USDJOD":0.70904,"USDJPY":159.20504,"USDKES":129.669667,"USDKGS":87.450384,"USDKHR":4003.617727,"USDKMF":425.00035,"USDKPW":899.965393,"USDKRW":1520.370383,"USDKWD":0.30951,"USDKYD":0.832508,"USDKZT":471.777424,"USDLAK":21894.138421,"USDLBP":89482.923468,"USDLKR":334.157371,"USDLRD":182.815797,"USDLSL":16.478315,"USDLTL":2.95274,"USDLVL":0.60489,"USDLYD":6.366338,"USDMAD":9.216245,"USDMDL":17.32805,"USDMGA":4197.424523,"USDMKD":53.094449,"USDMMK":2099.368685,"USDMNT":3577.814737,"USDMOP":8.06331,"USDMRU":39.920755,"USDMUR":47.380378,"USDMVR":15.403739,"USDMWK":1732.288212,"USDMXN":17.328204,"USDMYR":3.967904,"USDMZN":63.903729,"USDNAD":16.478315,"USDNGN":1372.250377,"USDNIO":36.762996,"USDNOK":9.272104,"USDNPR":152.870494,"USDNZD":1.70911,"USDOMR":0.385762,"USDPAB":0.999009,"USDPEN":3.40609,"USDPGK":4.356777,"USDPHP":61.474038,"USDPKR":278.137215,"USDPLN":3.65305,"USDPYG":6088.11749,"USDQAR":3.652526,"USDRON":4.524404,"USDRSD":101.132693,"USDRUB":71.790516,"USDRWF":1460.528016,"USDSAR":3.751909,"USDSBD":8.045182,"USDSCR":13.726689,"USDSDG":600.503676,"USDSEK":9.367704,"USDSGD":1.280404,"USDSHP":0.746601,"USDSLE":24.603667,"USDSLL":20969.502105,"USDSOS":570.911753,"USDSRD":37.154038,"USDSTD":20697.981008,"USDSTN":21.103407,"USDSVC":8.741117,"USDSYP":110.533529,"USDSZL":16.474439,"USDTHB":32.703646,"USDTJS":9.280848,"USDTMT":3.5,"USDTND":2.924501,"USDTOP":2.40776,"USDTRY":45.671304,"USDTTD":6.780654,"USDTWD":31.454504,"USDTZS":2612.515612,"USDUAH":44.214738,"USDUGX":3783.108661,"USDUYU":39.993109,"USDUZS":11985.873638,"USDVES":526.210504,"USDVND":26365,"USDVUV":118.819217,"USDWST":2.724778,"USDXAF":565.017443,"USDXAG":0.013243,"USDXAU":0.000222,"USDXCD":2.70255,"USDXCG":1.800508,"USDXDR":0.7027,"USDXOF":565.017443,"USDXPF":102.726216,"USDYER":238.650363,"USDZAR":16.869304,"USDZMK":9001.203584,"USDZMW":18.80615,"USDZWL":321.999592}}