{"success":true,"terms":"https:\/\/currencylayer.com\/terms","privacy":"https:\/\/currencylayer.com\/privacy","timestamp":1758244984,"source":"USD","quotes":{"USDAED":3.672967,"USDAFN":68.999897,"USDALL":82.000201,"USDAMD":382.590267,"USDANG":1.790403,"USDAOA":917.000382,"USDARS":1475.382804,"USDAUD":1.513168,"USDAWG":1.40625,"USDAZN":1.702368,"USDBAM":1.653108,"USDBBD":2.015045,"USDBDT":121.75949,"USDBGN":1.659405,"USDBHD":0.377102,"USDBIF":2942.5,"USDBMD":1,"USDBND":1.279604,"USDBOB":6.913223,"USDBRL":5.305399,"USDBSD":1.000507,"USDBTC":8.516546e-6,"USDBTN":88.102443,"USDBWP":14.232162,"USDBYN":3.389232,"USDBYR":19600,"USDBZD":2.01218,"USDCAD":1.38015,"USDCDF":2823.999819,"USDCHF":0.793055,"USDCLF":0.024358,"USDCLP":955.559664,"USDCNY":7.113401,"USDCNH":7.112345,"USDCOP":3894.25,"USDCRC":504.0994,"USDCUC":1,"USDCUP":26.5,"USDCVE":93.874964,"USDCZK":20.636803,"USDDJF":177.719875,"USDDKK":6.337095,"USDDOP":62.250384,"USDDZD":129.389459,"USDEGP":48.228902,"USDERN":15,"USDETB":143.134371,"USDEUR":0.84904,"USDFJD":2.266976,"USDFKP":0.731979,"USDGBP":0.738471,"USDGEL":2.700193,"USDGGP":0.731979,"USDGHS":12.269543,"USDGIP":0.731979,"USDGMD":74.000535,"USDGNF":8661.000106,"USDGTQ":7.663765,"USDGYD":209.282472,"USDHKD":7.77775,"USDHNL":26.160079,"USDHRK":6.395598,"USDHTG":130.91032,"USDHUF":330.785497,"USDIDR":16587.55,"USDILS":3.345115,"USDIMP":0.731979,"USDINR":88.255401,"USDIQD":1310,"USDIRR":42062.496752,"USDISK":121.579976,"USDJEP":0.731979,"USDJMD":160.535202,"USDJOD":0.708953,"USDJPY":148.071036,"USDKES":129.499443,"USDKGS":87.450187,"USDKHR":4007.000443,"USDKMF":417.99976,"USDKPW":899.981828,"USDKRW":1394.490566,"USDKWD":0.30527,"USDKYD":0.833745,"USDKZT":541.272927,"USDLAK":21645.000264,"USDLBP":89550.000088,"USDLKR":302.221696,"USDLRD":178.249766,"USDLSL":17.350427,"USDLTL":2.95274,"USDLVL":0.60489,"USDLYD":5.395004,"USDMAD":9.004992,"USDMDL":16.54305,"USDMGA":4464.999746,"USDMKD":52.008097,"USDMMK":2099.410231,"USDMNT":3597.68587,"USDMOP":8.014944,"USDMRU":39.949117,"USDMUR":45.259751,"USDMVR":15.298872,"USDMWK":1734.863789,"USDMXN":18.37945,"USDMYR":4.205046,"USDMZN":63.906225,"USDNAD":17.349735,"USDNGN":1495.529982,"USDNIO":36.720448,"USDNOK":9.890315,"USDNPR":140.96357,"USDNZD":1.700145,"USDOMR":0.384491,"USDPAB":1.000511,"USDPEN":3.483975,"USDPGK":4.193004,"USDPHP":57.218501,"USDPKR":281.498609,"USDPLN":3.617945,"USDPYG":7123.688292,"USDQAR":3.64075,"USDRON":4.304802,"USDRSD":99.371994,"USDRUB":83.315065,"USDRWF":1444,"USDSAR":3.750631,"USDSBD":8.196859,"USDSCR":15.221734,"USDSDG":601.500967,"USDSEK":9.36451,"USDSGD":1.28303,"USDSHP":0.785843,"USDSLE":23.297745,"USDSLL":20969.503664,"USDSOS":571.487145,"USDSRD":38.1365,"USDSTD":20697.981008,"USDSTN":20.975,"USDSVC":8.754232,"USDSYP":13001.791617,"USDSZL":17.349729,"USDTHB":31.921034,"USDTJS":9.379675,"USDTMT":3.5,"USDTND":2.88875,"USDTOP":2.3421,"USDTRY":41.397196,"USDTTD":6.787254,"USDTWD":30.173197,"USDTZS":2474.999991,"USDUAH":41.284185,"USDUGX":3503.492928,"USDUYU":40.013355,"USDUZS":12350.000009,"USDVES":163.442845,"USDVND":26385,"USDVUV":118.486076,"USDWST":2.647502,"USDXAF":554.439185,"USDXAG":0.023877,"USDXAU":0.000274,"USDXCD":2.70255,"USDXCG":1.803144,"USDXDR":0.689851,"USDXOF":553.000114,"USDXPF":101.624976,"USDYER":239.450026,"USDZAR":17.360215,"USDZMK":9001.222327,"USDZMW":23.577143,"USDZWL":321.999592}}