{"success":true,"terms":"https:\/\/currencylayer.com\/terms","privacy":"https:\/\/currencylayer.com\/privacy","timestamp":1751593215,"source":"USD","quotes":{"USDAED":3.672499,"USDAFN":69.996091,"USDALL":83.27739,"USDAMD":385.381834,"USDANG":1.789623,"USDAOA":917.000179,"USDARS":1231.489603,"USDAUD":1.521317,"USDAWG":1.8025,"USDAZN":1.689175,"USDBAM":1.662028,"USDBBD":2.023556,"USDBDT":122.948277,"USDBGN":1.661725,"USDBHD":0.376943,"USDBIF":2985.604786,"USDBMD":1,"USDBND":1.276109,"USDBOB":6.925826,"USDBRL":5.409401,"USDBSD":1.002218,"USDBTC":9.12492e-6,"USDBTN":85.454491,"USDBWP":13.239518,"USDBYN":3.279924,"USDBYR":19600,"USDBZD":2.013188,"USDCAD":1.35756,"USDCDF":2885.000295,"USDCHF":0.794732,"USDCLF":0.024177,"USDCLP":927.78945,"USDCNY":7.165398,"USDCNH":7.168755,"USDCOP":3990,"USDCRC":505.956933,"USDCUC":1,"USDCUP":26.5,"USDCVE":93.702597,"USDCZK":20.94203,"USDDJF":178.468546,"USDDKK":6.343598,"USDDOP":59.909244,"USDDZD":129.827171,"USDEGP":49.355794,"USDERN":15,"USDETB":138.247761,"USDEUR":0.85021,"USDFJD":2.236702,"USDFKP":0.734104,"USDGBP":0.732425,"USDGEL":2.720465,"USDGGP":0.734104,"USDGHS":10.373442,"USDGIP":0.734104,"USDGMD":71.508345,"USDGNF":8689.814579,"USDGTQ":7.705937,"USDGYD":209.686808,"USDHKD":7.849395,"USDHNL":26.185013,"USDHRK":6.405302,"USDHTG":131.59639,"USDHUF":339.09302,"USDIDR":16219.25,"USDILS":3.330315,"USDIMP":0.734104,"USDINR":85.47055,"USDIQD":1312.932599,"USDIRR":42124.999672,"USDISK":121.070379,"USDJEP":0.734104,"USDJMD":160.11489,"USDJOD":0.709049,"USDJPY":144.715994,"USDKES":129.530429,"USDKGS":87.450254,"USDKHR":4022.841993,"USDKMF":417.999731,"USDKPW":900.026587,"USDKRW":1366.969872,"USDKWD":0.30532,"USDKYD":0.835263,"USDKZT":520.771104,"USDLAK":21595.829208,"USDLBP":89801.700439,"USDLKR":300.68281,"USDLRD":200.95092,"USDLSL":17.552847,"USDLTL":2.95274,"USDLVL":0.60489,"USDLYD":5.396885,"USDMAD":8.992356,"USDMDL":16.87777,"USDMGA":4401.842315,"USDMKD":52.287859,"USDMMK":2099.206326,"USDMNT":3585.282261,"USDMOP":8.103301,"USDMRU":39.748296,"USDMUR":44.870383,"USDMVR":15.394491,"USDMWK":1737.962916,"USDMXN":18.649605,"USDMYR":4.2325,"USDMZN":63.959975,"USDNAD":17.552847,"USDNGN":1532.000439,"USDNIO":36.8803,"USDNOK":10.05261,"USDNPR":136.723942,"USDNZD":1.645982,"USDOMR":0.384499,"USDPAB":1.002248,"USDPEN":3.569477,"USDPGK":4.137562,"USDPHP":56.541015,"USDPKR":284.411322,"USDPLN":3.606303,"USDPYG":7990.380612,"USDQAR":3.652502,"USDRON":4.300898,"USDRSD":99.584052,"USDRUB":79.303388,"USDRWF":1439.691361,"USDSAR":3.750203,"USDSBD":8.336924,"USDSCR":14.093284,"USDSDG":600.502312,"USDSEK":9.57544,"USDSGD":1.275037,"USDSHP":0.785843,"USDSLE":22.450324,"USDSLL":20969.503664,"USDSOS":572.749367,"USDSRD":37.184957,"USDSTD":20697.981008,"USDSVC":8.76988,"USDSYP":13001.780124,"USDSZL":17.560482,"USDTHB":32.480144,"USDTJS":9.716806,"USDTMT":3.51,"USDTND":2.91573,"USDTOP":2.342098,"USDTRY":39.840665,"USDTTD":6.790708,"USDTWD":28.841602,"USDTZS":2631.539022,"USDUAH":41.847839,"USDUGX":3595.480793,"USDUYU":40.152793,"USDUZS":12620.299043,"USDVES":109.473501,"USDVND":26210,"USDVUV":118.949104,"USDWST":2.601531,"USDXAF":557.416849,"USDXAG":0.027165,"USDXAU":0.0003,"USDXCD":2.70255,"USDXDR":0.693248,"USDXOF":557.412113,"USDXPF":101.346499,"USDYER":242.149852,"USDZAR":17.514045,"USDZMK":9001.205509,"USDZMW":24.178486,"USDZWL":321.999592}}