{"success":true,"terms":"https:\/\/currencylayer.com\/terms","privacy":"https:\/\/currencylayer.com\/privacy","timestamp":1782530885,"source":"USD","quotes":{"USDAED":3.672504,"USDAFN":63.000368,"USDALL":82.732897,"USDAMD":367.370222,"USDANG":1.790403,"USDAOA":917.000367,"USDARS":1478.086972,"USDAUD":1.450326,"USDAWG":1.80125,"USDAZN":1.70397,"USDBAM":1.716442,"USDBBD":2.015885,"USDBDT":123.112028,"USDBGN":1.69088,"USDBHD":0.377375,"USDBIF":2972.662249,"USDBMD":1,"USDBND":1.295099,"USDBOB":6.916495,"USDBRL":5.177041,"USDBSD":1.000921,"USDBTC":1.6773458e-5,"USDBTN":93.946202,"USDBWP":13.602176,"USDBYN":2.902892,"USDBYR":19600,"USDBZD":2.012989,"USDCAD":1.41895,"USDCDF":2267.50392,"USDCHF":0.809775,"USDCLF":0.023439,"USDCLP":922.497696,"USDCNY":6.79815,"USDCNH":6.804685,"USDCOP":3438.325508,"USDCRC":454.429769,"USDCUC":1,"USDCUP":26.5,"USDCVE":96.770372,"USDCZK":21.30904,"USDDJF":178.235113,"USDDKK":6.565804,"USDDOP":58.809075,"USDDZD":133.424898,"USDEGP":49.530036,"USDERN":15,"USDETB":161.36601,"USDEUR":0.877704,"USDFJD":2.266104,"USDFKP":0.756718,"USDGBP":0.757719,"USDGEL":2.64504,"USDGGP":0.756718,"USDGHS":11.285269,"USDGIP":0.756718,"USDGMD":73.000355,"USDGNF":8770.020624,"USDGTQ":7.63614,"USDGYD":209.469481,"USDHKD":7.84255,"USDHNL":26.780464,"USDHRK":6.617804,"USDHTG":130.8175,"USDHUF":310.850388,"USDIDR":17860.6,"USDILS":3.00205,"USDIMP":0.756718,"USDINR":94.360504,"USDIQD":1311.158892,"USDIRR":1375250.000352,"USDISK":126.490386,"USDJEP":0.756718,"USDJMD":157.637457,"USDJOD":0.70904,"USDJPY":161.75504,"USDKES":129.518627,"USDKGS":87.450384,"USDKHR":4017.727851,"USDKMF":434.00035,"USDKPW":900.00035,"USDKRW":1535.130383,"USDKWD":0.30961,"USDKYD":0.834087,"USDKZT":485.637808,"USDLAK":21969.371188,"USDLBP":89630.523498,"USDLKR":336.443021,"USDLRD":182.31603,"USDLSL":16.452675,"USDLTL":2.95274,"USDLVL":0.60489,"USDLYD":6.42503,"USDMAD":9.385493,"USDMDL":17.746281,"USDMGA":4233.621484,"USDMKD":54.091886,"USDMMK":2099.450161,"USDMNT":3580.242389,"USDMOP":8.085217,"USDMRU":39.945588,"USDMUR":47.250378,"USDMVR":15.450378,"USDMWK":1735.574181,"USDMXN":17.504204,"USDMYR":4.088039,"USDMZN":63.903729,"USDNAD":16.452675,"USDNGN":1376.130377,"USDNIO":36.83356,"USDNOK":9.933039,"USDNPR":150.313748,"USDNZD":1.769755,"USDOMR":0.384659,"USDPAB":1.000921,"USDPEN":3.41305,"USDPGK":4.39247,"USDPHP":61.312038,"USDPKR":278.550353,"USDPLN":3.76695,"USDPYG":6109.087718,"USDQAR":3.648427,"USDRON":4.603104,"USDRSD":103.014612,"USDRUB":77.756812,"USDRWF":1465.794901,"USDSAR":3.758743,"USDSBD":8.051953,"USDSCR":14.057835,"USDSDG":600.000339,"USDSEK":9.73761,"USDSGD":1.294204,"USDSHP":0.746601,"USDSLE":24.803667,"USDSLL":20969.503664,"USDSOS":572.030366,"USDSRD":37.483038,"USDSTD":20697.981008,"USDSTN":21.501602,"USDSVC":8.757734,"USDSYP":110.532098,"USDSZL":16.443021,"USDTHB":33.378038,"USDTJS":9.263329,"USDTMT":3.5,"USDTND":2.966607,"USDTOP":2.40776,"USDTRY":46.553304,"USDTTD":6.802405,"USDTWD":31.859804,"USDTZS":2632.322612,"USDUAH":44.926675,"USDUGX":3673.702225,"USDUYU":40.177279,"USDUZS":12022.46698,"USDVES":620.752985,"USDVND":26300,"USDVUV":119.950905,"USDWST":2.785497,"USDXAF":575.678617,"USDXAG":0.017058,"USDXAU":0.000246,"USDXCD":2.70255,"USDXCG":1.803853,"USDXDR":0.715959,"USDXOF":575.678617,"USDXPF":104.664531,"USDYER":238.625037,"USDZAR":16.987795,"USDZMK":9001.203584,"USDZMW":18.029751,"USDZWL":321.999592}}