{"success":true,"terms":"https:\/\/currencylayer.com\/terms","privacy":"https:\/\/currencylayer.com\/privacy","timestamp":1759454468,"source":"USD","quotes":{"USDAED":3.672499,"USDAFN":68.514547,"USDALL":82.44959,"USDAMD":383.339884,"USDANG":1.790403,"USDAOA":917.000134,"USDARS":1424.493992,"USDAUD":1.515037,"USDAWG":1.40625,"USDAZN":1.700199,"USDBAM":1.66427,"USDBBD":2.014177,"USDBDT":121.69947,"USDBGN":1.668325,"USDBHD":0.377025,"USDBIF":2945,"USDBMD":1,"USDBND":1.286691,"USDBOB":6.910548,"USDBRL":5.336495,"USDBSD":1.000026,"USDBTC":8.315386e-6,"USDBTN":88.77439,"USDBWP":13.267868,"USDBYN":3.389169,"USDBYR":19600,"USDBZD":2.011283,"USDCAD":1.39678,"USDCDF":2559.999793,"USDCHF":0.797645,"USDCLF":0.024521,"USDCLP":961.969788,"USDCNY":7.11955,"USDCNH":7.135245,"USDCOP":3885.88,"USDCRC":504.09728,"USDCUC":1,"USDCUP":26.5,"USDCVE":94.449653,"USDCZK":20.720702,"USDDJF":177.719687,"USDDKK":6.37125,"USDDOP":62.549418,"USDDZD":129.637858,"USDEGP":47.746402,"USDERN":15,"USDETB":144.649588,"USDEUR":0.853315,"USDFJD":2.253303,"USDFKP":0.742073,"USDGBP":0.744205,"USDGEL":2.724974,"USDGGP":0.742073,"USDGHS":12.550342,"USDGIP":0.742073,"USDGMD":73.502391,"USDGNF":8679.999851,"USDGTQ":7.665274,"USDGYD":209.218123,"USDHKD":7.782415,"USDHNL":26.180131,"USDHRK":6.4267,"USDHTG":130.857663,"USDHUF":332.118969,"USDIDR":16634.4,"USDILS":3.31842,"USDIMP":0.742073,"USDINR":88.732897,"USDIQD":1310,"USDIRR":42074.999981,"USDISK":121.340498,"USDJEP":0.742073,"USDJMD":160.113005,"USDJOD":0.709032,"USDJPY":147.542983,"USDKES":129.510374,"USDKGS":87.450144,"USDKHR":4009.000348,"USDKMF":420.999763,"USDKPW":899.960397,"USDKRW":1408.184992,"USDKWD":0.305901,"USDKYD":0.833411,"USDKZT":546.976182,"USDLAK":21674.999965,"USDLBP":89550.000166,"USDLKR":302.586009,"USDLRD":181.800865,"USDLSL":17.209804,"USDLTL":2.95274,"USDLVL":0.60489,"USDLYD":5.41497,"USDMAD":9.091498,"USDMDL":16.720134,"USDMGA":4466.000235,"USDMKD":52.563567,"USDMMK":2099.370089,"USDMNT":3596.909366,"USDMOP":8.014398,"USDMRU":39.89651,"USDMUR":45.259602,"USDMVR":15.299126,"USDMWK":1736.000135,"USDMXN":18.42985,"USDMYR":4.213017,"USDMZN":63.903071,"USDNAD":17.210023,"USDNGN":1477.369465,"USDNIO":36.62502,"USDNOK":9.981815,"USDNPR":142.039024,"USDNZD":1.71832,"USDOMR":0.384496,"USDPAB":1.000013,"USDPEN":3.477501,"USDPGK":4.184057,"USDPHP":58.116968,"USDPKR":281.302491,"USDPLN":3.634025,"USDPYG":7027.068424,"USDQAR":3.6407,"USDRON":4.339501,"USDRSD":99.970978,"USDRUB":82.546854,"USDRWF":1448.5,"USDSAR":3.750315,"USDSBD":8.265027,"USDSCR":14.376229,"USDSDG":601.502276,"USDSEK":9.404702,"USDSGD":1.289465,"USDSHP":0.785843,"USDSLE":23.300062,"USDSLL":20969.503664,"USDSOS":572.498291,"USDSRD":37.97596,"USDSTD":20697.981008,"USDSTN":21.275,"USDSVC":8.750074,"USDSYP":13001.952663,"USDSZL":17.2099,"USDTHB":32.473059,"USDTJS":9.325085,"USDTMT":3.5,"USDTND":2.898499,"USDTOP":2.3421,"USDTRY":41.6711,"USDTTD":6.790507,"USDTWD":30.457197,"USDTZS":2459.99981,"USDUAH":41.281069,"USDUGX":3465.030591,"USDUYU":39.865894,"USDUZS":12104.99968,"USDVES":181.077095,"USDVND":26395.5,"USDVUV":120.244053,"USDWST":2.785445,"USDXAF":558.173394,"USDXAG":0.021344,"USDXAU":0.000259,"USDXCD":2.70255,"USDXCG":1.802292,"USDXDR":0.694091,"USDXOF":557.499899,"USDXPF":101.850043,"USDYER":239.250012,"USDZAR":17.32005,"USDZMK":9001.197601,"USDZMW":23.775486,"USDZWL":321.999592}}