{"success":true,"terms":"https:\/\/currencylayer.com\/terms","privacy":"https:\/\/currencylayer.com\/privacy","timestamp":1779939487,"source":"USD","quotes":{"USDAED":3.672495,"USDAFN":62.499162,"USDALL":82.207926,"USDAMD":368.049876,"USDANG":1.79046,"USDAOA":917.999875,"USDARS":1412.171801,"USDAUD":1.406964,"USDAWG":1.8,"USDAZN":1.641137,"USDBAM":1.682959,"USDBBD":2.017331,"USDBDT":122.958966,"USDBGN":1.66992,"USDBHD":0.377855,"USDBIF":2979.691937,"USDBMD":1,"USDBND":1.279408,"USDBOB":6.921091,"USDBRL":5.075499,"USDBSD":1.001527,"USDBTC":1.3630924e-5,"USDBTN":95.703608,"USDBWP":13.48478,"USDBYN":2.749971,"USDBYR":19600,"USDBZD":2.014397,"USDCAD":1.386605,"USDCDF":2259.999785,"USDCHF":0.789905,"USDCLF":0.022736,"USDCLP":894.840236,"USDCNY":6.77905,"USDCNH":6.784105,"USDCOP":3638.62,"USDCRC":453.481568,"USDCUC":1,"USDCUP":26.5,"USDCVE":94.883445,"USDCZK":20.948011,"USDDJF":178.361214,"USDDKK":6.44463,"USDDOP":59.193543,"USDDZD":132.509405,"USDEGP":52.219621,"USDERN":15,"USDETB":159.402547,"USDEUR":0.86241,"USDFJD":2.220459,"USDFKP":0.744269,"USDGBP":0.74735,"USDGEL":2.659895,"USDGGP":0.744269,"USDGHS":11.677896,"USDGIP":0.744269,"USDGMD":73.000034,"USDGNF":8776.941278,"USDGTQ":7.627181,"USDGYD":209.506845,"USDHKD":7.832005,"USDHNL":26.569558,"USDHRK":6.496597,"USDHTG":131.161366,"USDHUF":306.67968,"USDIDR":17881,"USDILS":2.826985,"USDIMP":0.744269,"USDINR":96.313796,"USDIQD":1312.113037,"USDIRR":1342000.000044,"USDISK":123.405219,"USDJEP":0.744269,"USDJMD":157.754114,"USDJOD":0.709005,"USDJPY":159.621505,"USDKES":129.790127,"USDKGS":87.45025,"USDKHR":4037.587774,"USDKMF":423.99988,"USDKPW":899.996323,"USDKRW":1510.200465,"USDKWD":0.30964,"USDKYD":0.834674,"USDKZT":480.703536,"USDLAK":21954.693114,"USDLBP":89709.702819,"USDLKR":332.561762,"USDLRD":183.175011,"USDLSL":16.381387,"USDLTL":2.95274,"USDLVL":0.60489,"USDLYD":6.361622,"USDMAD":9.204371,"USDMDL":17.34697,"USDMGA":4195.000044,"USDMKD":53.132852,"USDMMK":2099.607958,"USDMNT":3578.472644,"USDMOP":8.082041,"USDMRU":40.053869,"USDMUR":47.310405,"USDMVR":15.394587,"USDMWK":1736.732279,"USDMXN":17.417197,"USDMYR":3.9763,"USDMZN":63.911276,"USDNAD":16.380611,"USDNGN":1373.659788,"USDNIO":36.57023,"USDNOK":9.3037,"USDNPR":153.373146,"USDNZD":1.700785,"USDOMR":0.384496,"USDPAB":1.001549,"USDPEN":3.4115,"USDPGK":4.35175,"USDPHP":61.763999,"USDPKR":278.575007,"USDPLN":3.653835,"USDPYG":6138.992152,"USDQAR":3.641502,"USDRON":4.523701,"USDRSD":101.22101,"USDRUB":70.899056,"USDRWF":1469.807465,"USDSAR":3.743434,"USDSBD":8.016188,"USDSCR":13.050111,"USDSDG":600.498291,"USDSEK":9.33753,"USDSGD":1.280095,"USDSHP":0.746601,"USDSLE":24.62503,"USDSLL":20969.502105,"USDSOS":572.399699,"USDSRD":37.299019,"USDSTD":20697.981008,"USDSTN":21.082432,"USDSVC":8.763483,"USDSYP":111.14867,"USDSZL":16.376896,"USDTHB":32.728982,"USDTJS":9.234364,"USDTMT":3.5,"USDTND":2.88875,"USDTOP":2.40776,"USDTRY":45.900965,"USDTTD":6.804746,"USDTWD":31.482499,"USDTZS":2619.99802,"USDUAH":44.370786,"USDUGX":3778.471917,"USDUYU":40.026117,"USDUZS":12005.000353,"USDVES":543.898675,"USDVND":26328,"USDVUV":118.468323,"USDWST":2.687415,"USDXAF":564.446165,"USDXAG":0.01382,"USDXAU":0.000229,"USDXCD":2.70255,"USDXCG":1.805102,"USDXDR":0.70199,"USDXOF":562.000034,"USDXPF":103.124992,"USDYER":238.625031,"USDZAR":16.48015,"USDZMK":9001.198346,"USDZMW":18.629446,"USDZWL":321.999592}}