{"success":true,"terms":"https:\/\/currencylayer.com\/terms","privacy":"https:\/\/currencylayer.com\/privacy","timestamp":1774751409,"source":"USD","quotes":{"USDAED":3.672504,"USDAFN":63.503991,"USDALL":83.192586,"USDAMD":375.730804,"USDANG":1.790083,"USDAOA":917.000367,"USDARS":1385.503978,"USDAUD":1.450747,"USDAWG":1.8,"USDAZN":1.70397,"USDBAM":1.693993,"USDBBD":2.007535,"USDBDT":122.298731,"USDBGN":1.709309,"USDBHD":0.376597,"USDBIF":2960.807241,"USDBMD":1,"USDBND":1.28353,"USDBOB":6.91265,"USDBRL":5.255304,"USDBSD":0.996752,"USDBTC":1.5160497e-5,"USDBTN":94.473171,"USDBWP":13.741284,"USDBYN":2.966957,"USDBYR":19600,"USDBZD":2.004591,"USDCAD":1.38985,"USDCDF":2282.50392,"USDCHF":0.795017,"USDCLF":0.023433,"USDCLP":925.260396,"USDCNY":6.91185,"USDCNH":6.92017,"USDCOP":3662.985579,"USDCRC":462.864319,"USDCUC":1,"USDCUP":26.5,"USDCVE":95.504742,"USDCZK":21.309304,"USDDJF":177.489065,"USDDKK":6.492704,"USDDOP":59.330475,"USDDZD":133.010264,"USDEGP":52.642155,"USDERN":15,"USDETB":154.083756,"USDEUR":0.866104,"USDFJD":2.257404,"USDFKP":0.75231,"USDGBP":0.750441,"USDGEL":2.680391,"USDGGP":0.75231,"USDGHS":10.921138,"USDGIP":0.75231,"USDGMD":73.503851,"USDGNF":8739.335672,"USDGTQ":7.62808,"USDGYD":208.64406,"USDHKD":7.82615,"USDHNL":26.46399,"USDHRK":6.545204,"USDHTG":130.656966,"USDHUF":338.020388,"USDIDR":16990.8,"USDILS":3.13762,"USDIMP":0.75231,"USDINR":94.850204,"USDIQD":1305.703521,"USDIRR":1313250.000352,"USDISK":124.760386,"USDJEP":0.75231,"USDJMD":156.892296,"USDJOD":0.70904,"USDJPY":160.28704,"USDKES":129.470356,"USDKGS":87.450384,"USDKHR":3992.031527,"USDKMF":428.00035,"USDKPW":899.886996,"USDKRW":1508.00035,"USDKWD":0.30791,"USDKYD":0.830627,"USDKZT":481.867394,"USDLAK":21678.576069,"USDLBP":89256.247023,"USDLKR":313.975142,"USDLRD":182.893768,"USDLSL":17.115586,"USDLTL":2.95274,"USDLVL":0.60489,"USDLYD":6.362652,"USDMAD":9.315751,"USDMDL":17.507254,"USDMGA":4153.999394,"USDMKD":53.388766,"USDMMK":2102.490525,"USDMNT":3571.507434,"USDMOP":8.042181,"USDMRU":39.797324,"USDMUR":46.770378,"USDMVR":15.450378,"USDMWK":1728.292408,"USDMXN":18.122104,"USDMYR":3.924039,"USDMZN":63.950377,"USDNAD":17.115586,"USDNGN":1383.460377,"USDNIO":36.680958,"USDNOK":9.70286,"USDNPR":151.156728,"USDNZD":1.745963,"USDOMR":0.38408,"USDPAB":0.996752,"USDPEN":3.472089,"USDPGK":4.307306,"USDPHP":60.550375,"USDPKR":278.184401,"USDPLN":3.72275,"USDPYG":6516.824737,"USDQAR":3.634057,"USDRON":4.427304,"USDRSD":101.684639,"USDRUB":81.295743,"USDRWF":1455.545451,"USDSAR":3.752751,"USDSBD":8.042037,"USDSCR":15.03876,"USDSDG":601.000339,"USDSEK":9.47367,"USDSGD":1.292704,"USDSHP":0.750259,"USDSLE":24.550371,"USDSLL":20969.510825,"USDSOS":569.659175,"USDSRD":37.601038,"USDSTD":20697.981008,"USDSTN":21.220389,"USDSVC":8.721147,"USDSYP":111.824334,"USDSZL":17.114027,"USDTHB":32.495038,"USDTJS":9.523624,"USDTMT":3.5,"USDTND":2.938634,"USDTOP":2.40776,"USDTRY":44.440368,"USDTTD":6.772336,"USDTWD":32.044404,"USDTZS":2571.564679,"USDUAH":43.689489,"USDUGX":3713.134988,"USDUYU":40.344723,"USDUZS":12155.385215,"USDVES":467.928355,"USDVND":26337.5,"USDVUV":119.756335,"USDWST":2.77551,"USDXAF":568.149495,"USDXAG":0.014291,"USDXAU":0.000222,"USDXCD":2.70255,"USDXCG":1.796371,"USDXDR":0.706596,"USDXOF":568.149495,"USDXPF":103.295656,"USDYER":238.603589,"USDZAR":17.12001,"USDZMK":9001.203584,"USDZMW":18.763154,"USDZWL":321.999592}}