{"success":true,"terms":"https:\/\/currencylayer.com\/terms","privacy":"https:\/\/currencylayer.com\/privacy","timestamp":1760059386,"source":"USD","quotes":{"USDAED":3.672496,"USDAFN":66.589649,"USDALL":83.710867,"USDAMD":384.826733,"USDANG":1.790403,"USDAOA":917.000098,"USDARS":1421.506304,"USDAUD":1.522186,"USDAWG":1.8025,"USDAZN":1.706089,"USDBAM":1.692476,"USDBBD":2.025096,"USDBDT":122.448803,"USDBGN":1.6906,"USDBHD":0.377044,"USDBIF":2947.5,"USDBMD":1,"USDBND":1.302549,"USDBOB":6.947966,"USDBRL":5.378801,"USDBSD":1.005517,"USDBTC":8.212304e-6,"USDBTN":89.236201,"USDBWP":13.358315,"USDBYN":3.41817,"USDBYR":19600,"USDBZD":2.02224,"USDCAD":1.401685,"USDCDF":2392.505159,"USDCHF":0.806403,"USDCLF":0.024241,"USDCLP":950.959968,"USDCNY":7.1285,"USDCNH":7.129225,"USDCOP":3889.63,"USDCRC":505.979681,"USDCUC":1,"USDCUP":26.5,"USDCVE":95.849679,"USDCZK":21.07125,"USDDJF":177.720338,"USDDKK":6.45371,"USDDOP":63.150195,"USDDZD":130.170845,"USDEGP":47.554698,"USDERN":15,"USDETB":147.55029,"USDEUR":0.8643,"USDFJD":2.26665,"USDFKP":0.746808,"USDGBP":0.7516,"USDGEL":2.719676,"USDGGP":0.746808,"USDGHS":12.449729,"USDGIP":0.746808,"USDGMD":72.000058,"USDGNF":8675.000044,"USDGTQ":7.704323,"USDGYD":210.352332,"USDHKD":7.781701,"USDHNL":26.388805,"USDHRK":6.512901,"USDHTG":131.559932,"USDHUF":338.148994,"USDIDR":16575,"USDILS":3.262099,"USDIMP":0.746808,"USDINR":88.80665,"USDIQD":1317.168361,"USDIRR":42062.50029,"USDISK":122.38966,"USDJEP":0.746808,"USDJMD":161.84851,"USDJOD":0.70899,"USDJPY":152.890195,"USDKES":129.205131,"USDKGS":87.447102,"USDKHR":4017.000126,"USDKMF":424.000265,"USDKPW":900.010196,"USDKRW":1419.429688,"USDKWD":0.30676,"USDKYD":0.837837,"USDKZT":544.195847,"USDLAK":21809.244828,"USDLBP":90039.374849,"USDLKR":304.348014,"USDLRD":183.498624,"USDLSL":17.193754,"USDLTL":2.95274,"USDLVL":0.60489,"USDLYD":5.46851,"USDMAD":9.180073,"USDMDL":17.047938,"USDMGA":4500.118994,"USDMKD":53.276102,"USDMMK":2099.46352,"USDMNT":3596.789275,"USDMOP":8.057737,"USDMRU":40.00675,"USDMUR":45.204341,"USDMVR":15.306089,"USDMWK":1743.363406,"USDMXN":18.3741,"USDMYR":4.221502,"USDMZN":63.849699,"USDNAD":17.193307,"USDNGN":1478.196392,"USDNIO":37.004184,"USDNOK":10.064825,"USDNPR":142.778268,"USDNZD":1.737155,"USDOMR":0.384503,"USDPAB":1.00546,"USDPEN":3.463441,"USDPGK":4.221239,"USDPHP":58.218028,"USDPKR":284.80656,"USDPLN":3.68011,"USDPYG":7035.610748,"USDQAR":3.674935,"USDRON":4.406402,"USDRSD":101.278976,"USDRUB":81.175388,"USDRWF":1458.990502,"USDSAR":3.750686,"USDSBD":8.271757,"USDSCR":14.249643,"USDSDG":601.498093,"USDSEK":9.53047,"USDSGD":1.298145,"USDSHP":0.785843,"USDSLE":23.214985,"USDSLL":20969.503664,"USDSOS":574.630579,"USDSRD":38.378498,"USDSTD":20697.981008,"USDSTN":21.201383,"USDSVC":8.7972,"USDSYP":13002.075365,"USDSZL":17.190455,"USDTHB":32.750502,"USDTJS":9.365733,"USDTMT":3.51,"USDTND":2.956079,"USDTOP":2.342103,"USDTRY":41.823987,"USDTTD":6.822489,"USDTWD":30.539499,"USDTZS":2455.000198,"USDUAH":41.74821,"USDUGX":3453.661998,"USDUYU":40.144169,"USDUZS":12137.575341,"USDVES":189.012825,"USDVND":26347.5,"USDVUV":121.315644,"USDWST":2.780881,"USDXAF":567.670107,"USDXAG":0.020131,"USDXAU":0.000251,"USDXCD":2.70255,"USDXCG":1.812054,"USDXDR":0.705999,"USDXOF":567.687301,"USDXPF":103.20314,"USDYER":239.000202,"USDZAR":17.194701,"USDZMK":9001.212855,"USDZMW":23.000303,"USDZWL":321.999592}}