{"success":true,"terms":"https:\/\/currencylayer.com\/terms","privacy":"https:\/\/currencylayer.com\/privacy","timestamp":1753235285,"source":"USD","quotes":{"USDAED":3.672502,"USDAFN":68.8205,"USDALL":83.131499,"USDAMD":382.046862,"USDANG":1.789699,"USDAOA":917.000124,"USDARS":1255.510697,"USDAUD":1.524925,"USDAWG":1.8025,"USDAZN":1.699521,"USDBAM":1.6649,"USDBBD":2.011442,"USDBDT":121.279448,"USDBGN":1.666109,"USDBHD":0.376997,"USDBIF":2969.152382,"USDBMD":1,"USDBND":1.277067,"USDBOB":6.883313,"USDBRL":5.564397,"USDBSD":0.996229,"USDBTC":8.356767e-6,"USDBTN":86.020984,"USDBWP":13.886985,"USDBYN":3.259928,"USDBYR":19600,"USDBZD":2.001107,"USDCAD":1.360095,"USDCDF":2885.999991,"USDCHF":0.79396,"USDCLF":0.024775,"USDCLP":950.730418,"USDCNY":7.1748,"USDCNH":7.171055,"USDCOP":4072.56,"USDCRC":502.458231,"USDCUC":1,"USDCUP":26.5,"USDCVE":93.864521,"USDCZK":20.984297,"USDDJF":177.221763,"USDDKK":6.36325,"USDDOP":60.129829,"USDDZD":129.749095,"USDEGP":49.074702,"USDERN":15,"USDETB":138.20177,"USDEUR":0.852415,"USDFJD":2.244195,"USDFKP":0.740935,"USDGBP":0.73977,"USDGEL":2.710054,"USDGGP":0.740935,"USDGHS":10.384558,"USDGIP":0.740935,"USDGMD":71.999826,"USDGNF":8643.38891,"USDGTQ":7.645194,"USDGYD":208.406223,"USDHKD":7.849855,"USDHNL":26.073224,"USDHRK":6.420126,"USDHTG":130.728859,"USDHUF":340.249497,"USDIDR":16281.1,"USDILS":3.34995,"USDIMP":0.740935,"USDINR":86.31945,"USDIQD":1304.901147,"USDIRR":42112.498331,"USDISK":121.403814,"USDJEP":0.740935,"USDJMD":159.753113,"USDJOD":0.709011,"USDJPY":146.60398,"USDKES":129.259745,"USDKGS":87.449918,"USDKHR":3992.67867,"USDKMF":419.481055,"USDKPW":900.031005,"USDKRW":1379.449992,"USDKWD":0.30513,"USDKYD":0.830159,"USDKZT":531.507642,"USDLAK":21483.508766,"USDLBP":89252.011066,"USDLKR":300.489906,"USDLRD":199.72334,"USDLSL":17.536594,"USDLTL":2.95274,"USDLVL":0.60489,"USDLYD":5.397444,"USDMAD":8.974611,"USDMDL":16.893807,"USDMGA":4409.918059,"USDMKD":52.403754,"USDMMK":2098.953026,"USDMNT":3589.278404,"USDMOP":8.054566,"USDMRU":39.540279,"USDMUR":45.489794,"USDMVR":15.411773,"USDMWK":1727.437576,"USDMXN":18.646895,"USDMYR":4.2265,"USDMZN":63.960039,"USDNAD":17.536594,"USDNGN":1526.190195,"USDNIO":36.657728,"USDNOK":10.07915,"USDNPR":137.642116,"USDNZD":1.666155,"USDOMR":0.384494,"USDPAB":0.996148,"USDPEN":3.546958,"USDPGK":4.18763,"USDPHP":56.917989,"USDPKR":283.893602,"USDPLN":3.624165,"USDPYG":7576.002656,"USDQAR":3.631914,"USDRON":4.320402,"USDRSD":99.843002,"USDRUB":78.50134,"USDRWF":1440.027924,"USDSAR":3.751677,"USDSBD":8.285095,"USDSCR":14.600213,"USDSDG":600.501567,"USDSEK":9.516905,"USDSGD":1.279015,"USDSHP":0.785843,"USDSLE":22.999923,"USDSLL":20969.503947,"USDSOS":569.370781,"USDSRD":36.6335,"USDSTD":20697.981008,"USDSTN":20.857277,"USDSVC":8.716082,"USDSYP":13001.857822,"USDSZL":17.543173,"USDTHB":32.202008,"USDTJS":9.562919,"USDTMT":3.51,"USDTND":2.917279,"USDTOP":2.342098,"USDTRY":40.413704,"USDTTD":6.765045,"USDTWD":29.392035,"USDTZS":2610.000119,"USDUAH":41.616771,"USDUGX":3574.453596,"USDUYU":40.22218,"USDUZS":12554.427632,"USDVES":119.464597,"USDVND":26135,"USDVUV":118.768746,"USDWST":2.636134,"USDXAF":558.437125,"USDXAG":0.025532,"USDXAU":0.000292,"USDXCD":2.70255,"USDXCG":1.795314,"USDXDR":0.694528,"USDXOF":558.437125,"USDXPF":101.521633,"USDYER":240.95021,"USDZAR":17.557402,"USDZMK":9001.148579,"USDZMW":23.037893,"USDZWL":321.999592}}