{"success":true,"terms":"https:\/\/currencylayer.com\/terms","privacy":"https:\/\/currencylayer.com\/privacy","timestamp":1773628147,"source":"USD","quotes":{"USDAED":3.672499,"USDAFN":63.000351,"USDALL":83.847188,"USDAMD":377.663361,"USDANG":1.790083,"USDAOA":917.000313,"USDARS":1398.059823,"USDAUD":1.426768,"USDAWG":1.8,"USDAZN":1.700376,"USDBAM":1.708212,"USDBBD":2.017486,"USDBDT":122.914738,"USDBGN":1.709309,"USDBHD":0.378187,"USDBIF":2973.692945,"USDBMD":1,"USDBND":1.281814,"USDBOB":6.92176,"USDBRL":5.329502,"USDBSD":1.001712,"USDBTC":1.3805967e-5,"USDBTN":92.461144,"USDBWP":13.649683,"USDBYN":2.963911,"USDBYR":19600,"USDBZD":2.014516,"USDCAD":1.370745,"USDCDF":2256.999892,"USDCHF":0.789355,"USDCLF":0.023276,"USDCLP":919.069578,"USDCNY":6.896601,"USDCNH":6.90087,"USDCOP":3688.681017,"USDCRC":471.29313,"USDCUC":1,"USDCUP":26.5,"USDCVE":96.306777,"USDCZK":21.3726,"USDDJF":178.376159,"USDDKK":6.527197,"USDDOP":61.540611,"USDDZD":133.758101,"USDEGP":52.788901,"USDERN":15,"USDETB":156.356736,"USDEUR":0.87356,"USDFJD":2.2287,"USDFKP":0.751777,"USDGBP":0.754505,"USDGEL":2.730162,"USDGGP":0.751777,"USDGHS":10.878299,"USDGIP":0.751777,"USDGMD":73.510487,"USDGNF":8781.936498,"USDGTQ":7.681659,"USDGYD":209.565567,"USDHKD":7.82765,"USDHNL":26.515042,"USDHRK":6.581403,"USDHTG":131.339112,"USDHUF":342.91034,"USDIDR":16978,"USDILS":3.14434,"USDIMP":0.751777,"USDINR":92.42995,"USDIQD":1312.214231,"USDIRR":1321724.999773,"USDISK":125.970296,"USDJEP":0.751777,"USDJMD":157.170494,"USDJOD":0.70901,"USDJPY":159.580152,"USDKES":129.56005,"USDKGS":87.4497,"USDKHR":4016.786833,"USDKMF":431.000064,"USDKPW":899.999945,"USDKRW":1498.554989,"USDKWD":0.30743,"USDKYD":0.83472,"USDKZT":490.385917,"USDLAK":21464.006848,"USDLBP":89699.372893,"USDLKR":311.744232,"USDLRD":183.302982,"USDLSL":16.823764,"USDLTL":2.95274,"USDLVL":0.60489,"USDLYD":6.391601,"USDMAD":9.434294,"USDMDL":17.474278,"USDMGA":4159.188076,"USDMKD":53.836647,"USDMMK":2099.410407,"USDMNT":3568.977207,"USDMOP":8.074956,"USDMRU":40.077209,"USDMUR":46.510249,"USDMVR":15.450185,"USDMWK":1736.867158,"USDMXN":17.85635,"USDMYR":3.934015,"USDMZN":63.909966,"USDNAD":16.823837,"USDNGN":1388.390045,"USDNIO":36.857988,"USDNOK":9.7543,"USDNPR":147.937656,"USDNZD":1.722282,"USDOMR":0.387732,"USDPAB":1.001625,"USDPEN":3.454329,"USDPGK":4.380142,"USDPHP":59.9605,"USDPKR":279.690813,"USDPLN":3.73287,"USDPYG":6462.347372,"USDQAR":3.641255,"USDRON":4.451102,"USDRSD":102.51237,"USDRUB":80.725049,"USDRWF":1461.74237,"USDSAR":3.752601,"USDSBD":8.051718,"USDSCR":15.294251,"USDSDG":601.000204,"USDSEK":9.437585,"USDSGD":1.281405,"USDSHP":0.750259,"USDSLE":24.550234,"USDSLL":20969.510825,"USDSOS":571.47349,"USDSRD":37.547974,"USDSTD":20697.981008,"USDSTN":21.398501,"USDSVC":8.76469,"USDSYP":110.52498,"USDSZL":16.818349,"USDTHB":32.460607,"USDTJS":9.601069,"USDTMT":3.5,"USDTND":2.962352,"USDTOP":2.40776,"USDTRY":44.173601,"USDTTD":6.793399,"USDTWD":32.021499,"USDTZS":2604.733965,"USDUAH":44.172726,"USDUGX":3766.136217,"USDUYU":40.238092,"USDUZS":12094.904122,"USDVES":442.704625,"USDVND":26292,"USDVUV":118.25327,"USDWST":2.735215,"USDXAF":572.920733,"USDXAG":0.012509,"USDXAU":0.000199,"USDXCD":2.70255,"USDXCG":1.805255,"USDXDR":0.71253,"USDXOF":572.918232,"USDXPF":104.162209,"USDYER":238.550411,"USDZAR":16.84398,"USDZMK":9001.200615,"USDZMW":19.497092,"USDZWL":321.999592}}