{"success":true,"terms":"https:\/\/currencylayer.com\/terms","privacy":"https:\/\/currencylayer.com\/privacy","timestamp":1783048564,"source":"USD","quotes":{"USDAED":3.672497,"USDAFN":64.000079,"USDALL":82.269628,"USDAMD":367.198668,"USDANG":1.790403,"USDAOA":917.56157,"USDARS":1489.007303,"USDAUD":1.44158,"USDAWG":1.8025,"USDAZN":1.717366,"USDBAM":1.709922,"USDBBD":2.009267,"USDBDT":123.002811,"USDBGN":1.69088,"USDBHD":0.376115,"USDBIF":2977.268753,"USDBMD":1,"USDBND":1.29061,"USDBOB":6.908581,"USDBRL":5.224206,"USDBSD":0.997552,"USDBTC":1.6321135e-5,"USDBTN":95.220318,"USDBWP":13.528589,"USDBYN":2.894125,"USDBYR":19600,"USDBZD":2.006382,"USDCAD":1.41708,"USDCDF":2246.000165,"USDCHF":0.80291,"USDCLF":0.02342,"USDCLP":921.752055,"USDCNY":6.789098,"USDCNH":6.784165,"USDCOP":3368.7,"USDCRC":454.012939,"USDCUC":1,"USDCUP":26.5,"USDCVE":96.402764,"USDCZK":21.145027,"USDDJF":177.644693,"USDDKK":6.53403,"USDDOP":59.319811,"USDDZD":133.326922,"USDEGP":49.086029,"USDERN":15,"USDETB":161.015475,"USDEUR":0.87418,"USDFJD":2.26045,"USDFKP":0.753127,"USDGBP":0.748545,"USDGEL":2.634968,"USDGGP":0.753127,"USDGHS":11.348187,"USDGIP":0.753127,"USDGMD":72.501145,"USDGNF":8748.907152,"USDGTQ":7.61063,"USDGYD":208.673757,"USDHKD":7.841905,"USDHNL":26.700472,"USDHRK":6.586599,"USDHTG":130.486099,"USDHUF":309.541499,"USDIDR":17958.95,"USDILS":2.99365,"USDIMP":0.753127,"USDINR":95.18175,"USDIQD":1306.866118,"USDIRR":1375950.000333,"USDISK":125.639744,"USDJEP":0.753127,"USDJMD":156.679489,"USDJOD":0.708955,"USDJPY":161.191048,"USDKES":129.280011,"USDKGS":87.450334,"USDKHR":4005.070817,"USDKMF":430.999935,"USDKPW":900.00035,"USDKRW":1542.864994,"USDKWD":0.30529,"USDKYD":0.831348,"USDKZT":473.68214,"USDLAK":22077.495129,"USDLBP":89333.712187,"USDLKR":334.841471,"USDLRD":181.063123,"USDLSL":16.331002,"USDLTL":2.95274,"USDLVL":0.60489,"USDLYD":6.407589,"USDMAD":9.348791,"USDMDL":17.667424,"USDMGA":4237.628956,"USDMKD":53.894676,"USDMMK":2099.256901,"USDMNT":3584.189705,"USDMOP":8.059503,"USDMRU":39.823396,"USDMUR":47.269923,"USDMVR":15.459668,"USDMWK":1729.935303,"USDMXN":17.444404,"USDMYR":4.066498,"USDMZN":63.910158,"USDNAD":16.330931,"USDNGN":1369.749941,"USDNIO":36.710963,"USDNOK":9.82278,"USDNPR":152.352684,"USDNZD":1.75145,"USDOMR":0.384497,"USDPAB":0.997556,"USDPEN":3.409862,"USDPGK":4.383634,"USDPHP":61.421001,"USDPKR":277.403392,"USDPLN":3.748203,"USDPYG":6062.248645,"USDQAR":3.636491,"USDRON":4.577304,"USDRSD":102.565031,"USDRUB":77.501715,"USDRWF":1462.493443,"USDSAR":3.754117,"USDSBD":8.058541,"USDSCR":13.230596,"USDSDG":600.49992,"USDSEK":9.656815,"USDSGD":1.291605,"USDSHP":0.746601,"USDSLE":24.350257,"USDSLL":20969.503664,"USDSOS":570.117153,"USDSRD":37.646971,"USDSTD":20697.981008,"USDSTN":21.419829,"USDSVC":8.728761,"USDSYP":110.532098,"USDSZL":16.329778,"USDTHB":33.175496,"USDTJS":9.227622,"USDTMT":3.51,"USDTND":2.951316,"USDTOP":2.40776,"USDTRY":46.780802,"USDTTD":6.767821,"USDTWD":31.930981,"USDTZS":2625.003028,"USDUAH":44.714286,"USDUGX":3656.24959,"USDUYU":40.04214,"USDUZS":11884.018692,"USDVES":638.90327,"USDVND":26303,"USDVUV":119.997124,"USDWST":2.769645,"USDXAF":573.489246,"USDXAG":0.016052,"USDXAU":0.000239,"USDXCD":2.70255,"USDXCG":1.797859,"USDXDR":0.713237,"USDXOF":573.489246,"USDXPF":104.266024,"USDYER":237.049957,"USDZAR":16.21915,"USDZMK":9001.20484,"USDZMW":18.180626,"USDZWL":321.999592}}