{"success":true,"terms":"https:\/\/currencylayer.com\/terms","privacy":"https:\/\/currencylayer.com\/privacy","timestamp":1780891328,"source":"USD","quotes":{"USDAED":3.672505,"USDAFN":62.505548,"USDALL":82.650299,"USDAMD":368.539802,"USDANG":1.79046,"USDAOA":917.999946,"USDARS":1449.170504,"USDAUD":1.418158,"USDAWG":1.8025,"USDAZN":1.698764,"USDBAM":1.680659,"USDBBD":2.014781,"USDBDT":122.77973,"USDBGN":1.66992,"USDBHD":0.377125,"USDBIF":2983,"USDBMD":1,"USDBND":1.283376,"USDBOB":6.911427,"USDBRL":5.172794,"USDBSD":1.000301,"USDBTC":1.5840907e-5,"USDBTN":94.924401,"USDBWP":13.438973,"USDBYN":2.805998,"USDBYR":19600,"USDBZD":2.011764,"USDCAD":1.394575,"USDCDF":2300.000228,"USDCHF":0.796815,"USDCLF":0.023258,"USDCLP":915.36964,"USDCNY":6.76565,"USDCNH":6.78564,"USDCOP":3606.65,"USDCRC":460.103983,"USDCUC":1,"USDCUP":26.5,"USDCVE":96.149908,"USDCZK":20.98025,"USDDJF":177.720185,"USDDKK":6.48079,"USDDOP":58.249766,"USDDZD":134.7091,"USDEGP":51.947298,"USDERN":15,"USDETB":158.797801,"USDEUR":0.86713,"USDFJD":2.2193,"USDFKP":0.7496,"USDGBP":0.749565,"USDGEL":2.659724,"USDGGP":0.7496,"USDGHS":11.814946,"USDGIP":0.7496,"USDGMD":73.000487,"USDGNF":8777.503146,"USDGTQ":7.624752,"USDGYD":209.211097,"USDHKD":7.834955,"USDHNL":26.670203,"USDHRK":6.534097,"USDHTG":130.795342,"USDHUF":308.634501,"USDIDR":18165.65,"USDILS":2.93015,"USDIMP":0.7496,"USDINR":95.28435,"USDIQD":1310,"USDIRR":1375125.000163,"USDISK":124.520254,"USDJEP":0.7496,"USDJMD":158.149367,"USDJOD":0.709026,"USDJPY":160.337502,"USDKES":129.340211,"USDKGS":87.449976,"USDKHR":4012.490979,"USDKMF":428.00024,"USDKPW":899.855249,"USDKRW":1549.125013,"USDKWD":0.30932,"USDKYD":0.833545,"USDKZT":486.735702,"USDLAK":21999.999951,"USDLBP":90311.324071,"USDLKR":336.595887,"USDLRD":182.525016,"USDLSL":16.550177,"USDLTL":2.95274,"USDLVL":0.60489,"USDLYD":6.354992,"USDMAD":9.260973,"USDMDL":17.344602,"USDMGA":4200.000261,"USDMKD":53.521188,"USDMMK":2099.11438,"USDMNT":3577.043259,"USDMOP":8.070774,"USDMRU":40.03499,"USDMUR":47.569569,"USDMVR":15.449976,"USDMWK":1737.000049,"USDMXN":17.446201,"USDMYR":4.069915,"USDMZN":63.909786,"USDNAD":16.549956,"USDNGN":1360.030124,"USDNIO":36.61041,"USDNOK":9.44115,"USDNPR":151.885876,"USDNZD":1.72267,"USDOMR":0.387305,"USDPAB":1.000254,"USDPEN":3.47125,"USDPGK":4.360325,"USDPHP":61.714498,"USDPKR":278.50795,"USDPLN":3.67969,"USDPYG":6114.066219,"USDQAR":3.637501,"USDRON":4.550199,"USDRSD":101.170998,"USDRUB":73.622253,"USDRWF":1463,"USDSAR":3.758217,"USDSBD":8.048583,"USDSCR":13.810097,"USDSDG":600.497535,"USDSEK":9.459204,"USDSGD":1.29037,"USDSHP":0.746601,"USDSLE":24.602952,"USDSLL":20969.502105,"USDSOS":571.000263,"USDSRD":37.311501,"USDSTD":20697.981008,"USDSTN":21.5,"USDSVC":8.752181,"USDSYP":110.532098,"USDSZL":16.549756,"USDTHB":32.817977,"USDTJS":9.332606,"USDTMT":3.5,"USDTND":2.917494,"USDTOP":2.40776,"USDTRY":46.094602,"USDTTD":6.776952,"USDTWD":31.639951,"USDTZS":2627.502987,"USDUAH":44.369817,"USDUGX":3768.980244,"USDUYU":40.388069,"USDUZS":11967.498872,"USDVES":562.585085,"USDVND":26346,"USDVUV":118.931569,"USDWST":2.727012,"USDXAF":563.670111,"USDXAG":0.014719,"USDXAU":0.000232,"USDXCD":2.70255,"USDXCG":1.802862,"USDXDR":0.708406,"USDXOF":564.502312,"USDXPF":103.875006,"USDYER":238.625005,"USDZAR":16.537602,"USDZMK":9001.198872,"USDZMW":17.585213,"USDZWL":321.999592}}