{"success":true,"terms":"https:\/\/currencylayer.com\/terms","privacy":"https:\/\/currencylayer.com\/privacy","timestamp":1765158067,"source":"USD","quotes":{"USDAED":3.672497,"USDAFN":66.08718,"USDALL":82.887987,"USDAMD":380.915588,"USDANG":1.790055,"USDAOA":917.000232,"USDARS":1445.530603,"USDAUD":1.505344,"USDAWG":1.8,"USDAZN":1.696139,"USDBAM":1.679051,"USDBBD":2.013779,"USDBDT":122.327388,"USDBGN":1.679051,"USDBHD":0.376966,"USDBIF":2954.177666,"USDBMD":1,"USDBND":1.295216,"USDBOB":6.909192,"USDBRL":5.4426,"USDBSD":0.999807,"USDBTC":1.0925135e-5,"USDBTN":89.895049,"USDBWP":13.28354,"USDBYN":2.874509,"USDBYR":19600,"USDBZD":2.01086,"USDCAD":1.38245,"USDCDF":2231.99968,"USDCHF":0.80382,"USDCLF":0.023592,"USDCLP":925.497509,"USDCNY":7.070099,"USDCNH":7.06475,"USDCOP":3834.99,"USDCRC":488.399545,"USDCUC":1,"USDCUP":26.5,"USDCVE":94.662288,"USDCZK":20.773198,"USDDJF":178.043912,"USDDKK":6.41063,"USDDOP":63.992445,"USDDZD":129.703604,"USDEGP":47.465205,"USDERN":15,"USDETB":155.084326,"USDEUR":0.85834,"USDFJD":2.26045,"USDFKP":0.749695,"USDGBP":0.749915,"USDGEL":2.695015,"USDGGP":0.749695,"USDGHS":11.373382,"USDGIP":0.749695,"USDGMD":72.999748,"USDGNF":8688.000343,"USDGTQ":7.658661,"USDGYD":209.181637,"USDHKD":7.78333,"USDHNL":26.333569,"USDHRK":6.467503,"USDHTG":130.886614,"USDHUF":327.822499,"USDIDR":16690,"USDILS":3.23571,"USDIMP":0.749695,"USDINR":89.94665,"USDIQD":1309.810487,"USDIRR":42112.491543,"USDISK":127.889756,"USDJEP":0.749695,"USDJMD":160.032623,"USDJOD":0.708957,"USDJPY":154.976972,"USDKES":129.349712,"USDKGS":87.450231,"USDKHR":4003.176443,"USDKMF":421.999899,"USDKPW":899.999499,"USDKRW":1469.780222,"USDKWD":0.30697,"USDKYD":0.833258,"USDKZT":505.638186,"USDLAK":21681.368446,"USDLBP":89535.595476,"USDLKR":308.398257,"USDLRD":175.974932,"USDLSL":16.945292,"USDLTL":2.95274,"USDLVL":0.60489,"USDLYD":5.435151,"USDMAD":9.234606,"USDMDL":17.011998,"USDMGA":4459.897409,"USDMKD":52.91782,"USDMMK":2099.59745,"USDMNT":3547.373646,"USDMOP":8.017685,"USDMRU":39.871225,"USDMUR":46.069771,"USDMVR":15.397167,"USDMWK":1733.736827,"USDMXN":18.168575,"USDMYR":4.110504,"USDMZN":63.910468,"USDNAD":16.945292,"USDNGN":1449.370113,"USDNIO":36.795227,"USDNOK":10.10343,"USDNPR":143.831906,"USDNZD":1.727755,"USDOMR":0.383731,"USDPAB":0.999893,"USDPEN":3.360848,"USDPGK":4.242697,"USDPHP":58.992969,"USDPKR":280.304853,"USDPLN":3.63018,"USDPYG":6876.569442,"USDQAR":3.64441,"USDRON":4.370703,"USDRSD":100.787672,"USDRUB":76.777491,"USDRWF":1454.724959,"USDSAR":3.7531,"USDSBD":8.230592,"USDSCR":13.546002,"USDSDG":601.50093,"USDSEK":9.390955,"USDSGD":1.294985,"USDSHP":0.750259,"USDSLE":23.701353,"USDSLL":20969.498139,"USDSOS":570.38611,"USDSRD":38.628969,"USDSTD":20697.981008,"USDSTN":21.033202,"USDSVC":8.748954,"USDSYP":11056.837473,"USDSZL":16.932157,"USDTHB":31.839948,"USDTJS":9.173567,"USDTMT":3.51,"USDTND":2.932973,"USDTOP":2.40776,"USDTRY":42.578008,"USDTTD":6.777842,"USDTWD":31.257203,"USDTZS":2465.503045,"USDUAH":41.974717,"USDUGX":3537.011998,"USDUYU":39.104587,"USDUZS":11961.453437,"USDVES":254.551935,"USDVND":26360,"USDVUV":121.361107,"USDWST":2.788611,"USDXAF":563.13781,"USDXAG":0.017216,"USDXAU":0.000238,"USDXCD":2.70255,"USDXCG":1.801987,"USDXDR":0.700363,"USDXOF":563.13781,"USDXPF":102.384478,"USDYER":238.549991,"USDZAR":16.928285,"USDZMK":9001.201226,"USDZMW":23.115919,"USDZWL":321.999592}}