{"success":true,"terms":"https:\/\/currencylayer.com\/terms","privacy":"https:\/\/currencylayer.com\/privacy","timestamp":1767145505,"source":"USD","quotes":{"USDAED":3.672502,"USDAFN":65.4985,"USDALL":82.200622,"USDAMD":381.359974,"USDANG":1.790403,"USDAOA":917.000034,"USDARS":1451.550495,"USDAUD":1.493175,"USDAWG":1.8025,"USDAZN":1.70004,"USDBAM":1.662551,"USDBBD":2.014502,"USDBDT":122.3409,"USDBGN":1.66485,"USDBHD":0.377016,"USDBIF":2960,"USDBMD":1,"USDBND":1.2833,"USDBOB":6.936446,"USDBRL":5.4778,"USDBSD":1.000238,"USDBTC":1.1282537e-5,"USDBTN":89.854173,"USDBWP":13.150345,"USDBYN":2.887574,"USDBYR":19600,"USDBZD":2.011611,"USDCAD":1.369375,"USDCDF":2164.999908,"USDCHF":0.79178,"USDCLF":0.022953,"USDCLP":900.440158,"USDCNY":6.9964,"USDCNH":6.98796,"USDCOP":3742.21,"USDCRC":496.591353,"USDCUC":1,"USDCUP":26.5,"USDCVE":94.250224,"USDCZK":20.6337,"USDDJF":177.719731,"USDDKK":6.358801,"USDDOP":63.049806,"USDDZD":129.528028,"USDEGP":47.7284,"USDERN":15,"USDETB":154.850016,"USDEUR":0.851397,"USDFJD":2.273298,"USDFKP":0.741074,"USDGBP":0.742695,"USDGEL":2.695033,"USDGGP":0.741074,"USDGHS":10.950347,"USDGIP":0.741074,"USDGMD":74.000179,"USDGNF":8740.000025,"USDGTQ":7.666708,"USDGYD":209.221094,"USDHKD":7.784545,"USDHNL":26.499758,"USDHRK":6.414096,"USDHTG":130.905629,"USDHUF":328.707013,"USDIDR":16726.1,"USDILS":3.176985,"USDIMP":0.741074,"USDINR":89.77015,"USDIQD":1310,"USDIRR":42124.999675,"USDISK":125.329774,"USDJEP":0.741074,"USDJMD":160.542679,"USDJOD":0.709003,"USDJPY":156.403502,"USDKES":129.000234,"USDKGS":87.417697,"USDKHR":4015.99968,"USDKMF":420.0005,"USDKPW":899.945536,"USDKRW":1440.089896,"USDKWD":0.307702,"USDKYD":0.833564,"USDKZT":502.159093,"USDLAK":21600.000237,"USDLBP":89706.045102,"USDLKR":310.068557,"USDLRD":178.508006,"USDLSL":16.598067,"USDLTL":2.95274,"USDLVL":0.60489,"USDLYD":5.415002,"USDMAD":9.119533,"USDMDL":16.788579,"USDMGA":4580.000031,"USDMKD":52.399498,"USDMMK":2099.911831,"USDMNT":3558.692599,"USDMOP":8.019245,"USDMRU":39.730389,"USDMUR":46.059896,"USDMVR":15.449893,"USDMWK":1736.000048,"USDMXN":18.001365,"USDMYR":4.053497,"USDMZN":63.909725,"USDNAD":16.599211,"USDNGN":1457.420202,"USDNIO":36.734988,"USDNOK":10.053135,"USDNPR":143.763282,"USDNZD":1.728175,"USDOMR":0.384498,"USDPAB":1.000238,"USDPEN":3.363502,"USDPGK":4.257981,"USDPHP":58.890283,"USDPKR":280.094649,"USDPLN":3.596145,"USDPYG":6566.727729,"USDQAR":3.641101,"USDRON":4.336097,"USDRSD":99.858,"USDRUB":79.506096,"USDRWF":1452,"USDSAR":3.750074,"USDSBD":8.136831,"USDSCR":14.097768,"USDSDG":601.498647,"USDSEK":9.200835,"USDSGD":1.28436,"USDSHP":0.750259,"USDSLE":24.050212,"USDSLL":20969.503664,"USDSOS":571.494136,"USDSRD":38.126502,"USDSTD":20697.981008,"USDSTN":21.1,"USDSVC":8.752237,"USDSYP":11057.073402,"USDSZL":16.605187,"USDTHB":31.440166,"USDTJS":9.235202,"USDTMT":3.51,"USDTND":2.88498,"USDTOP":2.40776,"USDTRY":42.96198,"USDTTD":6.792642,"USDTWD":31.401599,"USDTZS":2461.669029,"USDUAH":42.427097,"USDUGX":3621.15571,"USDUYU":39.162349,"USDUZS":12037.502436,"USDVES":297.770445,"USDVND":26265,"USDVUV":120.893036,"USDWST":2.769265,"USDXAF":557.599276,"USDXAG":0.013226,"USDXAU":0.000229,"USDXCD":2.70255,"USDXCG":1.802673,"USDXDR":0.692897,"USDXOF":556.498266,"USDXPF":101.749784,"USDYER":238.450073,"USDZAR":16.59364,"USDZMK":9001.199211,"USDZMW":22.230156,"USDZWL":321.999592}}