{"success":true,"terms":"https:\/\/currencylayer.com\/terms","privacy":"https:\/\/currencylayer.com\/privacy","timestamp":1767750364,"source":"USD","quotes":{"USDAED":3.672504,"USDAFN":66.000064,"USDALL":82.629533,"USDAMD":381.429742,"USDANG":1.790403,"USDAOA":916.517591,"USDARS":1467.312698,"USDAUD":1.482185,"USDAWG":1.8025,"USDAZN":1.700575,"USDBAM":1.670011,"USDBBD":2.013269,"USDBDT":122.148551,"USDBGN":1.666698,"USDBHD":0.376961,"USDBIF":2965,"USDBMD":1,"USDBND":1.279117,"USDBOB":6.922433,"USDBRL":5.372399,"USDBSD":0.999547,"USDBTC":1.0825604e-5,"USDBTN":90.136191,"USDBWP":13.884145,"USDBYN":2.938896,"USDBYR":19600,"USDBZD":2.010383,"USDCAD":1.381735,"USDCDF":2245.000617,"USDCHF":0.79485,"USDCLF":0.022787,"USDCLP":893.929965,"USDCNY":6.9837,"USDCNH":6.98168,"USDCOP":3718.5,"USDCRC":496.866301,"USDCUC":1,"USDCUP":26.5,"USDCVE":94.549915,"USDCZK":20.66345,"USDDJF":177.719913,"USDDKK":6.387315,"USDDOP":63.349968,"USDDZD":129.85802,"USDEGP":47.247301,"USDERN":15,"USDETB":155.150135,"USDEUR":0.85488,"USDFJD":2.270203,"USDFKP":0.739409,"USDGBP":0.74027,"USDGEL":2.690334,"USDGGP":0.739409,"USDGHS":10.729627,"USDGIP":0.739409,"USDGMD":73.516238,"USDGNF":8740.000144,"USDGTQ":7.6617,"USDGYD":209.124599,"USDHKD":7.789517,"USDHNL":26.409636,"USDHRK":6.444033,"USDHTG":130.84575,"USDHUF":328.744958,"USDIDR":16749,"USDILS":3.168885,"USDIMP":0.739409,"USDINR":90.12875,"USDIQD":1309.5,"USDIRR":42125.000102,"USDISK":125.85026,"USDJEP":0.739409,"USDJMD":158.692209,"USDJOD":0.708995,"USDJPY":156.705993,"USDKES":129.010258,"USDKGS":87.443498,"USDKHR":4021.000028,"USDKMF":421.999726,"USDKPW":900.002637,"USDKRW":1449.740331,"USDKWD":0.30708,"USDKYD":0.832963,"USDKZT":509.447978,"USDLAK":21594.999542,"USDLBP":89549.999765,"USDLKR":309.924218,"USDLRD":179.606089,"USDLSL":16.349773,"USDLTL":2.95274,"USDLVL":0.60489,"USDLYD":5.415024,"USDMAD":9.187497,"USDMDL":16.882984,"USDMGA":4596.999669,"USDMKD":52.652288,"USDMMK":2099.827298,"USDMNT":3558.833723,"USDMOP":8.018136,"USDMRU":39.699262,"USDMUR":46.299436,"USDMVR":15.460351,"USDMWK":1736.999903,"USDMXN":17.973399,"USDMYR":4.049033,"USDMZN":63.909659,"USDNAD":16.360183,"USDNGN":1424.59797,"USDNIO":36.775004,"USDNOK":10.041565,"USDNPR":144.222386,"USDNZD":1.727225,"USDOMR":0.384504,"USDPAB":0.999556,"USDPEN":3.362965,"USDPGK":4.25125,"USDPHP":59.330228,"USDPKR":280.124978,"USDPLN":3.59965,"USDPYG":6749.891131,"USDQAR":3.64125,"USDRON":4.350902,"USDRSD":100.302626,"USDRUB":80.500323,"USDRWF":1453,"USDSAR":3.750298,"USDSBD":8.130216,"USDSCR":13.844365,"USDSDG":601.000229,"USDSEK":9.193505,"USDSGD":1.280835,"USDSHP":0.750259,"USDSLE":24.000467,"USDSLL":20969.503664,"USDSOS":571.506766,"USDSRD":38.296955,"USDSTD":20697.981008,"USDSTN":21.35,"USDSVC":8.746254,"USDSYP":11056.899854,"USDSZL":16.360416,"USDTHB":31.25033,"USDTJS":9.236116,"USDTMT":3.5,"USDTND":2.87875,"USDTOP":2.40776,"USDTRY":43.0641,"USDTTD":6.784784,"USDTWD":31.516502,"USDTZS":2474.999935,"USDUAH":42.568107,"USDUGX":3620.419508,"USDUYU":38.884857,"USDUZS":11980.000433,"USDVES":307.769405,"USDVND":26275.5,"USDVUV":121.195808,"USDWST":2.772396,"USDXAF":560.110834,"USDXAG":0.012455,"USDXAU":0.000224,"USDXCD":2.70255,"USDXCG":1.801516,"USDXDR":0.695752,"USDXOF":558.491881,"USDXPF":102.539718,"USDYER":238.402109,"USDZAR":16.34889,"USDZMK":9001.203821,"USDZMW":20.915875,"USDZWL":321.999592}}