{"success":true,"terms":"https:\/\/currencylayer.com\/terms","privacy":"https:\/\/currencylayer.com\/privacy","timestamp":1755481698,"source":"USD","quotes":{"USDAED":3.672499,"USDAFN":68.253087,"USDALL":83.11189,"USDAMD":382.193361,"USDANG":1.789783,"USDAOA":917.000229,"USDARS":1297.143101,"USDAUD":1.534625,"USDAWG":1.80075,"USDAZN":1.698823,"USDBAM":1.671124,"USDBBD":2.016064,"USDBDT":121.314137,"USDBGN":1.671124,"USDBHD":0.376469,"USDBIF":2977.656257,"USDBMD":1,"USDBND":1.280215,"USDBOB":6.899645,"USDBRL":5.402205,"USDBSD":0.998505,"USDBTC":8.58616e-6,"USDBTN":87.326014,"USDBWP":13.362669,"USDBYN":3.331055,"USDBYR":19600,"USDBZD":2.005639,"USDCAD":1.380795,"USDCDF":2895.000003,"USDCHF":0.8066,"USDCLF":0.024576,"USDCLP":964.101912,"USDCNY":7.182101,"USDCNH":7.184895,"USDCOP":4046.91,"USDCRC":504.549921,"USDCUC":1,"USDCUP":26.5,"USDCVE":94.215406,"USDCZK":20.92005,"USDDJF":177.810057,"USDDKK":6.379945,"USDDOP":61.460247,"USDDZD":129.567223,"USDEGP":48.287195,"USDERN":15,"USDETB":140.628786,"USDEUR":0.85484,"USDFJD":2.255898,"USDFKP":0.737781,"USDGBP":0.73776,"USDGEL":2.690115,"USDGGP":0.737781,"USDGHS":10.833511,"USDGIP":0.737781,"USDGMD":72.495038,"USDGNF":8657.239287,"USDGTQ":7.658393,"USDGYD":208.817875,"USDHKD":7.831115,"USDHNL":26.13748,"USDHRK":6.441703,"USDHTG":130.653223,"USDHUF":337.473503,"USDIDR":16189.05,"USDILS":3.37617,"USDIMP":0.737781,"USDINR":87.497,"USDIQD":1307.984791,"USDIRR":42112.507518,"USDISK":122.440147,"USDJEP":0.737781,"USDJMD":159.772718,"USDJOD":0.709007,"USDJPY":147.475975,"USDKES":128.999968,"USDKGS":87.378796,"USDKHR":3999.658222,"USDKMF":420.503238,"USDKPW":900.000002,"USDKRW":1386.61966,"USDKWD":0.30547,"USDKYD":0.832059,"USDKZT":540.872389,"USDLAK":21611.483744,"USDLBP":89415.132225,"USDLKR":300.542573,"USDLRD":200.196522,"USDLSL":17.559106,"USDLTL":2.95274,"USDLVL":0.60489,"USDLYD":5.400094,"USDMAD":8.995172,"USDMDL":16.64972,"USDMGA":4442.260862,"USDMKD":52.578289,"USDMMK":2099.537865,"USDMNT":3596.792519,"USDMOP":8.046653,"USDMRU":39.940189,"USDMUR":45.640146,"USDMVR":15.409815,"USDMWK":1731.362413,"USDMXN":18.727775,"USDMYR":4.220004,"USDMZN":63.902813,"USDNAD":17.559106,"USDNGN":1529.190363,"USDNIO":36.741146,"USDNOK":10.193185,"USDNPR":139.721451,"USDNZD":1.68546,"USDOMR":0.384218,"USDPAB":0.998505,"USDPEN":3.559106,"USDPGK":4.154313,"USDPHP":57.052997,"USDPKR":283.287734,"USDPLN":3.640934,"USDPYG":7312.342462,"USDQAR":3.640364,"USDRON":4.32797,"USDRSD":100.123895,"USDRUB":79.771203,"USDRWF":1445.80681,"USDSAR":3.752497,"USDSBD":8.223773,"USDSCR":14.949545,"USDSDG":600.498985,"USDSEK":9.560235,"USDSGD":1.283045,"USDSHP":0.785843,"USDSLE":23.301154,"USDSLL":20969.49797,"USDSOS":570.598539,"USDSRD":37.560031,"USDSTD":20697.981008,"USDSTN":20.933909,"USDSVC":8.736703,"USDSYP":13001.821653,"USDSZL":17.553723,"USDTHB":32.440286,"USDTJS":9.310975,"USDTMT":3.51,"USDTND":2.918187,"USDTOP":2.342104,"USDTRY":40.900755,"USDTTD":6.774896,"USDTWD":30.020962,"USDTZS":2608.536,"USDUAH":41.211005,"USDUGX":3554.492246,"USDUYU":39.945316,"USDUZS":12562.908532,"USDVES":135.47035,"USDVND":26272,"USDVUV":119.143454,"USDWST":2.766276,"USDXAF":560.479344,"USDXAG":0.026237,"USDXAU":0.000299,"USDXCD":2.70255,"USDXCG":1.799547,"USDXDR":0.697056,"USDXOF":560.479344,"USDXPF":101.901141,"USDYER":240.274983,"USDZAR":17.593505,"USDZMK":9001.202449,"USDZMW":23.140086,"USDZWL":321.999592}}