{"success":true,"terms":"https:\/\/currencylayer.com\/terms","privacy":"https:\/\/currencylayer.com\/privacy","timestamp":1780459688,"source":"USD","quotes":{"USDAED":3.672496,"USDAFN":62.49797,"USDALL":82.050429,"USDAMD":368.530378,"USDANG":1.79046,"USDAOA":917.99999,"USDARS":1427.004499,"USDAUD":1.393923,"USDAWG":1.8,"USDAZN":1.696828,"USDBAM":1.679497,"USDBBD":2.013826,"USDBDT":122.739373,"USDBGN":1.66992,"USDBHD":0.376962,"USDBIF":2976,"USDBMD":1,"USDBND":1.278574,"USDBOB":6.909403,"USDBRL":5.021498,"USDBSD":0.999914,"USDBTC":1.5090752e-5,"USDBTN":95.204441,"USDBWP":13.398025,"USDBYN":2.762301,"USDBYR":19600,"USDBZD":2.010992,"USDCAD":1.384825,"USDCDF":2280.00025,"USDCHF":0.7882,"USDCLF":0.022621,"USDCLP":890.305159,"USDCNY":6.76255,"USDCNH":6.76771,"USDCOP":3590.69,"USDCRC":455.560326,"USDCUC":1,"USDCUP":26.5,"USDCVE":95.124979,"USDCZK":20.822101,"USDDJF":177.720096,"USDDKK":6.42699,"USDDOP":57.949856,"USDDZD":133.258964,"USDEGP":51.857801,"USDERN":15,"USDETB":159.449618,"USDEUR":0.859521,"USDFJD":2.19645,"USDFKP":0.743556,"USDGBP":0.74285,"USDGEL":2.659931,"USDGGP":0.743556,"USDGHS":11.780513,"USDGIP":0.743556,"USDGMD":72.999864,"USDGNF":8777.502932,"USDGTQ":7.623873,"USDGYD":209.151449,"USDHKD":7.836401,"USDHNL":26.579857,"USDHRK":6.479498,"USDHTG":130.888793,"USDHUF":305.325022,"USDIDR":17926,"USDILS":2.846803,"USDIMP":0.743556,"USDINR":95.624103,"USDIQD":1309.5,"USDIRR":1376000.000134,"USDISK":123.319797,"USDJEP":0.743556,"USDJMD":157.29295,"USDJOD":0.709029,"USDJPY":159.883504,"USDKES":129.450507,"USDKGS":87.450169,"USDKHR":4010.00018,"USDKMF":424.000073,"USDKPW":899.855249,"USDKRW":1519.619681,"USDKWD":0.30921,"USDKYD":0.833233,"USDKZT":491.215114,"USDLAK":21952.500744,"USDLBP":89549.999652,"USDLKR":332.460283,"USDLRD":182.649707,"USDLSL":16.24976,"USDLTL":2.95274,"USDLVL":0.60489,"USDLYD":6.335029,"USDMAD":9.193499,"USDMDL":17.293259,"USDMGA":4205.00021,"USDMKD":53.003397,"USDMMK":2099.709771,"USDMNT":3577.369468,"USDMOP":8.071447,"USDMRU":39.990364,"USDMUR":47.408035,"USDMVR":15.398322,"USDMWK":1736.49843,"USDMXN":17.28581,"USDMYR":3.981501,"USDMZN":63.904988,"USDNAD":16.25011,"USDNGN":1367.859779,"USDNIO":36.604978,"USDNOK":9.288825,"USDNPR":152.328897,"USDNZD":1.68877,"USDOMR":0.384502,"USDPAB":0.999914,"USDPEN":3.404502,"USDPGK":4.360032,"USDPHP":61.660505,"USDPKR":278.450134,"USDPLN":3.64365,"USDPYG":6048.922074,"USDQAR":3.639497,"USDRON":4.519501,"USDRSD":100.958987,"USDRUB":73.202176,"USDRWF":1461.5,"USDSAR":3.756854,"USDSBD":8.032647,"USDSCR":12.791663,"USDSDG":600.500113,"USDSEK":9.322685,"USDSGD":1.27978,"USDSHP":0.746601,"USDSLE":24.602996,"USDSLL":20969.502105,"USDSOS":571.492633,"USDSRD":37.1885,"USDSTD":20697.981008,"USDSTN":21.375,"USDSVC":8.748819,"USDSYP":110.532098,"USDSZL":16.23976,"USDTHB":32.679664,"USDTJS":9.228939,"USDTMT":3.5,"USDTND":2.89725,"USDTOP":2.40776,"USDTRY":45.947796,"USDTTD":6.78231,"USDTWD":31.433501,"USDTZS":2612.502978,"USDUAH":44.337686,"USDUGX":3764.705882,"USDUYU":40.180162,"USDUZS":11929.999795,"USDVES":558.045295,"USDVND":26342.5,"USDVUV":117.275788,"USDWST":2.71662,"USDXAF":563.294976,"USDXAG":0.013295,"USDXAU":0.000223,"USDXCD":2.70255,"USDXCG":1.802061,"USDXDR":0.701353,"USDXOF":562.519396,"USDXPF":103.075017,"USDYER":238.601076,"USDZAR":16.25109,"USDZMK":9001.200744,"USDZMW":18.072993,"USDZWL":321.999592}}