{"success":true,"terms":"https:\/\/currencylayer.com\/terms","privacy":"https:\/\/currencylayer.com\/privacy","timestamp":1760491505,"source":"USD","quotes":{"USDAED":3.672499,"USDAFN":65.963595,"USDALL":83.387162,"USDAMD":380.678417,"USDANG":1.789982,"USDAOA":917.000348,"USDARS":1357.505974,"USDAUD":1.537882,"USDAWG":1.80125,"USDAZN":1.709021,"USDBAM":1.684437,"USDBBD":2.004151,"USDBDT":121.212121,"USDBGN":1.68474,"USDBHD":0.377004,"USDBIF":2933.437832,"USDBMD":1,"USDBND":1.295254,"USDBOB":6.876238,"USDBRL":5.483802,"USDBSD":0.995099,"USDBTC":8.860182e-6,"USDBTN":88.332034,"USDBWP":13.396033,"USDBYN":3.388296,"USDBYR":19600,"USDBZD":2.0013,"USDCAD":1.403615,"USDCDF":2344.999921,"USDCHF":0.80059,"USDCLF":0.024506,"USDCLP":961.350424,"USDCNY":7.139014,"USDCNH":7.129665,"USDCOP":3925.25,"USDCRC":500.734221,"USDCUC":1,"USDCUP":26.5,"USDCVE":94.967207,"USDCZK":20.925399,"USDDJF":177.195566,"USDDKK":6.426315,"USDDOP":62.647759,"USDDZD":130.435036,"USDEGP":47.7136,"USDERN":15,"USDETB":146.194067,"USDEUR":0.86052,"USDFJD":2.27595,"USDFKP":0.750232,"USDGBP":0.749805,"USDGEL":2.7196,"USDGGP":0.750232,"USDGHS":11.3437,"USDGIP":0.750232,"USDGMD":72.999915,"USDGNF":8634.952351,"USDGTQ":7.622181,"USDGYD":208.184586,"USDHKD":7.77439,"USDHNL":26.128784,"USDHRK":6.486699,"USDHTG":130.360826,"USDHUF":337.191502,"USDIDR":16577.25,"USDILS":3.318899,"USDIMP":0.750232,"USDINR":88.767101,"USDIQD":1303.522137,"USDIRR":42049.999841,"USDISK":121.849873,"USDJEP":0.750232,"USDJMD":160.064422,"USDJOD":0.708989,"USDJPY":151.3625,"USDKES":128.559702,"USDKGS":87.449943,"USDKHR":4003.152224,"USDKMF":424.999764,"USDKPW":900.00912,"USDKRW":1426.055029,"USDKWD":0.30681,"USDKYD":0.829224,"USDKZT":537.462804,"USDLAK":21595.993437,"USDLBP":89108.635457,"USDLKR":301.235482,"USDLRD":182.096918,"USDLSL":17.411817,"USDLTL":2.95274,"USDLVL":0.60489,"USDLYD":5.420768,"USDMAD":9.148566,"USDMDL":16.717122,"USDMGA":4478.531042,"USDMKD":53.079471,"USDMMK":2099.370586,"USDMNT":3598.450912,"USDMOP":7.968581,"USDMRU":39.880458,"USDMUR":45.469752,"USDMVR":15.266509,"USDMWK":1725.526335,"USDMXN":18.48587,"USDMYR":4.223016,"USDMZN":63.909813,"USDNAD":17.411817,"USDNGN":1455.749795,"USDNIO":36.620604,"USDNOK":10.137505,"USDNPR":141.330382,"USDNZD":1.748699,"USDOMR":0.384501,"USDPAB":0.995091,"USDPEN":3.408047,"USDPGK":4.245992,"USDPHP":58.032973,"USDPKR":281.743362,"USDPLN":3.666497,"USDPYG":7004.624964,"USDQAR":3.628158,"USDRON":4.378966,"USDRSD":100.811984,"USDRUB":79.505516,"USDRWF":1444.326261,"USDSAR":3.749807,"USDSBD":8.237322,"USDSCR":13.617135,"USDSDG":601.485792,"USDSEK":9.52639,"USDSGD":1.296655,"USDSHP":0.750259,"USDSLE":23.249622,"USDSLL":20969.499529,"USDSOS":568.687317,"USDSRD":38.979972,"USDSTD":20697.981008,"USDSTN":21.100771,"USDSVC":8.706512,"USDSYP":13002.447487,"USDSZL":17.397446,"USDTHB":32.550501,"USDTJS":9.144841,"USDTMT":3.51,"USDTND":2.931913,"USDTOP":2.3421,"USDTRY":41.833596,"USDTTD":6.758276,"USDTWD":30.708498,"USDTZS":2455.363969,"USDUAH":41.588845,"USDUGX":3447.637339,"USDUYU":39.988976,"USDUZS":12089.554167,"USDVES":196.9987,"USDVND":26355.5,"USDVUV":122.081134,"USDWST":2.801098,"USDXAF":564.946882,"USDXAG":0.019222,"USDXAU":0.000239,"USDXCD":2.70255,"USDXCG":1.793409,"USDXDR":0.702616,"USDXOF":564.949315,"USDXPF":102.714272,"USDYER":238.850369,"USDZAR":17.34524,"USDZMK":9001.203383,"USDZMW":22.463278,"USDZWL":321.999592}}