{"success":true,"terms":"https:\/\/currencylayer.com\/terms","privacy":"https:\/\/currencylayer.com\/privacy","timestamp":1783308785,"source":"USD","quotes":{"USDAED":3.672499,"USDAFN":64.000317,"USDALL":82.13669,"USDAMD":367.799411,"USDANG":1.790403,"USDAOA":917.498647,"USDARS":1494.871402,"USDAUD":1.444902,"USDAWG":1.8025,"USDAZN":1.699746,"USDBAM":1.709832,"USDBBD":2.015606,"USDBDT":123.389765,"USDBGN":1.69088,"USDBHD":0.377337,"USDBIF":2976.731174,"USDBMD":1,"USDBND":1.291479,"USDBOB":6.930377,"USDBRL":5.167901,"USDBSD":1.000765,"USDBTC":1.5840794e-5,"USDBTN":95.340217,"USDBWP":13.497694,"USDBYN":2.903642,"USDBYR":19600,"USDBZD":2.01272,"USDCAD":1.421345,"USDCDF":2246.00005,"USDCHF":0.80465,"USDCLF":0.023412,"USDCLP":921.440451,"USDCNY":6.789101,"USDCNH":6.792745,"USDCOP":3345.24,"USDCRC":455.934359,"USDCUC":1,"USDCUP":26.5,"USDCVE":96.399815,"USDCZK":21.162964,"USDDJF":178.209079,"USDDKK":6.540198,"USDDOP":59.284581,"USDDZD":133.424841,"USDEGP":49.209298,"USDERN":15,"USDETB":160.478228,"USDEUR":0.875102,"USDFJD":2.26045,"USDFKP":0.748895,"USDGBP":0.74955,"USDGEL":2.634953,"USDGGP":0.748895,"USDGHS":11.368574,"USDGIP":0.748895,"USDGMD":72.49704,"USDGNF":8776.845704,"USDGTQ":7.637499,"USDGYD":209.336382,"USDHKD":7.84281,"USDHNL":26.786034,"USDHRK":6.589025,"USDHTG":130.896438,"USDHUF":309.399499,"USDIDR":17987.6,"USDILS":2.99865,"USDIMP":0.748895,"USDINR":95.288954,"USDIQD":1310.97521,"USDIRR":1375949.999621,"USDISK":125.989812,"USDJEP":0.748895,"USDJMD":158.434973,"USDJOD":0.709024,"USDJPY":161.828498,"USDKES":129.41002,"USDKGS":87.447696,"USDKHR":4007.693653,"USDKMF":430.999983,"USDKPW":900.00035,"USDKRW":1532.635018,"USDKWD":0.31029,"USDKYD":0.834058,"USDKZT":473.271231,"USDLAK":22597.482077,"USDLBP":89618.073011,"USDLKR":335.205739,"USDLRD":181.630619,"USDLSL":16.232733,"USDLTL":2.95274,"USDLVL":0.60489,"USDLYD":6.414443,"USDMAD":9.358851,"USDMDL":17.603525,"USDMGA":4242.781894,"USDMKD":53.883578,"USDMMK":2099.883338,"USDMNT":3582.147735,"USDMOP":8.08442,"USDMRU":39.940374,"USDMUR":47.050033,"USDMVR":15.459653,"USDMWK":1735.405329,"USDMXN":17.48105,"USDMYR":4.077602,"USDMZN":63.910122,"USDNAD":16.232662,"USDNGN":1370.180007,"USDNIO":36.824459,"USDNOK":9.844602,"USDNPR":152.547856,"USDNZD":1.759555,"USDOMR":0.385881,"USDPAB":1.000782,"USDPEN":3.405239,"USDPGK":4.396728,"USDPHP":61.516975,"USDPKR":278.231635,"USDPLN":3.75635,"USDPYG":6084.846895,"USDQAR":3.658323,"USDRON":4.569008,"USDRSD":102.24398,"USDRUB":77.089331,"USDRWF":1465.180328,"USDSAR":3.758562,"USDSBD":8.058541,"USDSCR":13.423044,"USDSDG":600.494503,"USDSEK":9.65779,"USDSGD":1.29265,"USDSHP":0.746601,"USDSLE":24.350414,"USDSLL":20969.503664,"USDSOS":571.978142,"USDSRD":37.565998,"USDSTD":20697.981008,"USDSTN":21.419735,"USDSVC":8.756737,"USDSYP":110.532098,"USDSZL":16.229755,"USDTHB":33.229503,"USDTJS":9.276572,"USDTMT":3.51,"USDTND":2.953586,"USDTOP":2.40776,"USDTRY":46.815804,"USDTTD":6.782536,"USDTWD":32.080499,"USDTZS":2625.618019,"USDUAH":44.570629,"USDUGX":3652.720525,"USDUYU":40.249681,"USDUZS":11988.460025,"USDVES":638.90327,"USDVND":26299.5,"USDVUV":118.93159,"USDWST":2.77318,"USDXAF":573.514317,"USDXAG":0.01613,"USDXAU":0.00024,"USDXCD":2.70255,"USDXCG":1.803629,"USDXDR":0.713221,"USDXOF":573.476712,"USDXPF":104.261467,"USDYER":237.050058,"USDZAR":16.2601,"USDZMK":9001.201387,"USDZMW":18.388302,"USDZWL":321.999592}}