{"success":true,"terms":"https:\/\/currencylayer.com\/terms","privacy":"https:\/\/currencylayer.com\/privacy","timestamp":1761268925,"source":"USD","quotes":{"USDAED":3.6725,"USDAFN":66.207039,"USDALL":83.171947,"USDAMD":381.473735,"USDANG":1.789982,"USDAOA":917.000033,"USDARS":1483.000098,"USDAUD":1.536063,"USDAWG":1.8025,"USDAZN":1.697918,"USDBAM":1.683408,"USDBBD":2.008848,"USDBDT":122.205868,"USDBGN":1.683105,"USDBHD":0.376944,"USDBIF":2940.649882,"USDBMD":1,"USDBND":1.296751,"USDBOB":6.891833,"USDBRL":5.384504,"USDBSD":0.997409,"USDBTC":9.050675e-6,"USDBTN":87.602964,"USDBWP":13.373099,"USDBYN":3.399265,"USDBYR":19600,"USDBZD":2.006008,"USDCAD":1.399245,"USDCDF":2210.000006,"USDCHF":0.795445,"USDCLF":0.024151,"USDCLP":947.439709,"USDCNY":7.12645,"USDCNH":7.12684,"USDCOP":3880.3,"USDCRC":501.11464,"USDCUC":1,"USDCUP":26.5,"USDCVE":94.907945,"USDCZK":20.93835,"USDDJF":177.610797,"USDDKK":6.431695,"USDDOP":63.685112,"USDDZD":130.434972,"USDEGP":47.593203,"USDERN":15,"USDETB":151.016345,"USDEUR":0.86106,"USDFJD":2.271799,"USDFKP":0.747867,"USDGBP":0.75045,"USDGEL":2.715011,"USDGGP":0.747867,"USDGHS":10.796946,"USDGIP":0.747867,"USDGMD":72.498013,"USDGNF":8656.767807,"USDGTQ":7.642386,"USDGYD":208.639967,"USDHKD":7.772605,"USDHNL":26.198776,"USDHRK":6.485898,"USDHTG":130.511874,"USDHUF":335.920436,"USDIDR":16616.95,"USDILS":3.292095,"USDIMP":0.747867,"USDINR":87.778699,"USDIQD":1306.581971,"USDIRR":42050.000054,"USDISK":122.450027,"USDJEP":0.747867,"USDJMD":160.043381,"USDJOD":0.709028,"USDJPY":152.773982,"USDKES":128.869986,"USDKGS":87.450384,"USDKHR":4020.450848,"USDKMF":425.000251,"USDKPW":899.975012,"USDKRW":1435.120061,"USDKWD":0.306601,"USDKYD":0.831203,"USDKZT":536.69705,"USDLAK":21653.282378,"USDLBP":89317.01397,"USDLKR":302.708705,"USDLRD":182.525542,"USDLSL":17.322884,"USDLTL":2.95274,"USDLVL":0.60489,"USDLYD":5.425156,"USDMAD":9.237913,"USDMDL":16.926176,"USDMGA":4471.471239,"USDMKD":53.037932,"USDMMK":2099.545458,"USDMNT":3595.326053,"USDMOP":7.984094,"USDMRU":39.966087,"USDMUR":45.530027,"USDMVR":15.309651,"USDMWK":1729.456624,"USDMXN":18.400499,"USDMYR":4.224013,"USDMZN":63.909971,"USDNAD":17.322884,"USDNGN":1459.380249,"USDNIO":36.703249,"USDNOK":9.975701,"USDNPR":140.164915,"USDNZD":1.738085,"USDOMR":0.384502,"USDPAB":0.997409,"USDPEN":3.398146,"USDPGK":4.198621,"USDPHP":58.616499,"USDPKR":282.318624,"USDPLN":3.64325,"USDPYG":7054.509774,"USDQAR":3.635448,"USDRON":4.376598,"USDRSD":100.889921,"USDRUB":81.424641,"USDRWF":1448.25746,"USDSAR":3.750161,"USDSBD":8.223823,"USDSCR":13.812995,"USDSDG":601.500592,"USDSEK":9.383903,"USDSGD":1.29873,"USDSHP":0.750259,"USDSLE":23.179701,"USDSLL":20969.499529,"USDSOS":569.025916,"USDSRD":39.698502,"USDSTD":20697.981008,"USDSTN":21.087785,"USDSVC":8.7269,"USDSYP":11057.399305,"USDSZL":17.318667,"USDTHB":32.780119,"USDTJS":9.235934,"USDTMT":3.5,"USDTND":2.930083,"USDTOP":2.342098,"USDTRY":42.066155,"USDTTD":6.768749,"USDTWD":30.790294,"USDTZS":2487.495037,"USDUAH":41.79754,"USDUGX":3480.775686,"USDUYU":39.713895,"USDUZS":12069.959804,"USDVES":212.218135,"USDVND":26332,"USDVUV":121.816349,"USDWST":2.80505,"USDXAF":564.599203,"USDXAG":0.020526,"USDXAU":0.000242,"USDXCD":2.70255,"USDXCG":1.79754,"USDXDR":0.70218,"USDXOF":564.599203,"USDXPF":102.650175,"USDYER":238.94958,"USDZAR":17.329703,"USDZMK":9001.198676,"USDZMW":22.067292,"USDZWL":321.999592}}