{"success":true,"terms":"https:\/\/currencylayer.com\/terms","privacy":"https:\/\/currencylayer.com\/privacy","timestamp":1775788565,"source":"USD","quotes":{"USDAED":3.6725,"USDAFN":63.999794,"USDALL":81.919594,"USDAMD":376.060165,"USDAOA":916.999446,"USDARS":1382.0237,"USDAUD":1.414627,"USDAWG":1.80125,"USDAZN":1.705413,"USDBAM":1.673634,"USDBBD":2.011587,"USDBDT":122.694347,"USDBHD":0.377213,"USDBIF":2970,"USDBMD":1,"USDBND":1.273934,"USDBOB":6.90148,"USDBRL":5.097901,"USDBSD":0.998734,"USDBTC":1.3857296e-5,"USDBTN":92.490362,"USDBWP":13.45308,"USDBYN":2.900908,"USDBYR":19600,"USDBZD":2.008703,"USDCAD":1.382595,"USDCDF":2299.999946,"USDCHF":0.790802,"USDCLF":0.02264,"USDCLP":891.060278,"USDCNY":6.83185,"USDCNH":6.83156,"USDCOP":3654.84,"USDCRC":464.322236,"USDCUC":1,"USDCUP":26.5,"USDCVE":94.466171,"USDCZK":20.851699,"USDDJF":177.720048,"USDDKK":6.39271,"USDDOP":60.375056,"USDDZD":132.343467,"USDEGP":53.095602,"USDERN":15,"USDETB":156.549785,"USDEUR":0.855502,"USDFJD":2.210496,"USDFKP":0.744078,"USDGBP":0.745099,"USDGEL":2.689614,"USDGGP":0.744078,"USDGHS":11.014976,"USDGIP":0.744078,"USDGMD":74.000204,"USDGNF":8775.000385,"USDGTQ":7.640832,"USDGYD":208.952669,"USDHKD":7.834925,"USDHNL":26.630168,"USDHRK":6.446298,"USDHTG":130.987476,"USDHUF":322.349633,"USDIDR":17109.6,"USDILS":3.067399,"USDIMP":0.744078,"USDINR":92.47005,"USDIQD":1310,"USDIRR":1316000.000055,"USDISK":122.679619,"USDJEP":0.744078,"USDJMD":157.9096,"USDJOD":0.708975,"USDJPY":159.161503,"USDKES":129.25011,"USDKGS":87.448499,"USDKHR":4012.500639,"USDKMF":421.000332,"USDKPW":899.95413,"USDKRW":1480.624998,"USDKWD":0.30905,"USDKYD":0.832292,"USDKZT":476.261788,"USDLAK":21964.999948,"USDLBP":89501.817404,"USDLKR":315.134608,"USDLRD":184.250248,"USDLSL":16.329738,"USDLTL":2.95274,"USDLVL":0.60489,"USDLYD":6.354977,"USDMAD":9.282183,"USDMDL":17.248506,"USDMGA":4150.000324,"USDMKD":52.740098,"USDMMK":2099.780124,"USDMNT":3575.250437,"USDMOP":8.059525,"USDMRU":40.010271,"USDMUR":46.579872,"USDMVR":15.450258,"USDMWK":1736.999783,"USDMXN":17.379024,"USDMYR":3.972502,"USDMZN":63.950368,"USDNAD":16.329762,"USDNGN":1361.749837,"USDNIO":36.719958,"USDNOK":9.49735,"USDNPR":147.983022,"USDNZD":1.71062,"USDOMR":0.384485,"USDPAB":0.998725,"USDPEN":3.3725,"USDPGK":4.31125,"USDPHP":59.709499,"USDPKR":279.02501,"USDPLN":3.63325,"USDPYG":6452.275411,"USDQAR":3.646096,"USDRON":4.355697,"USDRSD":100.393978,"USDRUB":77.625696,"USDRWF":1461.5,"USDSAR":3.75247,"USDSBD":8.048583,"USDSCR":14.038075,"USDSDG":600.999712,"USDSEK":9.293975,"USDSGD":1.274105,"USDSLE":24.600706,"USDSOS":571.489716,"USDSRD":37.575501,"USDSTD":20697.981008,"USDSTN":21.31,"USDSVC":8.738811,"USDSYP":110.553826,"USDSZL":16.330218,"USDTHB":32.205966,"USDTJS":9.503158,"USDTMT":3.505,"USDTND":2.88375,"USDTRY":44.634896,"USDTTD":6.774889,"USDTWD":31.763799,"USDTZS":2595.000248,"USDUAH":43.381882,"USDUGX":3680.503855,"USDUYU":40.536031,"USDUZS":12220.000315,"USDVES":475.06335,"USDVND":26333,"USDVUV":119.534712,"USDWST":2.769292,"USDXAF":561.328279,"USDXAG":0.0133,"USDXAU":0.000211,"USDXCD":2.70255,"USDXCG":1.800048,"USDXDR":0.698112,"USDXOF":561.505074,"USDXPF":102.349815,"USDYER":238.550169,"USDZAR":16.424098,"USDZMK":9001.180604,"USDZMW":19.051327,"USDZWL":321.999592}}