{"success":true,"terms":"https:\/\/currencylayer.com\/terms","privacy":"https:\/\/currencylayer.com\/privacy","timestamp":1779504969,"source":"USD","quotes":{"USDAED":3.67315,"USDAFN":62.503991,"USDALL":82.322805,"USDAMD":367.970403,"USDANG":1.79046,"USDAOA":918.000367,"USDARS":1405.603945,"USDAUD":1.401345,"USDAWG":1.8,"USDAZN":1.70397,"USDBAM":1.68682,"USDBBD":2.014731,"USDBDT":122.945164,"USDBGN":1.66992,"USDBHD":0.377275,"USDBIF":2975.5,"USDBMD":1,"USDBND":1.280682,"USDBOB":6.911838,"USDBRL":5.034404,"USDBSD":1.000293,"USDBTC":1.3175968e-5,"USDBTN":95.666948,"USDBWP":13.528887,"USDBYN":2.746451,"USDBYR":19600,"USDBZD":2.011799,"USDCAD":1.38265,"USDCDF":2255.000362,"USDCHF":0.784333,"USDCLF":0.022887,"USDCLP":900.780396,"USDCNY":6.79475,"USDCNH":6.79779,"USDCOP":3686.45,"USDCRC":452.710745,"USDCUC":1,"USDCUP":26.5,"USDCVE":95.37504,"USDCZK":20.931604,"USDDJF":177.720393,"USDDKK":6.439504,"USDDOP":59.050393,"USDDZD":133.07604,"USDEGP":53.093587,"USDERN":15,"USDETB":161.261277,"USDEUR":0.861404,"USDFJD":2.206104,"USDFKP":0.745923,"USDGBP":0.744048,"USDGEL":2.660391,"USDGGP":0.745923,"USDGHS":11.63039,"USDGIP":0.745923,"USDGMD":72.503851,"USDGNF":8780.000355,"USDGTQ":7.627689,"USDGYD":209.243958,"USDHKD":7.83575,"USDHNL":26.613251,"USDHRK":6.493904,"USDHTG":130.992014,"USDHUF":309.190388,"USDIDR":17698.6,"USDILS":2.89104,"USDIMP":0.745923,"USDINR":95.71975,"USDIQD":1310.35137,"USDIRR":1323400.000352,"USDISK":123.760386,"USDJEP":0.745923,"USDJMD":157.909717,"USDJOD":0.70904,"USDJPY":159.20704,"USDKES":129.803801,"USDKGS":87.450384,"USDKHR":4010.00035,"USDKMF":425.00035,"USDKPW":900.052896,"USDKRW":1520.820383,"USDKWD":0.30951,"USDKYD":0.833588,"USDKZT":472.383696,"USDLAK":21952.503779,"USDLBP":89550.000349,"USDLKR":334.58679,"USDLRD":183.275039,"USDLSL":16.499491,"USDLTL":2.95274,"USDLVL":0.60489,"USDLYD":6.374519,"USDMAD":9.228089,"USDMDL":17.350543,"USDMGA":4202.818553,"USDMKD":53.125377,"USDMMK":2099.74231,"USDMNT":3580.214653,"USDMOP":8.073777,"USDMRU":39.972056,"USDMUR":47.380378,"USDMVR":15.403739,"USDMWK":1734.514343,"USDMXN":17.328104,"USDMYR":3.967904,"USDMZN":63.903729,"USDNAD":16.499491,"USDNGN":1372.250377,"USDNIO":36.810239,"USDNOK":9.272104,"USDNPR":153.066945,"USDNZD":1.70911,"USDOMR":0.385895,"USDPAB":1.000293,"USDPEN":3.410467,"USDPGK":4.362376,"USDPHP":61.474038,"USDPKR":278.494644,"USDPLN":3.65305,"USDPYG":6095.941214,"USDQAR":3.65722,"USDRON":4.524404,"USDRSD":100.794038,"USDRUB":71.790516,"USDRWF":1462.423832,"USDSAR":3.754239,"USDSBD":8.045182,"USDSCR":13.512128,"USDSDG":600.503676,"USDSEK":9.367704,"USDSGD":1.280504,"USDSHP":0.746601,"USDSLE":24.603667,"USDSLL":20969.502105,"USDSOS":571.645421,"USDSRD":37.154038,"USDSTD":20697.981008,"USDSTN":21.130526,"USDSVC":8.75235,"USDSYP":110.531015,"USDSZL":16.49561,"USDTHB":32.710369,"USDTJS":9.292774,"USDTMT":3.5,"USDTND":2.92826,"USDTOP":2.40776,"USDTRY":45.698504,"USDTTD":6.789426,"USDTWD":31.454504,"USDTZS":2629.998038,"USDUAH":44.271557,"USDUGX":3787.970262,"USDUYU":40.044503,"USDUZS":12001.276456,"USDVES":526.210504,"USDVND":26365,"USDVUV":118.904724,"USDWST":2.724078,"USDXAF":565.743536,"USDXAG":0.013254,"USDXAU":0.000222,"USDXCD":2.70255,"USDXCG":1.802822,"USDXDR":0.702153,"USDXOF":565.743536,"USDXPF":102.858227,"USDYER":238.650363,"USDZAR":16.96148,"USDZMK":9001.203584,"USDZMW":18.830318,"USDZWL":321.999592}}