{"success":true,"terms":"https:\/\/currencylayer.com\/terms","privacy":"https:\/\/currencylayer.com\/privacy","timestamp":1775183108,"source":"USD","quotes":{"USDAED":3.672498,"USDAFN":63.498872,"USDALL":83.072963,"USDAMD":375.623475,"USDANG":1.790083,"USDAOA":916.999876,"USDARS":1390.931701,"USDAUD":1.447744,"USDAWG":1.8,"USDAZN":1.697874,"USDBAM":1.695072,"USDBBD":2.009612,"USDBDT":122.428639,"USDBGN":1.709309,"USDBHD":0.377609,"USDBIF":2964.709145,"USDBMD":1,"USDBND":1.2851,"USDBOB":6.894519,"USDBRL":5.158019,"USDBSD":0.997742,"USDBTC":1.5002884e-5,"USDBTN":92.939509,"USDBWP":13.688562,"USDBYN":2.956504,"USDBYR":19600,"USDBZD":2.006665,"USDCAD":1.392445,"USDCDF":2295.999862,"USDCHF":0.79893,"USDCLF":0.023224,"USDCLP":916.99955,"USDCNY":6.8856,"USDCNH":6.884935,"USDCOP":3662.46,"USDCRC":464.279833,"USDCUC":1,"USDCUP":26.5,"USDCVE":95.56558,"USDCZK":21.254902,"USDDJF":177.673004,"USDDKK":6.479605,"USDDOP":60.312178,"USDDZD":133.062353,"USDEGP":54.282402,"USDERN":15,"USDETB":155.800822,"USDEUR":0.86711,"USDFJD":2.253801,"USDFKP":0.750158,"USDGBP":0.756201,"USDGEL":2.68498,"USDGGP":0.750158,"USDGHS":10.970563,"USDGIP":0.750158,"USDGMD":74.00032,"USDGNF":8752.513347,"USDGTQ":7.632939,"USDGYD":208.828972,"USDHKD":7.83804,"USDHNL":26.504427,"USDHRK":6.528897,"USDHTG":130.952897,"USDHUF":333.2025,"USDIDR":16997.6,"USDILS":3.125465,"USDIMP":0.750158,"USDINR":92.836401,"USDIQD":1307.141959,"USDIRR":1319124.999683,"USDISK":125.219715,"USDJEP":0.750158,"USDJMD":157.303566,"USDJOD":0.708997,"USDJPY":159.684023,"USDKES":129.801476,"USDKGS":87.448802,"USDKHR":3990.137323,"USDKMF":426.999853,"USDKPW":899.994443,"USDKRW":1510.180264,"USDKWD":0.30934,"USDKYD":0.831502,"USDKZT":472.805432,"USDLAK":21970.392969,"USDLBP":89502.03926,"USDLKR":314.804623,"USDLRD":183.088277,"USDLSL":16.955078,"USDLTL":2.95274,"USDLVL":0.60489,"USDLYD":6.380628,"USDMAD":9.374033,"USDMDL":17.55613,"USDMGA":4171.343141,"USDMKD":53.422776,"USDMMK":2099.621061,"USDMNT":3572.314592,"USDMOP":8.055104,"USDMRU":39.637211,"USDMUR":46.949859,"USDMVR":15.460029,"USDMWK":1730.071718,"USDMXN":17.861745,"USDMYR":4.034502,"USDMZN":63.950241,"USDNAD":16.954711,"USDNGN":1378.050011,"USDNIO":36.712196,"USDNOK":9.734615,"USDNPR":148.701282,"USDNZD":1.75159,"USDOMR":0.384545,"USDPAB":0.997734,"USDPEN":3.45194,"USDPGK":4.316042,"USDPHP":60.509676,"USDPKR":278.39991,"USDPLN":3.70945,"USDPYG":6454.29687,"USDQAR":3.638018,"USDRON":4.419799,"USDRSD":101.772347,"USDRUB":80.249122,"USDRWF":1457.240049,"USDSAR":3.754249,"USDSBD":8.038772,"USDSCR":14.425806,"USDSDG":600.999714,"USDSEK":9.437185,"USDSGD":1.285799,"USDSHP":0.750259,"USDSLE":24.650011,"USDSLL":20969.510825,"USDSOS":570.192924,"USDSRD":37.350984,"USDSTD":20697.981008,"USDSTN":21.233539,"USDSVC":8.730169,"USDSYP":110.548921,"USDSZL":16.948198,"USDTHB":32.659741,"USDTJS":9.563492,"USDTMT":3.51,"USDTND":2.941459,"USDTOP":2.40776,"USDTRY":44.554803,"USDTTD":6.768937,"USDTWD":31.952701,"USDTZS":2599.999846,"USDUAH":43.698134,"USDUGX":3743.234401,"USDUYU":40.405091,"USDUZS":12122.393971,"USDVES":473.390499,"USDVND":26345,"USDVUV":120.132513,"USDWST":2.770875,"USDXAF":568.506489,"USDXAG":0.013691,"USDXAU":0.000214,"USDXCD":2.702549,"USDXCG":1.798209,"USDXDR":0.70704,"USDXOF":568.516344,"USDXPF":103.361457,"USDYER":238.650182,"USDZAR":16.93957,"USDZMK":9001.203312,"USDZMW":19.281421,"USDZWL":321.999592}}