{"success":true,"terms":"https:\/\/currencylayer.com\/terms","privacy":"https:\/\/currencylayer.com\/privacy","timestamp":1774924027,"source":"USD","quotes":{"USDAED":3.672501,"USDAFN":62.999537,"USDALL":83.703704,"USDAMD":377.605131,"USDANG":1.790083,"USDAOA":917.000077,"USDARS":1398.250096,"USDAUD":1.456919,"USDAWG":1.8025,"USDAZN":1.698013,"USDBAM":1.704483,"USDBBD":2.016575,"USDBDT":123.160587,"USDBGN":1.709309,"USDBHD":0.377521,"USDBIF":2986.670617,"USDBMD":1,"USDBND":1.291717,"USDBOB":6.933484,"USDBRL":5.265596,"USDBSD":1.001229,"USDBTC":1.471757e-5,"USDBTN":93.795616,"USDBWP":13.803351,"USDBYN":2.977633,"USDBYR":19600,"USDBZD":2.013735,"USDCAD":1.39229,"USDCDF":2282.49797,"USDCHF":0.79845,"USDCLF":0.023571,"USDCLP":930.720482,"USDCNY":6.91185,"USDCNH":6.908022,"USDCOP":3679.73,"USDCRC":465.114252,"USDCUC":1,"USDCUP":26.5,"USDCVE":96.091922,"USDCZK":21.382101,"USDDJF":178.293493,"USDDKK":6.509703,"USDDOP":59.69707,"USDDZD":133.299935,"USDEGP":54.444196,"USDERN":15,"USDETB":154.785898,"USDEUR":0.871298,"USDFJD":2.24225,"USDFKP":0.749539,"USDGBP":0.756995,"USDGEL":2.679822,"USDGGP":0.749539,"USDGHS":10.993512,"USDGIP":0.749539,"USDGMD":73.502368,"USDGNF":8779.314492,"USDGTQ":7.667136,"USDGYD":209.477331,"USDHKD":7.83763,"USDHNL":26.584689,"USDHRK":6.565004,"USDHTG":131.413133,"USDHUF":336.408003,"USDIDR":16995,"USDILS":3.165415,"USDIMP":0.749539,"USDINR":94.09315,"USDIQD":1311.696857,"USDIRR":1313249.999569,"USDISK":124.950006,"USDJEP":0.749539,"USDJMD":158.208929,"USDJOD":0.708973,"USDJPY":159.677498,"USDKES":130.120327,"USDKGS":87.450239,"USDKHR":4009.760774,"USDKMF":428.000131,"USDKPW":900.000621,"USDKRW":1525.201917,"USDKWD":0.30907,"USDKYD":0.834379,"USDKZT":481.654814,"USDLAK":21927.561745,"USDLBP":89663.73409,"USDLKR":315.720212,"USDLRD":183.730648,"USDLSL":17.187341,"USDLTL":2.95274,"USDLVL":0.60489,"USDLYD":6.405285,"USDMAD":9.397852,"USDMDL":17.647751,"USDMGA":4187.473311,"USDMKD":53.683647,"USDMMK":2099.386529,"USDMNT":3569.771381,"USDMOP":8.080213,"USDMRU":39.963049,"USDMUR":46.890024,"USDMVR":15.45011,"USDMWK":1736.167394,"USDMXN":18.082501,"USDMYR":4.027496,"USDMZN":63.950189,"USDNAD":17.187565,"USDNGN":1384.8696,"USDNIO":36.84644,"USDNOK":9.743575,"USDNPR":150.076909,"USDNZD":1.74647,"USDOMR":0.384496,"USDPAB":1.001259,"USDPEN":3.491583,"USDPGK":4.39752,"USDPHP":60.603503,"USDPKR":279.418562,"USDPLN":3.73355,"USDPYG":6529.9044,"USDQAR":3.660757,"USDRON":4.442497,"USDRSD":102.304021,"USDRUB":81.300003,"USDRWF":1465.31064,"USDSAR":3.75277,"USDSBD":8.042037,"USDSCR":14.845743,"USDSDG":601.00033,"USDSEK":9.53974,"USDSGD":1.290485,"USDSHP":0.750259,"USDSLE":24.549769,"USDSLL":20969.510825,"USDSOS":572.215396,"USDSRD":37.601002,"USDSTD":20697.981008,"USDSTN":21.351321,"USDSVC":8.761204,"USDSYP":110.525858,"USDSZL":17.182571,"USDTHB":32.849499,"USDTJS":9.587004,"USDTMT":3.5,"USDTND":2.95522,"USDTOP":2.40776,"USDTRY":44.476032,"USDTTD":6.80297,"USDTWD":32.068303,"USDTZS":2583.311011,"USDUAH":43.842628,"USDUGX":3764.787904,"USDUYU":40.680802,"USDUZS":12225.475842,"USDVES":467.928355,"USDVND":26344,"USDVUV":119.432425,"USDWST":2.775483,"USDXAF":571.655032,"USDXAG":0.013815,"USDXAU":0.000218,"USDXCD":2.70255,"USDXCG":1.804531,"USDXDR":0.710952,"USDXOF":571.645069,"USDXPF":103.935718,"USDYER":238.596665,"USDZAR":17.13125,"USDZMK":9001.191881,"USDZMW":18.998776,"USDZWL":321.999592}}