{"success":true,"terms":"https:\/\/currencylayer.com\/terms","privacy":"https:\/\/currencylayer.com\/privacy","timestamp":1776307265,"source":"USD","quotes":{"USDAED":3.672498,"USDAFN":63.999994,"USDALL":81.012294,"USDAMD":372.574013,"USDANG":1.789884,"USDAOA":917.999685,"USDARS":1358.494198,"USDAUD":1.39148,"USDAWG":1.797375,"USDAZN":1.707367,"USDBAM":1.656468,"USDBBD":2.008969,"USDBDT":122.664002,"USDBGN":1.668102,"USDBHD":0.37721,"USDBIF":2965.676414,"USDBMD":1,"USDBND":1.26902,"USDBOB":6.892492,"USDBRL":4.990101,"USDBSD":0.997455,"USDBTC":1.3306144e-5,"USDBTN":93.157901,"USDBWP":13.383983,"USDBYN":2.846858,"USDBYR":19600,"USDBZD":2.00609,"USDCAD":1.372275,"USDCDF":2304.999933,"USDCHF":0.78098,"USDCLF":0.022486,"USDCLP":885.0005,"USDCNY":6.81825,"USDCNH":6.815335,"USDCOP":3617.79,"USDCRC":457.792854,"USDCUC":1,"USDCUP":26.5,"USDCVE":93.389119,"USDCZK":20.607705,"USDDJF":177.622692,"USDDKK":6.328575,"USDDOP":59.441078,"USDDZD":132.127471,"USDEGP":51.957699,"USDERN":15,"USDETB":155.749768,"USDEUR":0.846799,"USDFJD":2.220795,"USDFKP":0.737283,"USDGBP":0.73665,"USDGEL":2.689993,"USDGGP":0.737283,"USDGHS":11.012065,"USDGIP":0.737283,"USDGMD":74.000279,"USDGNF":8750.926377,"USDGTQ":7.625952,"USDGYD":208.680407,"USDHKD":7.831365,"USDHNL":26.493544,"USDHRK":6.383199,"USDHTG":130.518559,"USDHUF":307.548991,"USDIDR":17135.6,"USDILS":2.997901,"USDIMP":0.737283,"USDINR":93.32375,"USDIQD":1306.676943,"USDIRR":1316125.000392,"USDISK":121.770229,"USDJEP":0.737283,"USDJMD":157.413289,"USDJOD":0.709032,"USDJPY":158.752031,"USDKES":128.870294,"USDKGS":87.449983,"USDKHR":3995.155334,"USDKMF":417.999713,"USDKPW":900.002027,"USDKRW":1473.429743,"USDKWD":0.30887,"USDKYD":0.831198,"USDKZT":473.208803,"USDLAK":22007.190619,"USDLBP":89530.303672,"USDLKR":314.69334,"USDLRD":183.534414,"USDLSL":16.366408,"USDLTL":2.95274,"USDLVL":0.60489,"USDLYD":6.310636,"USDMAD":9.224743,"USDMDL":17.056758,"USDMGA":4138.345763,"USDMKD":52.226256,"USDMMK":2100.230461,"USDMNT":3576.383271,"USDMOP":8.050106,"USDMRU":39.829249,"USDMUR":46.250267,"USDMVR":15.450355,"USDMWK":1729.618478,"USDMXN":17.23575,"USDMYR":3.952987,"USDMZN":63.955019,"USDNAD":16.366408,"USDNGN":1343.82974,"USDNIO":36.707815,"USDNOK":9.377699,"USDNPR":149.057523,"USDNZD":1.690545,"USDOMR":0.384498,"USDPAB":0.997455,"USDPEN":3.379845,"USDPGK":4.322951,"USDPHP":59.991499,"USDPKR":278.169961,"USDPLN":3.587555,"USDPYG":6375.004764,"USDQAR":3.636895,"USDRON":4.3118,"USDRSD":99.410969,"USDRUB":75.500341,"USDRWF":1460.780743,"USDSAR":3.751626,"USDSBD":8.048583,"USDSCR":14.865145,"USDSDG":601.00015,"USDSEK":9.14135,"USDSGD":1.269835,"USDSHP":0.746601,"USDSLE":24.649915,"USDSLL":20969.496166,"USDSOS":570.100028,"USDSRD":37.424966,"USDSTD":20697.981008,"USDSTN":20.750842,"USDSVC":8.727836,"USDSYP":110.584383,"USDSZL":16.35576,"USDTHB":31.90406,"USDTJS":9.425979,"USDTMT":3.505,"USDTND":2.896066,"USDTOP":2.40776,"USDTRY":44.761973,"USDTTD":6.770531,"USDTWD":31.535503,"USDTZS":2595.000166,"USDUAH":43.440603,"USDUGX":3685.933404,"USDUYU":40.120098,"USDUZS":12158.837305,"USDVES":477.98287,"USDVND":26327,"USDVUV":119.010039,"USDWST":2.730706,"USDXAF":555.580306,"USDXAG":0.012486,"USDXAU":0.000208,"USDXCD":2.70255,"USDXCG":1.797655,"USDXDR":0.690967,"USDXOF":555.563837,"USDXPF":101.007449,"USDYER":238.6008,"USDZAR":16.33815,"USDZMK":9001.195264,"USDZMW":19.125861,"USDZWL":321.999592}}