{"success":true,"terms":"https:\/\/currencylayer.com\/terms","privacy":"https:\/\/currencylayer.com\/privacy","timestamp":1758331208,"source":"USD","quotes":{"USDAED":3.672504,"USDAFN":67.304298,"USDALL":82.461162,"USDAMD":382.850403,"USDANG":1.790403,"USDAOA":917.000367,"USDARS":1474.643511,"USDAUD":1.5163,"USDAWG":1.40625,"USDAZN":1.70397,"USDBAM":1.663513,"USDBBD":2.014791,"USDBDT":121.739722,"USDBGN":1.66462,"USDBHD":0.377081,"USDBIF":2985.612888,"USDBMD":1,"USDBND":1.284676,"USDBOB":6.912419,"USDBRL":5.327504,"USDBSD":1.000336,"USDBTC":8.669192e-6,"USDBTN":88.08247,"USDBWP":13.325622,"USDBYN":3.387244,"USDBYR":19600,"USDBZD":2.011891,"USDCAD":1.37805,"USDCDF":2824.000362,"USDCHF":0.79525,"USDCLF":0.024345,"USDCLP":955.040396,"USDCNY":7.113404,"USDCNH":7.11959,"USDCOP":3892.32,"USDCRC":504.63339,"USDCUC":1,"USDCUP":26.5,"USDCVE":93.786281,"USDCZK":20.679404,"USDDJF":177.720393,"USDDKK":6.354704,"USDDOP":62.022361,"USDDZD":129.58104,"USDEGP":48.166688,"USDERN":15,"USDETB":143.575371,"USDEUR":0.851385,"USDFJD":2.251804,"USDFKP":0.738185,"USDGBP":0.742115,"USDGEL":2.703861,"USDGGP":0.738185,"USDGHS":12.275136,"USDGIP":0.738185,"USDGMD":74.000355,"USDGNF":8677.346783,"USDGTQ":7.662636,"USDGYD":209.286304,"USDHKD":7.77585,"USDHNL":26.218312,"USDHRK":6.414504,"USDHTG":130.891678,"USDHUF":332.403831,"USDIDR":16643.75,"USDILS":3.336205,"USDIMP":0.738185,"USDINR":88.09935,"USDIQD":1310.532829,"USDIRR":42062.503816,"USDISK":121.750386,"USDJEP":0.738185,"USDJMD":160.41439,"USDJOD":0.70904,"USDJPY":147.93604,"USDKES":129.190385,"USDKGS":87.450384,"USDKHR":4020.566384,"USDKMF":418.00035,"USDKPW":900.014062,"USDKRW":1397.230383,"USDKWD":0.30541,"USDKYD":0.833627,"USDKZT":541.530401,"USDLAK":21658.402157,"USDLBP":89580.678909,"USDLKR":302.48234,"USDLRD":178.565201,"USDLSL":17.355459,"USDLTL":2.95274,"USDLVL":0.60489,"USDLYD":5.395061,"USDMAD":9.023947,"USDMDL":16.596,"USDMGA":4422.859379,"USDMKD":52.334557,"USDMMK":2099.369864,"USDMNT":3597.280569,"USDMOP":8.01201,"USDMRU":40.014289,"USDMUR":45.350378,"USDMVR":15.303739,"USDMWK":1734.611426,"USDMXN":18.404604,"USDMYR":4.207039,"USDMZN":63.903729,"USDNAD":17.355459,"USDNGN":1495.580377,"USDNIO":36.811955,"USDNOK":9.940404,"USDNPR":140.931611,"USDNZD":1.707068,"USDOMR":0.384515,"USDPAB":1.000332,"USDPEN":3.484718,"USDPGK":4.181321,"USDPHP":56.946504,"USDPKR":283.873421,"USDPLN":3.629758,"USDPYG":7123.385543,"USDQAR":3.637222,"USDRON":4.321504,"USDRSD":99.748038,"USDRUB":83.494573,"USDRWF":1450.023603,"USDSAR":3.750495,"USDSBD":8.196859,"USDSCR":14.33986,"USDSDG":601.503676,"USDSEK":9.410904,"USDSGD":1.283038,"USDSHP":0.785843,"USDSLE":23.303667,"USDSLL":20969.503664,"USDSOS":571.657006,"USDSRD":38.096504,"USDSTD":20697.981008,"USDSTN":20.838561,"USDSVC":8.753046,"USDSYP":13002.211716,"USDSZL":17.357245,"USDTHB":31.840369,"USDTJS":9.363193,"USDTMT":3.5,"USDTND":2.910424,"USDTOP":2.342104,"USDTRY":41.349604,"USDTTD":6.770406,"USDTWD":30.231038,"USDTZS":2475.000335,"USDUAH":41.326098,"USDUGX":3503.429857,"USDUYU":39.959003,"USDUZS":12318.566307,"USDVES":163.442845,"USDVND":26382.5,"USDVUV":118.870675,"USDWST":2.668824,"USDXAF":557.926521,"USDXAG":0.023219,"USDXAU":0.000271,"USDXCD":2.70255,"USDXCG":1.802833,"USDXDR":0.693398,"USDXOF":557.926521,"USDXPF":101.43701,"USDYER":239.450363,"USDZAR":17.34239,"USDZMK":9001.203584,"USDZMW":23.652942,"USDZWL":321.999592}}