{"success":true,"terms":"https:\/\/currencylayer.com\/terms","privacy":"https:\/\/currencylayer.com\/privacy","timestamp":1753840158,"source":"USD","quotes":{"USDAED":3.6725,"USDAFN":69.504511,"USDALL":84.30195,"USDAMD":383.839638,"USDANG":1.789699,"USDAOA":916.999718,"USDARS":1291.489902,"USDAUD":1.534908,"USDAWG":1.8025,"USDAZN":1.699853,"USDBAM":1.691261,"USDBBD":2.020858,"USDBDT":122.963969,"USDBGN":1.691201,"USDBHD":0.377008,"USDBIF":2942.5,"USDBMD":1,"USDBND":1.288565,"USDBOB":6.916741,"USDBRL":5.575042,"USDBSD":1.000873,"USDBTC":8.47533e-6,"USDBTN":86.834174,"USDBWP":13.548842,"USDBYN":3.275175,"USDBYR":19600,"USDBZD":2.010594,"USDCAD":1.376535,"USDCDF":2889.999748,"USDCHF":0.804198,"USDCLF":0.02449,"USDCLP":960.740444,"USDCNY":7.176897,"USDCNH":7.17578,"USDCOP":4136.5,"USDCRC":505.798217,"USDCUC":1,"USDCUP":26.5,"USDCVE":95.950257,"USDCZK":21.258952,"USDDJF":177.720163,"USDDKK":6.453015,"USDDOP":60.999882,"USDDZD":130.396028,"USDEGP":48.645297,"USDERN":15,"USDETB":138.202782,"USDEUR":0.864599,"USDFJD":2.279038,"USDFKP":0.746724,"USDGBP":0.74859,"USDGEL":2.696866,"USDGGP":0.746724,"USDGHS":10.501301,"USDGIP":0.746724,"USDGMD":72.00027,"USDGNF":8655.999826,"USDGTQ":7.680167,"USDGYD":209.402578,"USDHKD":7.84979,"USDHNL":26.349808,"USDHRK":6.514199,"USDHTG":131.261377,"USDHUF":345.729734,"USDIDR":16356.3,"USDILS":3.368105,"USDIMP":0.746724,"USDINR":87.073399,"USDIQD":1310,"USDIRR":42112.499139,"USDISK":122.969679,"USDJEP":0.746724,"USDJMD":160.34901,"USDJOD":0.708989,"USDJPY":148.139502,"USDKES":129.499045,"USDKGS":87.316403,"USDKHR":4019.999739,"USDKMF":426.508457,"USDKPW":899.957856,"USDKRW":1382.000308,"USDKWD":0.305403,"USDKYD":0.83409,"USDKZT":543.660522,"USDLAK":21574.999803,"USDLBP":89538.285754,"USDLKR":302.389332,"USDLRD":201.000023,"USDLSL":17.889841,"USDLTL":2.95274,"USDLVL":0.60489,"USDLYD":5.410415,"USDMAD":9.0895,"USDMDL":17.080469,"USDMGA":4430.000112,"USDMKD":53.306547,"USDMMK":2099.008816,"USDMNT":3590.523064,"USDMOP":8.093224,"USDMRU":39.820093,"USDMUR":46.090124,"USDMVR":15.399789,"USDMWK":1736.439783,"USDMXN":18.739502,"USDMYR":4.231497,"USDMZN":63.95983,"USDNAD":17.88988,"USDNGN":1529.798393,"USDNIO":36.749986,"USDNOK":10.1882,"USDNPR":138.93811,"USDNZD":1.676305,"USDOMR":0.384507,"USDPAB":1.00093,"USDPEN":3.552496,"USDPGK":4.151988,"USDPHP":57.177498,"USDPKR":283.050129,"USDPLN":3.699718,"USDPYG":7496.83272,"USDQAR":3.64075,"USDRON":4.389774,"USDRSD":101.312992,"USDRUB":80.743072,"USDRWF":1440,"USDSAR":3.750591,"USDSBD":8.244163,"USDSCR":14.144772,"USDSDG":600.502503,"USDSEK":9.639391,"USDSGD":1.285894,"USDSHP":0.785843,"USDSLE":22.999791,"USDSLL":20969.503947,"USDSOS":571.471583,"USDSRD":36.697727,"USDSTD":20697.981008,"USDSTN":21.45,"USDSVC":8.757615,"USDSYP":13001.494114,"USDSZL":17.889897,"USDTHB":32.38103,"USDTJS":9.533998,"USDTMT":3.51,"USDTND":2.895028,"USDTOP":2.342098,"USDTRY":40.571098,"USDTTD":6.793556,"USDTWD":29.691013,"USDTZS":2570.000014,"USDUAH":41.84319,"USDUGX":3587.967467,"USDUYU":40.048255,"USDUZS":12599.99979,"USDVES":122.68725,"USDVND":26241.5,"USDVUV":119.302992,"USDWST":2.743399,"USDXAF":567.277366,"USDXAG":0.02628,"USDXAU":0.000301,"USDXCD":2.70255,"USDXCG":1.803842,"USDXDR":0.69341,"USDXOF":559.000374,"USDXPF":103.850304,"USDYER":240.650127,"USDZAR":17.857255,"USDZMK":9001.199211,"USDZMW":22.996995,"USDZWL":321.999592}}