{"success":true,"terms":"https:\/\/currencylayer.com\/terms","privacy":"https:\/\/currencylayer.com\/privacy","timestamp":1765330925,"source":"USD","quotes":{"USDAED":3.672498,"USDAFN":65.504736,"USDALL":82.919724,"USDAMD":381.660076,"USDANG":1.790055,"USDAOA":916.99992,"USDARS":1440.0063,"USDAUD":1.50739,"USDAWG":1.80125,"USDAZN":1.701579,"USDBAM":1.68089,"USDBBD":2.015444,"USDBDT":122.287443,"USDBGN":1.68214,"USDBHD":0.376993,"USDBIF":2966,"USDBMD":1,"USDBND":1.297547,"USDBOB":6.929655,"USDBRL":5.434044,"USDBSD":1.000718,"USDBTC":1.0835287e-5,"USDBTN":89.983241,"USDBWP":13.337287,"USDBYN":2.892968,"USDBYR":19600,"USDBZD":2.012634,"USDCAD":1.385385,"USDCDF":2230.000078,"USDCHF":0.806405,"USDCLF":0.023609,"USDCLP":926.179824,"USDCNY":7.063599,"USDCNH":7.06427,"USDCOP":3858.38,"USDCRC":489.278501,"USDCUC":1,"USDCUP":26.5,"USDCVE":95.250363,"USDCZK":20.871196,"USDDJF":177.720051,"USDDKK":6.42524,"USDDOP":64.249602,"USDDZD":130.112493,"USDEGP":47.558097,"USDERN":15,"USDETB":155.250062,"USDEUR":0.86034,"USDFJD":2.271798,"USDFKP":0.750797,"USDGBP":0.751995,"USDGEL":2.689987,"USDGGP":0.750797,"USDGHS":11.449657,"USDGIP":0.750797,"USDGMD":73.49652,"USDGNF":8687.498703,"USDGTQ":7.665203,"USDGYD":209.324911,"USDHKD":7.78225,"USDHNL":26.25006,"USDHRK":6.480202,"USDHTG":131.052442,"USDHUF":330.108021,"USDIDR":16669,"USDILS":3.22409,"USDIMP":0.750797,"USDINR":89.91935,"USDIQD":1310,"USDIRR":42100.000197,"USDISK":128.019692,"USDJEP":0.750797,"USDJMD":160.119976,"USDJOD":0.708994,"USDJPY":156.736496,"USDKES":129.249698,"USDKGS":87.450034,"USDKHR":4004.999712,"USDKMF":423.999861,"USDKPW":899.996574,"USDKRW":1470.280085,"USDKWD":0.30712,"USDKYD":0.833892,"USDKZT":516.067208,"USDLAK":21685.000196,"USDLBP":89706.558892,"USDLKR":308.859802,"USDLRD":176.999992,"USDLSL":17.060033,"USDLTL":2.95274,"USDLVL":0.60489,"USDLYD":5.43505,"USDMAD":9.252966,"USDMDL":16.991526,"USDMGA":4490.000078,"USDMKD":52.931008,"USDMMK":2100.045771,"USDMNT":3547.281977,"USDMOP":8.020557,"USDMRU":39.839895,"USDMUR":46.15026,"USDMVR":15.405244,"USDMWK":1736.502635,"USDMXN":18.210103,"USDMYR":4.11972,"USDMZN":63.910103,"USDNAD":17.060056,"USDNGN":1451.299642,"USDNIO":36.760089,"USDNOK":10.160795,"USDNPR":143.969474,"USDNZD":1.733685,"USDOMR":0.384506,"USDPAB":1.000731,"USDPEN":3.363026,"USDPGK":4.2495,"USDPHP":59.210513,"USDPKR":280.349733,"USDPLN":3.63725,"USDPYG":6997.370185,"USDQAR":3.641101,"USDRON":4.377897,"USDRSD":101.039832,"USDRUB":77.19798,"USDRWF":1452,"USDSAR":3.7525,"USDSBD":8.230592,"USDSCR":13.954768,"USDSDG":601.516238,"USDSEK":9.372175,"USDSGD":1.297435,"USDSHP":0.750259,"USDSLE":24.113532,"USDSLL":20969.498139,"USDSOS":571.49565,"USDSRD":38.620496,"USDSTD":20697.981008,"USDSTN":21.35,"USDSVC":8.755812,"USDSYP":11056.959062,"USDSZL":17.060061,"USDTHB":31.839959,"USDTJS":9.221434,"USDTMT":3.51,"USDTND":2.93375,"USDTOP":2.40776,"USDTRY":42.567299,"USDTTD":6.777534,"USDTWD":31.1736,"USDTZS":2450.000243,"USDUAH":42.243966,"USDUGX":3545.139292,"USDUYU":39.103793,"USDUZS":12009.999791,"USDVES":257.606285,"USDVND":26372.5,"USDVUV":121.644273,"USDWST":2.785508,"USDXAF":563.754888,"USDXAG":0.01634,"USDXAU":0.000237,"USDXCD":2.70255,"USDXCG":1.803532,"USDXDR":0.700444,"USDXOF":563.000205,"USDXPF":103.000292,"USDYER":238.524978,"USDZAR":17.049602,"USDZMK":9001.203998,"USDZMW":23.141249,"USDZWL":321.999592}}