{"success":true,"terms":"https:\/\/currencylayer.com\/terms","privacy":"https:\/\/currencylayer.com\/privacy","timestamp":1782445264,"source":"USD","quotes":{"USDAED":3.672498,"USDAFN":63.99958,"USDALL":82.887148,"USDAMD":366.961185,"USDANG":1.790403,"USDAOA":917.512449,"USDARS":1477.233506,"USDAUD":1.453175,"USDAWG":1.8,"USDAZN":1.679026,"USDBAM":1.719513,"USDBBD":2.010673,"USDBDT":122.690487,"USDBGN":1.69088,"USDBHD":0.376397,"USDBIF":2974.792134,"USDBMD":1,"USDBND":1.295148,"USDBOB":6.89258,"USDBRL":5.194033,"USDBSD":0.998341,"USDBTC":1.6841907e-5,"USDBTN":94.112631,"USDBWP":13.622705,"USDBYN":2.840941,"USDBYR":19600,"USDBZD":2.007699,"USDCAD":1.419975,"USDCDF":2269.999736,"USDCHF":0.80993,"USDCLF":0.023381,"USDCLP":920.198252,"USDCNY":6.80385,"USDCNH":6.807605,"USDCOP":3447.33,"USDCRC":454.351489,"USDCUC":1,"USDCUP":26.5,"USDCVE":97.350003,"USDCZK":21.358802,"USDDJF":177.776214,"USDDKK":6.57724,"USDDOP":59.374991,"USDDZD":133.460996,"USDEGP":49.5121,"USDERN":15,"USDETB":157.452947,"USDEUR":0.87991,"USDFJD":2.266097,"USDFKP":0.75995,"USDGBP":0.758195,"USDGEL":2.640433,"USDGGP":0.75995,"USDGHS":11.218905,"USDGIP":0.75995,"USDGMD":72.518719,"USDGNF":8747.409959,"USDGTQ":7.610005,"USDGYD":208.702762,"USDHKD":7.841705,"USDHNL":26.71295,"USDHRK":6.631503,"USDHTG":130.476672,"USDHUF":312.181502,"USDIDR":17963.5,"USDILS":2.982925,"USDIMP":0.75995,"USDINR":94.734895,"USDIQD":1307.718026,"USDIRR":1375050.000458,"USDISK":126.688836,"USDJEP":0.75995,"USDJMD":157.33372,"USDJOD":0.70896,"USDJPY":161.709496,"USDKES":129.540031,"USDKGS":87.450013,"USDKHR":4020.149139,"USDKMF":433.999914,"USDKPW":900.00035,"USDKRW":1549.144996,"USDKWD":0.30963,"USDKYD":0.831896,"USDKZT":483.810797,"USDLAK":22188.003203,"USDLBP":89397.304146,"USDLKR":336.454108,"USDLRD":181.540044,"USDLSL":16.531463,"USDLTL":2.95274,"USDLVL":0.60489,"USDLYD":6.410995,"USDMAD":9.415497,"USDMDL":17.719258,"USDMGA":4256.067999,"USDMKD":54.278104,"USDMMK":2099.534862,"USDMNT":3583.823146,"USDMOP":8.062139,"USDMRU":39.651054,"USDMUR":48.189866,"USDMVR":15.449852,"USDMWK":1731.111883,"USDMXN":17.55315,"USDMYR":4.10096,"USDMZN":63.913532,"USDNAD":16.531463,"USDNGN":1376.120173,"USDNIO":36.733491,"USDNOK":9.896799,"USDNPR":150.695297,"USDNZD":1.77442,"USDOMR":0.384505,"USDPAB":0.99749,"USDPEN":3.421965,"USDPGK":4.380744,"USDPHP":61.284993,"USDPKR":277.832264,"USDPLN":3.77155,"USDPYG":6100.388479,"USDQAR":3.645001,"USDRON":4.604103,"USDRSD":103.310221,"USDRUB":75.192437,"USDRWF":1466.964054,"USDSAR":3.748015,"USDSBD":8.051953,"USDSCR":13.241461,"USDSDG":599.999943,"USDSEK":9.75346,"USDSGD":1.296805,"USDSHP":0.746601,"USDSLE":24.79205,"USDSLL":20969.503664,"USDSOS":570.490909,"USDSRD":37.319515,"USDSTD":20697.981008,"USDSTN":21.55618,"USDSVC":8.735131,"USDSYP":110.532098,"USDSZL":16.530795,"USDTHB":33.431045,"USDTJS":9.221714,"USDTMT":3.5,"USDTND":2.937502,"USDTOP":2.40776,"USDTRY":46.617901,"USDTTD":6.780108,"USDTWD":31.8588,"USDTZS":2618.935957,"USDUAH":44.889771,"USDUGX":3690.695456,"USDUYU":40.019342,"USDUZS":11982.22316,"USDVES":620.752985,"USDVND":26317.5,"USDVUV":119.820737,"USDWST":2.777776,"USDXAF":577.139891,"USDXAG":0.017726,"USDXAU":0.00025,"USDXCD":2.70255,"USDXCG":1.799113,"USDXDR":0.717821,"USDXOF":577.180517,"USDXPF":104.849947,"USDYER":238.625025,"USDZAR":16.541898,"USDZMK":9001.200034,"USDZMW":18.019596,"USDZWL":321.999592}}