{"success":true,"terms":"https:\/\/currencylayer.com\/terms","privacy":"https:\/\/currencylayer.com\/privacy","timestamp":1757985668,"source":"USD","quotes":{"USDAED":3.672503,"USDAFN":68.999855,"USDALL":82.385566,"USDAMD":383.119715,"USDANG":1.790403,"USDAOA":916.999772,"USDARS":1466.018802,"USDAUD":1.499824,"USDAWG":1.8,"USDAZN":1.709666,"USDBAM":1.663527,"USDBBD":2.013362,"USDBDT":121.680183,"USDBGN":1.662725,"USDBHD":0.377009,"USDBIF":2945,"USDBMD":1,"USDBND":1.281115,"USDBOB":6.922714,"USDBRL":5.316901,"USDBSD":0.999664,"USDBTC":8.672049e-6,"USDBTN":88.102782,"USDBWP":14.12186,"USDBYN":3.384891,"USDBYR":19600,"USDBZD":2.01047,"USDCAD":1.37752,"USDCDF":2857.999613,"USDCHF":0.794655,"USDCLF":0.024256,"USDCLP":951.570135,"USDCNY":7.118978,"USDCNH":7.11911,"USDCOP":3908.07,"USDCRC":503.531953,"USDCUC":1,"USDCUP":26.5,"USDCVE":94.225011,"USDCZK":20.6721,"USDDJF":177.720021,"USDDKK":6.34666,"USDDOP":62.949938,"USDDZD":129.631834,"USDEGP":48.166333,"USDERN":15,"USDETB":143.89797,"USDEUR":0.850265,"USDFJD":2.236199,"USDFKP":0.737983,"USDGBP":0.735265,"USDGEL":2.700364,"USDGGP":0.737983,"USDGHS":12.229863,"USDGIP":0.737983,"USDGMD":70.502977,"USDGNF":8659.999801,"USDGTQ":7.662702,"USDGYD":209.144378,"USDHKD":7.78055,"USDHNL":26.159792,"USDHRK":6.406801,"USDHTG":130.807735,"USDHUF":331.109599,"USDIDR":16388.8,"USDILS":3.35054,"USDIMP":0.737983,"USDINR":88.110499,"USDIQD":1310,"USDIRR":42050.000449,"USDISK":121.760142,"USDJEP":0.737983,"USDJMD":160.551844,"USDJOD":0.709035,"USDJPY":147.494498,"USDKES":129.497214,"USDKGS":87.450302,"USDKHR":4006.999639,"USDKMF":418.496134,"USDKPW":900.00368,"USDKRW":1385.445029,"USDKWD":0.30523,"USDKYD":0.833039,"USDKZT":540.25066,"USDLAK":21669.999689,"USDLBP":89550.000067,"USDLKR":301.94906,"USDLRD":178.175004,"USDLSL":17.350114,"USDLTL":2.95274,"USDLVL":0.60489,"USDLYD":5.39501,"USDMAD":8.97875,"USDMDL":16.629313,"USDMGA":4475.0003,"USDMKD":52.299886,"USDMMK":2099.618099,"USDMNT":3594.816632,"USDMOP":8.009645,"USDMRU":39.92499,"USDMUR":45.490072,"USDMVR":15.303112,"USDMWK":1737.000036,"USDMXN":18.366297,"USDMYR":4.206498,"USDMZN":63.902368,"USDNAD":17.360118,"USDNGN":1499.20199,"USDNIO":36.709812,"USDNOK":9.829203,"USDNPR":140.964281,"USDNZD":1.67742,"USDOMR":0.3845,"USDPAB":0.999664,"USDPEN":3.492504,"USDPGK":4.176504,"USDPHP":57.138497,"USDPKR":281.450125,"USDPLN":3.611051,"USDPYG":7137.055104,"USDQAR":3.64075,"USDRON":4.302603,"USDRSD":99.583029,"USDRUB":83.001118,"USDRWF":1446,"USDSAR":3.750951,"USDSBD":8.217016,"USDSCR":14.282952,"USDSDG":601.500704,"USDSEK":9.282875,"USDSGD":1.28077,"USDSHP":0.785843,"USDSLE":23.324972,"USDSLL":20969.503664,"USDSOS":571.497149,"USDSRD":39.1405,"USDSTD":20697.981008,"USDSTN":21.2,"USDSVC":8.747092,"USDSYP":13001.804327,"USDSZL":17.350221,"USDTHB":31.815974,"USDTJS":9.451686,"USDTMT":3.5,"USDTND":2.897023,"USDTOP":2.342103,"USDTRY":41.316798,"USDTTD":6.784923,"USDTWD":30.176504,"USDTZS":2470.701969,"USDUAH":41.188053,"USDUGX":3503.459656,"USDUYU":40.120608,"USDUZS":12379.999862,"USDVES":160.247375,"USDVND":26385,"USDVUV":119.57407,"USDWST":2.747953,"USDXAF":557.931266,"USDXAG":0.023442,"USDXAU":0.000272,"USDXCD":2.70255,"USDXCG":1.801658,"USDXDR":0.695295,"USDXOF":557.514208,"USDXPF":101.649826,"USDYER":239.597463,"USDZAR":17.376635,"USDZMK":9001.200135,"USDZMW":23.616669,"USDZWL":321.999592}}