{"success":true,"terms":"https:\/\/currencylayer.com\/terms","privacy":"https:\/\/currencylayer.com\/privacy","timestamp":1766194689,"source":"USD","quotes":{"USDAED":3.672504,"USDAFN":66.265317,"USDALL":82.40468,"USDAMD":381.537936,"USDANG":1.790403,"USDAOA":917.000367,"USDARS":1449.250402,"USDAUD":1.508523,"USDAWG":1.8025,"USDAZN":1.70397,"USDBAM":1.670125,"USDBBD":2.014261,"USDBDT":122.309039,"USDBGN":1.670704,"USDBHD":0.377951,"USDBIF":2957.004398,"USDBMD":1,"USDBND":1.292857,"USDBOB":6.910892,"USDBRL":5.541304,"USDBSD":1.000043,"USDBTC":1.139494e-5,"USDBTN":89.607617,"USDBWP":14.066863,"USDBYN":2.939243,"USDBYR":19600,"USDBZD":2.011357,"USDCAD":1.37965,"USDCDF":2558.50392,"USDCHF":0.79556,"USDCLF":0.023213,"USDCLP":910.640396,"USDCNY":7.04095,"USDCNH":7.033604,"USDCOP":3808,"USDCRC":499.466291,"USDCUC":1,"USDCUP":26.5,"USDCVE":94.159088,"USDCZK":20.779904,"USDDJF":178.088041,"USDDKK":6.380104,"USDDOP":62.644635,"USDDZD":130.069596,"USDEGP":47.704197,"USDERN":15,"USDETB":155.362794,"USDEUR":0.853804,"USDFJD":2.283704,"USDFKP":0.746974,"USDGBP":0.747496,"USDGEL":2.68504,"USDGGP":0.746974,"USDGHS":11.486273,"USDGIP":0.746974,"USDGMD":73.000355,"USDGNF":8741.72751,"USDGTQ":7.663208,"USDGYD":209.231032,"USDHKD":7.78155,"USDHNL":26.346441,"USDHRK":6.434404,"USDHTG":131.121643,"USDHUF":330.190388,"USDIDR":16697,"USDILS":3.20705,"USDIMP":0.746974,"USDINR":89.57735,"USDIQD":1310.106315,"USDIRR":42100.000352,"USDISK":125.630386,"USDJEP":0.746974,"USDJMD":160.018787,"USDJOD":0.70904,"USDJPY":157.75804,"USDKES":128.909953,"USDKGS":87.450384,"USDKHR":4013.492165,"USDKMF":420.00035,"USDKPW":899.985447,"USDKRW":1475.760383,"USDKWD":0.30723,"USDKYD":0.83344,"USDKZT":517.535545,"USDLAK":21660.048674,"USDLBP":89556.722599,"USDLKR":309.636651,"USDLRD":177.012083,"USDLSL":16.776824,"USDLTL":2.95274,"USDLVL":0.60489,"USDLYD":5.420776,"USDMAD":9.166901,"USDMDL":16.930959,"USDMGA":4548.055164,"USDMKD":52.559669,"USDMMK":2099.831872,"USDMNT":3551.409668,"USDMOP":8.015542,"USDMRU":40.023056,"USDMUR":46.150378,"USDMVR":15.450378,"USDMWK":1734.170189,"USDMXN":18.033704,"USDMYR":4.077039,"USDMZN":63.903729,"USDNAD":16.776824,"USDNGN":1460.160377,"USDNIO":36.804577,"USDNOK":10.138704,"USDNPR":143.372187,"USDNZD":1.737016,"USDOMR":0.385423,"USDPAB":1.000043,"USDPEN":3.367832,"USDPGK":4.254302,"USDPHP":58.571038,"USDPKR":280.195978,"USDPLN":3.59225,"USDPYG":6709.363392,"USDQAR":3.641038,"USDRON":4.335404,"USDRSD":100.004038,"USDRUB":80.695957,"USDRWF":1456.129115,"USDSAR":3.750651,"USDSBD":8.146749,"USDSCR":15.161607,"USDSDG":601.503676,"USDSEK":9.268304,"USDSGD":1.293304,"USDSHP":0.750259,"USDSLE":24.050371,"USDSLL":20969.503664,"USDSOS":570.513642,"USDSRD":38.441504,"USDSTD":20697.981008,"USDSTN":20.921395,"USDSVC":8.750267,"USDSYP":11057.107339,"USDSZL":16.774689,"USDTHB":31.425038,"USDTJS":9.215661,"USDTMT":3.5,"USDTND":2.927287,"USDTOP":2.40776,"USDTRY":42.746504,"USDTTD":6.787925,"USDTWD":31.518904,"USDTZS":2495.196618,"USDUAH":42.285385,"USDUGX":3577.131634,"USDUYU":39.263908,"USDUZS":12022.543871,"USDVES":282.15965,"USDVND":26312.5,"USDVUV":121.400054,"USDWST":2.789362,"USDXAF":560.144315,"USDXAG":0.014892,"USDXAU":0.000231,"USDXCD":2.70255,"USDXCG":1.8024,"USDXDR":0.69664,"USDXOF":560.144315,"USDXPF":101.840229,"USDYER":238.403589,"USDZAR":16.77901,"USDZMK":9001.203584,"USDZMW":22.626703,"USDZWL":321.999592}}