{"success":true,"terms":"https:\/\/currencylayer.com\/terms","privacy":"https:\/\/currencylayer.com\/privacy","timestamp":1772243709,"source":"USD","quotes":{"USDAED":3.672504,"USDAFN":62.503991,"USDALL":81.475528,"USDAMD":375.904226,"USDANG":1.789731,"USDAOA":917.000367,"USDARS":1397.000367,"USDAUD":1.40746,"USDAWG":1.795,"USDAZN":1.70397,"USDBAM":1.654723,"USDBBD":2.01083,"USDBDT":122.001777,"USDBGN":1.647646,"USDBHD":0.373451,"USDBIF":2962.138838,"USDBMD":1,"USDBND":1.263844,"USDBOB":6.898769,"USDBRL":5.131104,"USDBSD":0.99835,"USDBTC":1.5263063e-5,"USDBTN":90.842252,"USDBWP":13.14015,"USDBYN":2.890139,"USDBYR":19600,"USDBZD":2.007953,"USDCAD":1.36445,"USDCDF":2210.000362,"USDCHF":0.771158,"USDCLF":0.022126,"USDCLP":873.660396,"USDCNY":6.85815,"USDCNH":6.86112,"USDCOP":3758.873049,"USDCRC":471.085917,"USDCUC":1,"USDCUP":26.5,"USDCVE":93.290748,"USDCZK":20.519204,"USDDJF":177.782478,"USDDKK":6.324304,"USDDOP":60.264817,"USDDZD":128.696645,"USDEGP":47.492703,"USDERN":15,"USDETB":154.85562,"USDEUR":0.846204,"USDFJD":2.19255,"USDFKP":0.7407,"USDGBP":0.743356,"USDGEL":2.680391,"USDGGP":0.7407,"USDGHS":10.642582,"USDGIP":0.7407,"USDGMD":72.503851,"USDGNF":8755.869538,"USDGTQ":7.657684,"USDGYD":208.875164,"USDHKD":7.82315,"USDHNL":26.419899,"USDHRK":6.375904,"USDHTG":130.86848,"USDHUF":318.940388,"USDIDR":16802.45,"USDILS":3.135765,"USDIMP":0.7407,"USDINR":91.076504,"USDIQD":1307.838741,"USDIRR":1314315.000352,"USDISK":121.470386,"USDJEP":0.7407,"USDJMD":155.658023,"USDJOD":0.70904,"USDJPY":156.06504,"USDKES":128.73641,"USDKGS":87.450384,"USDKHR":4002.70739,"USDKMF":417.00035,"USDKPW":899.969408,"USDKRW":1439.803789,"USDKWD":0.30654,"USDKYD":0.832015,"USDKZT":497.262998,"USDLAK":21368.924235,"USDLBP":89404.12031,"USDLKR":308.744025,"USDLRD":183.197259,"USDLSL":15.886882,"USDLTL":2.95274,"USDLVL":0.60489,"USDLYD":6.305681,"USDMAD":9.142773,"USDMDL":17.087017,"USDMGA":4234.527687,"USDMKD":52.155337,"USDMMK":2099.949955,"USDMNT":3583.748993,"USDMOP":8.046026,"USDMRU":39.846863,"USDMUR":46.370378,"USDMVR":15.450378,"USDMWK":1731.29151,"USDMXN":17.235204,"USDMYR":3.891304,"USDMZN":63.905039,"USDNAD":15.886882,"USDNGN":1362.440377,"USDNIO":36.744363,"USDNOK":9.509204,"USDNPR":145.347942,"USDNZD":1.670146,"USDOMR":0.380837,"USDPAB":0.99835,"USDPEN":3.349719,"USDPGK":4.357206,"USDPHP":57.740504,"USDPKR":279.044799,"USDPLN":3.57445,"USDPYG":6430.898092,"USDQAR":3.629088,"USDRON":4.315038,"USDRSD":99.310462,"USDRUB":77.186006,"USDRWF":1458.60654,"USDSAR":3.749615,"USDSBD":8.045182,"USDSCR":13.729007,"USDSDG":601.503676,"USDSEK":9.030904,"USDSGD":1.264604,"USDSHP":0.750259,"USDSLE":24.550371,"USDSLL":20969.49935,"USDSOS":569.567241,"USDSRD":37.722038,"USDSTD":20697.981008,"USDSTN":20.728457,"USDSVC":8.735564,"USDSYP":110.55196,"USDSZL":15.883921,"USDTHB":31.160369,"USDTJS":9.499471,"USDTMT":3.5,"USDTND":2.893777,"USDTOP":2.40776,"USDTRY":43.920368,"USDTTD":6.776936,"USDTWD":31.390367,"USDTZS":2540.885824,"USDUAH":43.044799,"USDUGX":3599.137019,"USDUYU":38.351876,"USDUZS":12129.954736,"USDVES":416.836204,"USDVND":26045,"USDVUV":118.917841,"USDWST":2.704188,"USDXAF":554.978637,"USDXAG":0.010657,"USDXAU":0.00019,"USDXCD":2.70255,"USDXCG":1.799315,"USDXDR":0.690215,"USDXOF":554.978637,"USDXPF":100.901053,"USDYER":238.550363,"USDZAR":15.92852,"USDZMK":9001.203584,"USDZMW":18.864588,"USDZWL":321.999592}}