{"success":true,"terms":"https:\/\/currencylayer.com\/terms","privacy":"https:\/\/currencylayer.com\/privacy","timestamp":1776566584,"source":"USD","quotes":{"USDAED":3.672504,"USDAFN":64.503991,"USDALL":81.277337,"USDAMD":374.792985,"USDANG":1.789884,"USDAOA":918.000367,"USDARS":1368.812858,"USDAUD":1.393704,"USDAWG":1.80125,"USDAZN":1.70397,"USDBAM":1.661047,"USDBBD":2.017495,"USDBDT":123.155973,"USDBGN":1.668102,"USDBHD":0.377935,"USDBIF":2978.470423,"USDBMD":1,"USDBND":1.274789,"USDBOB":6.921738,"USDBRL":4.979504,"USDBSD":1.001741,"USDBTC":1.2920606e-5,"USDBTN":92.955964,"USDBWP":13.440061,"USDBYN":2.845131,"USDBYR":19600,"USDBZD":2.014608,"USDCAD":1.37785,"USDCDF":2310.000362,"USDCHF":0.781647,"USDCLF":0.022275,"USDCLP":876.690396,"USDCNY":6.81775,"USDCNH":6.81664,"USDCOP":3606.23,"USDCRC":456.834685,"USDCUC":1,"USDCUP":26.5,"USDCVE":93.647289,"USDCZK":20.634504,"USDDJF":178.377001,"USDDKK":6.352304,"USDDOP":60.053505,"USDDZD":132.66041,"USDEGP":51.884156,"USDERN":15,"USDETB":156.407066,"USDEUR":0.849404,"USDFJD":2.218304,"USDFKP":0.737751,"USDGBP":0.739426,"USDGEL":2.703861,"USDGGP":0.737751,"USDGHS":11.068835,"USDGIP":0.737751,"USDGMD":73.503851,"USDGNF":8788.483587,"USDGTQ":7.660623,"USDGYD":209.571532,"USDHKD":7.83905,"USDHNL":26.615143,"USDHRK":6.404704,"USDHTG":131.173298,"USDHUF":307.310388,"USDIDR":17140,"USDILS":2.95979,"USDIMP":0.737751,"USDINR":92.60245,"USDIQD":1312.242558,"USDIRR":1321500.000352,"USDISK":122.070386,"USDJEP":0.737751,"USDJMD":158.376152,"USDJOD":0.70904,"USDJPY":158.630385,"USDKES":129.103801,"USDKGS":87.450384,"USDKHR":4006.964202,"USDKMF":418.00035,"USDKPW":900.016021,"USDKRW":1467.040383,"USDKWD":0.30836,"USDKYD":0.83477,"USDKZT":469.692981,"USDLAK":22100.301499,"USDLBP":89702.068028,"USDLKR":316.633403,"USDLRD":184.313559,"USDLSL":16.418192,"USDLTL":2.95274,"USDLVL":0.60489,"USDLYD":6.334027,"USDMAD":9.242091,"USDMDL":17.219415,"USDMGA":4154.741178,"USDMKD":52.350418,"USDMMK":2100.011828,"USDMNT":3575.508238,"USDMOP":8.080173,"USDMRU":40.038218,"USDMUR":46.290378,"USDMVR":15.460378,"USDMWK":1736.973969,"USDMXN":17.311104,"USDMYR":3.952504,"USDMZN":63.955039,"USDNAD":16.418192,"USDNGN":1342.480377,"USDNIO":36.859315,"USDNOK":9.368704,"USDNPR":148.729882,"USDNZD":1.700392,"USDOMR":0.384504,"USDPAB":1.001741,"USDPEN":3.446261,"USDPGK":4.342435,"USDPHP":59.564038,"USDPKR":279.298569,"USDPLN":3.59435,"USDPYG":6381.587329,"USDQAR":3.65196,"USDRON":4.330404,"USDRSD":99.664529,"USDRUB":76.231517,"USDRWF":1463.671493,"USDSAR":3.751456,"USDSBD":8.035647,"USDSCR":15.058814,"USDSDG":601.000339,"USDSEK":9.164404,"USDSGD":1.270104,"USDSHP":0.746601,"USDSLE":24.625038,"USDSLL":20969.496166,"USDSOS":572.508387,"USDSRD":37.706038,"USDSTD":20697.981008,"USDSTN":20.807678,"USDSVC":8.764703,"USDSYP":110.597048,"USDSZL":16.413436,"USDTHB":32.120369,"USDTJS":9.446006,"USDTMT":3.505,"USDTND":2.907215,"USDTOP":2.40776,"USDTRY":44.844404,"USDTTD":6.803686,"USDTWD":31.480367,"USDTZS":2594.935038,"USDUAH":44.099112,"USDUGX":3709.711665,"USDUYU":39.848826,"USDUZS":12155.930188,"USDVES":479.657038,"USDVND":26335,"USDVUV":117.475878,"USDWST":2.715253,"USDXAF":557.099665,"USDXAG":0.012375,"USDXAU":0.000207,"USDXCD":2.70255,"USDXCG":1.805342,"USDXDR":0.692853,"USDXOF":557.099665,"USDXPF":101.286679,"USDYER":238.603589,"USDZAR":16.316204,"USDZMK":9001.203584,"USDZMW":19.057285,"USDZWL":321.999592}}