{"success":true,"terms":"https:\/\/currencylayer.com\/terms","privacy":"https:\/\/currencylayer.com\/privacy","timestamp":1757035387,"source":"USD","quotes":{"USDAED":3.672496,"USDAFN":68.412017,"USDALL":83.261803,"USDAMD":382.249934,"USDANG":1.789783,"USDAOA":916.999709,"USDARS":1362.529199,"USDAUD":1.532109,"USDAWG":1.8,"USDAZN":1.698647,"USDBAM":1.678921,"USDBBD":2.014739,"USDBDT":121.734204,"USDBGN":1.677855,"USDBHD":0.376998,"USDBIF":2984.206009,"USDBMD":1,"USDBND":1.289356,"USDBOB":6.914377,"USDBRL":5.444901,"USDBSD":1.000258,"USDBTC":9.019369e-6,"USDBTN":88.115442,"USDBWP":14.393133,"USDBYN":3.378616,"USDBYR":19600,"USDBZD":2.011821,"USDCAD":1.38105,"USDCDF":2865.000284,"USDCHF":0.80497,"USDCLF":0.024783,"USDCLP":972.24032,"USDCNY":7.1417,"USDCNH":7.138425,"USDCOP":3987,"USDCRC":505.665236,"USDCUC":1,"USDCUP":26.5,"USDCVE":94.649884,"USDCZK":20.968799,"USDDJF":178.120172,"USDDKK":6.401115,"USDDOP":63.055794,"USDDZD":129.847983,"USDEGP":48.542201,"USDERN":15,"USDETB":143.080687,"USDEUR":0.857502,"USDFJD":2.25995,"USDFKP":0.743571,"USDGBP":0.743595,"USDGEL":2.69016,"USDGGP":0.743571,"USDGHS":12.049508,"USDGIP":0.743571,"USDGMD":71.999957,"USDGNF":8670.386266,"USDGTQ":7.674341,"USDGYD":209.260388,"USDHKD":7.801845,"USDHNL":26.206009,"USDHRK":6.460899,"USDHTG":130.832618,"USDHUF":337.010965,"USDIDR":16441.2,"USDILS":3.361402,"USDIMP":0.743571,"USDINR":88.0399,"USDIQD":1310.481881,"USDIRR":42074.999877,"USDISK":122.7901,"USDJEP":0.743571,"USDJMD":160.145923,"USDJOD":0.708974,"USDJPY":148.209903,"USDKES":129.498353,"USDKGS":87.450272,"USDKHR":4011.158798,"USDKMF":422.49568,"USDKPW":899.978428,"USDKRW":1392.030069,"USDKWD":0.30583,"USDKYD":0.833623,"USDKZT":540.099492,"USDLAK":21696.862003,"USDLBP":89577.69451,"USDLKR":302.116463,"USDLRD":200.56399,"USDLSL":17.783358,"USDLTL":2.95274,"USDLVL":0.60489,"USDLYD":5.430043,"USDMAD":9.074955,"USDMDL":16.765172,"USDMGA":4463.519313,"USDMKD":52.819304,"USDMMK":2099.392875,"USDMNT":3596.745904,"USDMOP":8.036209,"USDMRU":39.927039,"USDMUR":46.130276,"USDMVR":15.410217,"USDMWK":1734.420601,"USDMXN":18.720199,"USDMYR":4.223803,"USDMZN":63.950037,"USDNAD":17.783358,"USDNGN":1523.219635,"USDNIO":36.806867,"USDNOK":10.070401,"USDNPR":140.974249,"USDNZD":1.706863,"USDOMR":0.384519,"USDPAB":1.000661,"USDPEN":3.532962,"USDPGK":4.238627,"USDPHP":56.942054,"USDPKR":283.881974,"USDPLN":3.644985,"USDPYG":7209.968109,"USDQAR":3.640599,"USDRON":4.352497,"USDRSD":100.475985,"USDRUB":81.300327,"USDRWF":1448.841202,"USDSAR":3.752285,"USDSBD":8.223773,"USDSCR":14.813047,"USDSDG":600.496843,"USDSEK":9.45356,"USDSGD":1.288385,"USDSHP":0.785843,"USDSLE":23.290116,"USDSLL":20969.49797,"USDSOS":571.67382,"USDSRD":38.94197,"USDSTD":20697.981008,"USDSTN":21.030043,"USDSVC":8.75257,"USDSYP":13001.944331,"USDSZL":17.766524,"USDTHB":32.265013,"USDTJS":9.477945,"USDTMT":3.5,"USDTND":2.879027,"USDTOP":2.342101,"USDTRY":41.252297,"USDTTD":6.784186,"USDTWD":30.667504,"USDTZS":2505.376064,"USDUAH":41.332275,"USDUGX":3519.874971,"USDUYU":40.102188,"USDUZS":12378.585562,"USDVES":151.57302,"USDVND":26390,"USDVUV":120.199795,"USDWST":2.772418,"USDXAF":563.053219,"USDXAG":0.024538,"USDXAU":0.000281,"USDXCD":2.70255,"USDXCG":1.802792,"USDXDR":0.700258,"USDXOF":563.053219,"USDXPF":102.376568,"USDYER":240.149912,"USDZAR":17.74325,"USDZMK":9001.214208,"USDZMW":23.802595,"USDZWL":321.999592}}