{"success":true,"terms":"https:\/\/currencylayer.com\/terms","privacy":"https:\/\/currencylayer.com\/privacy","timestamp":1783133707,"source":"USD","quotes":{"USDAED":3.672504,"USDAFN":64.000368,"USDALL":82.156443,"USDAMD":367.863732,"USDANG":1.790403,"USDAOA":917.503981,"USDARS":1492.901385,"USDAUD":1.443002,"USDAWG":1.8025,"USDAZN":1.70397,"USDBAM":1.710168,"USDBBD":2.01609,"USDBDT":123.414041,"USDBGN":1.69088,"USDBHD":0.377395,"USDBIF":2977.186678,"USDBMD":1,"USDBND":1.291677,"USDBOB":6.931438,"USDBRL":5.170399,"USDBSD":1.001006,"USDBTC":1.5957948e-5,"USDBTN":95.363561,"USDBWP":13.50094,"USDBYN":2.904289,"USDBYR":19600,"USDBZD":2.013204,"USDCAD":1.41985,"USDCDF":2246.000362,"USDCHF":0.803085,"USDCLF":0.023434,"USDCLP":922.290396,"USDCNY":6.789104,"USDCNH":6.785505,"USDCOP":3350.48,"USDCRC":456.004127,"USDCUC":1,"USDCUP":26.5,"USDCVE":96.416673,"USDCZK":21.144704,"USDDJF":178.251935,"USDDKK":6.535604,"USDDOP":59.297801,"USDDZD":133.361297,"USDEGP":49.283873,"USDERN":15,"USDETB":160.514013,"USDEUR":0.873904,"USDFJD":2.26045,"USDFKP":0.748405,"USDGBP":0.748727,"USDGEL":2.63504,"USDGGP":0.748405,"USDGHS":11.37081,"USDGIP":0.748405,"USDGMD":72.503851,"USDGNF":8778.18875,"USDGTQ":7.638834,"USDGYD":209.368415,"USDHKD":7.84505,"USDHNL":26.792007,"USDHRK":6.587504,"USDHTG":130.916468,"USDHUF":308.910388,"USDIDR":17994.4,"USDILS":2.99865,"USDIMP":0.748405,"USDINR":95.52215,"USDIQD":1311.175817,"USDIRR":1375950.000352,"USDISK":125.920386,"USDJEP":0.748405,"USDJMD":158.462682,"USDJOD":0.70904,"USDJPY":161.380385,"USDKES":129.420385,"USDKGS":87.447704,"USDKHR":4008.289394,"USDKMF":431.00035,"USDKPW":900.00035,"USDKRW":1529.245039,"USDKWD":0.31029,"USDKYD":0.834186,"USDKZT":473.343651,"USDLAK":22602.422281,"USDLBP":89638.056928,"USDLKR":335.280486,"USDLRD":181.679857,"USDLSL":16.236282,"USDLTL":2.95274,"USDLVL":0.60489,"USDLYD":6.415985,"USDMAD":9.360283,"USDMDL":17.60745,"USDMGA":4243.802195,"USDMKD":53.896771,"USDMMK":2099.007472,"USDMNT":3581.506613,"USDMOP":8.085657,"USDMRU":39.946486,"USDMUR":47.050378,"USDMVR":15.460378,"USDMWK":1735.822658,"USDMXN":17.469104,"USDMYR":4.071039,"USDMZN":63.910377,"USDNAD":16.236282,"USDNGN":1370.080377,"USDNIO":36.830094,"USDNOK":9.841039,"USDNPR":152.581872,"USDNZD":1.752235,"USDOMR":0.385872,"USDPAB":1.000936,"USDPEN":3.405909,"USDPGK":4.397401,"USDPHP":61.501038,"USDPKR":278.298544,"USDPLN":3.75205,"USDPYG":6086.310174,"USDQAR":3.658963,"USDRON":4.568038,"USDRSD":102.570892,"USDRUB":77.145891,"USDRWF":1465.436579,"USDSAR":3.748824,"USDSBD":8.058541,"USDSCR":13.46616,"USDSDG":600.503676,"USDSEK":9.65806,"USDSGD":1.291304,"USDSHP":0.746601,"USDSLE":24.350371,"USDSLL":20969.503664,"USDSOS":572.078178,"USDSRD":37.566038,"USDSTD":20697.981008,"USDSTN":21.423013,"USDSVC":8.758077,"USDSYP":110.532098,"USDSZL":16.233658,"USDTHB":33.170369,"USDTJS":9.278438,"USDTMT":3.51,"USDTND":2.954102,"USDTOP":2.40776,"USDTRY":46.767504,"USDTTD":6.784137,"USDTWD":31.938038,"USDTZS":2626.827038,"USDUAH":44.581348,"USDUGX":3653.27947,"USDUYU":40.257776,"USDUZS":11990.766244,"USDVES":638.90327,"USDVND":26296,"USDVUV":120.218934,"USDWST":2.778557,"USDXAF":573.614621,"USDXAG":0.016021,"USDXAU":0.00024,"USDXCD":2.70255,"USDXCG":1.803905,"USDXDR":0.713393,"USDXOF":573.614621,"USDXPF":104.281979,"USDYER":237.050363,"USDZAR":16.231504,"USDZMK":9001.203584,"USDZMW":18.392724,"USDZWL":321.999592}}