{"success":true,"terms":"https:\/\/currencylayer.com\/terms","privacy":"https:\/\/currencylayer.com\/privacy","timestamp":1757467265,"source":"USD","quotes":{"USDAED":3.6725,"USDAFN":68.615591,"USDALL":82.986736,"USDAMD":383.852546,"USDANG":1.789783,"USDAOA":916.999823,"USDARS":1415.98697,"USDAUD":1.518084,"USDAWG":1.8,"USDAZN":1.703721,"USDBAM":1.672031,"USDBBD":2.023938,"USDBDT":122.294747,"USDBGN":1.671635,"USDBHD":0.376987,"USDBIF":2998.559454,"USDBMD":1,"USDBND":1.286917,"USDBOB":6.943542,"USDBRL":5.434697,"USDBSD":1.004877,"USDBTC":8.998551e-6,"USDBTN":88.526314,"USDBWP":13.403379,"USDBYN":3.399546,"USDBYR":19600,"USDBZD":2.021031,"USDCAD":1.385745,"USDCDF":2871.00024,"USDCHF":0.79801,"USDCLF":0.024654,"USDCLP":967.17007,"USDCNY":7.121503,"USDCNH":7.12677,"USDCOP":3923.5,"USDCRC":507.397227,"USDCUC":1,"USDCUP":26.5,"USDCVE":94.266149,"USDCZK":20.81045,"USDDJF":178.943319,"USDDKK":6.383255,"USDDOP":63.862802,"USDDZD":129.905968,"USDEGP":48.01009,"USDERN":15,"USDETB":143.876823,"USDEUR":0.85505,"USDFJD":2.271797,"USDFKP":0.73831,"USDGBP":0.739645,"USDGEL":2.689954,"USDGGP":0.73831,"USDGHS":12.259344,"USDGIP":0.73831,"USDGMD":72.502537,"USDGNF":8713.382548,"USDGTQ":7.700988,"USDGYD":210.135759,"USDHKD":7.78856,"USDHNL":26.321391,"USDHRK":6.442401,"USDHTG":131.487268,"USDHUF":336.051498,"USDIDR":16457.2,"USDILS":3.344298,"USDIMP":0.73831,"USDINR":88.24905,"USDIQD":1316.394662,"USDIRR":42075.000017,"USDISK":122.589729,"USDJEP":0.73831,"USDJMD":160.794053,"USDJOD":0.708995,"USDJPY":147.462502,"USDKES":129.830114,"USDKGS":87.450202,"USDKHR":4028.366127,"USDKMF":420.495625,"USDKPW":900.017696,"USDKRW":1388.170149,"USDKWD":0.30556,"USDKYD":0.837387,"USDKZT":539.202024,"USDLAK":21798.285922,"USDLBP":89985.252818,"USDLKR":303.413195,"USDLRD":199.962384,"USDLSL":17.552587,"USDLTL":2.95274,"USDLVL":0.60489,"USDLYD":5.422758,"USDMAD":9.037633,"USDMDL":16.655339,"USDMGA":4445.603341,"USDMKD":52.611331,"USDMMK":2099.496156,"USDMNT":3597.2822,"USDMOP":8.059519,"USDMRU":39.924083,"USDMUR":45.820235,"USDMVR":15.410115,"USDMWK":1742.505525,"USDMXN":18.636696,"USDMYR":4.216028,"USDMZN":63.900967,"USDNAD":17.552812,"USDNGN":1512.459822,"USDNIO":36.975451,"USDNOK":9.98105,"USDNPR":141.645472,"USDNZD":1.68735,"USDOMR":0.384503,"USDPAB":1.004856,"USDPEN":3.527269,"USDPGK":4.260048,"USDPHP":57.202503,"USDPKR":285.237047,"USDPLN":3.63588,"USDPYG":7197.572027,"USDQAR":3.662671,"USDRON":4.338702,"USDRSD":100.187986,"USDRUB":83.701408,"USDRWF":1456.106079,"USDSAR":3.751833,"USDSBD":8.223823,"USDSCR":14.892686,"USDSDG":600.999988,"USDSEK":9.39272,"USDSGD":1.283705,"USDSHP":0.785843,"USDSLE":23.375018,"USDSLL":20969.49797,"USDSOS":574.252262,"USDSRD":39.228498,"USDSTD":20697.981008,"USDSTN":20.945452,"USDSVC":8.792778,"USDSYP":13002.137026,"USDSZL":17.546304,"USDTHB":31.815016,"USDTJS":9.455682,"USDTMT":3.51,"USDTND":2.922836,"USDTOP":2.342104,"USDTRY":41.279606,"USDTTD":6.818697,"USDTWD":30.362983,"USDTZS":2486.091994,"USDUAH":41.382668,"USDUGX":3519.645727,"USDUYU":40.154909,"USDUZS":12499.679408,"USDVES":154.688799,"USDVND":26387.5,"USDVUV":120.159341,"USDWST":2.784013,"USDXAF":560.793198,"USDXAG":0.024483,"USDXAU":0.000276,"USDXCD":2.70255,"USDXCG":1.811047,"USDXDR":0.697447,"USDXOF":560.790801,"USDXPF":101.956895,"USDYER":239.602853,"USDZAR":17.53445,"USDZMK":9001.199853,"USDZMW":24.091647,"USDZWL":321.999592}}