{"success":true,"terms":"https:\/\/currencylayer.com\/terms","privacy":"https:\/\/currencylayer.com\/privacy","timestamp":1768182728,"source":"USD","quotes":{"USDAED":3.672498,"USDAFN":65.000151,"USDALL":83.05762,"USDAMD":381.815838,"USDANG":1.790403,"USDAOA":916.999764,"USDARS":1461.962199,"USDAUD":1.492935,"USDAWG":1.78075,"USDAZN":1.696219,"USDBAM":1.680746,"USDBBD":2.015726,"USDBDT":122.296223,"USDBGN":1.666695,"USDBHD":0.377261,"USDBIF":2961.973102,"USDBMD":1,"USDBND":1.287415,"USDBOB":6.930778,"USDBRL":5.384601,"USDBSD":1.000902,"USDBTC":1.0946884e-5,"USDBTN":90.137928,"USDBWP":13.428436,"USDBYN":2.93052,"USDBYR":19600,"USDBZD":2.012805,"USDCAD":1.389115,"USDCDF":2260.000017,"USDCHF":0.79815,"USDCLF":0.022818,"USDCLP":895.129517,"USDCNY":6.97735,"USDCNH":6.97214,"USDCOP":3713.4,"USDCRC":497.658231,"USDCUC":1,"USDCUP":26.5,"USDCVE":94.757874,"USDCZK":20.807989,"USDDJF":178.223693,"USDDKK":6.40889,"USDDOP":63.72191,"USDDZD":130.596829,"USDEGP":47.306302,"USDERN":15,"USDETB":155.60263,"USDEUR":0.857599,"USDFJD":2.27745,"USDFKP":0.745898,"USDGBP":0.74465,"USDGEL":2.695039,"USDGGP":0.745898,"USDGHS":10.729171,"USDGIP":0.745898,"USDGMD":74.000011,"USDGNF":8760.366089,"USDGTQ":7.674129,"USDGYD":209.358484,"USDHKD":7.79497,"USDHNL":26.392816,"USDHRK":6.462048,"USDHTG":131.078933,"USDHUF":331.078499,"USDIDR":16843,"USDILS":3.148026,"USDIMP":0.745898,"USDINR":90.25205,"USDIQD":1311.133073,"USDIRR":42125.000158,"USDISK":126.249976,"USDJEP":0.745898,"USDJMD":158.492674,"USDJOD":0.709019,"USDJPY":157.689037,"USDKES":129.1318,"USDKGS":87.443497,"USDKHR":4019.249774,"USDKMF":424.000033,"USDKPW":900.00385,"USDKRW":1461.479755,"USDKWD":0.30749,"USDKYD":0.834014,"USDKZT":511.261977,"USDLAK":21634.512096,"USDLBP":89623.082542,"USDLKR":309.405749,"USDLRD":179.650238,"USDLSL":16.563829,"USDLTL":2.95274,"USDLVL":0.60489,"USDLYD":5.428608,"USDMAD":9.242556,"USDMDL":16.963864,"USDMGA":4640.570618,"USDMKD":52.893911,"USDMMK":2099.741721,"USDMNT":3559.081406,"USDMOP":8.036437,"USDMRU":39.912345,"USDMUR":46.710223,"USDMVR":15.459804,"USDMWK":1735.401538,"USDMXN":17.942899,"USDMYR":4.069981,"USDMZN":63.898459,"USDNAD":16.563829,"USDNGN":1426.68966,"USDNIO":36.832381,"USDNOK":10.083675,"USDNPR":144.220341,"USDNZD":1.740896,"USDOMR":0.385846,"USDPAB":1.000816,"USDPEN":3.365961,"USDPGK":4.270184,"USDPHP":59.217498,"USDPKR":280.153569,"USDPLN":3.61265,"USDPYG":6623.12551,"USDQAR":3.64852,"USDRON":4.3664,"USDRSD":100.820694,"USDRUB":78.913735,"USDRWF":1458.686031,"USDSAR":3.750298,"USDSBD":8.130216,"USDSCR":13.856984,"USDSDG":601.501068,"USDSEK":9.186775,"USDSGD":1.285435,"USDSHP":0.750259,"USDSLE":24.124979,"USDSLL":20969.503664,"USDSOS":570.962059,"USDSRD":38.191032,"USDSTD":20697.981008,"USDSTN":21.054441,"USDSVC":8.756929,"USDSYP":11059.574895,"USDSZL":16.559103,"USDTHB":31.329864,"USDTJS":9.317578,"USDTMT":3.5,"USDTND":2.930005,"USDTOP":2.40776,"USDTRY":43.1407,"USDTTD":6.79328,"USDTWD":31.611897,"USDTZS":2499.63503,"USDUAH":43.167877,"USDUGX":3603.317149,"USDUYU":38.963606,"USDUZS":12118.764233,"USDVES":324.98266,"USDVND":26270,"USDVUV":120.349903,"USDWST":2.783982,"USDXAF":563.706441,"USDXAG":0.011999,"USDXAU":0.000219,"USDXCD":2.70255,"USDXCG":1.803721,"USDXDR":0.70107,"USDXOF":563.706441,"USDXPF":102.487861,"USDYER":238.450094,"USDZAR":16.457785,"USDZMK":9001.198271,"USDZMW":19.39071,"USDZWL":321.999592}}