{"success":true,"terms":"https:\/\/currencylayer.com\/terms","privacy":"https:\/\/currencylayer.com\/privacy","timestamp":1766022007,"source":"USD","quotes":{"USDAED":3.672499,"USDAFN":65.433694,"USDALL":82.398449,"USDAMD":381.570026,"USDANG":1.790403,"USDAOA":916.999501,"USDARS":1450.731501,"USDAUD":1.51585,"USDAWG":1.8025,"USDAZN":1.699053,"USDBAM":1.669284,"USDBBD":2.012811,"USDBDT":122.121182,"USDBGN":1.665795,"USDBHD":0.376979,"USDBIF":2966,"USDBMD":1,"USDBND":1.291462,"USDBOB":6.90544,"USDBRL":5.520597,"USDBSD":0.999326,"USDBTC":1.1631417e-5,"USDBTN":90.380561,"USDBWP":13.198884,"USDBYN":2.950951,"USDBYR":19600,"USDBZD":2.009977,"USDCAD":1.378355,"USDCDF":2265.000005,"USDCHF":0.795445,"USDCLF":0.023399,"USDCLP":917.920428,"USDCNY":7.04325,"USDCNH":7.039955,"USDCOP":3865.5,"USDCRC":497.913271,"USDCUC":1,"USDCUP":26.5,"USDCVE":94.102842,"USDCZK":20.780198,"USDDJF":177.71971,"USDDKK":6.365275,"USDDOP":62.749949,"USDDZD":129.453987,"USDEGP":47.600901,"USDERN":15,"USDETB":155.202388,"USDEUR":0.851955,"USDFJD":2.28425,"USDFKP":0.744905,"USDGBP":0.74794,"USDGEL":2.694977,"USDGGP":0.744905,"USDGHS":11.525013,"USDGIP":0.744905,"USDGMD":73.496097,"USDGNF":8687.496152,"USDGTQ":7.654,"USDGYD":209.082607,"USDHKD":7.779975,"USDHNL":26.210238,"USDHRK":6.417301,"USDHTG":130.89919,"USDHUF":331.381983,"USDIDR":16676.4,"USDILS":3.229895,"USDIMP":0.744905,"USDINR":90.39785,"USDIQD":1310,"USDIRR":42110.000544,"USDISK":126.090268,"USDJEP":0.744905,"USDJMD":159.912601,"USDJOD":0.708995,"USDJPY":155.687504,"USDKES":128.903909,"USDKGS":87.449481,"USDKHR":4005.000411,"USDKMF":418.999944,"USDKPW":900.011412,"USDKRW":1474.680052,"USDKWD":0.30678,"USDKYD":0.832814,"USDKZT":514.018213,"USDLAK":21654.999786,"USDLBP":89549.999943,"USDLKR":309.508264,"USDLRD":177.374988,"USDLSL":16.729439,"USDLTL":2.95274,"USDLVL":0.60489,"USDLYD":5.419812,"USDMAD":9.15375,"USDMDL":16.863676,"USDMGA":4524.999939,"USDMKD":52.417346,"USDMMK":2100.219412,"USDMNT":3548.424678,"USDMOP":8.007408,"USDMRU":39.769758,"USDMUR":46.05029,"USDMVR":15.450053,"USDMWK":1736.999482,"USDMXN":18.013004,"USDMYR":4.090992,"USDMZN":63.898924,"USDNAD":16.730292,"USDNGN":1453.169953,"USDNIO":36.730227,"USDNOK":10.211103,"USDNPR":144.605366,"USDNZD":1.734775,"USDOMR":0.384493,"USDPAB":0.999356,"USDPEN":3.364503,"USDPGK":4.247982,"USDPHP":58.644973,"USDPKR":280.301546,"USDPLN":3.58982,"USDPYG":6712.554996,"USDQAR":3.641012,"USDRON":4.337895,"USDRSD":100.010124,"USDRUB":80.500349,"USDRWF":1450,"USDSAR":3.75083,"USDSBD":8.130216,"USDSCR":14.469904,"USDSDG":601.501794,"USDSEK":9.30062,"USDSGD":1.29156,"USDSHP":0.750259,"USDSLE":24.104784,"USDSLL":20969.503664,"USDSOS":571.50174,"USDSRD":38.677944,"USDSTD":20697.981008,"USDSTN":21.175,"USDSVC":8.744522,"USDSYP":11057.156336,"USDSZL":16.729865,"USDTHB":31.500463,"USDTJS":9.223981,"USDTMT":3.5,"USDTND":2.90375,"USDTOP":2.40776,"USDTRY":42.7357,"USDTTD":6.779097,"USDTWD":31.5932,"USDTZS":2468.950994,"USDUAH":42.417363,"USDUGX":3562.360512,"USDUYU":38.934881,"USDUZS":12075.000051,"USDVES":276.231201,"USDVND":26335,"USDVUV":121.327724,"USDWST":2.791029,"USDXAF":559.838353,"USDXAG":0.015193,"USDXAU":0.000231,"USDXCD":2.70255,"USDXCG":1.801112,"USDXDR":0.694475,"USDXOF":559.504465,"USDXPF":101.899846,"USDYER":238.350338,"USDZAR":16.78625,"USDZMK":9001.192783,"USDZMW":22.909741,"USDZWL":321.999592}}