{"success":true,"terms":"https:\/\/currencylayer.com\/terms","privacy":"https:\/\/currencylayer.com\/privacy","timestamp":1754790785,"source":"USD","quotes":{"USDAED":3.672504,"USDAFN":68.211665,"USDALL":83.532896,"USDAMD":383.502854,"USDANG":1.789699,"USDAOA":917.000367,"USDARS":1324.570877,"USDAUD":1.532567,"USDAWG":1.8025,"USDAZN":1.70397,"USDBAM":1.678726,"USDBBD":2.016566,"USDBDT":121.342432,"USDBGN":1.678755,"USDBHD":0.374147,"USDBIF":2978.069611,"USDBMD":1,"USDBND":1.283464,"USDBOB":6.900991,"USDBRL":5.431804,"USDBSD":0.998755,"USDBTC":8.557907e-6,"USDBTN":87.452899,"USDBWP":13.43805,"USDBYN":3.297455,"USDBYR":19600,"USDBZD":2.00618,"USDCAD":1.37545,"USDCDF":2890.000362,"USDCHF":0.809575,"USDCLF":0.024733,"USDCLP":970.26737,"USDCNY":7.181504,"USDCNH":7.189125,"USDCOP":4044.890777,"USDCRC":506.072701,"USDCUC":1,"USDCUP":26.5,"USDCVE":94.644007,"USDCZK":20.983604,"USDDJF":177.846444,"USDDKK":6.411504,"USDDOP":60.99309,"USDDZD":128.915497,"USDEGP":48.172181,"USDERN":15,"USDETB":138.586069,"USDEUR":0.858504,"USDFJD":2.252304,"USDFKP":0.743884,"USDGBP":0.744574,"USDGEL":2.703861,"USDGGP":0.743884,"USDGHS":10.536887,"USDGIP":0.743884,"USDGMD":72.503851,"USDGNF":8660.572508,"USDGTQ":7.66319,"USDGYD":208.952405,"USDHKD":7.84995,"USDHNL":26.151667,"USDHRK":6.47204,"USDHTG":130.681087,"USDHUF":339.580388,"USDIDR":16256.1,"USDILS":3.430695,"USDIMP":0.743884,"USDINR":87.72425,"USDIQD":1308.355865,"USDIRR":42125.000352,"USDISK":122.830386,"USDJEP":0.743884,"USDJMD":159.9073,"USDJOD":0.70904,"USDJPY":147.641504,"USDKES":128.990172,"USDKGS":87.450384,"USDKHR":4000.686666,"USDKMF":422.150384,"USDKPW":900.008192,"USDKRW":1388.770383,"USDKWD":0.30553,"USDKYD":0.832325,"USDKZT":539.727909,"USDLAK":21608.514656,"USDLBP":89486.545642,"USDLKR":300.373375,"USDLRD":200.248916,"USDLSL":17.702931,"USDLTL":2.95274,"USDLVL":0.60489,"USDLYD":5.415218,"USDMAD":9.044505,"USDMDL":16.768379,"USDMGA":4407.536157,"USDMKD":52.817476,"USDMMK":2099.254958,"USDMNT":3587.23202,"USDMOP":8.075018,"USDMRU":39.838634,"USDMUR":45.410378,"USDMVR":15.403739,"USDMWK":1731.857002,"USDMXN":18.579904,"USDMYR":4.240377,"USDMZN":63.960377,"USDNAD":17.702931,"USDNGN":1532.290377,"USDNIO":36.753787,"USDNOK":10.282604,"USDNPR":139.924467,"USDNZD":1.676587,"USDOMR":0.381572,"USDPAB":0.998755,"USDPEN":3.535041,"USDPGK":4.212695,"USDPHP":56.750375,"USDPKR":283.390756,"USDPLN":3.64774,"USDPYG":7480.36565,"USDQAR":3.650401,"USDRON":4.355304,"USDRSD":100.553624,"USDRUB":79.739067,"USDRWF":1444.659028,"USDSAR":3.752762,"USDSBD":8.217066,"USDSCR":14.720484,"USDSDG":600.503676,"USDSEK":9.578804,"USDSGD":1.285404,"USDSHP":0.785843,"USDSLE":23.103667,"USDSLL":20969.503947,"USDSOS":570.790953,"USDSRD":37.279038,"USDSTD":20697.981008,"USDSTN":21.02914,"USDSVC":8.738681,"USDSYP":13001.954565,"USDSZL":17.696236,"USDTHB":32.325038,"USDTJS":9.328183,"USDTMT":3.51,"USDTND":2.928973,"USDTOP":2.342104,"USDTRY":40.795038,"USDTTD":6.779108,"USDTWD":29.907104,"USDTZS":2481.867731,"USDUAH":41.31445,"USDUGX":3563.795545,"USDUYU":40.075533,"USDUZS":12578.000944,"USDVES":128.74775,"USDVND":26225,"USDVUV":118.521058,"USDWST":2.657279,"USDXAF":563.029055,"USDXAG":0.026074,"USDXAU":0.000294,"USDXCD":2.70255,"USDXCG":1.800009,"USDXDR":0.700227,"USDXOF":563.029055,"USDXPF":102.364705,"USDYER":240.450363,"USDZAR":17.75662,"USDZMK":9001.203584,"USDZMW":23.145788,"USDZWL":321.999592}}