{"success":true,"terms":"https:\/\/currencylayer.com\/terms","privacy":"https:\/\/currencylayer.com\/privacy","timestamp":1780199588,"source":"USD","quotes":{"USDAED":3.672504,"USDAFN":63.000368,"USDALL":81.850403,"USDAMD":368.180403,"USDANG":1.79046,"USDAOA":918.000367,"USDARS":1411.841886,"USDAUD":1.388696,"USDAWG":1.8,"USDAZN":1.70397,"USDBAM":1.679981,"USDBBD":2.014233,"USDBDT":122.76083,"USDBGN":1.66992,"USDBHD":0.377275,"USDBIF":2976,"USDBMD":1,"USDBND":1.278067,"USDBOB":6.910443,"USDBRL":5.037104,"USDBSD":1.000073,"USDBTC":1.3597275e-5,"USDBTN":94.959542,"USDBWP":13.418887,"USDBYN":2.740298,"USDBYR":19600,"USDBZD":2.011459,"USDCAD":1.38005,"USDCDF":2272.000362,"USDCHF":0.781119,"USDCLF":0.022615,"USDCLP":890.050396,"USDCNY":6.76635,"USDCNH":6.764365,"USDCOP":3693.14,"USDCRC":452.064266,"USDCUC":1,"USDCUP":26.5,"USDCVE":94.87504,"USDCZK":20.824204,"USDDJF":177.720393,"USDDKK":6.41042,"USDDOP":58.340393,"USDDZD":132.780279,"USDEGP":52.325831,"USDERN":15,"USDETB":158.000358,"USDEUR":0.857704,"USDFJD":2.221804,"USDFKP":0.742087,"USDGBP":0.743356,"USDGEL":2.670391,"USDGGP":0.742087,"USDGHS":11.74039,"USDGIP":0.742087,"USDGMD":72.503851,"USDGNF":8780.000355,"USDGTQ":7.628513,"USDGYD":209.220224,"USDHKD":7.83695,"USDHNL":26.570388,"USDHRK":6.460604,"USDHTG":130.96772,"USDHUF":303.492504,"USDIDR":17823.65,"USDILS":2.80215,"USDIMP":0.742087,"USDINR":95.010504,"USDIQD":1310,"USDIRR":1351050.000352,"USDISK":122.960386,"USDJEP":0.742087,"USDJMD":157.513861,"USDJOD":0.70904,"USDJPY":159.30904,"USDKES":129.410385,"USDKGS":87.450384,"USDKHR":4010.00035,"USDKMF":422.00035,"USDKPW":899.855249,"USDKRW":1507.460383,"USDKWD":0.30944,"USDKYD":0.833462,"USDKZT":487.321548,"USDLAK":21952.503779,"USDLBP":89550.000349,"USDLKR":330.034874,"USDLRD":183.125039,"USDLSL":16.240381,"USDLTL":2.95274,"USDLVL":0.60489,"USDLYD":6.350381,"USDMAD":9.18375,"USDMDL":17.306602,"USDMGA":4190.000347,"USDMKD":52.848875,"USDMMK":2100.044704,"USDMNT":3580.365831,"USDMOP":8.070537,"USDMRU":40.000346,"USDMUR":47.370378,"USDMVR":15.403739,"USDMWK":1737.000345,"USDMXN":17.354804,"USDMYR":3.970504,"USDMZN":63.905039,"USDNAD":16.240377,"USDNGN":1371.703725,"USDNIO":36.570377,"USDNOK":9.253504,"USDNPR":151.935268,"USDNZD":1.671822,"USDOMR":0.385278,"USDPAB":1.000103,"USDPEN":3.399504,"USDPGK":4.355039,"USDPHP":61.474038,"USDPKR":278.550374,"USDPLN":3.62895,"USDPYG":6017.110756,"USDQAR":3.641038,"USDRON":4.504104,"USDRSD":100.681038,"USDRUB":71.146838,"USDRWF":1462.5,"USDSAR":3.772303,"USDSBD":8.03246,"USDSCR":13.563987,"USDSDG":600.503676,"USDSEK":9.255045,"USDSGD":1.276804,"USDSHP":0.746601,"USDSLE":24.603667,"USDSLL":20969.502105,"USDSOS":571.503662,"USDSRD":37.170504,"USDSTD":20697.981008,"USDSTN":21.4,"USDSVC":8.751074,"USDSYP":110.532098,"USDSZL":16.240369,"USDTHB":32.575038,"USDTJS":9.231047,"USDTMT":3.5,"USDTND":2.894038,"USDTOP":2.40776,"USDTRY":45.852504,"USDTTD":6.793623,"USDTWD":31.426804,"USDTZS":2629.583038,"USDUAH":44.293077,"USDUGX":3769.922222,"USDUYU":40.112866,"USDUZS":12022.503617,"USDVES":548.68505,"USDVND":26312.5,"USDVUV":118.055972,"USDWST":2.715197,"USDXAF":563.44981,"USDXAG":0.013284,"USDXAU":0.00022,"USDXCD":2.70255,"USDXCG":1.802416,"USDXDR":0.699507,"USDXOF":562.503593,"USDXPF":102.603591,"USDYER":238.603589,"USDZAR":16.29669,"USDZMK":9001.203584,"USDZMW":18.382896,"USDZWL":321.999592}}