{"success":true,"terms":"https:\/\/currencylayer.com\/terms","privacy":"https:\/\/currencylayer.com\/privacy","timestamp":1768268587,"source":"USD","quotes":{"USDAED":3.672497,"USDAFN":65.999564,"USDALL":82.669972,"USDAMD":380.869126,"USDANG":1.789943,"USDAOA":916.999961,"USDARS":1467.493704,"USDAUD":1.490169,"USDAWG":1.8,"USDAZN":1.699178,"USDBAM":1.676201,"USDBBD":2.015932,"USDBDT":122.308355,"USDBGN":1.677096,"USDBHD":0.377012,"USDBIF":2960.648952,"USDBMD":1,"USDBND":1.287533,"USDBOB":6.941177,"USDBRL":5.37503,"USDBSD":1.000938,"USDBTC":1.0997344e-5,"USDBTN":90.271296,"USDBWP":13.375843,"USDBYN":2.907855,"USDBYR":19600,"USDBZD":2.013018,"USDCAD":1.38806,"USDCDF":2174.999881,"USDCHF":0.797845,"USDCLF":0.022538,"USDCLP":884.170137,"USDCNY":6.973202,"USDCNH":6.972855,"USDCOP":3715.39,"USDCRC":497.683846,"USDCUC":1,"USDCUP":26.5,"USDCVE":94.501652,"USDCZK":20.817595,"USDDJF":178.238866,"USDDKK":6.40895,"USDDOP":63.541037,"USDDZD":130.049035,"USDEGP":47.155295,"USDERN":15,"USDETB":155.849435,"USDEUR":0.85772,"USDFJD":2.27485,"USDFKP":0.745969,"USDGBP":0.742415,"USDGEL":2.689679,"USDGGP":0.745969,"USDGHS":10.729299,"USDGIP":0.745969,"USDGMD":73.503947,"USDGNF":8760.67552,"USDGTQ":7.674804,"USDGYD":209.400885,"USDHKD":7.79895,"USDHNL":26.499577,"USDHRK":6.462096,"USDHTG":130.990183,"USDHUF":331.962498,"USDIDR":16874.85,"USDILS":3.13868,"USDIMP":0.745969,"USDINR":90.13425,"USDIQD":1310,"USDIRR":42125.000158,"USDISK":125.920318,"USDJEP":0.745969,"USDJMD":158.749748,"USDJOD":0.709028,"USDJPY":158.4695,"USDKES":129.110332,"USDKGS":87.45036,"USDKHR":4020.380441,"USDKMF":422.000299,"USDKPW":900.000517,"USDKRW":1472.597235,"USDKWD":0.30758,"USDKYD":0.834073,"USDKZT":510.813718,"USDLAK":21636.863058,"USDLBP":89631.172304,"USDLKR":309.383316,"USDLRD":179.661554,"USDLSL":16.43788,"USDLTL":2.95274,"USDLVL":0.60489,"USDLYD":5.429356,"USDMAD":9.214736,"USDMDL":17.005412,"USDMGA":4560.000541,"USDMKD":52.773039,"USDMMK":2100.011455,"USDMNT":3558.20757,"USDMOP":8.038875,"USDMRU":39.930408,"USDMUR":46.670022,"USDMVR":15.449712,"USDMWK":1735.594208,"USDMXN":17.930298,"USDMYR":4.060954,"USDMZN":63.909878,"USDNAD":16.43788,"USDNGN":1424.239742,"USDNIO":36.835632,"USDNOK":10.072397,"USDNPR":144.433731,"USDNZD":1.731465,"USDOMR":0.384499,"USDPAB":1.000938,"USDPEN":3.36075,"USDPGK":4.270636,"USDPHP":59.309871,"USDPKR":280.153667,"USDPLN":3.611375,"USDPYG":6623.214676,"USDQAR":3.648767,"USDRON":4.365301,"USDRSD":100.64697,"USDRUB":78.32199,"USDRWF":1459.284113,"USDSAR":3.75015,"USDSBD":8.123611,"USDSCR":13.843792,"USDSDG":601.501385,"USDSEK":9.177065,"USDSGD":1.28659,"USDSHP":0.750259,"USDSLE":24.149768,"USDSLL":20969.500226,"USDSOS":571.046576,"USDSRD":38.17501,"USDSTD":20697.981008,"USDSTN":20.99751,"USDSVC":8.758104,"USDSYP":11059.574895,"USDSZL":16.43548,"USDTHB":31.330265,"USDTJS":9.313467,"USDTMT":3.51,"USDTND":2.92551,"USDTOP":2.40776,"USDTRY":43.147303,"USDTTD":6.798051,"USDTWD":31.620203,"USDTZS":2499.732029,"USDUAH":43.331405,"USDUGX":3606.429523,"USDUYU":38.986806,"USDUZS":12142.560239,"USDVES":331.293303,"USDVND":26275,"USDVUV":120.295663,"USDWST":2.78398,"USDXAF":562.182198,"USDXAG":0.011889,"USDXAU":0.000218,"USDXCD":2.70255,"USDXCG":1.8039,"USDXDR":0.699174,"USDXOF":562.182198,"USDXPF":102.210738,"USDYER":238.402409,"USDZAR":16.408051,"USDZMK":9001.197167,"USDZMW":19.442837,"USDZWL":321.999592}}