{"success":true,"terms":"https:\/\/currencylayer.com\/terms","privacy":"https:\/\/currencylayer.com\/privacy","timestamp":1771034646,"source":"USD","quotes":{"USDAED":3.673042,"USDAFN":63.503991,"USDALL":81.250403,"USDAMD":376.940403,"USDANG":1.789731,"USDAOA":917.000367,"USDARS":1398.425804,"USDAUD":1.414027,"USDAWG":1.8,"USDAZN":1.70397,"USDBAM":1.64926,"USDBBD":2.014277,"USDBDT":122.307345,"USDBGN":1.647646,"USDBHD":0.375226,"USDBIF":2965,"USDBMD":1,"USDBND":1.264067,"USDBOB":6.911004,"USDBRL":5.219404,"USDBSD":1.000055,"USDBTC":1.4536933e-5,"USDBTN":90.587789,"USDBWP":13.189806,"USDBYN":2.866094,"USDBYR":19600,"USDBZD":2.011317,"USDCAD":1.36155,"USDCDF":2255.000362,"USDCHF":0.767783,"USDCLF":0.021854,"USDCLP":862.903912,"USDCNY":6.90865,"USDCNH":6.901015,"USDCOP":3666.4,"USDCRC":485.052916,"USDCUC":1,"USDCUP":26.5,"USDCVE":93.303894,"USDCZK":20.44504,"USDDJF":177.720393,"USDDKK":6.293504,"USDDOP":62.27504,"USDDZD":129.63704,"USDEGP":46.615845,"USDERN":15,"USDETB":155.203874,"USDEUR":0.842404,"USDFJD":2.21204,"USDFKP":0.733683,"USDGBP":0.732547,"USDGEL":2.67504,"USDGGP":0.733683,"USDGHS":11.01504,"USDGIP":0.733683,"USDGMD":73.503851,"USDGNF":8780.000355,"USDGTQ":7.67035,"USDGYD":209.236037,"USDHKD":7.81855,"USDHNL":26.510388,"USDHRK":6.348604,"USDHTG":131.126252,"USDHUF":319.430388,"USDIDR":16832.8,"USDILS":3.09073,"USDIMP":0.733683,"USDINR":90.56104,"USDIQD":1310.5,"USDIRR":42125.000158,"USDISK":122.170386,"USDJEP":0.733683,"USDJMD":156.510227,"USDJOD":0.70904,"USDJPY":152.70604,"USDKES":129.000351,"USDKGS":87.450384,"USDKHR":4022.00035,"USDKMF":415.00035,"USDKPW":899.945229,"USDKRW":1440.710383,"USDKWD":0.30661,"USDKYD":0.833418,"USDKZT":494.893958,"USDLAK":21445.000349,"USDLBP":89550.000349,"USDLKR":309.225755,"USDLRD":186.403772,"USDLSL":15.945039,"USDLTL":2.95274,"USDLVL":0.60489,"USDLYD":6.310381,"USDMAD":9.141039,"USDMDL":16.981212,"USDMGA":4395.000347,"USDMKD":51.914306,"USDMMK":2099.574581,"USDMNT":3581.569872,"USDMOP":8.053972,"USDMRU":39.920379,"USDMUR":45.930378,"USDMVR":15.405039,"USDMWK":1736.503736,"USDMXN":17.16435,"USDMYR":3.907504,"USDMZN":63.910377,"USDNAD":15.960377,"USDNGN":1353.403725,"USDNIO":36.710377,"USDNOK":9.506104,"USDNPR":144.93218,"USDNZD":1.655355,"USDOMR":0.382709,"USDPAB":1.000148,"USDPEN":3.353039,"USDPGK":4.293039,"USDPHP":57.848504,"USDPKR":279.603701,"USDPLN":3.54775,"USDPYG":6558.925341,"USDQAR":3.64125,"USDRON":4.291404,"USDRSD":99.437038,"USDRUB":76.275534,"USDRWF":1455,"USDSAR":3.750258,"USDSBD":8.045182,"USDSCR":13.479671,"USDSDG":601.503676,"USDSEK":8.922504,"USDSGD":1.263604,"USDSHP":0.750259,"USDSLE":24.450371,"USDSLL":20969.49935,"USDSOS":571.503662,"USDSRD":37.754038,"USDSTD":20697.981008,"USDSTN":20.85,"USDSVC":8.750574,"USDSYP":11059.574895,"USDSZL":15.940369,"USDTHB":31.080369,"USDTJS":9.435908,"USDTMT":3.5,"USDTND":2.84375,"USDTOP":2.40776,"USDTRY":43.649804,"USDTTD":6.78838,"USDTWD":31.384038,"USDTZS":2600.000335,"USDUAH":43.128434,"USDUGX":3540.03196,"USDUYU":38.554298,"USDUZS":12150.000334,"USDVES":392.73007,"USDVND":25970,"USDVUV":119.325081,"USDWST":2.701986,"USDXAF":553.151102,"USDXAG":0.012937,"USDXAU":0.000198,"USDXCD":2.70255,"USDXCG":1.802336,"USDXDR":0.687473,"USDXOF":553.000332,"USDXPF":100.950363,"USDYER":238.350363,"USDZAR":15.950904,"USDZMK":9001.203584,"USDZMW":18.176912,"USDZWL":321.999592}}