{"success":true,"terms":"https:\/\/currencylayer.com\/terms","privacy":"https:\/\/currencylayer.com\/privacy","timestamp":1769652184,"source":"USD","quotes":{"USDAED":3.672498,"USDAFN":64.999908,"USDALL":80.801578,"USDAMD":379.052619,"USDANG":1.79008,"USDAOA":916.999962,"USDARS":1444.548399,"USDAUD":1.423609,"USDAWG":1.80125,"USDAZN":1.690302,"USDBAM":1.635086,"USDBBD":2.015232,"USDBDT":122.267785,"USDBGN":1.67937,"USDBHD":0.376999,"USDBIF":2963.891885,"USDBMD":1,"USDBND":1.262572,"USDBOB":6.913877,"USDBRL":5.197395,"USDBSD":1.000552,"USDBTC":1.1305867e-5,"USDBTN":91.90563,"USDBWP":13.092058,"USDBYN":2.844901,"USDBYR":19600,"USDBZD":2.012306,"USDCAD":1.35547,"USDCDF":2239.999877,"USDCHF":0.767725,"USDCLF":0.021855,"USDCLP":862.939923,"USDCNY":6.95465,"USDCNH":6.946299,"USDCOP":3670.36,"USDCRC":496.603616,"USDCUC":1,"USDCUP":26.5,"USDCVE":92.184025,"USDCZK":20.32275,"USDDJF":178.171634,"USDDKK":6.244835,"USDDOP":62.953287,"USDDZD":129.185466,"USDEGP":46.831977,"USDERN":15,"USDETB":155.581807,"USDEUR":0.83634,"USDFJD":2.194502,"USDFKP":0.725629,"USDGBP":0.724785,"USDGEL":2.694997,"USDGGP":0.725629,"USDGHS":10.935965,"USDGIP":0.725629,"USDGMD":73.000235,"USDGNF":8779.982109,"USDGTQ":7.676359,"USDGYD":209.330809,"USDHKD":7.802135,"USDHNL":26.404826,"USDHRK":6.298897,"USDHTG":131.029265,"USDHUF":318.214975,"USDIDR":16749,"USDILS":3.097875,"USDIMP":0.725629,"USDINR":92.05395,"USDIQD":1310.716137,"USDIRR":42125.000158,"USDISK":121.109846,"USDJEP":0.725629,"USDJMD":156.845533,"USDJOD":0.708992,"USDJPY":153.381976,"USDKES":129.019899,"USDKGS":87.449923,"USDKHR":4022.138062,"USDKMF":412.000338,"USDKPW":899.941848,"USDKRW":1428.716238,"USDKWD":0.30655,"USDKYD":0.833849,"USDKZT":504.129951,"USDLAK":21556.00515,"USDLBP":89599.377999,"USDLKR":309.821593,"USDLRD":185.10375,"USDLSL":15.909425,"USDLTL":2.95274,"USDLVL":0.60489,"USDLYD":6.283493,"USDMAD":9.046646,"USDMDL":16.778972,"USDMGA":4464.341698,"USDMKD":51.536394,"USDMMK":2099.981308,"USDMNT":3572.641598,"USDMOP":8.041032,"USDMRU":39.942314,"USDMUR":45.089766,"USDMVR":15.459925,"USDMWK":1734.990323,"USDMXN":17.18889,"USDMYR":3.9305,"USDMZN":63.759837,"USDNAD":15.909425,"USDNGN":1395.203078,"USDNIO":36.81874,"USDNOK":9.593385,"USDNPR":147.04884,"USDNZD":1.65361,"USDOMR":0.38454,"USDPAB":1.000548,"USDPEN":3.347838,"USDPGK":4.282979,"USDPHP":58.866497,"USDPKR":279.904359,"USDPLN":3.518455,"USDPYG":6719.056974,"USDQAR":3.637952,"USDRON":4.261802,"USDRSD":98.207997,"USDRUB":76.550017,"USDRWF":1459.772854,"USDSAR":3.750172,"USDSBD":8.077676,"USDSCR":13.754459,"USDSDG":601.504962,"USDSEK":8.83749,"USDSGD":1.26362,"USDSHP":0.750259,"USDSLE":24.316013,"USDSLL":20969.499267,"USDSOS":570.833804,"USDSRD":38.09203,"USDSTD":20697.981008,"USDSTN":20.482723,"USDSVC":8.754828,"USDSYP":11059.574895,"USDSZL":15.902821,"USDTHB":31.187497,"USDTJS":9.35016,"USDTMT":3.5,"USDTND":2.861454,"USDTOP":2.40776,"USDTRY":43.418603,"USDTTD":6.791011,"USDTWD":31.335016,"USDTZS":2560.000063,"USDUAH":42.769647,"USDUGX":3582.341606,"USDUYU":37.863461,"USDUZS":12105.606367,"USDVES":358.47615,"USDVND":26062,"USDVUV":119.671185,"USDWST":2.725359,"USDXAF":548.392544,"USDXAG":0.00854,"USDXAU":0.000182,"USDXCD":2.70255,"USDXCG":1.803217,"USDXDR":0.682024,"USDXOF":548.390252,"USDXPF":99.704048,"USDYER":238.395715,"USDZAR":15.75695,"USDZMK":9001.200338,"USDZMW":19.885632,"USDZWL":321.999592}}