{"success":true,"terms":"https:\/\/currencylayer.com\/terms","privacy":"https:\/\/currencylayer.com\/privacy","timestamp":1781669345,"source":"USD","quotes":{"USDAED":3.672505,"USDAFN":63.483424,"USDALL":81.65044,"USDAMD":368.210218,"USDANG":1.790403,"USDAOA":917.467185,"USDARS":1436.7394,"USDAUD":1.41603,"USDAWG":1.8,"USDAZN":1.701522,"USDBAM":1.685177,"USDBBD":2.015096,"USDBDT":122.817901,"USDBGN":1.69088,"USDBHD":0.377098,"USDBIF":2991,"USDBMD":1,"USDBND":1.281762,"USDBOB":6.938712,"USDBRL":5.103987,"USDBSD":1.000526,"USDBTC":1.519773e-5,"USDBTN":94.560525,"USDBWP":13.406112,"USDBYN":2.76997,"USDBYR":19600,"USDBZD":2.012252,"USDCAD":1.39998,"USDCDF":2320.000113,"USDCHF":0.792297,"USDCLF":0.022506,"USDCLP":885.759746,"USDCNY":6.75745,"USDCNH":6.75608,"USDCOP":3434.66,"USDCRC":455.716489,"USDCUC":1,"USDCUP":26.5,"USDCVE":95.350141,"USDCZK":20.80105,"USDDJF":177.71948,"USDDKK":6.437097,"USDDOP":58.606935,"USDDZD":132.878968,"USDEGP":50.2182,"USDERN":15,"USDETB":158.375013,"USDEUR":0.86122,"USDFJD":2.233702,"USDFKP":0.744874,"USDGBP":0.74465,"USDGEL":2.645029,"USDGGP":0.744874,"USDGHS":11.304788,"USDGIP":0.744874,"USDGMD":73.000098,"USDGNF":8777.500677,"USDGTQ":7.626359,"USDGYD":209.290102,"USDHKD":7.833065,"USDHNL":26.695325,"USDHRK":6.4891,"USDHTG":130.666299,"USDHUF":300.992032,"USDIDR":17745.75,"USDILS":2.915703,"USDIMP":0.744874,"USDINR":94.27025,"USDIQD":1310,"USDIRR":1374999.999639,"USDISK":124.360457,"USDJEP":0.744874,"USDJMD":158.238482,"USDJOD":0.708979,"USDJPY":160.295002,"USDKES":129.460013,"USDKGS":87.450283,"USDKHR":4012.502097,"USDKMF":425.000068,"USDKPW":900.00035,"USDKRW":1514.594999,"USDKWD":0.30813,"USDKYD":0.8338,"USDKZT":487.920041,"USDLAK":22029.999765,"USDLBP":89550.000138,"USDLKR":335.185855,"USDLRD":182.149794,"USDLSL":16.212314,"USDLTL":2.95274,"USDLVL":0.60489,"USDLYD":6.374982,"USDMAD":9.245029,"USDMDL":17.459223,"USDMGA":4200.000219,"USDMKD":53.080997,"USDMMK":2099.401411,"USDMNT":3576.563972,"USDMOP":8.072446,"USDMRU":40.080108,"USDMUR":47.260161,"USDMVR":15.459915,"USDMWK":1735.999385,"USDMXN":17.2038,"USDMYR":4.068804,"USDMZN":63.902436,"USDNAD":16.201949,"USDNGN":1358.309958,"USDNIO":36.61055,"USDNOK":9.47292,"USDNPR":151.295881,"USDNZD":1.71625,"USDOMR":0.384486,"USDPAB":1.000526,"USDPEN":3.41251,"USDPGK":4.38775,"USDPHP":60.329497,"USDPKR":278.30654,"USDPLN":3.65035,"USDPYG":6105.515298,"USDQAR":3.640497,"USDRON":4.504599,"USDRSD":101.090972,"USDRUB":72.500624,"USDRWF":1488,"USDSAR":3.751894,"USDSBD":8.061424,"USDSCR":13.51207,"USDSDG":600.504793,"USDSEK":9.354725,"USDSGD":1.2818,"USDSHP":0.746601,"USDSLE":24.749897,"USDSLL":20969.503664,"USDSOS":571.502283,"USDSRD":37.331981,"USDSTD":20697.981008,"USDSTN":21.4,"USDSVC":8.754244,"USDSYP":110.532098,"USDSZL":16.201154,"USDTHB":32.533502,"USDTJS":9.274765,"USDTMT":3.51,"USDTND":2.911751,"USDTOP":2.40776,"USDTRY":46.316398,"USDTTD":6.796543,"USDTWD":31.555497,"USDTZS":2619.998013,"USDUAH":44.808889,"USDUGX":3701.565583,"USDUYU":40.393596,"USDUZS":12004.999787,"USDVES":596.036403,"USDVND":26320,"USDVUV":118.866954,"USDWST":2.741216,"USDXAF":565.192704,"USDXAG":0.014267,"USDXAU":0.000231,"USDXCD":2.70255,"USDXCG":1.803205,"USDXDR":0.703697,"USDXOF":565.000298,"USDXPF":103.249906,"USDYER":238.624977,"USDZAR":16.188501,"USDZMK":9001.200677,"USDZMW":17.684109,"USDZWL":321.999592}}