{"success":true,"terms":"https:\/\/currencylayer.com\/terms","privacy":"https:\/\/currencylayer.com\/privacy","timestamp":1773281284,"source":"USD","quotes":{"USDAED":3.672498,"USDAFN":62.49985,"USDALL":83.152614,"USDAMD":378.407158,"USDANG":1.789731,"USDAOA":916.999783,"USDARS":1395.513101,"USDAUD":1.397683,"USDAWG":1.8025,"USDAZN":1.697935,"USDBAM":1.693179,"USDBBD":2.011159,"USDBDT":122.949862,"USDBGN":1.647646,"USDBHD":0.377375,"USDBIF":2982.092382,"USDBMD":1,"USDBND":1.278163,"USDBOB":6.930972,"USDBRL":5.156402,"USDBSD":1.003805,"USDBTC":1.4311239e-5,"USDBTN":92.386406,"USDBWP":13.457651,"USDBYN":2.96328,"USDBYR":19600,"USDBZD":2.012544,"USDCAD":1.357935,"USDCDF":2177.999896,"USDCHF":0.781015,"USDCLF":0.022726,"USDCLP":897.359826,"USDCNY":6.86625,"USDCNH":6.87653,"USDCOP":3704.67,"USDCRC":472.956302,"USDCUC":1,"USDCUP":26.5,"USDCVE":95.458854,"USDCZK":21.114985,"USDDJF":178.745655,"USDDKK":6.467369,"USDDOP":60.905136,"USDDZD":131.802992,"USDEGP":51.866791,"USDERN":15,"USDETB":155.441268,"USDEUR":0.86557,"USDFJD":2.200299,"USDFKP":0.743065,"USDGBP":0.74675,"USDGEL":2.714967,"USDGGP":0.743065,"USDGHS":10.876068,"USDGIP":0.743065,"USDGMD":73.496657,"USDGNF":8800.218166,"USDGTQ":7.69627,"USDGYD":210.309885,"USDHKD":7.82471,"USDHNL":26.57132,"USDHRK":6.523019,"USDHTG":131.713251,"USDHUF":336.3595,"USDIDR":16885,"USDILS":3.10925,"USDIMP":0.743065,"USDINR":92.19395,"USDIQD":1314.780351,"USDIRR":1321775.000093,"USDISK":125.340507,"USDJEP":0.743065,"USDJMD":157.23314,"USDJOD":0.708996,"USDJPY":158.84702,"USDKES":129.737123,"USDKGS":87.449932,"USDKHR":4029.140713,"USDKMF":426.000104,"USDKPW":900.034295,"USDKRW":1477.55013,"USDKWD":0.306899,"USDKYD":0.836356,"USDKZT":492.975546,"USDLAK":21500.973815,"USDLBP":89939.009874,"USDLKR":312.036356,"USDLRD":183.688929,"USDLSL":16.43523,"USDLTL":2.95274,"USDLVL":0.60489,"USDLYD":6.384701,"USDMAD":9.397501,"USDMDL":17.310115,"USDMGA":4161.526441,"USDMKD":53.367443,"USDMMK":2099.436277,"USDMNT":3580.909464,"USDMOP":8.091322,"USDMRU":40.082246,"USDMUR":45.910215,"USDMVR":15.450206,"USDMWK":1740.53441,"USDMXN":17.724501,"USDMYR":3.927033,"USDMZN":63.910353,"USDNAD":16.43523,"USDNGN":1397.250099,"USDNIO":36.941004,"USDNOK":9.659251,"USDNPR":147.822436,"USDNZD":1.692345,"USDOMR":0.384485,"USDPAB":1.003805,"USDPEN":3.440207,"USDPGK":4.325204,"USDPHP":59.486501,"USDPKR":280.482121,"USDPLN":3.68445,"USDPYG":6505.902061,"USDQAR":3.6601,"USDRON":4.406596,"USDRSD":101.606018,"USDRUB":79.227766,"USDRWF":1466.793062,"USDSAR":3.752377,"USDSBD":8.045182,"USDSCR":15.055234,"USDSDG":600.99941,"USDSEK":9.25075,"USDSGD":1.27465,"USDSHP":0.750259,"USDSLE":24.596617,"USDSLL":20969.49935,"USDSOS":572.67769,"USDSRD":37.473498,"USDSTD":20697.981008,"USDSTN":21.210468,"USDSVC":8.781649,"USDSYP":111.251279,"USDSZL":16.434004,"USDTHB":31.839987,"USDTJS":9.62129,"USDTMT":3.5,"USDTND":2.941724,"USDTOP":2.40776,"USDTRY":44.110499,"USDTTD":6.810647,"USDTWD":31.781016,"USDTZS":2600.000497,"USDUAH":44.251735,"USDUGX":3708.75375,"USDUYU":40.377282,"USDUZS":12193.897425,"USDVES":437.65724,"USDVND":26282.5,"USDVUV":119.420995,"USDWST":2.730746,"USDXAF":567.876513,"USDXAG":0.011683,"USDXAU":0.000193,"USDXCD":2.70255,"USDXCG":1.808873,"USDXDR":0.706256,"USDXOF":567.876513,"USDXPF":103.233066,"USDYER":238.606089,"USDZAR":16.57015,"USDZMK":9001.197558,"USDZMW":19.523766,"USDZWL":321.999592}}