{"success":true,"terms":"https:\/\/currencylayer.com\/terms","privacy":"https:\/\/currencylayer.com\/privacy","timestamp":1752630364,"source":"USD","quotes":{"USDAED":3.672504,"USDAFN":69.470828,"USDALL":84.383278,"USDAMD":386.552088,"USDANG":1.789699,"USDAOA":917.000398,"USDARS":1260.016274,"USDAUD":1.53193,"USDAWG":1.8,"USDAZN":1.701063,"USDBAM":1.684909,"USDBBD":2.032043,"USDBDT":122.297603,"USDBGN":1.684905,"USDBHD":0.377024,"USDBIF":2999.091132,"USDBMD":1,"USDBND":1.289558,"USDBOB":6.955638,"USDBRL":5.557896,"USDBSD":1.006569,"USDBTC":8.501233e-6,"USDBTN":86.356098,"USDBWP":13.534923,"USDBYN":3.294092,"USDBYR":19600,"USDBZD":2.021534,"USDCAD":1.371295,"USDCDF":2885.999859,"USDCHF":0.801535,"USDCLF":0.025208,"USDCLP":967.339479,"USDCNY":7.172975,"USDCNH":7.18084,"USDCOP":4035.5,"USDCRC":507.67806,"USDCUC":1,"USDCUP":26.5,"USDCVE":94.991751,"USDCZK":21.236011,"USDDJF":179.242317,"USDDKK":6.426545,"USDDOP":60.72667,"USDDZD":130.11903,"USDEGP":49.414295,"USDERN":15,"USDETB":139.839504,"USDEUR":0.86108,"USDFJD":2.279502,"USDFKP":0.74436,"USDGBP":0.746465,"USDGEL":2.710091,"USDGGP":0.74436,"USDGHS":10.467916,"USDGIP":0.74436,"USDGMD":71.506089,"USDGNF":8732.09709,"USDGTQ":7.725011,"USDGYD":210.504099,"USDHKD":7.849865,"USDHNL":26.330684,"USDHRK":6.488298,"USDHTG":132.158287,"USDHUF":344.854972,"USDIDR":16269.2,"USDILS":3.366935,"USDIMP":0.74436,"USDINR":85.96235,"USDIQD":1318.601796,"USDIRR":42124.999836,"USDISK":122.610211,"USDJEP":0.74436,"USDJMD":160.858047,"USDJOD":0.709007,"USDJPY":148.788995,"USDKES":130.050305,"USDKGS":87.446602,"USDKHR":4033.407851,"USDKMF":424.624967,"USDKPW":900.023614,"USDKRW":1386.850219,"USDKWD":0.30587,"USDKYD":0.838836,"USDKZT":529.387694,"USDLAK":21699.295729,"USDLBP":90187.590188,"USDLKR":303.047533,"USDLRD":201.813444,"USDLSL":17.914755,"USDLTL":2.95274,"USDLVL":0.60489,"USDLYD":5.454976,"USDMAD":9.073946,"USDMDL":17.011049,"USDMGA":4462.535806,"USDMKD":53.033077,"USDMMK":2099.682636,"USDMNT":3584.847314,"USDMOP":8.138787,"USDMRU":39.999712,"USDMUR":45.439936,"USDMVR":15.401282,"USDMWK":1745.385626,"USDMXN":18.800398,"USDMYR":4.249502,"USDMZN":63.96021,"USDNAD":17.914755,"USDNGN":1529.559855,"USDNIO":37.044216,"USDNOK":10.24321,"USDNPR":138.169757,"USDNZD":1.679081,"USDOMR":0.384497,"USDPAB":1.00656,"USDPEN":3.589154,"USDPGK":4.163598,"USDPHP":56.948501,"USDPKR":286.466456,"USDPLN":3.670003,"USDPYG":7793.930779,"USDQAR":3.6695,"USDRON":4.371802,"USDRSD":100.858064,"USDRUB":78.001343,"USDRWF":1454.459305,"USDSAR":3.750942,"USDSBD":8.31956,"USDSCR":14.550061,"USDSDG":600.503992,"USDSEK":9.717875,"USDSGD":1.284815,"USDSHP":0.785843,"USDSLE":22.449513,"USDSLL":20969.503947,"USDSOS":575.219142,"USDSRD":37.464502,"USDSTD":20697.981008,"USDSVC":8.807047,"USDSYP":13001.850206,"USDSZL":17.908725,"USDTHB":32.524035,"USDTJS":9.622626,"USDTMT":3.51,"USDTND":2.948362,"USDTOP":2.342097,"USDTRY":40.2576,"USDTTD":6.833366,"USDTWD":29.362799,"USDTZS":2612.504195,"USDUAH":42.092137,"USDUGX":3607.903272,"USDUYU":41.023962,"USDUZS":12782.839051,"USDVES":115.699825,"USDVND":26155,"USDVUV":119.503157,"USDWST":2.744218,"USDXAF":565.102625,"USDXAG":0.026462,"USDXAU":0.0003,"USDXCD":2.70255,"USDXDR":0.702806,"USDXOF":565.102625,"USDXPF":102.741703,"USDYER":241.350115,"USDZAR":17.88114,"USDZMK":9001.196617,"USDZMW":22.970843,"USDZWL":321.999592}}