{"success":true,"terms":"https:\/\/currencylayer.com\/terms","privacy":"https:\/\/currencylayer.com\/privacy","timestamp":1761961160,"source":"USD","quotes":{"USDAED":3.673042,"USDAFN":66.000368,"USDALL":83.803989,"USDAMD":382.650403,"USDANG":1.789982,"USDAOA":917.000367,"USDARS":1438.899694,"USDAUD":1.52835,"USDAWG":1.8,"USDAZN":1.70397,"USDBAM":1.692505,"USDBBD":2.01607,"USDBDT":122.321116,"USDBGN":1.69657,"USDBHD":0.375016,"USDBIF":2955,"USDBMD":1,"USDBND":1.302047,"USDBOB":6.916963,"USDBRL":5.376104,"USDBSD":1.000982,"USDBTC":9.139222e-6,"USDBTN":88.739275,"USDBWP":13.441909,"USDBYN":3.411924,"USDBYR":19600,"USDBZD":2.013214,"USDCAD":1.40525,"USDCDF":2240.000362,"USDCHF":0.805169,"USDCLF":0.02402,"USDCLP":942.280396,"USDCNY":7.117404,"USDCNH":7.12242,"USDCOP":3861.06,"USDCRC":502.005512,"USDCUC":1,"USDCUP":26.5,"USDCVE":96.150394,"USDCZK":21.097104,"USDDJF":177.720393,"USDDKK":6.472704,"USDDOP":64.103884,"USDDZD":129.987433,"USDEGP":47.000302,"USDERN":15,"USDETB":153.750392,"USDEUR":0.862104,"USDFJD":2.285804,"USDFKP":0.760652,"USDGBP":0.760167,"USDGEL":2.71504,"USDGGP":0.760652,"USDGHS":10.85039,"USDGIP":0.760652,"USDGMD":72.503851,"USDGNF":8675.000355,"USDGTQ":7.673303,"USDGYD":209.421365,"USDHKD":7.77395,"USDHNL":26.250388,"USDHRK":6.531104,"USDHTG":130.931622,"USDHUF":336.450388,"USDIDR":16637.55,"USDILS":3.253355,"USDIMP":0.760652,"USDINR":88.77725,"USDIQD":1310,"USDIRR":42075.000352,"USDISK":125.510386,"USDJEP":0.760652,"USDJMD":160.657341,"USDJOD":0.70904,"USDJPY":153.98904,"USDKES":129.203801,"USDKGS":87.450384,"USDKHR":4021.00035,"USDKMF":426.00035,"USDKPW":899.990564,"USDKRW":1428.870383,"USDKWD":0.30692,"USDKYD":0.834137,"USDKZT":530.017784,"USDLAK":21695.000349,"USDLBP":89550.000349,"USDLKR":304.751355,"USDLRD":183.503772,"USDLSL":17.280381,"USDLTL":2.95274,"USDLVL":0.60489,"USDLYD":5.440381,"USDMAD":9.25875,"USDMDL":17.04188,"USDMGA":4510.000347,"USDMKD":53.164502,"USDMMK":2099.457078,"USDMNT":3588.338977,"USDMOP":8.01279,"USDMRU":40.085039,"USDMUR":45.750378,"USDMVR":15.303739,"USDMWK":1736.503736,"USDMXN":18.562104,"USDMYR":4.188039,"USDMZN":63.903729,"USDNAD":17.280377,"USDNGN":1447.160377,"USDNIO":36.720377,"USDNOK":10.122604,"USDNPR":141.982493,"USDNZD":1.749782,"USDOMR":0.384565,"USDPAB":1.001155,"USDPEN":3.383039,"USDPGK":4.21205,"USDPHP":58.693038,"USDPKR":280.903701,"USDPLN":3.68756,"USDPYG":7081.384431,"USDQAR":3.64125,"USDRON":4.413304,"USDRSD":101.584261,"USDRUB":80.391396,"USDRWF":1449.5,"USDSAR":3.750331,"USDSBD":8.237372,"USDSCR":13.660122,"USDSDG":601.503676,"USDSEK":9.49822,"USDSGD":1.299304,"USDSHP":0.750259,"USDSLE":23.170371,"USDSLL":20969.499529,"USDSOS":601.503662,"USDSRD":38.509504,"USDSTD":20697.981008,"USDSTN":21.4,"USDSVC":8.758486,"USDSYP":11058.297102,"USDSZL":17.280369,"USDTHB":32.310369,"USDTJS":9.21904,"USDTMT":3.5,"USDTND":2.937504,"USDTOP":2.342104,"USDTRY":42.035104,"USDTTD":6.779368,"USDTWD":30.796804,"USDTZS":2462.432038,"USDUAH":41.953676,"USDUGX":3486.606119,"USDUYU":39.92852,"USDUZS":12025.000334,"USDVES":221.46885,"USDVND":26315,"USDVUV":121.6224,"USDWST":2.794052,"USDXAF":567.650457,"USDXAG":0.020534,"USDXAU":0.00025,"USDXCD":2.70255,"USDXCG":1.804053,"USDXDR":0.704886,"USDXOF":564.000332,"USDXPF":102.603591,"USDYER":238.503589,"USDZAR":17.35113,"USDZMK":9001.203584,"USDZMW":22.146742,"USDZWL":321.999592}}