{"success":true,"terms":"https:\/\/currencylayer.com\/terms","privacy":"https:\/\/currencylayer.com\/privacy","timestamp":1761614645,"source":"USD","quotes":{"USDAED":3.672497,"USDAFN":65.5106,"USDALL":83.075056,"USDAMD":384.263416,"USDANG":1.789982,"USDAOA":916.999969,"USDARS":1432.494002,"USDAUD":1.525402,"USDAWG":1.8025,"USDAZN":1.697453,"USDBAM":1.680551,"USDBBD":2.015475,"USDBDT":122.385148,"USDBGN":1.67804,"USDBHD":0.377001,"USDBIF":2964,"USDBMD":1,"USDBND":1.296947,"USDBOB":6.929974,"USDBRL":5.374797,"USDBSD":1.00067,"USDBTC":8.753655e-6,"USDBTN":88.243204,"USDBWP":13.35533,"USDBYN":3.41048,"USDBYR":19600,"USDBZD":2.01264,"USDCAD":1.398775,"USDCDF":2229.999961,"USDCHF":0.793958,"USDCLF":0.023972,"USDCLP":940.400135,"USDCNY":7.11045,"USDCNH":7.107295,"USDCOP":3845.38,"USDCRC":501.544503,"USDCUC":1,"USDCUP":26.5,"USDCVE":95.201305,"USDCZK":20.86665,"USDDJF":177.720038,"USDDKK":6.407025,"USDDOP":64.050303,"USDDZD":130.020341,"USDEGP":47.448399,"USDERN":15,"USDETB":151.297294,"USDEUR":0.85784,"USDFJD":2.26405,"USDFKP":0.748624,"USDGBP":0.749085,"USDGEL":2.720105,"USDGGP":0.748624,"USDGHS":10.857676,"USDGIP":0.748624,"USDGMD":73.000078,"USDGNF":8679.499718,"USDGTQ":7.665505,"USDGYD":209.359976,"USDHKD":7.76752,"USDHNL":26.369768,"USDHRK":6.463201,"USDHTG":131.060912,"USDHUF":333.376503,"USDIDR":16420.85,"USDILS":3.25707,"USDIMP":0.748624,"USDINR":88.21955,"USDIQD":1310,"USDIRR":42062.499493,"USDISK":122.660067,"USDJEP":0.748624,"USDJMD":160.370509,"USDJOD":0.708987,"USDJPY":152.445499,"USDKES":129.289936,"USDKGS":87.44996,"USDKHR":4024.999788,"USDKMF":422.999813,"USDKPW":900.000157,"USDKRW":1433.880241,"USDKWD":0.30647,"USDKYD":0.83387,"USDKZT":537.844224,"USDLAK":21700.000285,"USDLBP":89550.000192,"USDLKR":304.274606,"USDLRD":183.449902,"USDLSL":17.239623,"USDLTL":2.95274,"USDLVL":0.60489,"USDLYD":5.444999,"USDMAD":9.226005,"USDMDL":17.056322,"USDMGA":4519.999878,"USDMKD":52.844413,"USDMMK":2099.546124,"USDMNT":3591.718811,"USDMOP":8.005499,"USDMRU":40.065015,"USDMUR":45.490114,"USDMVR":15.309719,"USDMWK":1736.498196,"USDMXN":18.399725,"USDMYR":4.205023,"USDMZN":63.910244,"USDNAD":17.239765,"USDNGN":1458.249784,"USDNIO":36.75013,"USDNOK":9.981535,"USDNPR":141.187742,"USDNZD":1.731885,"USDOMR":0.384504,"USDPAB":1.0007,"USDPEN":3.386988,"USDPGK":4.19425,"USDPHP":59.089732,"USDPKR":281.000061,"USDPLN":3.631891,"USDPYG":7084.581047,"USDQAR":3.64125,"USDRON":4.360298,"USDRSD":100.568022,"USDRUB":79.245932,"USDRWF":1450,"USDSAR":3.750075,"USDSBD":8.230592,"USDSCR":13.673594,"USDSDG":601.504736,"USDSEK":9.37242,"USDSGD":1.296145,"USDSHP":0.750259,"USDSLE":23.204905,"USDSLL":20969.499529,"USDSOS":570.886016,"USDSRD":39.897498,"USDSTD":20697.981008,"USDSTN":21.4,"USDSVC":8.755424,"USDSYP":11056.726583,"USDSZL":17.239897,"USDTHB":32.640074,"USDTJS":9.25609,"USDTMT":3.51,"USDTND":2.912029,"USDTOP":2.342104,"USDTRY":41.966398,"USDTTD":6.792112,"USDTWD":30.650404,"USDTZS":2470.694028,"USDUAH":42.125098,"USDUGX":3479.164966,"USDUYU":39.904278,"USDUZS":12062.501353,"USDVES":213.150975,"USDVND":26305,"USDVUV":122.337183,"USDWST":2.80111,"USDXAF":563.631364,"USDXAG":0.021222,"USDXAU":0.000249,"USDXCD":2.70255,"USDXCG":1.803411,"USDXDR":0.700977,"USDXOF":563.000391,"USDXPF":102.874997,"USDYER":238.650461,"USDZAR":17.236402,"USDZMK":9001.199039,"USDZMW":21.990127,"USDZWL":321.999592}}