{"success":true,"terms":"https:\/\/currencylayer.com\/terms","privacy":"https:\/\/currencylayer.com\/privacy","timestamp":1765072085,"source":"USD","quotes":{"USDAED":3.672504,"USDAFN":66.097111,"USDALL":82.900442,"USDAMD":380.972824,"USDANG":1.790055,"USDAOA":917.000367,"USDARS":1434.000367,"USDAUD":1.504891,"USDAWG":1.8,"USDAZN":1.70397,"USDBAM":1.679303,"USDBBD":2.014081,"USDBDT":122.345769,"USDBGN":1.679303,"USDBHD":0.377023,"USDBIF":2954.62156,"USDBMD":1,"USDBND":1.295411,"USDBOB":6.910231,"USDBRL":5.439604,"USDBSD":0.999957,"USDBTC":1.1214924e-5,"USDBTN":89.908556,"USDBWP":13.285536,"USDBYN":2.874941,"USDBYR":19600,"USDBZD":2.011162,"USDCAD":1.38265,"USDCDF":2232.000362,"USDCHF":0.803927,"USDCLF":0.0235,"USDCLP":921.880396,"USDCNY":7.070104,"USDCNH":7.069041,"USDCOP":3799.167132,"USDCRC":488.472932,"USDCUC":1,"USDCUP":26.5,"USDCVE":94.676512,"USDCZK":20.783504,"USDDJF":178.070665,"USDDKK":6.414904,"USDDOP":64.002061,"USDDZD":129.723093,"USDEGP":47.482076,"USDERN":15,"USDETB":155.107629,"USDEUR":0.858704,"USDFJD":2.26045,"USDFKP":0.750488,"USDGBP":0.749372,"USDGEL":2.69504,"USDGGP":0.750488,"USDGHS":11.375091,"USDGIP":0.750488,"USDGMD":73.000355,"USDGNF":8689.3058,"USDGTQ":7.659812,"USDGYD":209.213068,"USDHKD":7.784904,"USDHNL":26.337526,"USDHRK":6.470704,"USDHTG":130.906281,"USDHUF":328.020388,"USDIDR":16689.55,"USDILS":3.23571,"USDIMP":0.750488,"USDINR":89.945504,"USDIQD":1310.007298,"USDIRR":42112.503816,"USDISK":127.980386,"USDJEP":0.750488,"USDJMD":160.056669,"USDJOD":0.70904,"USDJPY":155.360385,"USDKES":129.352166,"USDKGS":87.450384,"USDKHR":4003.777959,"USDKMF":422.00035,"USDKPW":900.039614,"USDKRW":1473.810383,"USDKWD":0.30697,"USDKYD":0.833383,"USDKZT":505.714163,"USDLAK":21684.626283,"USDLBP":89549.049071,"USDLKR":308.444597,"USDLRD":176.001374,"USDLSL":16.947838,"USDLTL":2.95274,"USDLVL":0.60489,"USDLYD":5.435968,"USDMAD":9.235994,"USDMDL":17.014554,"USDMGA":4460.567552,"USDMKD":52.925772,"USDMMK":2099.679458,"USDMNT":3548.600426,"USDMOP":8.01889,"USDMRU":39.877216,"USDMUR":46.070378,"USDMVR":15.403739,"USDMWK":1733.997338,"USDMXN":18.174604,"USDMYR":4.111039,"USDMZN":63.910377,"USDNAD":16.947838,"USDNGN":1450.080377,"USDNIO":36.800756,"USDNOK":10.105104,"USDNPR":143.853518,"USDNZD":1.730703,"USDOMR":0.383789,"USDPAB":1.000043,"USDPEN":3.361353,"USDPGK":4.243335,"USDPHP":58.965038,"USDPKR":280.346971,"USDPLN":3.63215,"USDPYG":6877.602713,"USDQAR":3.644958,"USDRON":4.372604,"USDRSD":100.802816,"USDRUB":76.80419,"USDRWF":1454.943545,"USDSAR":3.752973,"USDSBD":8.230592,"USDSCR":13.546038,"USDSDG":601.503676,"USDSEK":9.40005,"USDSGD":1.295504,"USDSHP":0.750259,"USDSLE":23.703667,"USDSLL":20969.498139,"USDSOS":570.471816,"USDSRD":38.629038,"USDSTD":20697.981008,"USDSTN":21.036363,"USDSVC":8.750268,"USDSYP":11057.447322,"USDSZL":16.934701,"USDTHB":31.875038,"USDTJS":9.174945,"USDTMT":3.51,"USDTND":2.933413,"USDTOP":2.40776,"USDTRY":42.526038,"USDTTD":6.778861,"USDTWD":31.289038,"USDTZS":2440.132229,"USDUAH":41.981024,"USDUGX":3537.543468,"USDUYU":39.110462,"USDUZS":11963.250762,"USDVES":254.551935,"USDVND":26360,"USDVUV":122.070562,"USDWST":2.788735,"USDXAF":563.222427,"USDXAG":0.017143,"USDXAU":0.000238,"USDXCD":2.70255,"USDXCG":1.802258,"USDXDR":0.700468,"USDXOF":563.222427,"USDXPF":102.399863,"USDYER":238.550363,"USDZAR":16.926304,"USDZMK":9001.203584,"USDZMW":23.119392,"USDZWL":321.999592}}