{"success":true,"terms":"https:\/\/currencylayer.com\/terms","privacy":"https:\/\/currencylayer.com\/privacy","timestamp":1779075667,"source":"USD","quotes":{"USDAED":3.672503,"USDAFN":62.499204,"USDALL":82.182944,"USDAMD":369.50071,"USDANG":1.79046,"USDAOA":918.00026,"USDARS":1394.195806,"USDAUD":1.402859,"USDAWG":1.80125,"USDAZN":1.710149,"USDBAM":1.682192,"USDBBD":2.018062,"USDBDT":122.986281,"USDBGN":1.66992,"USDBHD":0.37793,"USDBIF":2983.270976,"USDBMD":1,"USDBND":1.280867,"USDBOB":6.923838,"USDBRL":5.065805,"USDBSD":1.001935,"USDBTC":1.3013031e-5,"USDBTN":96.102868,"USDBWP":14.172795,"USDBYN":2.788285,"USDBYR":19600,"USDBZD":2.015138,"USDCAD":1.37547,"USDCDF":2247.500554,"USDCHF":0.78693,"USDCLF":0.022822,"USDCLP":898.230011,"USDCNY":6.809897,"USDCNH":6.817845,"USDCOP":3799.05,"USDCRC":454.478992,"USDCUC":1,"USDCUP":26.5,"USDCVE":94.839376,"USDCZK":20.937994,"USDDJF":178.419989,"USDDKK":6.431845,"USDDOP":59.863243,"USDDZD":132.825525,"USDEGP":53.084198,"USDERN":15,"USDETB":156.447426,"USDEUR":0.86065,"USDFJD":2.20415,"USDFKP":0.750353,"USDGBP":0.751235,"USDGEL":2.680077,"USDGGP":0.750353,"USDGHS":11.457446,"USDGIP":0.750353,"USDGMD":72.503082,"USDGNF":8785.963102,"USDGTQ":7.643745,"USDGYD":209.624565,"USDHKD":7.82919,"USDHNL":26.646884,"USDHRK":6.484399,"USDHTG":131.183073,"USDHUF":311.596778,"USDIDR":17672.6,"USDILS":2.91944,"USDIMP":0.750353,"USDINR":96.13575,"USDIQD":1312.604825,"USDIRR":1318999.999506,"USDISK":123.589543,"USDJEP":0.750353,"USDJMD":158.319357,"USDJOD":0.70902,"USDJPY":158.945017,"USDKES":129.220345,"USDKGS":87.449838,"USDKHR":4020.126435,"USDKMF":424.000099,"USDKPW":899.999784,"USDKRW":1503.969814,"USDKWD":0.30864,"USDKYD":0.834989,"USDKZT":470.382316,"USDLAK":21973.938847,"USDLBP":89725.196749,"USDLKR":329.144626,"USDLRD":183.356986,"USDLSL":16.597084,"USDLTL":2.95274,"USDLVL":0.60489,"USDLYD":6.36219,"USDMAD":9.236056,"USDMDL":17.333677,"USDMGA":4170.644648,"USDMKD":53.057624,"USDMMK":2099.722404,"USDMNT":3578.57919,"USDMOP":8.08128,"USDMRU":40.218466,"USDMUR":47.160473,"USDMVR":15.410222,"USDMWK":1737.410227,"USDMXN":17.350199,"USDMYR":3.977601,"USDMZN":63.89877,"USDNAD":16.597084,"USDNGN":1372.740223,"USDNIO":36.872662,"USDNOK":9.31799,"USDNPR":153.764245,"USDNZD":1.71361,"USDOMR":0.384282,"USDPAB":1.001935,"USDPEN":3.434998,"USDPGK":4.365028,"USDPHP":61.719918,"USDPKR":279.069969,"USDPLN":3.657765,"USDPYG":6105.878811,"USDQAR":3.652432,"USDRON":4.472901,"USDRSD":100.967617,"USDRUB":72.80787,"USDRWF":1465.70335,"USDSAR":3.788656,"USDSBD":8.016322,"USDSCR":13.588964,"USDSDG":600.497218,"USDSEK":9.464201,"USDSGD":1.28121,"USDSHP":0.746601,"USDSLE":24.60088,"USDSLL":20969.502105,"USDSOS":572.657292,"USDSRD":37.45301,"USDSTD":20697.981008,"USDSTN":21.07255,"USDSVC":8.767041,"USDSYP":110.524999,"USDSZL":16.600009,"USDTHB":32.718496,"USDTJS":9.348299,"USDTMT":3.51,"USDTND":2.932525,"USDTOP":2.40776,"USDTRY":45.579702,"USDTTD":6.800843,"USDTWD":31.636298,"USDTZS":2604.535017,"USDUAH":44.241431,"USDUGX":3762.095214,"USDUYU":40.132456,"USDUZS":11998.451813,"USDVES":510.148815,"USDVND":26360,"USDVUV":117.460542,"USDWST":2.70638,"USDXAF":564.191287,"USDXAG":0.013402,"USDXAU":0.00022,"USDXCD":2.70255,"USDXCG":1.805789,"USDXDR":0.702153,"USDXOF":564.191287,"USDXPF":102.576012,"USDYER":238.603298,"USDZAR":16.747305,"USDZMK":9001.203321,"USDZMW":18.862082,"USDZWL":321.999592}}