{"success":true,"terms":"https:\/\/currencylayer.com\/terms","privacy":"https:\/\/currencylayer.com\/privacy","timestamp":1751588896,"source":"USD","quotes":{"USDAED":3.672495,"USDAFN":69.00028,"USDALL":82.950116,"USDAMD":384.460243,"USDANG":1.789623,"USDAOA":917.000223,"USDARS":1231.510477,"USDAUD":1.521144,"USDAWG":1.8025,"USDAZN":1.702199,"USDBAM":1.65854,"USDBBD":2.019369,"USDBDT":122.69023,"USDBGN":1.662203,"USDBHD":0.377012,"USDBIF":2940,"USDBMD":1,"USDBND":1.273458,"USDBOB":6.91129,"USDBRL":5.4093,"USDBSD":1.000144,"USDBTC":9.126877e-6,"USDBTN":85.275137,"USDBWP":13.212011,"USDBYN":3.273068,"USDBYR":19600,"USDBZD":2.009023,"USDCAD":1.35745,"USDCDF":2884.999564,"USDCHF":0.794325,"USDCLF":0.024177,"USDCLP":927.789779,"USDCNY":7.165405,"USDCNH":7.16874,"USDCOP":3990,"USDCRC":504.905744,"USDCUC":1,"USDCUP":26.5,"USDCVE":93.874958,"USDCZK":20.9352,"USDDJF":177.720274,"USDDKK":6.34121,"USDDOP":59.850237,"USDDZD":129.820878,"USDEGP":49.351799,"USDERN":15,"USDETB":135.449807,"USDEUR":0.849897,"USDFJD":2.235695,"USDFKP":0.734104,"USDGBP":0.732035,"USDGEL":2.720043,"USDGGP":0.734104,"USDGHS":10.349766,"USDGIP":0.734104,"USDGMD":71.500045,"USDGNF":8655.999505,"USDGTQ":7.689764,"USDGYD":209.246712,"USDHKD":7.84859,"USDHNL":26.179463,"USDHRK":6.402898,"USDHTG":131.322982,"USDHUF":338.939497,"USDIDR":16228,"USDILS":3.328845,"USDIMP":0.734104,"USDINR":85.404603,"USDIQD":1310,"USDIRR":42124.999916,"USDISK":121.02025,"USDJEP":0.734104,"USDJMD":159.782231,"USDJOD":0.709049,"USDJPY":144.646016,"USDKES":129.497226,"USDKGS":87.449885,"USDKHR":4021.000444,"USDKMF":417.999994,"USDKPW":900.026587,"USDKRW":1366.518268,"USDKWD":0.305304,"USDKYD":0.83351,"USDKZT":519.678095,"USDLAK":21554.999996,"USDLBP":89600.000208,"USDLKR":300.051729,"USDLRD":200.502948,"USDLSL":17.570107,"USDLTL":2.95274,"USDLVL":0.60489,"USDLYD":5.380238,"USDMAD":8.97625,"USDMDL":16.842346,"USDMGA":4435.000179,"USDMKD":52.275392,"USDMMK":2099.206326,"USDMNT":3585.282261,"USDMOP":8.086294,"USDMRU":39.707273,"USDMUR":44.870371,"USDMVR":15.398496,"USDMWK":1736.500324,"USDMXN":18.65004,"USDMYR":4.228993,"USDMZN":63.959948,"USDNAD":17.569675,"USDNGN":1534.510347,"USDNIO":36.749783,"USDNOK":10.05455,"USDNPR":136.43988,"USDNZD":1.645048,"USDOMR":0.384502,"USDPAB":1.000144,"USDPEN":3.556039,"USDPGK":4.194963,"USDPHP":56.403023,"USDPKR":283.950174,"USDPLN":3.60515,"USDPYG":7973.847341,"USDQAR":3.640597,"USDRON":4.298102,"USDRSD":99.586989,"USDRUB":79.075685,"USDRWF":1434,"USDSAR":3.750138,"USDSBD":8.336924,"USDSCR":14.093327,"USDSDG":600.495565,"USDSEK":9.572195,"USDSGD":1.27425,"USDSHP":0.785843,"USDSLE":22.449785,"USDSLL":20969.503664,"USDSOS":571.497558,"USDSRD":37.185024,"USDSTD":20697.981008,"USDSVC":8.751473,"USDSYP":13001.780124,"USDSZL":17.57001,"USDTHB":32.449823,"USDTJS":9.696412,"USDTMT":3.51,"USDTND":2.887499,"USDTOP":2.3421,"USDTRY":39.827115,"USDTTD":6.776456,"USDTWD":28.932099,"USDTZS":2631.539006,"USDUAH":41.760895,"USDUGX":3587.9345,"USDUYU":40.068519,"USDUZS":12604.999749,"USDVES":109.473497,"USDVND":26200,"USDVUV":118.949104,"USDWST":2.601531,"USDXAF":556.258745,"USDXAG":0.027213,"USDXAU":0.0003,"USDXCD":2.70255,"USDXDR":0.691385,"USDXOF":556.49576,"USDXPF":101.595873,"USDYER":242.150255,"USDZAR":17.505965,"USDZMK":9001.202706,"USDZMW":24.128457,"USDZWL":321.999592}}