{"success":true,"terms":"https:\/\/currencylayer.com\/terms","privacy":"https:\/\/currencylayer.com\/privacy","timestamp":1776825368,"source":"USD","quotes":{"USDAED":3.672503,"USDAFN":62.999935,"USDALL":81.346495,"USDAMD":372.589815,"USDANG":1.789884,"USDAOA":917.999622,"USDARS":1374.732504,"USDAUD":1.396414,"USDAWG":1.8025,"USDAZN":1.703463,"USDBAM":1.665092,"USDBBD":2.016704,"USDBDT":122.859892,"USDBGN":1.668102,"USDBHD":0.377134,"USDBIF":2977.464477,"USDBMD":1,"USDBND":1.27321,"USDBOB":6.909275,"USDBRL":5.0103,"USDBSD":1.001273,"USDBTC":1.2952722e-5,"USDBTN":93.441815,"USDBWP":13.424202,"USDBYN":2.84014,"USDBYR":19600,"USDBZD":2.013809,"USDCAD":1.365805,"USDCDF":2313.999941,"USDCHF":0.78041,"USDCLF":0.022701,"USDCLP":893.460417,"USDCNY":6.82165,"USDCNH":6.82365,"USDCOP":3586.52,"USDCRC":455.478082,"USDCUC":1,"USDCUP":26.5,"USDCVE":94.374985,"USDCZK":20.71865,"USDDJF":178.298236,"USDDKK":6.36266,"USDDOP":60.259325,"USDDZD":132.163563,"USDEGP":51.749099,"USDERN":15,"USDETB":156.343304,"USDEUR":0.851505,"USDFJD":2.19645,"USDFKP":0.738541,"USDGBP":0.74015,"USDGEL":2.689959,"USDGGP":0.738541,"USDGHS":11.064969,"USDGIP":0.738541,"USDGMD":73.500789,"USDGNF":8787.747214,"USDGTQ":7.642115,"USDGYD":209.191112,"USDHKD":7.830485,"USDHNL":26.60429,"USDHRK":6.414802,"USDHTG":131.118092,"USDHUF":309.726498,"USDIDR":17173,"USDILS":3.004902,"USDIMP":0.738541,"USDINR":93.56695,"USDIQD":1311.691739,"USDIRR":1320999.999685,"USDISK":122.430057,"USDJEP":0.738541,"USDJMD":158.617725,"USDJOD":0.708952,"USDJPY":159.283018,"USDKES":129.259476,"USDKGS":87.448499,"USDKHR":4003.098954,"USDKMF":419.999802,"USDKPW":899.985395,"USDKRW":1478.889647,"USDKWD":0.30809,"USDKYD":0.834419,"USDKZT":464.928188,"USDLAK":22091.112644,"USDLBP":89517.169163,"USDLKR":316.95315,"USDLRD":184.27502,"USDLSL":16.383163,"USDLTL":2.95274,"USDLVL":0.60489,"USDLYD":6.339152,"USDMAD":9.254502,"USDMDL":17.22218,"USDMGA":4145.258578,"USDMKD":52.474771,"USDMMK":2099.934769,"USDMNT":3577.136566,"USDMOP":8.07635,"USDMRU":39.721946,"USDMUR":46.370213,"USDMVR":15.460063,"USDMWK":1736.258029,"USDMXN":17.310897,"USDMYR":3.956013,"USDMZN":63.903806,"USDNAD":16.383163,"USDNGN":1348.770004,"USDNIO":36.8469,"USDNOK":9.33133,"USDNPR":149.716923,"USDNZD":1.692835,"USDOMR":0.384472,"USDPAB":0.999877,"USDPEN":3.439243,"USDPGK":4.342792,"USDPHP":60.111995,"USDPKR":279.179895,"USDPLN":3.60541,"USDPYG":6367.246862,"USDQAR":3.645504,"USDRON":4.339697,"USDRSD":99.909027,"USDRUB":75.123766,"USDRWF":1463.142615,"USDSAR":3.750483,"USDSBD":8.038772,"USDSCR":14.72003,"USDSDG":599.999721,"USDSEK":9.169841,"USDSGD":1.27297,"USDSHP":0.746601,"USDSLE":24.597762,"USDSLL":20969.496166,"USDSOS":572.197225,"USDSRD":37.472504,"USDSTD":20697.981008,"USDSTN":20.858342,"USDSVC":8.761355,"USDSYP":110.541984,"USDSZL":16.388628,"USDTHB":32.187502,"USDTJS":9.398807,"USDTMT":3.505,"USDTND":2.866503,"USDTOP":2.40776,"USDTRY":44.913596,"USDTTD":6.789603,"USDTWD":31.485402,"USDTZS":2609.999711,"USDUAH":44.173949,"USDUGX":3704.160273,"USDUYU":39.753623,"USDUZS":12075.703011,"USDVES":481.046775,"USDVND":26325,"USDVUV":118.060694,"USDWST":2.715967,"USDXAF":558.453765,"USDXAG":0.012859,"USDXAU":0.00021,"USDXCD":2.70255,"USDXCG":1.804545,"USDXDR":0.694537,"USDXOF":558.449011,"USDXPF":101.533301,"USDYER":238.625011,"USDZAR":16.48325,"USDZMK":9001.203222,"USDZMW":19.0492,"USDZWL":321.999592}}