{"success":true,"terms":"https:\/\/currencylayer.com\/terms","privacy":"https:\/\/currencylayer.com\/privacy","timestamp":1764984425,"source":"USD","quotes":{"USDAED":3.673042,"USDAFN":65.503991,"USDALL":82.770403,"USDAMD":381.503986,"USDANG":1.790055,"USDAOA":917.000367,"USDARS":1431.358504,"USDAUD":1.505118,"USDAWG":1.8,"USDAZN":1.70397,"USDBAM":1.678705,"USDBBD":2.013364,"USDBDT":122.282772,"USDBGN":1.67999,"USDBHD":0.376283,"USDBIF":2967,"USDBMD":1,"USDBND":1.294944,"USDBOB":6.907739,"USDBRL":5.439604,"USDBSD":0.999601,"USDBTC":1.1214924e-5,"USDBTN":89.876145,"USDBWP":13.280747,"USDBYN":2.873917,"USDBYR":19600,"USDBZD":2.010437,"USDCAD":1.38275,"USDCDF":2232.000362,"USDCHF":0.804198,"USDCLF":0.0235,"USDCLP":921.880396,"USDCNY":7.070104,"USDCNH":7.069041,"USDCOP":3833.1,"USDCRC":488.298936,"USDCUC":1,"USDCUP":26.5,"USDCVE":95.103894,"USDCZK":20.783504,"USDDJF":177.720393,"USDDKK":6.414904,"USDDOP":64.250393,"USDDZD":129.723093,"USDEGP":47.482076,"USDERN":15,"USDETB":155.150392,"USDEUR":0.858704,"USDFJD":2.26045,"USDFKP":0.748861,"USDGBP":0.749625,"USDGEL":2.69504,"USDGGP":0.748861,"USDGHS":11.45039,"USDGIP":0.748861,"USDGMD":73.000355,"USDGNF":8687.503848,"USDGTQ":7.657084,"USDGYD":209.137648,"USDHKD":7.78495,"USDHNL":26.280388,"USDHRK":6.470704,"USDHTG":130.859652,"USDHUF":328.020388,"USDIDR":16689.55,"USDILS":3.23571,"USDIMP":0.748861,"USDINR":89.958504,"USDIQD":1310,"USDIRR":42112.503816,"USDISK":127.980386,"USDJEP":0.748861,"USDJMD":159.999657,"USDJOD":0.70904,"USDJPY":155.370385,"USDKES":129.303801,"USDKGS":87.450384,"USDKHR":4005.00035,"USDKMF":422.00035,"USDKPW":899.993191,"USDKRW":1473.803789,"USDKWD":0.30697,"USDKYD":0.833083,"USDKZT":505.531856,"USDLAK":21690.000349,"USDLBP":89550.000349,"USDLKR":308.334728,"USDLRD":176.903772,"USDLSL":16.950381,"USDLTL":2.95274,"USDLVL":0.60489,"USDLYD":5.450381,"USDMAD":9.236504,"USDMDL":17.00842,"USDMGA":4487.000347,"USDMKD":52.906919,"USDMMK":2099.939583,"USDMNT":3546.502114,"USDMOP":8.016033,"USDMRU":39.860379,"USDMUR":46.103741,"USDMVR":15.403739,"USDMWK":1737.000345,"USDMXN":18.174204,"USDMYR":4.111039,"USDMZN":63.910377,"USDNAD":16.950377,"USDNGN":1450.080377,"USDNIO":36.775039,"USDNOK":10.105104,"USDNPR":143.802277,"USDNZD":1.730703,"USDOMR":0.383822,"USDPAB":0.999682,"USDPEN":3.517504,"USDPGK":4.187504,"USDPHP":58.965038,"USDPKR":280.375038,"USDPLN":3.63215,"USDPYG":6875.152888,"USDQAR":3.64105,"USDRON":4.372604,"USDRSD":100.993038,"USDRUB":76.367149,"USDRWF":1451,"USDSAR":3.753173,"USDSBD":8.230592,"USDSCR":13.523679,"USDSDG":601.503676,"USDSEK":9.40005,"USDSGD":1.295404,"USDSHP":0.750259,"USDSLE":23.703667,"USDSLL":20969.498139,"USDSOS":571.503662,"USDSRD":38.629038,"USDSTD":20697.981008,"USDSTN":21.4,"USDSVC":8.745763,"USDSYP":11058.244165,"USDSZL":16.950369,"USDTHB":31.875038,"USDTJS":9.171638,"USDTMT":3.51,"USDTND":2.95125,"USDTOP":2.40776,"USDTRY":42.526038,"USDTTD":6.776446,"USDTWD":31.289038,"USDTZS":2435.000335,"USDUAH":41.959408,"USDUGX":3536.283383,"USDUYU":39.096531,"USDUZS":12005.000334,"USDVES":254.551935,"USDVND":26360,"USDVUV":122.070109,"USDWST":2.790151,"USDXAF":563.019389,"USDXAG":0.017168,"USDXAU":0.000238,"USDXCD":2.70255,"USDXCG":1.801608,"USDXDR":0.70002,"USDXOF":562.503593,"USDXPF":102.875037,"USDYER":238.550363,"USDZAR":16.926304,"USDZMK":9001.203584,"USDZMW":23.111058,"USDZWL":321.999592}}