{"success":true,"terms":"https:\/\/currencylayer.com\/terms","privacy":"https:\/\/currencylayer.com\/privacy","timestamp":1768441563,"source":"USD","quotes":{"USDAED":3.672504,"USDAFN":65.000076,"USDALL":82.898703,"USDAMD":380.330209,"USDANG":1.79008,"USDAOA":916.999589,"USDARS":1453.549559,"USDAUD":1.496972,"USDAWG":1.8,"USDAZN":1.681281,"USDBAM":1.679216,"USDBBD":2.014055,"USDBDT":122.202093,"USDBGN":1.67937,"USDBHD":0.37696,"USDBIF":2961,"USDBMD":1,"USDBND":1.287949,"USDBOB":6.909815,"USDBRL":5.397302,"USDBSD":0.999987,"USDBTC":1.0363623e-5,"USDBTN":90.309176,"USDBWP":13.362811,"USDBYN":2.910029,"USDBYR":19600,"USDBZD":2.011144,"USDCAD":1.38889,"USDCDF":2199.999975,"USDCHF":0.799715,"USDCLF":0.022479,"USDCLP":881.840037,"USDCNY":6.97375,"USDCNH":6.965655,"USDCOP":3673.54,"USDCRC":496.688031,"USDCUC":1,"USDCUP":26.5,"USDCVE":95.150037,"USDCZK":20.8337,"USDDJF":177.720324,"USDDKK":6.419145,"USDDOP":63.801184,"USDDZD":130.148015,"USDEGP":47.302694,"USDERN":15,"USDETB":155.149839,"USDEUR":0.859099,"USDFJD":2.27525,"USDFKP":0.744407,"USDGBP":0.744285,"USDGEL":2.679804,"USDGGP":0.744407,"USDGHS":10.850123,"USDGIP":0.744407,"USDGMD":72.99985,"USDGNF":8750.000149,"USDGTQ":7.667112,"USDGYD":209.20908,"USDHKD":7.79677,"USDHNL":26.509841,"USDHRK":6.475103,"USDHTG":130.876185,"USDHUF":332.007499,"USDIDR":16857,"USDILS":3.15488,"USDIMP":0.744407,"USDINR":90.28435,"USDIQD":1310,"USDIRR":42125.000158,"USDISK":125.439606,"USDJEP":0.744407,"USDJMD":157.661564,"USDJOD":0.709033,"USDJPY":158.261503,"USDKES":129.000137,"USDKGS":87.4483,"USDKHR":4025.000157,"USDKMF":423.497411,"USDKPW":900.028621,"USDKRW":1469.079743,"USDKWD":0.30783,"USDKYD":0.833333,"USDKZT":510.436074,"USDLAK":21604.99958,"USDLBP":89550.000004,"USDLKR":309.500607,"USDLRD":180.749906,"USDLSL":16.3841,"USDLTL":2.95274,"USDLVL":0.60489,"USDLYD":5.430358,"USDMAD":9.192497,"USDMDL":17.095022,"USDMGA":4549.999899,"USDMKD":52.883479,"USDMMK":2099.655553,"USDMNT":3562.25668,"USDMOP":8.030926,"USDMRU":39.740269,"USDMUR":46.290095,"USDMVR":15.450259,"USDMWK":1734.00008,"USDMXN":17.79925,"USDMYR":4.048501,"USDMZN":63.910291,"USDNAD":16.404849,"USDNGN":1421.91995,"USDNIO":36.730223,"USDNOK":10.06138,"USDNPR":144.493097,"USDNZD":1.74263,"USDOMR":0.384502,"USDPAB":0.999987,"USDPEN":3.359017,"USDPGK":4.26325,"USDPHP":59.435014,"USDPKR":279.874942,"USDPLN":3.61765,"USDPYG":6787.097217,"USDQAR":3.641103,"USDRON":4.3718,"USDRSD":100.837025,"USDRUB":78.501044,"USDRWF":1457.5,"USDSAR":3.750295,"USDSBD":8.123611,"USDSCR":13.999828,"USDSDG":601.501169,"USDSEK":9.19947,"USDSGD":1.28747,"USDSHP":0.750259,"USDSLE":24.149833,"USDSLL":20969.499267,"USDSOS":571.496532,"USDSRD":38.292031,"USDSTD":20697.981008,"USDSTN":21.4,"USDSVC":8.749818,"USDSYP":11059.574895,"USDSZL":16.399001,"USDTHB":31.519778,"USDTJS":9.294852,"USDTMT":3.51,"USDTND":2.889721,"USDTOP":2.40776,"USDTRY":43.174799,"USDTTD":6.787927,"USDTWD":31.569744,"USDTZS":2509.999785,"USDUAH":43.190665,"USDUGX":3559.669104,"USDUYU":38.730671,"USDUZS":12014.999741,"USDVES":338.72556,"USDVND":26277.5,"USDVUV":120.939428,"USDWST":2.778522,"USDXAF":563.188578,"USDXAG":0.011293,"USDXAU":0.000217,"USDXCD":2.70255,"USDXCG":1.802251,"USDXDR":0.700952,"USDXOF":563.000556,"USDXPF":102.925043,"USDYER":238.450047,"USDZAR":16.407985,"USDZMK":9001.207668,"USDZMW":19.724066,"USDZWL":321.999592}}