{"success":true,"terms":"https:\/\/currencylayer.com\/terms","privacy":"https:\/\/currencylayer.com\/privacy","timestamp":1756776365,"source":"USD","quotes":{"USDAED":3.672501,"USDAFN":68.54067,"USDALL":83.706425,"USDAMD":382.512261,"USDANG":1.789783,"USDAOA":917.000107,"USDARS":1376.750101,"USDAUD":1.526147,"USDAWG":1.8025,"USDAZN":1.679026,"USDBAM":1.67106,"USDBBD":2.016755,"USDBDT":121.762311,"USDBGN":1.670305,"USDBHD":0.377018,"USDBIF":2987.171107,"USDBMD":1,"USDBND":1.285202,"USDBOB":6.918972,"USDBRL":5.439398,"USDBSD":1.001282,"USDBTC":9.159774e-6,"USDBTN":88.28113,"USDBWP":14.366883,"USDBYN":3.375071,"USDBYR":19600,"USDBZD":2.013833,"USDCAD":1.37462,"USDCDF":2865.000222,"USDCHF":0.801175,"USDCLF":0.02468,"USDCLP":968.180292,"USDCNY":7.130802,"USDCNH":7.135203,"USDCOP":4015.1,"USDCRC":506.237184,"USDCUC":1,"USDCUP":26.5,"USDCVE":94.209771,"USDCZK":20.86685,"USDDJF":178.315106,"USDDKK":6.37655,"USDDOP":62.927204,"USDDZD":129.575684,"USDEGP":48.539397,"USDERN":15,"USDETB":142.080485,"USDEUR":0.85434,"USDFJD":2.253803,"USDFKP":0.746788,"USDGBP":0.738485,"USDGEL":2.694988,"USDGGP":0.746788,"USDGHS":11.915381,"USDGIP":0.746788,"USDGMD":71.500406,"USDGNF":8678.229665,"USDGTQ":7.675023,"USDGYD":209.403462,"USDHKD":7.798895,"USDHNL":26.216678,"USDHRK":6.438202,"USDHTG":130.921053,"USDHUF":337.709017,"USDIDR":16443,"USDILS":3.3578,"USDIMP":0.746788,"USDINR":88.09055,"USDIQD":1311.773753,"USDIRR":42075.000205,"USDISK":122.519851,"USDJEP":0.746788,"USDJMD":160.423787,"USDJOD":0.709027,"USDJPY":147.272493,"USDKES":129.379875,"USDKGS":87.388299,"USDKHR":4013.157895,"USDKMF":421.999582,"USDKPW":899.997583,"USDKRW":1393.329883,"USDKWD":0.30565,"USDKYD":0.834412,"USDKZT":539.249234,"USDLAK":21723.249644,"USDLBP":89668.19178,"USDLKR":302.3227,"USDLRD":200.765537,"USDLSL":17.600318,"USDLTL":2.95274,"USDLVL":0.60489,"USDLYD":5.412679,"USDMAD":9.002183,"USDMDL":16.652355,"USDMGA":4415.584416,"USDMKD":52.58009,"USDMMK":2099.665761,"USDMNT":3595.79832,"USDMOP":8.041951,"USDMRU":39.911996,"USDMUR":45.800601,"USDMVR":15.405659,"USDMWK":1736.32946,"USDMXN":18.65205,"USDMYR":4.228993,"USDMZN":63.895856,"USDNAD":17.600318,"USDNGN":1532.859991,"USDNIO":36.850492,"USDNOK":9.992555,"USDNPR":141.252563,"USDNZD":1.694555,"USDOMR":0.384504,"USDPAB":1.001277,"USDPEN":3.536639,"USDPGK":4.239576,"USDPHP":57.160499,"USDPKR":283.860475,"USDPLN":3.642325,"USDPYG":7232.60096,"USDQAR":3.651681,"USDRON":4.3357,"USDRSD":100.112968,"USDRUB":80.575042,"USDRWF":1450.444293,"USDSAR":3.75251,"USDSBD":8.210319,"USDSCR":14.582621,"USDSDG":600.4977,"USDSEK":9.394895,"USDSGD":1.284455,"USDSHP":0.785843,"USDSLE":23.289486,"USDSLL":20969.49797,"USDSOS":572.28298,"USDSRD":38.625025,"USDSTD":20697.981008,"USDSTN":20.933014,"USDSVC":8.761962,"USDSYP":13001.87605,"USDSZL":17.605092,"USDTHB":32.285007,"USDTJS":9.372397,"USDTMT":3.51,"USDTND":2.918867,"USDTOP":2.3421,"USDTRY":41.151397,"USDTTD":6.796793,"USDTWD":30.642019,"USDTZS":2506.214987,"USDUAH":41.453606,"USDUGX":3550.862084,"USDUYU":40.054511,"USDUZS":12476.877662,"USDVES":146.89867,"USDVND":26345,"USDVUV":119.526753,"USDWST":2.668095,"USDXAF":560.4554,"USDXAG":0.024505,"USDXAU":0.000286,"USDXCD":2.70255,"USDXCG":1.804597,"USDXDR":0.697027,"USDXOF":560.4554,"USDXPF":101.896352,"USDYER":240.000293,"USDZAR":17.594335,"USDZMK":9001.192708,"USDZMW":23.657825,"USDZWL":321.999592}}