{"success":true,"terms":"https:\/\/currencylayer.com\/terms","privacy":"https:\/\/currencylayer.com\/privacy","timestamp":1778122325,"source":"USD","quotes":{"USDAED":3.672505,"USDAFN":64.000168,"USDALL":81.375207,"USDAMD":370.000113,"USDANG":1.789884,"USDAOA":918.000147,"USDARS":1387.779499,"USDAUD":1.380624,"USDAWG":1.80125,"USDAZN":1.701184,"USDBAM":1.65949,"USDBBD":2.021101,"USDBDT":122.963617,"USDBGN":1.668102,"USDBHD":0.379212,"USDBIF":2989.432289,"USDBMD":1,"USDBND":1.270424,"USDBOB":6.911825,"USDBRL":4.939099,"USDBSD":1.003486,"USDBTC":1.2338017e-5,"USDBTN":94.642615,"USDBWP":13.42776,"USDBYN":2.824803,"USDBYR":19600,"USDBZD":2.018207,"USDCAD":1.36384,"USDCDF":2315.999799,"USDCHF":0.77874,"USDCLF":0.022783,"USDCLP":896.690058,"USDCNY":6.81125,"USDCNH":6.804635,"USDCOP":3726.81,"USDCRC":457.86322,"USDCUC":1,"USDCUP":26.5,"USDCVE":93.950318,"USDCZK":20.695901,"USDDJF":178.693485,"USDDKK":6.356475,"USDDOP":59.788646,"USDDZD":132.188028,"USDEGP":52.695703,"USDERN":15,"USDETB":156.68684,"USDEUR":0.85063,"USDFJD":2.183949,"USDFKP":0.736622,"USDGBP":0.7351,"USDGEL":2.679556,"USDGGP":0.736622,"USDGHS":11.249912,"USDGIP":0.736622,"USDGMD":73.497004,"USDGNF":8807.419104,"USDGTQ":7.635589,"USDGYD":209.238393,"USDHKD":7.83268,"USDHNL":26.677732,"USDHRK":6.407902,"USDHTG":131.332434,"USDHUF":304.736497,"USDIDR":17362.7,"USDILS":2.903605,"USDIMP":0.736622,"USDINR":94.57665,"USDIQD":1310,"USDIRR":1313000.0002,"USDISK":122.330172,"USDJEP":0.736622,"USDJMD":158.111346,"USDJOD":0.708964,"USDJPY":156.263984,"USDKES":129.179608,"USDKGS":87.420497,"USDKHR":4021.944067,"USDKMF":418.999935,"USDKPW":900.003495,"USDKRW":1450.654986,"USDKWD":0.30792,"USDKYD":0.83356,"USDKZT":463.200855,"USDLAK":21969.999663,"USDLBP":89527.989724,"USDLKR":320.221287,"USDLRD":183.575033,"USDLSL":16.535025,"USDLTL":2.95274,"USDLVL":0.60489,"USDLYD":6.351692,"USDMAD":9.198502,"USDMDL":17.194712,"USDMGA":4181.11942,"USDMKD":52.402248,"USDMMK":2099.549246,"USDMNT":3579.649525,"USDMOP":8.073157,"USDMRU":40.050902,"USDMUR":46.779974,"USDMVR":15.454996,"USDMWK":1740.033452,"USDMXN":17.238099,"USDMYR":3.911502,"USDMZN":63.909825,"USDNAD":16.534994,"USDNGN":1360.530536,"USDNIO":36.925277,"USDNOK":9.303995,"USDNPR":151.912666,"USDNZD":1.67773,"USDOMR":0.384499,"USDPAB":1.000288,"USDPEN":3.462497,"USDPGK":4.363296,"USDPHP":60.79096,"USDPKR":279.609279,"USDPLN":3.59915,"USDPYG":6141.44475,"USDQAR":3.644015,"USDRON":4.479401,"USDRSD":99.870271,"USDRUB":74.747139,"USDRWF":1467.392461,"USDSAR":3.758223,"USDSBD":8.019432,"USDSCR":13.942739,"USDSDG":600.499662,"USDSEK":9.236805,"USDSGD":1.26728,"USDSHP":0.746601,"USDSLE":24.650398,"USDSLL":20969.496166,"USDSOS":573.456872,"USDSRD":37.410977,"USDSTD":20697.981008,"USDSTN":20.854614,"USDSVC":8.752206,"USDSYP":111.203697,"USDSZL":16.353267,"USDTHB":32.300502,"USDTJS":9.347679,"USDTMT":3.505,"USDTND":2.872497,"USDTOP":2.40776,"USDTRY":45.232635,"USDTTD":6.778611,"USDTWD":31.357019,"USDTZS":2592.182983,"USDUAH":43.996493,"USDUGX":3761.369807,"USDUYU":40.193288,"USDUZS":12075.00029,"USDVES":493.496435,"USDVND":26311,"USDVUV":118.250426,"USDWST":2.722585,"USDXAF":558.35394,"USDXAG":0.012843,"USDXAU":0.000213,"USDXCD":2.70255,"USDXCG":1.802793,"USDXDR":0.694413,"USDXOF":558.35394,"USDXPF":101.875032,"USDYER":238.625061,"USDZAR":16.380901,"USDZMK":9001.200641,"USDZMW":18.991237,"USDZWL":321.999592}}