{"success":true,"terms":"https:\/\/currencylayer.com\/terms","privacy":"https:\/\/currencylayer.com\/privacy","timestamp":1752716776,"source":"USD","quotes":{"USDAED":3.672499,"USDAFN":69.09812,"USDALL":84.11436,"USDAMD":383.753489,"USDANG":1.789699,"USDAOA":916.999733,"USDARS":1261.494602,"USDAUD":1.538994,"USDAWG":1.8,"USDAZN":1.699259,"USDBAM":1.682474,"USDBBD":2.017893,"USDBDT":121.226198,"USDBGN":1.68069,"USDBHD":0.37698,"USDBIF":2978.218231,"USDBMD":1,"USDBND":1.283765,"USDBOB":6.906074,"USDBRL":5.568504,"USDBSD":0.999342,"USDBTC":8.456088e-6,"USDBTN":85.86237,"USDBWP":13.498157,"USDBYN":3.270592,"USDBYR":19600,"USDBZD":2.007484,"USDCAD":1.37068,"USDCDF":2885.999708,"USDCHF":0.80185,"USDCLF":0.025223,"USDCLP":967.930155,"USDCNY":7.179011,"USDCNH":7.17992,"USDCOP":4014.63,"USDCRC":504.286261,"USDCUC":1,"USDCUP":26.5,"USDCVE":94.854061,"USDCZK":21.194986,"USDDJF":177.966648,"USDDKK":6.42116,"USDDOP":60.270037,"USDDZD":130.178635,"USDEGP":49.416022,"USDERN":15,"USDETB":138.269342,"USDEUR":0.86036,"USDFJD":2.25895,"USDFKP":0.746571,"USDGBP":0.74623,"USDGEL":2.709921,"USDGGP":0.746571,"USDGHS":10.418468,"USDGIP":0.746571,"USDGMD":71.491204,"USDGNF":8673.396966,"USDGTQ":7.668188,"USDGYD":209.083362,"USDHKD":7.849875,"USDHNL":26.144409,"USDHRK":6.485902,"USDHTG":131.223413,"USDHUF":343.91199,"USDIDR":16315.9,"USDILS":3.35605,"USDIMP":0.746571,"USDINR":85.93945,"USDIQD":1309.200707,"USDIRR":42125.00016,"USDISK":122.370218,"USDJEP":0.746571,"USDJMD":159.809711,"USDJOD":0.708993,"USDJPY":148.361012,"USDKES":129.120256,"USDKGS":87.449992,"USDKHR":4006.211047,"USDKMF":423.249783,"USDKPW":900.051518,"USDKRW":1390.009997,"USDKWD":0.30569,"USDKYD":0.832799,"USDKZT":527.06103,"USDLAK":21547.315403,"USDLBP":89545.098714,"USDLKR":301.372102,"USDLRD":200.375925,"USDLSL":17.939379,"USDLTL":2.95274,"USDLVL":0.60489,"USDLYD":5.428981,"USDMAD":9.04207,"USDMDL":16.969113,"USDMGA":4404.471571,"USDMKD":52.956661,"USDMMK":2099.084933,"USDMNT":3586.706921,"USDMOP":8.080673,"USDMRU":39.756709,"USDMUR":45.649853,"USDMVR":15.401015,"USDMWK":1732.970309,"USDMXN":18.745405,"USDMYR":4.250497,"USDMZN":63.959484,"USDNAD":17.93961,"USDNGN":1527.802416,"USDNIO":36.777515,"USDNOK":10.26384,"USDNPR":137.383166,"USDNZD":1.684991,"USDOMR":0.384494,"USDPAB":0.999351,"USDPEN":3.558761,"USDPGK":4.135392,"USDPHP":56.988499,"USDPKR":284.796618,"USDPLN":3.65975,"USDPYG":7738.727618,"USDQAR":3.634002,"USDRON":4.363798,"USDRSD":100.795975,"USDRUB":78.246286,"USDRWF":1444.111334,"USDSAR":3.750812,"USDSBD":8.31956,"USDSCR":14.130729,"USDSDG":600.503496,"USDSEK":9.72927,"USDSGD":1.285285,"USDSHP":0.785843,"USDSLE":22.650108,"USDSLL":20969.503947,"USDSOS":571.123795,"USDSRD":37.123502,"USDSTD":20697.981008,"USDSVC":8.744349,"USDSYP":13001.881348,"USDSZL":17.905915,"USDTHB":32.496502,"USDTJS":9.568976,"USDTMT":3.51,"USDTND":2.939185,"USDTOP":2.342102,"USDTRY":40.254125,"USDTTD":6.781367,"USDTWD":29.483297,"USDTZS":2615.000269,"USDUAH":41.849448,"USDUGX":3581.213896,"USDUYU":40.422722,"USDUZS":12770.1671,"USDVES":116.825026,"USDVND":26157.5,"USDVUV":119.423344,"USDWST":2.7533,"USDXAF":564.290784,"USDXAG":0.026364,"USDXAU":0.000299,"USDXCD":2.70255,"USDXDR":0.701791,"USDXOF":564.281075,"USDXPF":102.592777,"USDYER":241.349747,"USDZAR":17.850705,"USDZMK":9001.203157,"USDZMW":22.786356,"USDZWL":321.999592}}