{"success":true,"terms":"https:\/\/currencylayer.com\/terms","privacy":"https:\/\/currencylayer.com\/privacy","timestamp":1776134165,"source":"USD","quotes":{"USDAED":3.672499,"USDAFN":63.999909,"USDALL":81.849935,"USDAMD":375.189912,"USDANG":1.789884,"USDAOA":916.99995,"USDARS":1354.680897,"USDAUD":1.412199,"USDAWG":1.80125,"USDAZN":1.701099,"USDBAM":1.670831,"USDBBD":2.012132,"USDBDT":122.856252,"USDBGN":1.668102,"USDBHD":0.377349,"USDBIF":2990,"USDBMD":1,"USDBND":1.274264,"USDBOB":6.902679,"USDBRL":4.996296,"USDBSD":0.999056,"USDBTC":1.3452233e-5,"USDBTN":93.181721,"USDBWP":13.466952,"USDBYN":2.850395,"USDBYR":19600,"USDBZD":2.009218,"USDCAD":1.378885,"USDCDF":2310.000455,"USDCHF":0.78379,"USDCLF":0.02275,"USDCLP":895.390044,"USDCNY":6.830398,"USDCNH":6.81794,"USDCOP":3600,"USDCRC":461.601551,"USDCUC":1,"USDCUP":26.5,"USDCVE":94.496016,"USDCZK":20.719803,"USDDJF":177.719763,"USDDKK":6.3559,"USDDOP":59.649765,"USDDZD":132.174157,"USDEGP":53.147202,"USDERN":15,"USDETB":157.098788,"USDEUR":0.85057,"USDFJD":2.207602,"USDFKP":0.743222,"USDGBP":0.740505,"USDGEL":2.690056,"USDGGP":0.743222,"USDGHS":11.020075,"USDGIP":0.743222,"USDGMD":72.999924,"USDGNF":8774.999645,"USDGTQ":7.642496,"USDGYD":209.002529,"USDHKD":7.833185,"USDHNL":26.614969,"USDHRK":6.408003,"USDHTG":130.826669,"USDHUF":308.840503,"USDIDR":17139.7,"USDILS":3.045405,"USDIMP":0.743222,"USDINR":93.25505,"USDIQD":1310,"USDIRR":1316199.999906,"USDISK":121.99017,"USDJEP":0.743222,"USDJMD":157.711054,"USDJOD":0.708996,"USDJPY":159.251006,"USDKES":129.495264,"USDKGS":87.45039,"USDKHR":4013.000125,"USDKMF":418.999678,"USDKPW":899.999618,"USDKRW":1484.634997,"USDKWD":0.30873,"USDKYD":0.83254,"USDKZT":474.791011,"USDLAK":21972.501599,"USDLBP":89549.999771,"USDLKR":315.250357,"USDLRD":184.279026,"USDLSL":16.410114,"USDLTL":2.95274,"USDLVL":0.60489,"USDLYD":6.350086,"USDMAD":9.25725,"USDMDL":17.0694,"USDMGA":4135.000284,"USDMKD":52.410046,"USDMMK":2100.298181,"USDMNT":3573.374694,"USDMOP":8.058179,"USDMRU":40.000263,"USDMUR":46.559857,"USDMVR":15.449691,"USDMWK":1736.999808,"USDMXN":17.3092,"USDMYR":3.958497,"USDMZN":63.950247,"USDNAD":16.390261,"USDNGN":1358.579793,"USDNIO":36.71994,"USDNOK":9.455701,"USDNPR":149.095678,"USDNZD":1.70662,"USDOMR":0.384501,"USDPAB":0.999009,"USDPEN":3.37202,"USDPGK":4.31225,"USDPHP":59.932023,"USDPKR":279.000265,"USDPLN":3.61175,"USDPYG":6404.927788,"USDQAR":3.6457,"USDRON":4.328202,"USDRSD":99.81803,"USDRUB":76.1805,"USDRWF":1460.5,"USDSAR":3.752896,"USDSBD":8.048583,"USDSCR":13.806359,"USDSDG":600.999818,"USDSEK":9.196005,"USDSGD":1.27418,"USDSHP":0.746601,"USDSLE":24.602513,"USDSLL":20969.496166,"USDSOS":571.500913,"USDSRD":37.431985,"USDSTD":20697.981008,"USDSTN":21.2,"USDSVC":8.741339,"USDSYP":110.528533,"USDSZL":16.390217,"USDTHB":32.073503,"USDTJS":9.470582,"USDTMT":3.505,"USDTND":2.883981,"USDTOP":2.40776,"USDTRY":44.710064,"USDTTD":6.784193,"USDTWD":31.711978,"USDTZS":2602.222022,"USDUAH":43.402492,"USDUGX":3731.547294,"USDUYU":40.314038,"USDUZS":12153.00003,"USDVES":476.552361,"USDVND":26336,"USDVUV":119.309373,"USDWST":2.73449,"USDXAF":560.409912,"USDXAG":0.013123,"USDXAU":0.00021,"USDXCD":2.70255,"USDXCG":1.800466,"USDXDR":0.69697,"USDXOF":560.00029,"USDXPF":101.64987,"USDYER":238.625004,"USDZAR":16.425502,"USDZMK":9001.197519,"USDZMW":19.006408,"USDZWL":321.999592}}