{"success":true,"terms":"https:\/\/currencylayer.com\/terms","privacy":"https:\/\/currencylayer.com\/privacy","timestamp":1782963365,"source":"USD","quotes":{"USDAED":3.672505,"USDAFN":63.498035,"USDALL":82.64983,"USDAMD":368.049724,"USDANG":1.790403,"USDAOA":917.000453,"USDARS":1489.485903,"USDAUD":1.451273,"USDAWG":1.8,"USDAZN":1.701015,"USDBAM":1.716457,"USDBBD":2.014726,"USDBDT":123.242589,"USDBGN":1.69088,"USDBHD":0.377025,"USDBIF":2985,"USDBMD":1,"USDBND":1.296755,"USDBOB":6.937497,"USDBRL":5.222005,"USDBSD":1.000298,"USDBTC":1.6517718e-5,"USDBTN":95.33551,"USDBWP":14.280449,"USDBYN":2.914275,"USDBYR":19600,"USDBZD":2.01183,"USDCAD":1.421795,"USDCDF":2275.000018,"USDCHF":0.8091,"USDCLF":0.023517,"USDCLP":925.559862,"USDCNY":6.79445,"USDCNH":6.789055,"USDCOP":3388.99,"USDCRC":455.303389,"USDCUC":1,"USDCUP":26.5,"USDCVE":97.125019,"USDCZK":21.289056,"USDDJF":177.720656,"USDDKK":6.56827,"USDDOP":59.449544,"USDDZD":133.321616,"USDEGP":49.094057,"USDERN":15,"USDETB":159.14987,"USDEUR":0.878699,"USDFJD":2.26665,"USDFKP":0.754315,"USDGBP":0.752835,"USDGEL":2.639647,"USDGGP":0.754315,"USDGHS":11.365029,"USDGIP":0.754315,"USDGMD":73.56157,"USDGNF":8770.000007,"USDGTQ":7.629052,"USDGYD":209.24824,"USDHKD":7.84375,"USDHNL":26.249945,"USDHRK":6.621201,"USDHTG":130.790023,"USDHUF":312.592006,"USDIDR":17988.55,"USDILS":2.985502,"USDIMP":0.754315,"USDINR":94.98155,"USDIQD":1310.5,"USDIRR":1376000.000308,"USDISK":126.370259,"USDJEP":0.754315,"USDJMD":157.314119,"USDJOD":0.708995,"USDJPY":162.525502,"USDKES":129.280515,"USDKGS":87.450304,"USDKHR":4012.500902,"USDKMF":432.999709,"USDKPW":900.00035,"USDKRW":1553.964989,"USDKWD":0.30928,"USDKYD":0.83364,"USDKZT":479.437628,"USDLAK":22500.000345,"USDLBP":89730.684986,"USDLKR":336.036368,"USDLRD":181.875037,"USDLSL":16.399126,"USDLTL":2.95274,"USDLVL":0.60489,"USDLYD":6.415005,"USDMAD":9.407501,"USDMDL":17.690836,"USDMGA":4287.507217,"USDMKD":54.166996,"USDMMK":2099.611597,"USDMNT":3582.983883,"USDMOP":8.081898,"USDMRU":40.1302,"USDMUR":47.160066,"USDMVR":15.449878,"USDMWK":1735.999659,"USDMXN":17.532398,"USDMYR":4.085102,"USDMZN":63.902276,"USDNAD":16.403214,"USDNGN":1374.95975,"USDNIO":36.604984,"USDNOK":9.91599,"USDNPR":152.537167,"USDNZD":1.762935,"USDOMR":0.384487,"USDPAB":1.000298,"USDPEN":3.418056,"USDPGK":4.378004,"USDPHP":61.621988,"USDPKR":278.250045,"USDPLN":3.771101,"USDPYG":6080.073017,"USDQAR":3.645495,"USDRON":4.592803,"USDRSD":103.131982,"USDRUB":77.499319,"USDRWF":1466,"USDSAR":3.754201,"USDSBD":8.049104,"USDSCR":13.257925,"USDSDG":600.501445,"USDSEK":9.723402,"USDSGD":1.29542,"USDSHP":0.746601,"USDSLE":24.375011,"USDSLL":20969.503664,"USDSOS":571.501663,"USDSRD":37.504499,"USDSTD":20697.981008,"USDSTN":21.9,"USDSVC":8.752391,"USDSYP":110.532098,"USDSZL":16.396993,"USDTHB":33.326978,"USDTJS":9.252979,"USDTMT":3.5,"USDTND":2.93875,"USDTOP":2.40776,"USDTRY":46.685399,"USDTTD":6.790936,"USDTWD":31.8828,"USDTZS":2624.998008,"USDUAH":44.843589,"USDUGX":3665.771506,"USDUYU":40.21203,"USDUZS":11932.499688,"USDVES":632.57269,"USDVND":26298.5,"USDVUV":120.098371,"USDWST":2.780884,"USDXAF":575.673565,"USDXAG":0.016622,"USDXAU":0.000246,"USDXCD":2.70255,"USDXCG":1.802784,"USDXDR":0.715018,"USDXOF":574.501319,"USDXPF":105.124996,"USDYER":238.594526,"USDZAR":16.390802,"USDZMK":9001.204156,"USDZMW":18.211258,"USDZWL":321.999592}}