{"success":true,"terms":"https:\/\/currencylayer.com\/terms","privacy":"https:\/\/currencylayer.com\/privacy","timestamp":1760232381,"source":"USD","quotes":{"USDAED":3.672504,"USDAFN":66.686739,"USDALL":83.255194,"USDAMD":380.833584,"USDANG":1.790403,"USDAOA":917.000367,"USDARS":1421.503978,"USDAUD":1.532332,"USDAWG":1.8,"USDAZN":1.70397,"USDBAM":1.682481,"USDBBD":2.005075,"USDBDT":121.235322,"USDBGN":1.6843,"USDBHD":0.375328,"USDBIF":2959.869242,"USDBMD":1,"USDBND":1.292529,"USDBOB":6.89406,"USDBRL":5.525204,"USDBSD":0.995484,"USDBTC":8.727032e-6,"USDBTN":88.264441,"USDBWP":14.132221,"USDBYN":3.387845,"USDBYR":19600,"USDBZD":2.002151,"USDCAD":1.40175,"USDCDF":2375.000362,"USDCHF":0.799476,"USDCLF":0.02434,"USDCLP":954.870396,"USDCNY":7.11475,"USDCNH":7.148455,"USDCOP":3868.983612,"USDCRC":500.494645,"USDCUC":1,"USDCUP":26.5,"USDCVE":94.855693,"USDCZK":20.926604,"USDDJF":177.272141,"USDDKK":6.424804,"USDDOP":62.772592,"USDDZD":129.567723,"USDEGP":47.349994,"USDERN":15,"USDETB":146.750226,"USDEUR":0.860704,"USDFJD":2.27745,"USDFKP":0.749623,"USDGBP":0.748923,"USDGEL":2.710391,"USDGGP":0.749623,"USDGHS":12.194933,"USDGIP":0.749623,"USDGMD":72.000355,"USDGNF":8634.349865,"USDGTQ":7.627855,"USDGYD":208.275625,"USDHKD":7.78249,"USDHNL":26.1422,"USDHRK":6.483304,"USDHTG":130.405609,"USDHUF":338.01504,"USDIDR":16604.6,"USDILS":3.30184,"USDIMP":0.749623,"USDINR":88.751304,"USDIQD":1304.142114,"USDIRR":42062.503816,"USDISK":121.860386,"USDJEP":0.749623,"USDJMD":160.084305,"USDJOD":0.70904,"USDJPY":151.19504,"USDKES":128.564669,"USDKGS":87.450384,"USDKHR":4007.054067,"USDKMF":425.00035,"USDKPW":900.010745,"USDKRW":1429.540383,"USDKWD":0.30644,"USDKYD":0.829627,"USDKZT":535.868209,"USDLAK":21597.488064,"USDLBP":89148.092391,"USDLKR":301.277474,"USDLRD":181.685234,"USDLSL":17.162114,"USDLTL":2.95274,"USDLVL":0.60489,"USDLYD":5.414426,"USDMAD":9.122457,"USDMDL":16.903953,"USDMGA":4473.31068,"USDMKD":53.013033,"USDMMK":2099.214362,"USDMNT":3596.758243,"USDMOP":7.979784,"USDMRU":39.910534,"USDMUR":45.490378,"USDMVR":15.310378,"USDMWK":1726.353822,"USDMXN":18.60395,"USDMYR":4.225039,"USDMZN":63.903729,"USDNAD":17.162114,"USDNGN":1463.303725,"USDNIO":36.638135,"USDNOK":10.116375,"USDNPR":141.223278,"USDNZD":1.748007,"USDOMR":0.382804,"USDPAB":0.995484,"USDPEN":3.414168,"USDPGK":4.243623,"USDPHP":58.325038,"USDPKR":281.936771,"USDPLN":3.66935,"USDPYG":6985.246677,"USDQAR":3.638436,"USDRON":4.384704,"USDRSD":100.795733,"USDRUB":80.777668,"USDRWF":1444.449224,"USDSAR":3.739518,"USDSBD":8.230542,"USDSCR":14.788765,"USDSDG":601.503676,"USDSEK":9.507025,"USDSGD":1.297904,"USDSHP":0.785843,"USDSLE":23.203667,"USDSLL":20969.503664,"USDSOS":568.970708,"USDSRD":38.933038,"USDSTD":20697.981008,"USDSTN":21.076175,"USDSVC":8.710912,"USDSYP":13002.215783,"USDSZL":17.155146,"USDTHB":32.675038,"USDTJS":9.213472,"USDTMT":3.5,"USDTND":2.931481,"USDTOP":2.342104,"USDTRY":41.824225,"USDTTD":6.763302,"USDTWD":30.720504,"USDTZS":2444.148135,"USDUAH":41.455546,"USDUGX":3412.619898,"USDUYU":39.872683,"USDUZS":12069.336316,"USDVES":193.058038,"USDVND":26340,"USDVUV":121.87009,"USDWST":2.781624,"USDXAF":564.288356,"USDXAG":0.019998,"USDXAU":0.000249,"USDXCD":2.70255,"USDXCG":1.794142,"USDXDR":0.701794,"USDXOF":564.288356,"USDXPF":102.59366,"USDYER":238.950363,"USDZAR":17.501404,"USDZMK":9001.203584,"USDZMW":22.523119,"USDZWL":321.999592}}