{"success":true,"terms":"https:\/\/currencylayer.com\/terms","privacy":"https:\/\/currencylayer.com\/privacy","timestamp":1783394584,"source":"USD","quotes":{"USDAED":3.672503,"USDAFN":64.000349,"USDALL":82.028552,"USDAMD":366.91072,"USDANG":1.790403,"USDAOA":917.49816,"USDARS":1485.732803,"USDAUD":1.438414,"USDAWG":1.8,"USDAZN":1.702091,"USDBAM":1.709802,"USDBBD":2.010718,"USDBDT":123.046662,"USDBGN":1.69088,"USDBHD":0.376352,"USDBIF":2972.527593,"USDBMD":1,"USDBND":1.29151,"USDBOB":6.923833,"USDBRL":5.145598,"USDBSD":0.998365,"USDBTC":1.5799323e-5,"USDBTN":95.181729,"USDBWP":13.485798,"USDBYN":2.891307,"USDBYR":19600,"USDBZD":2.007833,"USDCAD":1.421255,"USDCDF":2255.000376,"USDCHF":0.80523,"USDCLF":0.02352,"USDCLP":925.690012,"USDCNY":6.796398,"USDCNH":6.793785,"USDCOP":3356.08,"USDCRC":454.857393,"USDCUC":1,"USDCUP":26.5,"USDCVE":96.39518,"USDCZK":21.1337,"USDDJF":177.78244,"USDDKK":6.53232,"USDDOP":59.053655,"USDDZD":133.13376,"USDEGP":48.796602,"USDERN":15,"USDETB":161.135439,"USDEUR":0.87392,"USDFJD":2.237197,"USDFKP":0.748952,"USDGBP":0.746445,"USDGEL":2.634989,"USDGGP":0.748952,"USDGHS":11.376243,"USDGIP":0.748952,"USDGMD":73.503214,"USDGNF":8756.278057,"USDGTQ":7.617965,"USDGYD":208.834007,"USDHKD":7.84315,"USDHNL":26.721451,"USDHRK":6.584597,"USDHTG":130.46234,"USDHUF":309.175016,"USDIDR":17978,"USDILS":2.997504,"USDIMP":0.748952,"USDINR":95.30055,"USDIQD":1307.818059,"USDIRR":1375699.999796,"USDISK":125.85024,"USDJEP":0.748952,"USDJMD":157.893126,"USDJOD":0.708985,"USDJPY":161.802496,"USDKES":129.309726,"USDKGS":87.449617,"USDKHR":4005.752477,"USDKMF":431.504398,"USDKPW":900.00035,"USDKRW":1520.445023,"USDKWD":0.31009,"USDKYD":0.831986,"USDKZT":471.900093,"USDLAK":22511.878379,"USDLBP":89399.458862,"USDLKR":334.386761,"USDLRD":181.199869,"USDLSL":16.198219,"USDLTL":2.95274,"USDLVL":0.60489,"USDLYD":6.405448,"USDMAD":9.347,"USDMDL":17.600546,"USDMGA":4239.973773,"USDMKD":53.871804,"USDMMK":2099.754651,"USDMNT":3582.367601,"USDMOP":8.065373,"USDMRU":39.845263,"USDMUR":47.069932,"USDMVR":15.450311,"USDMWK":1730.76839,"USDMXN":17.38435,"USDMYR":4.079096,"USDMZN":63.899222,"USDNAD":16.198502,"USDNGN":1367.619863,"USDNIO":36.735425,"USDNOK":9.787725,"USDNPR":152.291116,"USDNZD":1.75332,"USDOMR":0.384509,"USDPAB":0.998361,"USDPEN":3.399497,"USDPGK":4.386881,"USDPHP":61.412502,"USDPKR":277.561349,"USDPLN":3.7482,"USDPYG":6055.758084,"USDQAR":3.649699,"USDRON":4.571005,"USDRSD":102.563997,"USDRUB":77.100047,"USDRWF":1462.996717,"USDSAR":3.75746,"USDSBD":8.097426,"USDSCR":14.725047,"USDSDG":600.491627,"USDSEK":9.62719,"USDSGD":1.291485,"USDSHP":0.746601,"USDSLE":24.375023,"USDSLL":20969.503664,"USDSOS":570.516883,"USDSRD":37.692993,"USDSTD":20697.981008,"USDSTN":21.418611,"USDSVC":8.735106,"USDSYP":110.532098,"USDSZL":16.195022,"USDTHB":33.309746,"USDTJS":9.234575,"USDTMT":3.5,"USDTND":2.953295,"USDTOP":2.40776,"USDTRY":46.841403,"USDTTD":6.760413,"USDTWD":32.049806,"USDTZS":2624.998013,"USDUAH":44.516276,"USDUGX":3647.251666,"USDUYU":40.161731,"USDUZS":12025.020435,"USDVES":666.216185,"USDVND":26302.5,"USDVUV":118.993979,"USDWST":2.773187,"USDXAF":573.446631,"USDXAG":0.016349,"USDXAU":0.000242,"USDXCD":2.70255,"USDXCG":1.799211,"USDXDR":0.71319,"USDXOF":573.454151,"USDXPF":104.259644,"USDYER":237.075026,"USDZAR":16.214097,"USDZMK":9001.198241,"USDZMW":18.394573,"USDZWL":321.999592}}