{"success":true,"terms":"https:\/\/currencylayer.com\/terms","privacy":"https:\/\/currencylayer.com\/privacy","timestamp":1777258096,"source":"USD","quotes":{"USDAED":3.672498,"USDAFN":61.999838,"USDALL":81.399019,"USDAMD":371.251866,"USDANG":1.789884,"USDAOA":918.000019,"USDARS":1389.9828,"USDAUD":1.394379,"USDAWG":1.8,"USDAZN":1.702067,"USDBAM":1.668415,"USDBBD":2.010834,"USDBDT":122.499467,"USDBGN":1.668102,"USDBHD":0.377394,"USDBIF":2969.673704,"USDBMD":1,"USDBND":1.275325,"USDBOB":6.898699,"USDBRL":4.986698,"USDBSD":0.998337,"USDBTC":1.2642241e-5,"USDBTN":94.041373,"USDBWP":13.522713,"USDBYN":2.828151,"USDBYR":19600,"USDBZD":2.007933,"USDCAD":1.366395,"USDCDF":2314.999793,"USDCHF":0.78493,"USDCLF":0.022781,"USDCLP":896.610568,"USDCNY":6.836302,"USDCNH":6.827965,"USDCOP":3554.88,"USDCRC":454.339945,"USDCUC":1,"USDCUP":26.5,"USDCVE":94.0627,"USDCZK":20.76375,"USDDJF":177.786308,"USDDKK":6.372645,"USDDOP":59.475368,"USDDZD":132.362551,"USDEGP":52.555602,"USDERN":15,"USDETB":154.33875,"USDEUR":0.852799,"USDFJD":2.20465,"USDFKP":0.738979,"USDGBP":0.738607,"USDGEL":2.679899,"USDGGP":0.738979,"USDGHS":11.083813,"USDGIP":0.738979,"USDGMD":73.496279,"USDGNF":8763.489017,"USDGTQ":7.632331,"USDGYD":208.871828,"USDHKD":7.836415,"USDHNL":26.529324,"USDHRK":6.425797,"USDHTG":130.705907,"USDHUF":310.857499,"USDIDR":17228,"USDILS":2.98605,"USDIMP":0.738979,"USDINR":94.22915,"USDIQD":1307.826829,"USDIRR":1316999.999451,"USDISK":122.639937,"USDJEP":0.738979,"USDJMD":157.551717,"USDJOD":0.709011,"USDJPY":159.305965,"USDKES":129.090271,"USDKGS":87.403198,"USDKHR":3999.999933,"USDKMF":420.000192,"USDKPW":899.999962,"USDKRW":1470.740106,"USDKWD":0.30776,"USDKYD":0.83199,"USDKZT":463.757731,"USDLAK":21876.732779,"USDLBP":89402.943058,"USDLKR":318.234165,"USDLRD":183.194711,"USDLSL":16.601322,"USDLTL":2.95274,"USDLVL":0.60489,"USDLYD":6.334826,"USDMAD":9.236938,"USDMDL":17.361484,"USDMGA":4148.432502,"USDMKD":52.58264,"USDMMK":2100.209098,"USDMNT":3577.130302,"USDMOP":8.056729,"USDMRU":39.846449,"USDMUR":46.830373,"USDMVR":15.450409,"USDMWK":1731.200682,"USDMXN":17.3743,"USDMYR":3.952501,"USDMZN":63.909699,"USDNAD":16.601322,"USDNGN":1352.810104,"USDNIO":36.741309,"USDNOK":9.299505,"USDNPR":150.466197,"USDNZD":1.697345,"USDOMR":0.38415,"USDPAB":0.998337,"USDPEN":3.461463,"USDPGK":4.333547,"USDPHP":60.658499,"USDPKR":278.317253,"USDPLN":3.618355,"USDPYG":6330.560887,"USDQAR":3.639411,"USDRON":4.336298,"USDRSD":100.166347,"USDRUB":75.251257,"USDRWF":1459.245042,"USDSAR":3.7508,"USDSBD":8.045307,"USDSCR":14.798038,"USDSDG":600.500364,"USDSEK":9.213698,"USDSGD":1.275015,"USDSHP":0.746601,"USDSLE":24.624997,"USDSLL":20969.496166,"USDSOS":570.526765,"USDSRD":37.463499,"USDSTD":20697.981008,"USDSTN":20.899979,"USDSVC":8.735338,"USDSYP":110.524988,"USDSZL":16.594583,"USDTHB":32.334986,"USDTJS":9.384602,"USDTMT":3.505,"USDTND":2.915334,"USDTOP":2.40776,"USDTRY":45.029105,"USDTTD":6.780124,"USDTWD":31.421501,"USDTZS":2598.250966,"USDUAH":43.992664,"USDUGX":3714.224781,"USDUYU":39.547878,"USDUZS":11994.881638,"USDVES":483.16466,"USDVND":26359,"USDVUV":117.558638,"USDWST":2.728507,"USDXAF":559.570911,"USDXAG":0.013179,"USDXAU":0.000212,"USDXCD":2.70255,"USDXCG":1.799275,"USDXDR":0.695927,"USDXOF":559.570911,"USDXPF":101.735978,"USDYER":238.650116,"USDZAR":16.504735,"USDZMK":9001.197491,"USDZMW":18.893581,"USDZWL":321.999592}}