{"success":true,"terms":"https:\/\/currencylayer.com\/terms","privacy":"https:\/\/currencylayer.com\/privacy","timestamp":1783737485,"source":"USD","quotes":{"USDAED":3.673042,"USDAFN":65.000368,"USDALL":82.203989,"USDAMD":367.380403,"USDANG":1.790403,"USDAOA":917.000367,"USDARS":1487.956748,"USDAUD":1.437401,"USDAWG":1.8,"USDAZN":1.70397,"USDBAM":1.711104,"USDBBD":2.014725,"USDBDT":123.291207,"USDBGN":1.69088,"USDBHD":0.37707,"USDBIF":2985,"USDBMD":1,"USDBND":1.291257,"USDBOB":6.923833,"USDBRL":5.111404,"USDBSD":1.000276,"USDBTC":1.5677151e-5,"USDBTN":95.289131,"USDBWP":13.527665,"USDBYN":2.859418,"USDBYR":19600,"USDBZD":2.011811,"USDCAD":1.41745,"USDCDF":2258.000362,"USDCHF":0.808312,"USDCLF":0.023491,"USDCLP":924.560396,"USDCNY":6.77695,"USDCNH":6.782275,"USDCOP":3253.61,"USDCRC":455.032612,"USDCUC":1,"USDCUP":26.5,"USDCVE":96.903894,"USDCZK":21.248804,"USDDJF":177.720393,"USDDKK":6.548975,"USDDOP":58.703884,"USDDZD":133.256578,"USDEGP":49.625706,"USDERN":15,"USDETB":159.37504,"USDEUR":0.875804,"USDFJD":2.233204,"USDFKP":0.745889,"USDGBP":0.746157,"USDGEL":2.64504,"USDGGP":0.745889,"USDGHS":11.46504,"USDGIP":0.745889,"USDGMD":73.503851,"USDGNF":8777.503848,"USDGTQ":7.632579,"USDGYD":209.249425,"USDHKD":7.83925,"USDHNL":26.88504,"USDHRK":6.600504,"USDHTG":130.910459,"USDHUF":311.790388,"USDIDR":18080.55,"USDILS":3.010904,"USDIMP":0.745889,"USDINR":95.53215,"USDIQD":1309.5,"USDIRR":1374750.000352,"USDISK":125.640386,"USDJEP":0.745889,"USDJMD":158.048994,"USDJOD":0.70904,"USDJPY":161.67604,"USDKES":129.203801,"USDKGS":87.448804,"USDKHR":4007.503796,"USDKMF":432.00035,"USDKPW":900.00035,"USDKRW":1499.070383,"USDKWD":0.30956,"USDKYD":0.833548,"USDKZT":471.568117,"USDLAK":22558.503779,"USDLBP":89550.000349,"USDLKR":335.597832,"USDLRD":181.503772,"USDLSL":16.315039,"USDLTL":2.95274,"USDLVL":0.60489,"USDLYD":6.405039,"USDMAD":9.345039,"USDMDL":17.579053,"USDMGA":4295.000347,"USDMKD":53.998301,"USDMMK":2099.308371,"USDMNT":3585.696251,"USDMOP":8.076444,"USDMRU":40.060379,"USDMUR":47.080378,"USDMVR":15.450378,"USDMWK":1737.000345,"USDMXN":17.468104,"USDMYR":4.070377,"USDMZN":63.903729,"USDNAD":16.320377,"USDNGN":1377.920377,"USDNIO":36.660377,"USDNOK":9.782604,"USDNPR":152.453273,"USDNZD":1.735208,"USDOMR":0.384819,"USDPAB":1.000262,"USDPEN":3.392504,"USDPGK":4.380375,"USDPHP":61.447038,"USDPKR":278.150374,"USDPLN":3.79005,"USDPYG":6081.391432,"USDQAR":3.643504,"USDRON":4.587104,"USDRSD":102.723038,"USDRUB":77.024822,"USDRWF":1465,"USDSAR":3.753865,"USDSBD":8.048583,"USDSCR":14.724861,"USDSDG":600.503676,"USDSEK":9.714225,"USDSGD":1.292904,"USDSHP":0.746601,"USDSLE":24.350371,"USDSLL":20969.503664,"USDSOS":571.503662,"USDSRD":37.610504,"USDSTD":20697.981008,"USDSTN":21.65,"USDSVC":8.752483,"USDSYP":110.532098,"USDSZL":16.320369,"USDTHB":33.288038,"USDTJS":9.257824,"USDTMT":3.5,"USDTND":2.957504,"USDTOP":2.40776,"USDTRY":46.984504,"USDTTD":6.79618,"USDTWD":32.113504,"USDTZS":2630.003038,"USDUAH":44.5007,"USDUGX":3680.71322,"USDUYU":40.332811,"USDUZS":12027.503617,"USDVES":708.806404,"USDVND":26267.5,"USDVUV":120.437365,"USDWST":2.769308,"USDXAF":573.893149,"USDXAG":0.016727,"USDXAU":0.000243,"USDXCD":2.70255,"USDXCG":1.802808,"USDXDR":0.713149,"USDXOF":573.000332,"USDXPF":104.875037,"USDYER":237.075037,"USDZAR":16.455565,"USDZMK":9001.203584,"USDZMW":18.030621,"USDZWL":321.999592}}