{"success":true,"terms":"https:\/\/currencylayer.com\/terms","privacy":"https:\/\/currencylayer.com\/privacy","timestamp":1767923228,"source":"USD","quotes":{"USDAED":3.672504,"USDAFN":65.999904,"USDALL":82.619855,"USDAMD":381.389593,"USDANG":1.790403,"USDAOA":917.000334,"USDARS":1463.509608,"USDAUD":1.494695,"USDAWG":1.80125,"USDAZN":1.70174,"USDBAM":1.675498,"USDBBD":2.014915,"USDBDT":122.246875,"USDBGN":1.666695,"USDBHD":0.376958,"USDBIF":2962,"USDBMD":1,"USDBND":1.284599,"USDBOB":6.937407,"USDBRL":5.388602,"USDBSD":1.000433,"USDBTC":1.1003116e-5,"USDBTN":89.8933,"USDBWP":13.396785,"USDBYN":2.953067,"USDBYR":19600,"USDBZD":2.012011,"USDCAD":1.387175,"USDCDF":2264.999897,"USDCHF":0.79969,"USDCLF":0.022865,"USDCLP":896.990125,"USDCNY":6.98375,"USDCNH":6.97859,"USDCOP":3715.26,"USDCRC":497.305725,"USDCUC":1,"USDCUP":26.5,"USDCVE":95.049781,"USDCZK":20.839605,"USDDJF":177.719757,"USDDKK":6.414403,"USDDOP":63.650465,"USDDZD":130.068054,"USDEGP":47.278627,"USDERN":15,"USDETB":155.374969,"USDEUR":0.85841,"USDFJD":2.27745,"USDFKP":0.742335,"USDGBP":0.744695,"USDGEL":2.684982,"USDGGP":0.742335,"USDGHS":10.72026,"USDGIP":0.742335,"USDGMD":73.518042,"USDGNF":8740.000211,"USDGTQ":7.668156,"USDGYD":209.295851,"USDHKD":7.79323,"USDHNL":26.429587,"USDHRK":6.467597,"USDHTG":131.012298,"USDHUF":330.587499,"USDIDR":16813,"USDILS":3.169125,"USDIMP":0.742335,"USDINR":89.90645,"USDIQD":1310,"USDIRR":42125.000158,"USDISK":126.359987,"USDJEP":0.742335,"USDJMD":158.374704,"USDJOD":0.708991,"USDJPY":157.082969,"USDKES":129.000218,"USDKGS":87.443501,"USDKHR":4025.501075,"USDKMF":422.485284,"USDKPW":899.997826,"USDKRW":1454.86023,"USDKWD":0.30739,"USDKYD":0.833722,"USDKZT":509.90538,"USDLAK":21599.999896,"USDLBP":89549.999821,"USDLKR":309.116376,"USDLRD":179.498588,"USDLSL":16.460315,"USDLTL":2.95274,"USDLVL":0.60489,"USDLYD":5.414978,"USDMAD":9.2145,"USDMDL":16.707002,"USDMGA":4594.999791,"USDMKD":52.831695,"USDMMK":2099.899971,"USDMNT":3559.878067,"USDMOP":8.029932,"USDMRU":39.719796,"USDMUR":46.529683,"USDMVR":15.44997,"USDMWK":1736.000226,"USDMXN":17.99255,"USDMYR":4.062971,"USDMZN":63.897088,"USDNAD":16.459756,"USDNGN":1425.497847,"USDNIO":36.784987,"USDNOK":10.09701,"USDNPR":143.829725,"USDNZD":1.74215,"USDOMR":0.384503,"USDPAB":1.000433,"USDPEN":3.3635,"USDPGK":4.26825,"USDPHP":59.114999,"USDPKR":280.075026,"USDPLN":3.61599,"USDPYG":6754.846613,"USDQAR":3.64125,"USDRON":4.368201,"USDRSD":100.689889,"USDRUB":80.502434,"USDRWF":1455,"USDSAR":3.750156,"USDSBD":8.126887,"USDSCR":12.567858,"USDSDG":601.498228,"USDSEK":9.233985,"USDSGD":1.286115,"USDSHP":0.750259,"USDSLE":24.075643,"USDSLL":20969.503664,"USDSOS":571.500554,"USDSRD":38.290499,"USDSTD":20697.981008,"USDSTN":21.35,"USDSVC":8.753496,"USDSYP":11059.574895,"USDSZL":16.460168,"USDTHB":31.48044,"USDTJS":9.298763,"USDTMT":3.51,"USDTND":2.8915,"USDTOP":2.40776,"USDTRY":43.156986,"USDTTD":6.792656,"USDTWD":31.608902,"USDTZS":2497.496316,"USDUAH":43.100844,"USDUGX":3598.062187,"USDUYU":38.961873,"USDUZS":12009.999535,"USDVES":311.541545,"USDVND":26270,"USDVUV":120.537528,"USDWST":2.773898,"USDXAF":561.948616,"USDXAG":0.013118,"USDXAU":0.000224,"USDXCD":2.70255,"USDXCG":1.802972,"USDXDR":0.69877,"USDXOF":560.500637,"USDXPF":102.503027,"USDYER":238.449915,"USDZAR":16.539105,"USDZMK":9001.200312,"USDZMW":19.833033,"USDZWL":321.999592}}