{"success":true,"terms":"https:\/\/currencylayer.com\/terms","privacy":"https:\/\/currencylayer.com\/privacy","timestamp":1775442843,"source":"USD","quotes":{"USDAED":3.672502,"USDAFN":65.508022,"USDALL":83.072963,"USDAMD":376.979759,"USDANG":1.790083,"USDAOA":916.999907,"USDARS":1388.351201,"USDAUD":1.447209,"USDAWG":1.80025,"USDAZN":1.697124,"USDBAM":1.695072,"USDBBD":2.009612,"USDBDT":122.428639,"USDBGN":1.709309,"USDBHD":0.378491,"USDBIF":2970,"USDBMD":1,"USDBND":1.2851,"USDBOB":6.894519,"USDBRL":5.159097,"USDBSD":0.997742,"USDBTC":1.4417604e-5,"USDBTN":92.939509,"USDBWP":13.688562,"USDBYN":2.956504,"USDBYR":19600,"USDBZD":2.006665,"USDCAD":1.393765,"USDCDF":2304.999886,"USDCHF":0.800705,"USDCLF":0.023296,"USDCLP":919.869738,"USDCNY":6.88265,"USDCNH":6.881575,"USDCOP":3668.42,"USDCRC":464.279833,"USDCUC":1,"USDCUP":26.5,"USDCVE":96.000419,"USDCZK":21.282988,"USDDJF":177.720065,"USDDKK":6.484775,"USDDOP":60.850203,"USDDZD":133.388357,"USDEGP":54.326498,"USDERN":15,"USDETB":155.800822,"USDEUR":0.86781,"USDFJD":2.253805,"USDFKP":0.757512,"USDGBP":0.756685,"USDGEL":2.684987,"USDGGP":0.757512,"USDGHS":11.005008,"USDGIP":0.757512,"USDGMD":73.999921,"USDGNF":8780.000021,"USDGTQ":7.632939,"USDGYD":208.828972,"USDHKD":7.83725,"USDHNL":26.504427,"USDHRK":6.540299,"USDHTG":130.952897,"USDHUF":333.885031,"USDIDR":17016,"USDILS":3.130375,"USDIMP":0.757512,"USDINR":92.87515,"USDIQD":1307.141959,"USDIRR":1319175.000205,"USDISK":125.319746,"USDJEP":0.757512,"USDJMD":157.303566,"USDJOD":0.709028,"USDJPY":159.562502,"USDKES":129.797326,"USDKGS":87.450125,"USDKHR":3990.137323,"USDKMF":426.999903,"USDKPW":899.995741,"USDKRW":1505.655029,"USDKWD":0.30934,"USDKYD":0.831502,"USDKZT":472.805432,"USDLAK":21970.392969,"USDLBP":89502.03926,"USDLKR":314.804623,"USDLRD":183.088277,"USDLSL":16.955078,"USDLTL":2.95274,"USDLVL":0.60489,"USDLYD":6.380628,"USDMAD":9.374033,"USDMDL":17.55613,"USDMGA":4171.343141,"USDMKD":53.54839,"USDMMK":2099.82872,"USDMNT":3572.765779,"USDMOP":8.055104,"USDMRU":39.637211,"USDMUR":46.949997,"USDMVR":15.459908,"USDMWK":1730.071718,"USDMXN":17.8308,"USDMYR":4.030504,"USDMZN":63.950155,"USDNAD":16.954711,"USDNGN":1378.129883,"USDNIO":36.712196,"USDNOK":9.772655,"USDNPR":148.701282,"USDNZD":1.753421,"USDOMR":0.385477,"USDPAB":0.997734,"USDPEN":3.45194,"USDPGK":4.316042,"USDPHP":60.526999,"USDPKR":278.39991,"USDPLN":3.71087,"USDPYG":6454.29687,"USDQAR":3.638018,"USDRON":4.423102,"USDRSD":101.990184,"USDRUB":80.314585,"USDRWF":1457.240049,"USDSAR":3.754198,"USDSBD":8.038772,"USDSCR":14.461024,"USDSDG":600.999734,"USDSEK":9.464805,"USDSGD":1.28593,"USDSHP":0.750259,"USDSLE":24.650335,"USDSLL":20969.510825,"USDSOS":570.192924,"USDSRD":37.350975,"USDSTD":20697.981008,"USDSTN":21.233539,"USDSVC":8.730169,"USDSYP":110.63796,"USDSZL":16.948198,"USDTHB":32.589541,"USDTJS":9.563492,"USDTMT":3.51,"USDTND":2.941459,"USDTOP":2.40776,"USDTRY":44.598302,"USDTTD":6.768937,"USDTWD":31.981497,"USDTZS":2600.000288,"USDUAH":43.698134,"USDUGX":3743.234401,"USDUYU":40.405091,"USDUZS":12122.393971,"USDVES":473.3905,"USDVND":26340,"USDVUV":119.00311,"USDWST":2.766273,"USDXAF":568.506489,"USDXAG":0.013769,"USDXAU":0.000215,"USDXCD":2.70255,"USDXCG":1.798209,"USDXDR":0.708766,"USDXOF":568.516344,"USDXPF":103.361457,"USDYER":238.650352,"USDZAR":16.94707,"USDZMK":9001.200989,"USDZMW":19.281421,"USDZWL":321.999592}}