{"success":true,"terms":"https:\/\/currencylayer.com\/terms","privacy":"https:\/\/currencylayer.com\/privacy","timestamp":1773799926,"source":"USD","quotes":{"USDAED":3.672502,"USDAFN":63.000243,"USDALL":83.300828,"USDAMD":376.082603,"USDANG":1.790083,"USDAOA":916.999703,"USDARS":1396.2258,"USDAUD":1.40693,"USDAWG":1.8,"USDAZN":1.703721,"USDBAM":1.695579,"USDBBD":2.009102,"USDBDT":122.41324,"USDBGN":1.709309,"USDBHD":0.377555,"USDBIF":2962.179501,"USDBMD":1,"USDBND":1.274843,"USDBOB":6.893981,"USDBRL":5.194097,"USDBSD":0.99753,"USDBTC":1.3468676e-5,"USDBTN":92.131568,"USDBWP":13.556105,"USDBYN":2.992462,"USDBYR":19600,"USDBZD":2.006494,"USDCAD":1.369465,"USDCDF":2264.999867,"USDCHF":0.78557,"USDCLF":0.022981,"USDCLP":907.410238,"USDCNY":6.88685,"USDCNH":6.885075,"USDCOP":3700.82,"USDCRC":467.636502,"USDCUC":1,"USDCUP":26.5,"USDCVE":95.594164,"USDCZK":21.190972,"USDDJF":177.62753,"USDDKK":6.47908,"USDDOP":60.895046,"USDDZD":132.078465,"USDEGP":52.250797,"USDERN":15,"USDETB":155.751565,"USDEUR":0.86705,"USDFJD":2.20805,"USDFKP":0.751829,"USDGBP":0.749003,"USDGEL":2.709674,"USDGGP":0.751829,"USDGHS":10.86981,"USDGIP":0.751829,"USDGMD":73.498196,"USDGNF":8743.145712,"USDGTQ":7.642158,"USDGYD":208.726712,"USDHKD":7.837635,"USDHNL":26.40577,"USDHRK":6.532495,"USDHTG":130.865428,"USDHUF":337.047063,"USDIDR":16969,"USDILS":3.09945,"USDIMP":0.751829,"USDINR":92.40135,"USDIQD":1306.920393,"USDIRR":1313999.999853,"USDISK":124.433694,"USDJEP":0.751829,"USDJMD":156.945191,"USDJOD":0.709014,"USDJPY":159.0235,"USDKES":129.400851,"USDKGS":87.44978,"USDKHR":4003.554477,"USDKMF":427.000024,"USDKPW":900.043905,"USDKRW":1487.725005,"USDKWD":0.30671,"USDKYD":0.831401,"USDKZT":480.712629,"USDLAK":21409.219966,"USDLBP":89340.205381,"USDLKR":310.678602,"USDLRD":182.570851,"USDLSL":16.690089,"USDLTL":2.95274,"USDLVL":0.60489,"USDLYD":6.385819,"USDMAD":9.355423,"USDMDL":17.403932,"USDMGA":4152.905994,"USDMKD":53.438821,"USDMMK":2100.153228,"USDMNT":3574.497589,"USDMOP":8.052797,"USDMRU":39.686682,"USDMUR":46.620134,"USDMVR":15.45039,"USDMWK":1729.925615,"USDMXN":17.645975,"USDMYR":3.911026,"USDMZN":63.909941,"USDNAD":16.690089,"USDNGN":1355.501579,"USDNIO":36.715143,"USDNOK":9.58255,"USDNPR":147.412134,"USDNZD":1.70708,"USDOMR":0.384498,"USDPAB":0.997685,"USDPEN":3.409972,"USDPGK":4.304403,"USDPHP":59.652497,"USDPKR":278.501192,"USDPLN":3.69495,"USDPYG":6466.432627,"USDQAR":3.637459,"USDRON":4.416014,"USDRSD":101.817982,"USDRUB":82.379315,"USDRWF":1459.088308,"USDSAR":3.754503,"USDSBD":8.045182,"USDSCR":13.839384,"USDSDG":600.999855,"USDSEK":9.28115,"USDSGD":1.276541,"USDSHP":0.750259,"USDSLE":24.598376,"USDSLL":20969.510825,"USDSOS":569.157145,"USDSRD":37.625009,"USDSTD":20697.981008,"USDSTN":21.240258,"USDSVC":8.729275,"USDSYP":110.875895,"USDSZL":16.690504,"USDTHB":32.308001,"USDTJS":9.562537,"USDTMT":3.51,"USDTND":2.940952,"USDTOP":2.40776,"USDTRY":44.208697,"USDTTD":6.769111,"USDTWD":31.855503,"USDTZS":2608.729864,"USDUAH":43.827504,"USDUGX":3766.027725,"USDUYU":40.555888,"USDUZS":12106.894384,"USDVES":447.80816,"USDVND":26295,"USDVUV":119.587146,"USDWST":2.754209,"USDXAF":568.686387,"USDXAG":0.012643,"USDXAU":0.0002,"USDXCD":2.70255,"USDXCG":1.798045,"USDXDR":0.707147,"USDXOF":568.592727,"USDXPF":103.392373,"USDYER":238.549994,"USDZAR":16.68965,"USDZMK":9001.200226,"USDZMW":19.459797,"USDZWL":321.999592}}