{"success":true,"terms":"https:\/\/currencylayer.com\/terms","privacy":"https:\/\/currencylayer.com\/privacy","timestamp":1772848745,"source":"USD","quotes":{"USDAED":3.672504,"USDAFN":63.503991,"USDALL":82.550403,"USDAMD":377.310403,"USDANG":1.789731,"USDAOA":917.000367,"USDARS":1420.072104,"USDAUD":1.421464,"USDAWG":1.8,"USDAZN":1.70397,"USDBAM":1.691751,"USDBBD":2.003355,"USDBDT":122.318525,"USDBGN":1.647646,"USDBHD":0.378597,"USDBIF":2951.868898,"USDBMD":1,"USDBND":1.274549,"USDBOB":6.911257,"USDBRL":5.245041,"USDBSD":0.994709,"USDBTC":1.4642639e-5,"USDBTN":91.359628,"USDBWP":13.499075,"USDBYN":2.943209,"USDBYR":19600,"USDBZD":2.000516,"USDCAD":1.35725,"USDCDF":2222.50392,"USDCHF":0.777317,"USDCLF":0.023082,"USDCLP":911.390396,"USDCNY":6.89675,"USDCNH":6.907005,"USDCOP":3784.41,"USDCRC":474.945159,"USDCUC":1,"USDCUP":26.5,"USDCVE":95.37504,"USDCZK":20.991804,"USDDJF":177.125898,"USDDKK":6.431204,"USDDOP":59.219751,"USDDZD":131.734698,"USDEGP":50.302379,"USDERN":15,"USDETB":156.103874,"USDEUR":0.86055,"USDFJD":2.210504,"USDFKP":0.75091,"USDGBP":0.746631,"USDGEL":2.72504,"USDGGP":0.75091,"USDGHS":10.77504,"USDGIP":0.75091,"USDGMD":73.503851,"USDGNF":8722.095574,"USDGTQ":7.673344,"USDGYD":209.24027,"USDHKD":7.82204,"USDHNL":26.57504,"USDHRK":6.485804,"USDHTG":130.491634,"USDHUF":337.810388,"USDIDR":16939.9,"USDILS":3.09326,"USDIMP":0.75091,"USDINR":91.933504,"USDIQD":1310.5,"USDIRR":1320700.000352,"USDISK":124.950386,"USDJEP":0.75091,"USDJMD":155.774442,"USDJOD":0.70904,"USDJPY":157.802504,"USDKES":129.150385,"USDKGS":87.450384,"USDKHR":3991.56953,"USDKMF":424.00035,"USDKPW":900.009268,"USDKRW":1485.290383,"USDKWD":0.307504,"USDKYD":0.833467,"USDKZT":494.150517,"USDLAK":21425.000349,"USDLBP":89550.000349,"USDLKR":311.132062,"USDLRD":181.530388,"USDLSL":16.570381,"USDLTL":2.95274,"USDLVL":0.60489,"USDLYD":6.338337,"USDMAD":9.296039,"USDMDL":17.297288,"USDMGA":4185.000347,"USDMKD":53.021635,"USDMMK":2099.899945,"USDMNT":3569.0757,"USDMOP":8.055288,"USDMRU":40.130379,"USDMUR":47.425039,"USDMVR":15.460378,"USDMWK":1737.000345,"USDMXN":17.798039,"USDMYR":3.946039,"USDMZN":63.903729,"USDNAD":16.570377,"USDNGN":1388.000344,"USDNIO":36.730377,"USDNOK":9.583104,"USDNPR":146.175749,"USDNZD":1.702273,"USDOMR":0.385746,"USDPAB":1.000186,"USDPEN":3.481504,"USDPGK":4.284055,"USDPHP":59.045038,"USDPKR":279.425038,"USDPLN":3.67655,"USDPYG":6507.806787,"USDQAR":3.64125,"USDRON":4.382504,"USDRSD":100.674038,"USDRUB":79.26285,"USDRWF":1450.815089,"USDSAR":3.753249,"USDSBD":8.045182,"USDSCR":13.836036,"USDSDG":601.503676,"USDSEK":9.182504,"USDSGD":1.274704,"USDSHP":0.750259,"USDSLE":24.525038,"USDSLL":20969.49935,"USDSOS":567.422255,"USDSRD":37.656504,"USDSTD":20697.981008,"USDSTN":21.076175,"USDSVC":8.751124,"USDSYP":110.821403,"USDSZL":16.642436,"USDTHB":31.775038,"USDTJS":9.616092,"USDTMT":3.51,"USDTND":2.910504,"USDTOP":2.40776,"USDTRY":44.072504,"USDTTD":6.776714,"USDTWD":31.817304,"USDTZS":2567.250204,"USDUAH":43.464751,"USDUGX":3690.921044,"USDUYU":39.348488,"USDUZS":12210.000334,"USDVES":425.142005,"USDVND":26220,"USDVUV":119.29626,"USDWST":2.726253,"USDXAF":564.288356,"USDXAG":0.011854,"USDXAU":0.000193,"USDXCD":2.70255,"USDXCG":1.802549,"USDXDR":0.701794,"USDXOF":564.288356,"USDXPF":103.150363,"USDYER":238.503589,"USDZAR":16.54513,"USDZMK":9001.203584,"USDZMW":19.231795,"USDZWL":321.999592}}