{"success":true,"terms":"https:\/\/currencylayer.com\/terms","privacy":"https:\/\/currencylayer.com\/privacy","timestamp":1776479286,"source":"USD","quotes":{"USDAED":3.672504,"USDAFN":64.503991,"USDALL":80.803989,"USDAMD":374.135241,"USDANG":1.789884,"USDAOA":918.000367,"USDARS":1368.812858,"USDAUD":1.393704,"USDAWG":1.80125,"USDAZN":1.70397,"USDBAM":1.65809,"USDBBD":2.013955,"USDBDT":122.936713,"USDBGN":1.668102,"USDBHD":0.378479,"USDBIF":2973.293769,"USDBMD":1,"USDBND":1.272573,"USDBOB":6.90959,"USDBRL":4.979504,"USDBSD":0.999983,"USDBTC":1.2920606e-5,"USDBTN":92.794404,"USDBWP":13.416474,"USDBYN":2.840187,"USDBYR":19600,"USDBZD":2.011106,"USDCAD":1.37785,"USDCDF":2310.000362,"USDCHF":0.781647,"USDCLF":0.022275,"USDCLP":876.690396,"USDCNY":6.81775,"USDCNH":6.81664,"USDCOP":3606.23,"USDCRC":456.040695,"USDCUC":1,"USDCUP":26.5,"USDCVE":93.482942,"USDCZK":20.634504,"USDDJF":178.063958,"USDDKK":6.352304,"USDDOP":60.37504,"USDDZD":132.26204,"USDEGP":51.884156,"USDERN":15,"USDETB":157.000358,"USDEUR":0.849404,"USDFJD":2.215504,"USDFKP":0.738712,"USDGBP":0.739426,"USDGEL":2.703861,"USDGGP":0.738712,"USDGHS":11.05039,"USDGIP":0.738712,"USDGMD":73.503851,"USDGNF":8775.000355,"USDGTQ":7.647179,"USDGYD":209.203744,"USDHKD":7.83905,"USDHNL":26.620388,"USDHRK":6.404704,"USDHTG":130.945871,"USDHUF":307.310388,"USDIDR":17140,"USDILS":2.95979,"USDIMP":0.738712,"USDINR":92.60245,"USDIQD":1310,"USDIRR":1321500.000352,"USDISK":122.070386,"USDJEP":0.738712,"USDJMD":158.098209,"USDJOD":0.70904,"USDJPY":158.64504,"USDKES":129.103801,"USDKGS":87.450384,"USDKHR":4010.00035,"USDKMF":418.00035,"USDKPW":899.981198,"USDKRW":1467.040383,"USDKWD":0.30836,"USDKYD":0.833319,"USDKZT":468.876643,"USDLAK":21865.000349,"USDLBP":89472.880191,"USDLKR":316.083086,"USDLRD":184.203772,"USDLSL":16.250381,"USDLTL":2.95274,"USDLVL":0.60489,"USDLYD":6.320381,"USDMAD":9.224504,"USDMDL":17.189487,"USDMGA":4139.000347,"USDMKD":52.373082,"USDMMK":2100.2256,"USDMNT":3575.568712,"USDMOP":8.065788,"USDMRU":39.968631,"USDMUR":46.290378,"USDMVR":15.460378,"USDMWK":1736.000345,"USDMXN":17.311104,"USDMYR":3.952504,"USDMZN":63.955039,"USDNAD":16.335039,"USDNGN":1342.480377,"USDNIO":36.720377,"USDNOK":9.368704,"USDNPR":148.471386,"USDNZD":1.700392,"USDOMR":0.385942,"USDPAB":0.999983,"USDPEN":3.436504,"USDPGK":4.321039,"USDPHP":59.564038,"USDPKR":278.875038,"USDPLN":3.59435,"USDPYG":6370.387954,"USDQAR":3.646038,"USDRON":4.330404,"USDRSD":99.376038,"USDRUB":76.231517,"USDRWF":1461,"USDSAR":3.750956,"USDSBD":8.035647,"USDSCR":14.21614,"USDSDG":601.000339,"USDSEK":9.164404,"USDSGD":1.270104,"USDSHP":0.746601,"USDSLE":24.625038,"USDSLL":20969.496166,"USDSOS":571.503663,"USDSRD":37.706038,"USDSTD":20697.981008,"USDSTN":21.05,"USDSVC":8.74947,"USDSYP":110.531505,"USDSZL":16.335038,"USDTHB":32.120369,"USDTJS":9.429189,"USDTMT":3.505,"USDTND":2.867504,"USDTOP":2.40776,"USDTRY":44.844404,"USDTTD":6.791861,"USDTWD":31.480367,"USDTZS":2594.935038,"USDUAH":44.021721,"USDUGX":3703.201302,"USDUYU":39.778893,"USDUZS":12135.000334,"USDVES":479.657038,"USDVND":26335,"USDVUV":118.227557,"USDWST":2.716649,"USDXAF":556.121982,"USDXAG":0.012343,"USDXAU":0.000207,"USDXCD":2.70255,"USDXCG":1.802204,"USDXDR":0.691637,"USDXOF":556.503593,"USDXPF":101.625037,"USDYER":238.603589,"USDZAR":16.316204,"USDZMK":9001.203584,"USDZMW":19.02384,"USDZWL":321.999592}}