{"success":true,"terms":"https:\/\/currencylayer.com\/terms","privacy":"https:\/\/currencylayer.com\/privacy","timestamp":1763257326,"source":"USD","quotes":{"USDAED":3.672504,"USDAFN":66.242312,"USDALL":83.179218,"USDAMD":382.091093,"USDANG":1.790055,"USDAOA":917.000367,"USDARS":1407.273322,"USDAUD":1.534449,"USDAWG":1.80375,"USDAZN":1.70397,"USDBAM":1.682336,"USDBBD":2.013075,"USDBDT":122.136682,"USDBGN":1.682336,"USDBHD":0.375296,"USDBIF":2949.980646,"USDBMD":1,"USDBND":1.301363,"USDBOB":6.90637,"USDBRL":5.297104,"USDBSD":0.999441,"USDBTC":1.0521863e-5,"USDBTN":88.628446,"USDBWP":14.229065,"USDBYN":3.409316,"USDBYR":19600,"USDBZD":2.01015,"USDCAD":1.40305,"USDCDF":2174.000362,"USDCHF":0.795331,"USDCLF":0.023592,"USDCLP":930.299772,"USDCNY":7.09955,"USDCNH":7.10029,"USDCOP":3744.269064,"USDCRC":500.9677,"USDCUC":1,"USDCUP":26.5,"USDCVE":94.847533,"USDCZK":20.805104,"USDDJF":177.979442,"USDDKK":6.425804,"USDDOP":64.375726,"USDDZD":129.671842,"USDEGP":46.987226,"USDERN":15,"USDETB":154.855963,"USDEUR":0.86005,"USDFJD":2.27535,"USDFKP":0.760064,"USDGBP":0.760427,"USDGEL":2.703861,"USDGGP":0.760064,"USDGHS":10.944045,"USDGIP":0.760064,"USDGMD":72.503851,"USDGNF":8675.755881,"USDGTQ":7.660746,"USDGYD":209.074878,"USDHKD":7.777304,"USDHNL":26.293923,"USDHRK":6.482904,"USDHTG":130.936304,"USDHUF":330.790388,"USDIDR":16712,"USDILS":3.227704,"USDIMP":0.760064,"USDINR":88.689504,"USDIQD":1309.363038,"USDIRR":42100.000352,"USDISK":126.820386,"USDJEP":0.760064,"USDJMD":160.526429,"USDJOD":0.70904,"USDJPY":154.03504,"USDKES":129.284762,"USDKGS":87.450384,"USDKHR":4009.289923,"USDKMF":424.00035,"USDKPW":899.988423,"USDKRW":1448.530383,"USDKWD":0.30669,"USDKYD":0.83291,"USDKZT":523.900047,"USDLAK":21688.529526,"USDLBP":89503.763279,"USDLKR":306.567459,"USDLRD":181.40295,"USDLSL":17.141542,"USDLTL":2.95274,"USDLVL":0.60489,"USDLYD":5.452669,"USDMAD":9.241323,"USDMDL":16.871532,"USDMGA":4468.625005,"USDMKD":52.922455,"USDMMK":2099.610882,"USDMNT":3572.735976,"USDMOP":8.00215,"USDMRU":39.576792,"USDMUR":45.650378,"USDMVR":15.403739,"USDMWK":1733.086749,"USDMXN":18.318804,"USDMYR":4.132504,"USDMZN":63.950377,"USDNAD":17.141542,"USDNGN":1440.780377,"USDNIO":36.781214,"USDNOK":10.088804,"USDNPR":141.805514,"USDNZD":1.77195,"USDOMR":0.382771,"USDPAB":0.999441,"USDPEN":3.370436,"USDPGK":4.226055,"USDPHP":59.015038,"USDPKR":282.529182,"USDPLN":3.638123,"USDPYG":7042.277751,"USDQAR":3.643198,"USDRON":4.374304,"USDRSD":100.795665,"USDRUB":80.873941,"USDRWF":1452.75472,"USDSAR":3.733087,"USDSBD":8.244163,"USDSCR":14.010372,"USDSDG":601.503676,"USDSEK":9.449304,"USDSGD":1.297504,"USDSHP":0.750259,"USDSLE":23.403667,"USDSLL":20969.498139,"USDSOS":570.212034,"USDSRD":38.589504,"USDSTD":20697.981008,"USDSTN":21.074362,"USDSVC":8.74543,"USDSYP":11056.884007,"USDSZL":17.134747,"USDTHB":32.405038,"USDTJS":9.225238,"USDTMT":3.51,"USDTND":2.938884,"USDTOP":2.40776,"USDTRY":42.170504,"USDTTD":6.777343,"USDTWD":30.569504,"USDTZS":2448.754892,"USDUAH":42.002581,"USDUGX":3568.01858,"USDUYU":39.766032,"USDUZS":12033.030837,"USDVES":236.162804,"USDVND":26350,"USDVUV":121.871382,"USDWST":2.813729,"USDXAF":564.239818,"USDXAG":0.01978,"USDXAU":0.000245,"USDXCD":2.70255,"USDXCG":1.801299,"USDXDR":0.701733,"USDXOF":564.239818,"USDXPF":102.584835,"USDYER":238.525037,"USDZAR":17.08336,"USDZMK":9001.203584,"USDZMW":22.46355,"USDZWL":321.999592}}