{"success":true,"terms":"https:\/\/currencylayer.com\/terms","privacy":"https:\/\/currencylayer.com\/privacy","timestamp":1752544145,"source":"USD","quotes":{"USDAED":3.672497,"USDAFN":69.364657,"USDALL":83.749224,"USDAMD":384.778502,"USDANG":1.789699,"USDAOA":916.999685,"USDARS":1278.945302,"USDAUD":1.526333,"USDAWG":1.8005,"USDAZN":1.695715,"USDBAM":1.67567,"USDBBD":2.02309,"USDBDT":121.241459,"USDBGN":1.67372,"USDBHD":0.376951,"USDBIF":2985.499175,"USDBMD":1,"USDBND":1.283269,"USDBOB":6.948401,"USDBRL":5.588958,"USDBSD":1.001992,"USDBTC":8.384022e-6,"USDBTN":86.089799,"USDBWP":13.369089,"USDBYN":3.279114,"USDBYR":19600,"USDBZD":2.012723,"USDCAD":1.36969,"USDCDF":2885.999731,"USDCHF":0.79743,"USDCLF":0.025238,"USDCLP":968.479927,"USDCNY":7.16725,"USDCNH":7.16972,"USDCOP":4010.5,"USDCRC":505.751066,"USDCUC":1,"USDCUP":26.5,"USDCVE":94.472504,"USDCZK":21.132296,"USDDJF":178.430827,"USDDKK":6.393799,"USDDOP":60.367983,"USDDZD":129.80897,"USDEGP":49.461802,"USDERN":15,"USDETB":137.192611,"USDEUR":0.856701,"USDFJD":2.24825,"USDFKP":0.739054,"USDGBP":0.744285,"USDGEL":2.710263,"USDGGP":0.739054,"USDGHS":10.420888,"USDGIP":0.739054,"USDGMD":71.498764,"USDGNF":8692.783858,"USDGTQ":7.697284,"USDGYD":209.548697,"USDHKD":7.84995,"USDHNL":26.211263,"USDHRK":6.457101,"USDHTG":131.514126,"USDHUF":342.62993,"USDIDR":16273.35,"USDILS":3.35808,"USDIMP":0.739054,"USDINR":85.99495,"USDIQD":1312.570951,"USDIRR":42112.499774,"USDISK":121.989917,"USDJEP":0.739054,"USDJMD":160.525031,"USDJOD":0.708991,"USDJPY":147.707999,"USDKES":129.459643,"USDKGS":87.446596,"USDKHR":4015.678883,"USDKMF":422.249827,"USDKPW":899.999956,"USDKRW":1382.855005,"USDKWD":0.30563,"USDKYD":0.835008,"USDKZT":525.782338,"USDLAK":21595.733288,"USDLBP":89777.539786,"USDLKR":301.471502,"USDLRD":200.897045,"USDLSL":17.898087,"USDLTL":2.95274,"USDLVL":0.60489,"USDLYD":5.431919,"USDMAD":9.0157,"USDMDL":16.973462,"USDMGA":4438.085283,"USDMKD":52.71703,"USDMMK":2099.999412,"USDMNT":3584.204706,"USDMOP":8.101613,"USDMRU":39.77724,"USDMUR":45.40998,"USDMVR":15.40203,"USDMWK":1737.450414,"USDMXN":18.732394,"USDMYR":4.256034,"USDMZN":63.959978,"USDNAD":17.898087,"USDNGN":1534.370201,"USDNIO":36.875361,"USDNOK":10.132102,"USDNPR":137.742841,"USDNZD":1.67164,"USDOMR":0.3845,"USDPAB":1.001992,"USDPEN":3.561591,"USDPGK":4.14423,"USDPHP":56.775003,"USDPKR":285.188939,"USDPLN":3.64545,"USDPYG":7762.332127,"USDQAR":3.652954,"USDRON":4.351298,"USDRSD":100.375,"USDRUB":77.997036,"USDRWF":1447.861066,"USDSAR":3.750646,"USDSBD":8.31956,"USDSCR":14.70782,"USDSDG":600.503383,"USDSEK":9.615602,"USDSGD":1.282245,"USDSHP":0.785843,"USDSLE":22.50795,"USDSLL":20969.503947,"USDSOS":572.667221,"USDSRD":37.205498,"USDSTD":20697.981008,"USDSVC":8.767323,"USDSYP":13001.985225,"USDSZL":17.894489,"USDTHB":32.468017,"USDTJS":9.674211,"USDTMT":3.51,"USDTND":2.935746,"USDTOP":2.342097,"USDTRY":40.231103,"USDTTD":6.801037,"USDTWD":29.374023,"USDTZS":2591.852029,"USDUAH":41.903065,"USDUGX":3590.721186,"USDUYU":40.722606,"USDUZS":12639.921177,"USDVES":114.18378,"USDVND":26139.5,"USDVUV":119.647162,"USDWST":2.605508,"USDXAF":562.006392,"USDXAG":0.026139,"USDXAU":0.000299,"USDXCD":2.70255,"USDXDR":0.698956,"USDXOF":562.003984,"USDXPF":102.178337,"USDYER":241.350035,"USDZAR":17.87065,"USDZMK":9001.198647,"USDZMW":23.245871,"USDZWL":321.999592}}