{"success":true,"terms":"https:\/\/currencylayer.com\/terms","privacy":"https:\/\/currencylayer.com\/privacy","timestamp":1763169968,"source":"USD","quotes":{"USDAED":3.673042,"USDAFN":66.000368,"USDALL":83.203989,"USDAMD":382.120403,"USDANG":1.790055,"USDAOA":917.000367,"USDARS":1397.162531,"USDAUD":1.531159,"USDAWG":1.80375,"USDAZN":1.70397,"USDBAM":1.682293,"USDBBD":2.013023,"USDBDT":122.133531,"USDBGN":1.683185,"USDBHD":0.375425,"USDBIF":2946,"USDBMD":1,"USDBND":1.30133,"USDBOB":6.906191,"USDBRL":5.297104,"USDBSD":0.999415,"USDBTC":1.0521863e-5,"USDBTN":88.626159,"USDBWP":14.228698,"USDBYN":3.409228,"USDBYR":19600,"USDBZD":2.010098,"USDCAD":1.40315,"USDCDF":2174.000362,"USDCHF":0.794757,"USDCLF":0.023592,"USDCLP":925.503912,"USDCNY":7.09955,"USDCNH":7.10029,"USDCOP":3757.25,"USDCRC":500.954773,"USDCUC":1,"USDCUP":26.5,"USDCVE":95.303894,"USDCZK":20.805104,"USDDJF":177.720393,"USDDKK":6.425804,"USDDOP":64.150393,"USDDZD":130.25304,"USDEGP":46.987226,"USDERN":15,"USDETB":155.950392,"USDEUR":0.86005,"USDFJD":2.30065,"USDFKP":0.757017,"USDGBP":0.759878,"USDGEL":2.703861,"USDGGP":0.757017,"USDGHS":10.97504,"USDGIP":0.757017,"USDGMD":72.503851,"USDGNF":8688.000355,"USDGTQ":7.660548,"USDGYD":209.038916,"USDHKD":7.77455,"USDHNL":26.303838,"USDHRK":6.482904,"USDHTG":130.932925,"USDHUF":330.790388,"USDIDR":16712,"USDILS":3.227704,"USDIMP":0.757017,"USDINR":88.68575,"USDIQD":1310,"USDIRR":42100.000352,"USDISK":126.820386,"USDJEP":0.757017,"USDJMD":160.523667,"USDJOD":0.70904,"USDJPY":154.54504,"USDKES":129.203801,"USDKGS":87.450384,"USDKHR":4015.00035,"USDKMF":424.00035,"USDKPW":900.02171,"USDKRW":1449.503789,"USDKWD":0.30669,"USDKYD":0.832889,"USDKZT":523.891035,"USDLAK":21685.000349,"USDLBP":89550.000349,"USDLKR":306.559549,"USDLRD":181.000348,"USDLSL":17.120381,"USDLTL":2.95274,"USDLVL":0.60489,"USDLYD":5.455039,"USDMAD":9.24375,"USDMDL":16.871097,"USDMGA":4495.000347,"USDMKD":52.917244,"USDMMK":2099.568332,"USDMNT":3578.06314,"USDMOP":8.000774,"USDMRU":39.850379,"USDMUR":45.650378,"USDMVR":15.403739,"USDMWK":1736.503736,"USDMXN":18.318904,"USDMYR":4.132504,"USDMZN":63.950377,"USDNAD":17.120377,"USDNGN":1440.780377,"USDNIO":36.760377,"USDNOK":10.088804,"USDNPR":141.801854,"USDNZD":1.760254,"USDOMR":0.382902,"USDPAB":0.999415,"USDPEN":3.365504,"USDPGK":4.223504,"USDPHP":59.015038,"USDPKR":280.703701,"USDPLN":3.63804,"USDPYG":7042.096028,"USDQAR":3.64075,"USDRON":4.374304,"USDRSD":101.247038,"USDRUB":80.491936,"USDRWF":1450,"USDSAR":3.750059,"USDSBD":8.244163,"USDSCR":13.654864,"USDSDG":601.503676,"USDSEK":9.449304,"USDSGD":1.297604,"USDSHP":0.750259,"USDSLE":23.403667,"USDSLL":20969.498139,"USDSOS":571.503662,"USDSRD":38.589504,"USDSTD":20697.981008,"USDSTN":21.375,"USDSVC":8.745205,"USDSYP":11058.869089,"USDSZL":17.120369,"USDTHB":32.330369,"USDTJS":9.225,"USDTMT":3.51,"USDTND":2.978504,"USDTOP":2.40776,"USDTRY":42.170504,"USDTTD":6.777226,"USDTWD":30.569504,"USDTZS":2440.000335,"USDUAH":42.001858,"USDUGX":3567.926508,"USDUYU":39.765005,"USDUZS":12050.000334,"USDVES":236.162804,"USDVND":26350,"USDVUV":121.860911,"USDWST":2.809778,"USDXAF":564.142765,"USDXAG":0.019769,"USDXAU":0.000245,"USDXCD":2.70255,"USDXCG":1.801252,"USDXDR":0.704774,"USDXOF":563.000332,"USDXPF":103.150363,"USDYER":238.525037,"USDZAR":17.08321,"USDZMK":9001.203584,"USDZMW":22.46297,"USDZWL":321.999592}}