{"success":true,"terms":"https:\/\/currencylayer.com\/terms","privacy":"https:\/\/currencylayer.com\/privacy","timestamp":1755135724,"source":"USD","quotes":{"USDAED":3.67297,"USDAFN":69.000421,"USDALL":83.772598,"USDAMD":383.559798,"USDANG":1.789783,"USDAOA":916.999429,"USDARS":1313.744402,"USDAUD":1.523496,"USDAWG":1.8015,"USDAZN":1.700761,"USDBAM":1.670289,"USDBBD":2.020291,"USDBDT":121.578055,"USDBGN":1.670355,"USDBHD":0.377054,"USDBIF":2955,"USDBMD":1,"USDBND":1.280733,"USDBOB":6.914192,"USDBRL":5.3929,"USDBSD":1.000623,"USDBTC":8.085643e-6,"USDBTN":87.500907,"USDBWP":13.354,"USDBYN":3.308539,"USDBYR":19600,"USDBZD":2.009949,"USDCAD":1.374665,"USDCDF":2890.000245,"USDCHF":0.804865,"USDCLF":0.024284,"USDCLP":952.640059,"USDCNY":7.17455,"USDCNH":7.17534,"USDCOP":4018,"USDCRC":506.076159,"USDCUC":1,"USDCUP":26.5,"USDCVE":94.550044,"USDCZK":20.881897,"USDDJF":177.719699,"USDDKK":6.371585,"USDDOP":61.649732,"USDDZD":129.784791,"USDEGP":48.313496,"USDERN":15,"USDETB":140.206841,"USDEUR":0.85379,"USDFJD":2.245198,"USDFKP":0.740335,"USDGBP":0.735985,"USDGEL":2.694973,"USDGGP":0.740335,"USDGHS":10.525003,"USDGIP":0.740335,"USDGMD":72.503625,"USDGNF":8675.00023,"USDGTQ":7.674834,"USDGYD":209.338372,"USDHKD":7.849075,"USDHNL":26.349768,"USDHRK":6.432046,"USDHTG":130.976882,"USDHUF":337.439774,"USDIDR":16111.35,"USDILS":3.379795,"USDIMP":0.740335,"USDINR":87.43975,"USDIQD":1310,"USDIRR":42125.000232,"USDISK":122.269638,"USDJEP":0.740335,"USDJMD":160.359029,"USDJOD":0.708984,"USDJPY":146.540498,"USDKES":129.502279,"USDKGS":87.350465,"USDKHR":4007.000033,"USDKMF":420.498164,"USDKPW":899.937534,"USDKRW":1381.270029,"USDKWD":0.30534,"USDKYD":0.833846,"USDKZT":538.471721,"USDLAK":21600.000029,"USDLBP":89360.702309,"USDLKR":301.058556,"USDLRD":201.50087,"USDLSL":17.519939,"USDLTL":2.95274,"USDLVL":0.60489,"USDLYD":5.425015,"USDMAD":8.996503,"USDMDL":16.705097,"USDMGA":4440.000344,"USDMKD":52.571551,"USDMMK":2099.235265,"USDMNT":3596.390082,"USDMOP":8.090214,"USDMRU":39.940066,"USDMUR":45.429979,"USDMVR":15.399774,"USDMWK":1736.506028,"USDMXN":18.634525,"USDMYR":4.190178,"USDMZN":63.960042,"USDNAD":17.520091,"USDNGN":1533.402857,"USDNIO":36.750178,"USDNOK":10.18311,"USDNPR":140.001281,"USDNZD":1.670015,"USDOMR":0.384508,"USDPAB":1.000576,"USDPEN":3.540984,"USDPGK":4.148496,"USDPHP":56.737499,"USDPKR":282.449927,"USDPLN":3.632599,"USDPYG":7494.865215,"USDQAR":3.640501,"USDRON":4.321603,"USDRSD":100.046966,"USDRUB":79.449978,"USDRWF":1444,"USDSAR":3.752274,"USDSBD":8.223773,"USDSCR":14.720134,"USDSDG":600.505074,"USDSEK":9.541335,"USDSGD":1.279365,"USDSHP":0.785843,"USDSLE":23.197124,"USDSLL":20969.49797,"USDSOS":571.499562,"USDSRD":37.549029,"USDSTD":20697.981008,"USDSTN":21.3,"USDSVC":8.755396,"USDSYP":13001.950021,"USDSZL":17.520263,"USDTHB":32.258024,"USDTJS":9.330344,"USDTMT":3.51,"USDTND":2.870499,"USDTOP":2.342102,"USDTRY":40.767596,"USDTTD":6.795221,"USDTWD":29.908987,"USDTZS":2605.00036,"USDUAH":41.545432,"USDUGX":3560.296165,"USDUYU":40.070542,"USDUZS":12524.999844,"USDVES":133.353953,"USDVND":26285,"USDVUV":119.550084,"USDWST":2.658125,"USDXAF":560.208896,"USDXAG":0.025922,"USDXAU":0.000297,"USDXCD":2.70255,"USDXCG":1.803361,"USDXDR":0.702337,"USDXOF":559.502097,"USDXPF":102.250129,"USDYER":240.275026,"USDZAR":17.49175,"USDZMK":9001.203014,"USDZMW":23.03905,"USDZWL":321.999592}}