{"success":true,"terms":"https:\/\/currencylayer.com\/terms","privacy":"https:\/\/currencylayer.com\/privacy","timestamp":1764898864,"source":"USD","quotes":{"USDAED":3.672494,"USDAFN":64.9998,"USDALL":82.691317,"USDAMD":381.139581,"USDANG":1.790055,"USDAOA":916.999787,"USDARS":1446.012496,"USDAUD":1.511956,"USDAWG":1.80125,"USDAZN":1.698846,"USDBAM":1.674823,"USDBBD":2.014506,"USDBDT":122.377503,"USDBGN":1.679299,"USDBHD":0.37701,"USDBIF":2965,"USDBMD":1,"USDBND":1.295278,"USDBOB":6.911493,"USDBRL":5.310898,"USDBSD":1.000188,"USDBTC":1.0814792e-5,"USDBTN":89.847403,"USDBWP":13.288462,"USDBYN":2.89558,"USDBYR":19600,"USDBZD":2.011595,"USDCAD":1.39525,"USDCDF":2230.000138,"USDCHF":0.803296,"USDCLF":0.023394,"USDCLP":917.729969,"USDCNY":7.07165,"USDCNH":7.066725,"USDCOP":3796.99,"USDCRC":490.417716,"USDCUC":1,"USDCUP":26.5,"USDCVE":94.874992,"USDCZK":20.770599,"USDDJF":177.719967,"USDDKK":6.4098,"USDDOP":63.449954,"USDDZD":130.088739,"USDEGP":47.522698,"USDERN":15,"USDETB":155.624984,"USDEUR":0.85823,"USDFJD":2.260967,"USDFKP":0.750125,"USDGBP":0.75007,"USDGEL":2.7004,"USDGGP":0.750125,"USDGHS":11.424982,"USDGIP":0.750125,"USDGMD":73.000214,"USDGNF":8688.491011,"USDGTQ":7.661644,"USDGYD":209.260306,"USDHKD":7.78331,"USDHNL":26.27987,"USDHRK":6.465099,"USDHTG":131.010948,"USDHUF":328.509719,"USDIDR":16661,"USDILS":3.242065,"USDIMP":0.750125,"USDINR":89.88835,"USDIQD":1310,"USDIRR":42125.000271,"USDISK":127.879678,"USDJEP":0.750125,"USDJMD":160.297663,"USDJOD":0.708965,"USDJPY":155.075018,"USDKES":129.403214,"USDKGS":87.450261,"USDKHR":4004.000395,"USDKMF":421.999774,"USDKPW":899.992858,"USDKRW":1472.000282,"USDKWD":0.30685,"USDKYD":0.833547,"USDKZT":505.54899,"USDLAK":21697.482409,"USDLBP":89550.000379,"USDLKR":308.73966,"USDLRD":177.750105,"USDLSL":17.050429,"USDLTL":2.95274,"USDLVL":0.60489,"USDLYD":5.450125,"USDMAD":9.2265,"USDMDL":17.013479,"USDMGA":4485.000166,"USDMKD":52.93125,"USDMMK":2099.902882,"USDMNT":3550.784265,"USDMOP":8.019147,"USDMRU":39.835024,"USDMUR":46.059609,"USDMVR":15.410056,"USDMWK":1736.000262,"USDMXN":18.219994,"USDMYR":4.11802,"USDMZN":63.904892,"USDNAD":17.049989,"USDNGN":1448.102105,"USDNIO":36.769928,"USDNOK":10.10144,"USDNPR":143.755673,"USDNZD":1.733475,"USDOMR":0.384494,"USDPAB":1.000287,"USDPEN":3.362495,"USDPGK":4.187001,"USDPHP":59.045008,"USDPKR":280.496053,"USDPLN":3.633995,"USDPYG":6936.327086,"USDQAR":3.641028,"USDRON":4.370302,"USDRSD":100.753979,"USDRUB":76.002643,"USDRWF":1450,"USDSAR":3.753021,"USDSBD":8.223823,"USDSCR":13.538216,"USDSDG":601.507781,"USDSEK":9.418265,"USDSGD":1.295655,"USDSHP":0.750259,"USDSLE":22.999821,"USDSLL":20969.498139,"USDSOS":571.491204,"USDSRD":38.643501,"USDSTD":20697.981008,"USDSTN":21.3,"USDSVC":8.751648,"USDSYP":11056.894377,"USDSZL":17.050071,"USDTHB":32.01961,"USDTJS":9.191971,"USDTMT":3.5,"USDTND":2.93704,"USDTOP":2.40776,"USDTRY":42.494097,"USDTTD":6.781243,"USDTWD":31.347302,"USDTZS":2445.000074,"USDUAH":42.172841,"USDUGX":3546.090181,"USDUYU":39.185295,"USDUZS":11935.000357,"USDVES":248.585899,"USDVND":26374.5,"USDVUV":122.113889,"USDWST":2.800321,"USDXAF":561.712823,"USDXAG":0.017511,"USDXAU":0.000238,"USDXCD":2.70255,"USDXCG":1.802674,"USDXDR":0.699504,"USDXOF":561.496572,"USDXPF":102.606028,"USDYER":238.398647,"USDZAR":16.98523,"USDZMK":9001.192219,"USDZMW":22.979795,"USDZWL":321.999592}}