{"success":true,"terms":"https:\/\/currencylayer.com\/terms","privacy":"https:\/\/currencylayer.com\/privacy","timestamp":1767318363,"source":"USD","quotes":{"USDAED":3.672503,"USDAFN":66.106128,"USDALL":82.462283,"USDAMD":381.646874,"USDANG":1.790403,"USDAOA":916.999752,"USDARS":1448.550098,"USDAUD":1.494221,"USDAWG":1.8025,"USDAZN":1.703014,"USDBAM":1.666106,"USDBBD":2.015555,"USDBDT":122.381003,"USDBGN":1.666698,"USDBHD":0.376969,"USDBIF":2960.464106,"USDBMD":1,"USDBND":1.286514,"USDBOB":6.930128,"USDBRL":5.522099,"USDBSD":1.000707,"USDBTC":1.1412112e-5,"USDBTN":90.075562,"USDBWP":13.139445,"USDBYN":2.939776,"USDBYR":19600,"USDBZD":2.012659,"USDCAD":1.370825,"USDCDF":2164.999824,"USDCHF":0.791225,"USDCLF":0.022938,"USDCLP":899.850433,"USDCNY":6.996401,"USDCNH":6.97704,"USDCOP":3770.75,"USDCRC":497.073782,"USDCUC":1,"USDCUP":26.5,"USDCVE":93.933689,"USDCZK":20.54098,"USDDJF":177.719525,"USDDKK":6.351115,"USDDOP":63.090461,"USDDZD":129.565162,"USDEGP":47.606303,"USDERN":15,"USDETB":155.306806,"USDEUR":0.850345,"USDFJD":2.273298,"USDFKP":0.743772,"USDGBP":0.74163,"USDGEL":2.695023,"USDGGP":0.743772,"USDGHS":10.508067,"USDGIP":0.743772,"USDGMD":73.999962,"USDGNF":8754.802491,"USDGTQ":7.675532,"USDGYD":209.36909,"USDHKD":7.790875,"USDHNL":26.382819,"USDHRK":6.407697,"USDHTG":130.968506,"USDHUF":326.851034,"USDIDR":16675,"USDILS":3.186885,"USDIMP":0.743772,"USDINR":90.31505,"USDIQD":1310.962883,"USDIRR":42125.000493,"USDISK":125.170306,"USDJEP":0.743772,"USDJMD":159.029535,"USDJOD":0.708982,"USDJPY":156.636498,"USDKES":129.089912,"USDKGS":87.443501,"USDKHR":4009.813693,"USDKMF":420.00001,"USDKPW":899.994146,"USDKRW":1440.809665,"USDKWD":0.30769,"USDKYD":0.833994,"USDKZT":507.398605,"USDLAK":21633.571009,"USDLBP":89616.523195,"USDLKR":309.880992,"USDLRD":178.128754,"USDLSL":16.565363,"USDLTL":2.95274,"USDLVL":0.60489,"USDLYD":5.41968,"USDMAD":9.125364,"USDMDL":16.842652,"USDMGA":4593.353608,"USDMKD":52.457549,"USDMMK":2101.528199,"USDMNT":3558.945081,"USDMOP":8.023887,"USDMRU":39.738642,"USDMUR":46.250244,"USDMVR":15.450098,"USDMWK":1735.285849,"USDMXN":17.97301,"USDMYR":4.057505,"USDMZN":63.910373,"USDNAD":16.565293,"USDNGN":1446.619732,"USDNIO":36.826906,"USDNOK":10.062505,"USDNPR":144.120729,"USDNZD":1.733535,"USDOMR":0.384498,"USDPAB":1.000716,"USDPEN":3.366031,"USDPGK":4.262823,"USDPHP":58.884012,"USDPKR":280.231968,"USDPLN":3.585895,"USDPYG":6569.722371,"USDQAR":3.640127,"USDRON":4.334505,"USDRSD":99.959716,"USDRUB":78.939268,"USDRWF":1458.083093,"USDSAR":3.750501,"USDSBD":8.136831,"USDSCR":13.817019,"USDSDG":601.490077,"USDSEK":9.204599,"USDSGD":1.284265,"USDSHP":0.750259,"USDSLE":24.050226,"USDSLL":20969.503664,"USDSOS":570.932045,"USDSRD":38.126503,"USDSTD":20697.981008,"USDSTN":20.871136,"USDSVC":8.756506,"USDSYP":11056.904457,"USDSZL":16.560607,"USDTHB":31.489944,"USDTJS":9.241824,"USDTMT":3.51,"USDTND":2.91815,"USDTOP":2.40776,"USDTRY":43.008604,"USDTTD":6.802286,"USDTWD":31.385497,"USDTZS":2459.999909,"USDUAH":42.338589,"USDUGX":3623.089636,"USDUYU":39.186789,"USDUZS":12013.255301,"USDVES":297.770445,"USDVND":26300,"USDVUV":120.790512,"USDWST":2.775488,"USDXAF":558.798674,"USDXAG":0.013939,"USDXAU":0.000231,"USDXCD":2.70255,"USDXCG":1.803607,"USDXDR":0.694966,"USDXOF":558.798674,"USDXPF":101.595577,"USDYER":238.449956,"USDZAR":16.54645,"USDZMK":9001.199859,"USDZMW":22.191554,"USDZWL":321.999592}}