{"success":true,"terms":"https:\/\/currencylayer.com\/terms","privacy":"https:\/\/currencylayer.com\/privacy","timestamp":1760924355,"source":"USD","quotes":{"USDAED":3.672503,"USDAFN":66.628665,"USDALL":82.829027,"USDAMD":384.78682,"USDANG":1.789982,"USDAOA":917.000161,"USDARS":1454.975275,"USDAUD":1.536807,"USDAWG":1.8025,"USDAZN":1.699161,"USDBAM":1.676474,"USDBBD":2.018224,"USDBDT":122.045405,"USDBGN":1.677399,"USDBHD":0.377761,"USDBIF":2953.40385,"USDBMD":1,"USDBND":1.297338,"USDBOB":6.924277,"USDBRL":5.418032,"USDBSD":1.00204,"USDBTC":9.254332e-6,"USDBTN":88.200957,"USDBWP":13.427738,"USDBYN":3.413522,"USDBYR":19600,"USDBZD":2.015309,"USDCAD":1.40125,"USDCDF":2204.999923,"USDCHF":0.79367,"USDCLF":0.024501,"USDCLP":961.150208,"USDCNY":7.12705,"USDCNH":7.12763,"USDCOP":3856.71,"USDCRC":502.99586,"USDCUC":1,"USDCUP":26.5,"USDCVE":94.516638,"USDCZK":20.846802,"USDDJF":178.438566,"USDDKK":6.40559,"USDDOP":63.371649,"USDDZD":129.305726,"USDEGP":47.496633,"USDERN":15,"USDETB":148.933796,"USDEUR":0.85776,"USDFJD":2.27385,"USDFKP":0.743665,"USDGBP":0.744665,"USDGEL":2.709182,"USDGGP":0.743665,"USDGHS":10.74643,"USDGIP":0.743665,"USDGMD":71.999709,"USDGNF":8695.242218,"USDGTQ":7.675164,"USDGYD":209.605527,"USDHKD":7.767301,"USDHNL":26.317165,"USDHRK":6.460603,"USDHTG":131.413828,"USDHUF":334.010326,"USDIDR":16565.5,"USDILS":3.308895,"USDIMP":0.743665,"USDINR":87.93956,"USDIQD":1312.681079,"USDIRR":42062.5023,"USDISK":121.629558,"USDJEP":0.743665,"USDJMD":161.03856,"USDJOD":0.709014,"USDJPY":151.076499,"USDKES":129.420402,"USDKGS":87.44994,"USDKHR":4033.018464,"USDKMF":422.500575,"USDKPW":900.000254,"USDKRW":1422.504979,"USDKWD":0.30583,"USDKYD":0.835062,"USDKZT":539.052991,"USDLAK":21743.826235,"USDLBP":89732.47272,"USDLKR":303.380707,"USDLRD":183.367335,"USDLSL":17.473321,"USDLTL":2.95274,"USDLVL":0.60489,"USDLYD":5.438789,"USDMAD":9.163138,"USDMDL":16.899103,"USDMGA":4457.340254,"USDMKD":52.819482,"USDMMK":2099.629329,"USDMNT":3596.335916,"USDMOP":8.016321,"USDMRU":40.073375,"USDMUR":45.030016,"USDMVR":15.299041,"USDMWK":1737.505518,"USDMXN":18.374535,"USDMYR":4.225989,"USDMZN":63.910184,"USDNAD":17.47347,"USDNGN":1469.480193,"USDNIO":36.875919,"USDNOK":10.05985,"USDNPR":141.121964,"USDNZD":1.744029,"USDOMR":0.38357,"USDPAB":1.00204,"USDPEN":3.392893,"USDPGK":4.273904,"USDPHP":58.151036,"USDPKR":283.664518,"USDPLN":3.63896,"USDPYG":7112.059729,"USDQAR":3.652432,"USDRON":4.363699,"USDRSD":100.435876,"USDRUB":81.398092,"USDRWF":1454.464412,"USDSAR":3.750301,"USDSBD":8.237372,"USDSCR":13.917947,"USDSDG":601.501353,"USDSEK":9.42415,"USDSGD":1.295319,"USDSHP":0.750259,"USDSLE":23.119694,"USDSLL":20969.499529,"USDSOS":572.682505,"USDSRD":39.415997,"USDSTD":20697.981008,"USDSTN":21.00093,"USDSVC":8.768065,"USDSYP":13001.879697,"USDSZL":17.467556,"USDTHB":32.762986,"USDTJS":9.243713,"USDTMT":3.5,"USDTND":2.925803,"USDTOP":2.342102,"USDTRY":41.955785,"USDTTD":6.796558,"USDTWD":30.658497,"USDTZS":2467.458974,"USDUAH":41.821166,"USDUGX":3502.425811,"USDUYU":40.11589,"USDUZS":12185.682509,"USDVES":201.21765,"USDVND":26342,"USDVUV":122.048203,"USDWST":2.808994,"USDXAF":562.273758,"USDXAG":0.019214,"USDXAU":0.000235,"USDXCD":2.70255,"USDXCG":1.805901,"USDXDR":0.699288,"USDXOF":562.271348,"USDXPF":102.227384,"USDYER":238.895167,"USDZAR":17.359105,"USDZMK":9001.204398,"USDZMW":22.721195,"USDZWL":321.999592}}