{"success":true,"terms":"https:\/\/currencylayer.com\/terms","privacy":"https:\/\/currencylayer.com\/privacy","timestamp":1762134015,"source":"USD","quotes":{"USDAED":3.672497,"USDAFN":66.520109,"USDALL":83.494978,"USDAMD":381.39575,"USDANG":1.789982,"USDAOA":916.999996,"USDARS":1447.893201,"USDAUD":1.528608,"USDAWG":1.8,"USDAZN":1.700226,"USDBAM":1.686107,"USDBBD":2.008449,"USDBDT":121.858701,"USDBGN":1.69663,"USDBHD":0.375016,"USDBIF":2926.246821,"USDBMD":1,"USDBND":1.297125,"USDBOB":6.890814,"USDBRL":5.377696,"USDBSD":0.997198,"USDBTC":9.120343e-6,"USDBTN":88.403811,"USDBWP":13.391094,"USDBYN":3.399026,"USDBYR":19600,"USDBZD":2.005604,"USDCAD":1.402115,"USDCDF":2240.000087,"USDCHF":0.804975,"USDCLF":0.023983,"USDCLP":940.859727,"USDCNY":7.117402,"USDCNH":7.122265,"USDCOP":3851.8,"USDCRC":500.107763,"USDCUC":1,"USDCUP":26.5,"USDCVE":95.060132,"USDCZK":21.112102,"USDDJF":177.57662,"USDDKK":6.478245,"USDDOP":64.071727,"USDDZD":129.303849,"USDEGP":47.294102,"USDERN":15,"USDETB":153.634122,"USDEUR":0.86749,"USDFJD":2.29315,"USDFKP":0.76037,"USDGBP":0.76133,"USDGEL":2.715,"USDGGP":0.76037,"USDGHS":10.869434,"USDGIP":0.76037,"USDGMD":72.516915,"USDGNF":8655.545498,"USDGTQ":7.644295,"USDGYD":208.629682,"USDHKD":7.771915,"USDHNL":26.228717,"USDHRK":6.537499,"USDHTG":130.436657,"USDHUF":336.291994,"USDIDR":16638,"USDILS":3.25869,"USDIMP":0.76037,"USDINR":88.91515,"USDIQD":1306.349412,"USDIRR":42075.000261,"USDISK":125.610371,"USDJEP":0.76037,"USDJMD":160.050002,"USDJOD":0.709027,"USDJPY":154.098004,"USDKES":128.840233,"USDKGS":87.449952,"USDKHR":3998.448209,"USDKMF":425.999992,"USDKPW":899.99949,"USDKRW":1431.149575,"USDKWD":0.30692,"USDKYD":0.830984,"USDKZT":528.014139,"USDLAK":21559.549981,"USDLBP":89348.937454,"USDLKR":303.599293,"USDLRD":182.740635,"USDLSL":17.29428,"USDLTL":2.95274,"USDLVL":0.60489,"USDLYD":5.43989,"USDMAD":9.236346,"USDMDL":16.977456,"USDMGA":4478.641321,"USDMKD":53.122979,"USDMMK":2099.612998,"USDMNT":3586.24692,"USDMOP":7.982499,"USDMRU":39.945687,"USDMUR":45.750152,"USDMVR":15.300984,"USDMWK":1729.126255,"USDMXN":18.563715,"USDMYR":4.197498,"USDMZN":63.896053,"USDNAD":17.29428,"USDNGN":1445.629792,"USDNIO":36.699858,"USDNOK":10.129797,"USDNPR":141.445752,"USDNZD":1.749873,"USDOMR":0.382542,"USDPAB":0.997371,"USDPEN":3.373594,"USDPGK":4.204492,"USDPHP":58.759997,"USDPKR":282.381654,"USDPLN":3.691236,"USDPYG":7054.614423,"USDQAR":3.634812,"USDRON":4.410204,"USDRSD":101.05608,"USDRUB":80.884394,"USDRWF":1448.424501,"USDSAR":3.750485,"USDSBD":8.237372,"USDSCR":14.679971,"USDSDG":601.49594,"USDSEK":9.5035,"USDSGD":1.301855,"USDSHP":0.750259,"USDSLE":23.170159,"USDSLL":20969.499529,"USDSOS":569.938359,"USDSRD":38.509503,"USDSTD":20697.981008,"USDSTN":21.1216,"USDSVC":8.725376,"USDSYP":11056.726992,"USDSZL":17.2904,"USDTHB":32.429812,"USDTJS":9.184189,"USDTMT":3.5,"USDTND":2.944955,"USDTOP":2.342104,"USDTRY":42.06294,"USDTTD":6.753739,"USDTWD":30.793009,"USDTZS":2453.123038,"USDUAH":41.795077,"USDUGX":3473.425579,"USDUYU":39.777577,"USDUZS":11971.205655,"USDVES":221.46885,"USDVND":26315,"USDVUV":121.590602,"USDWST":2.799576,"USDXAF":565.504548,"USDXAG":0.020599,"USDXAU":0.00025,"USDXCD":2.702549,"USDXCG":1.797233,"USDXDR":0.703306,"USDXOF":565.504548,"USDXPF":102.814776,"USDYER":238.531123,"USDZAR":17.342485,"USDZMK":9001.206495,"USDZMW":22.06302,"USDZWL":321.999592}}