{"success":true,"terms":"https:\/\/currencylayer.com\/terms","privacy":"https:\/\/currencylayer.com\/privacy","timestamp":1774491967,"source":"USD","quotes":{"USDAED":3.672503,"USDAFN":63.500451,"USDALL":83.099858,"USDAMD":378.311305,"USDANG":1.790083,"USDAOA":916.99979,"USDARS":1376.749873,"USDAUD":1.440507,"USDAWG":1.80225,"USDAZN":1.705525,"USDBAM":1.69121,"USDBBD":2.021203,"USDBDT":123.152752,"USDBGN":1.709309,"USDBHD":0.377549,"USDBIF":2980.6865,"USDBMD":1,"USDBND":1.282811,"USDBOB":6.934122,"USDBRL":5.238202,"USDBSD":1.003511,"USDBTC":1.4096728e-5,"USDBTN":94.391913,"USDBWP":13.675591,"USDBYN":2.974214,"USDBYR":19600,"USDBZD":2.018349,"USDCAD":1.38261,"USDCDF":2280.000268,"USDCHF":0.791885,"USDCLF":0.023243,"USDCLP":917.760176,"USDCNY":6.9015,"USDCNH":6.90766,"USDCOP":3701.5,"USDCRC":466.602389,"USDCUC":1,"USDCUP":26.5,"USDCVE":95.347419,"USDCZK":21.1576,"USDDJF":178.70438,"USDDKK":6.46206,"USDDOP":60.504391,"USDDZD":132.651305,"USDEGP":52.531503,"USDERN":15,"USDETB":156.694439,"USDEUR":0.864697,"USDFJD":2.228198,"USDFKP":0.747226,"USDGBP":0.748515,"USDGEL":2.694989,"USDGGP":0.747226,"USDGHS":10.97146,"USDGIP":0.747226,"USDGMD":73.496448,"USDGNF":8795.921985,"USDGTQ":7.680368,"USDGYD":209.951965,"USDHKD":7.818715,"USDHNL":26.573681,"USDHRK":6.515905,"USDHTG":131.592942,"USDHUF":335.07397,"USDIDR":16887,"USDILS":3.11585,"USDIMP":0.747226,"USDINR":93.95905,"USDIQD":1314.718815,"USDIRR":1313149.999948,"USDISK":123.840175,"USDJEP":0.747226,"USDJMD":158.070639,"USDJOD":0.709017,"USDJPY":159.455002,"USDKES":130.061827,"USDKGS":87.449197,"USDKHR":4024.402371,"USDKMF":427.000239,"USDKPW":900.014346,"USDKRW":1505.619659,"USDKWD":0.30661,"USDKYD":0.83627,"USDKZT":484.190774,"USDLAK":21636.228425,"USDLBP":89732.015462,"USDLKR":315.615164,"USDLRD":184.148973,"USDLSL":16.90412,"USDLTL":2.95274,"USDLVL":0.60489,"USDLYD":6.398976,"USDMAD":9.352461,"USDMDL":17.546954,"USDMGA":4182.664038,"USDMKD":53.307679,"USDMMK":2100.167588,"USDMNT":3569.46809,"USDMOP":8.081059,"USDMRU":39.984608,"USDMUR":46.460165,"USDMVR":15.449875,"USDMWK":1740.168102,"USDMXN":17.77765,"USDMYR":3.985495,"USDMZN":63.902537,"USDNAD":16.904046,"USDNGN":1385.460123,"USDNIO":36.93215,"USDNOK":9.689809,"USDNPR":151.028367,"USDNZD":1.723675,"USDOMR":0.384488,"USDPAB":1.003502,"USDPEN":3.470204,"USDPGK":4.335701,"USDPHP":60.204954,"USDPKR":280.088894,"USDPLN":3.69957,"USDPYG":6529.521635,"USDQAR":3.659719,"USDRON":4.406095,"USDRSD":101.570045,"USDRUB":81.002473,"USDRWF":1465.35287,"USDSAR":3.751413,"USDSBD":8.042037,"USDSCR":13.818642,"USDSDG":601.000443,"USDSEK":9.351197,"USDSGD":1.281765,"USDSHP":0.750259,"USDSLE":24.550019,"USDSLL":20969.510825,"USDSOS":573.481661,"USDSRD":37.340499,"USDSTD":20697.981008,"USDSTN":21.185616,"USDSVC":8.781222,"USDSYP":110.948257,"USDSZL":16.913113,"USDTHB":32.750006,"USDTJS":9.608761,"USDTMT":3.5,"USDTND":2.944775,"USDTOP":2.40776,"USDTRY":44.365901,"USDTTD":6.823498,"USDTWD":31.922697,"USDTZS":2570.058989,"USDUAH":44.060825,"USDUGX":3713.071412,"USDUYU":40.624149,"USDUZS":12239.233167,"USDVES":462.09036,"USDVND":26347.5,"USDVUV":119.508072,"USDWST":2.738201,"USDXAF":567.218502,"USDXAG":0.01392,"USDXAU":0.000221,"USDXCD":2.70255,"USDXCG":1.808646,"USDXDR":0.705441,"USDXOF":567.223406,"USDXPF":103.126392,"USDYER":238.649856,"USDZAR":17.006035,"USDZMK":9001.203286,"USDZMW":18.791291,"USDZWL":321.999592}}