{"success":true,"terms":"https:\/\/currencylayer.com\/terms","privacy":"https:\/\/currencylayer.com\/privacy","timestamp":1771467008,"source":"USD","quotes":{"USDAED":3.672501,"USDAFN":61.999883,"USDALL":81.690619,"USDAMD":377.803213,"USDANG":1.789731,"USDAOA":916.99992,"USDARS":1396.9882,"USDAUD":1.41545,"USDAWG":1.8025,"USDAZN":1.699385,"USDBAM":1.658231,"USDBBD":2.020942,"USDBDT":122.616474,"USDBGN":1.647646,"USDBHD":0.37704,"USDBIF":2974.098097,"USDBMD":1,"USDBND":1.268303,"USDBOB":6.93374,"USDBRL":5.236404,"USDBSD":1.003434,"USDBTC":1.4965826e-5,"USDBTN":90.938149,"USDBWP":13.21633,"USDBYN":2.866845,"USDBYR":19600,"USDBZD":2.018059,"USDCAD":1.36904,"USDCDF":2274.999652,"USDCHF":0.772445,"USDCLF":0.02182,"USDCLP":861.580419,"USDCNY":6.908502,"USDCNH":6.896385,"USDCOP":3680.03,"USDCRC":483.530459,"USDCUC":1,"USDCUP":26.5,"USDCVE":93.48849,"USDCZK":20.555989,"USDDJF":178.68498,"USDDKK":6.335101,"USDDOP":61.732163,"USDDZD":129.952096,"USDEGP":46.917295,"USDERN":15,"USDETB":154.218746,"USDEUR":0.847935,"USDFJD":2.198801,"USDFKP":0.73862,"USDGBP":0.741025,"USDGEL":2.669933,"USDGGP":0.73862,"USDGHS":11.042435,"USDGIP":0.73862,"USDGMD":74.000086,"USDGNF":8807.495019,"USDGTQ":7.69596,"USDGYD":209.928356,"USDHKD":7.81515,"USDHNL":26.539489,"USDHRK":6.388299,"USDHTG":131.527407,"USDHUF":321.531017,"USDIDR":16937,"USDILS":3.096605,"USDIMP":0.73862,"USDINR":90.75685,"USDIQD":1314.511001,"USDIRR":42125.000158,"USDISK":122.869901,"USDJEP":0.73862,"USDJMD":156.242316,"USDJOD":0.708985,"USDJPY":154.96202,"USDKES":129.32998,"USDKGS":87.449872,"USDKHR":4030.692272,"USDKMF":417.000144,"USDKPW":899.96705,"USDKRW":1450.710323,"USDKWD":0.30681,"USDKYD":0.836152,"USDKZT":490.711772,"USDLAK":21499.003773,"USDLBP":89854.678028,"USDLKR":310.373479,"USDLRD":186.129128,"USDLSL":16.056467,"USDLTL":2.95274,"USDLVL":0.60489,"USDLYD":6.335156,"USDMAD":9.168002,"USDMDL":17.113061,"USDMGA":4365.594133,"USDMKD":52.265887,"USDMMK":2099.648509,"USDMNT":3578.335527,"USDMOP":8.078766,"USDMRU":39.97626,"USDMUR":46.000057,"USDMVR":15.405038,"USDMWK":1739.878757,"USDMXN":17.208197,"USDMYR":3.913495,"USDMZN":63.921651,"USDNAD":16.056467,"USDNGN":1345.899746,"USDNIO":36.92399,"USDNOK":9.52655,"USDNPR":145.500869,"USDNZD":1.67368,"USDOMR":0.384518,"USDPAB":1.003434,"USDPEN":3.356141,"USDPGK":4.373225,"USDPHP":57.914498,"USDPKR":280.450888,"USDPLN":3.577295,"USDPYG":6558.141507,"USDQAR":3.648311,"USDRON":4.319799,"USDRSD":99.592021,"USDRUB":76.751348,"USDRWF":1465.428802,"USDSAR":3.750514,"USDSBD":8.045182,"USDSCR":13.670075,"USDSDG":601.503157,"USDSEK":9.030545,"USDSGD":1.26696,"USDSHP":0.750259,"USDSLE":24.506465,"USDSLL":20969.49935,"USDSOS":572.470219,"USDSRD":37.701015,"USDSTD":20697.981008,"USDSTN":20.772394,"USDSVC":8.779516,"USDSYP":11059.574895,"USDSZL":16.063419,"USDTHB":31.231501,"USDTJS":9.462122,"USDTMT":3.5,"USDTND":2.897791,"USDTOP":2.40776,"USDTRY":43.769497,"USDTTD":6.798932,"USDTWD":31.536007,"USDTZS":2583.403006,"USDUAH":43.457883,"USDUGX":3551.655433,"USDUYU":38.984272,"USDUZS":12179.405655,"USDVES":395.87199,"USDVND":25970,"USDVUV":118.946968,"USDWST":2.704181,"USDXAF":556.154987,"USDXAG":0.012935,"USDXAU":0.000201,"USDXCD":2.70255,"USDXCG":1.808385,"USDXDR":0.691678,"USDXOF":556.154987,"USDXPF":101.114926,"USDYER":238.424999,"USDZAR":16.03627,"USDZMK":9001.202368,"USDZMW":18.768918,"USDZWL":321.999592}}