{"success":true,"terms":"https:\/\/currencylayer.com\/terms","privacy":"https:\/\/currencylayer.com\/privacy","timestamp":1777606027,"source":"USD","quotes":{"USDAED":3.67315,"USDAFN":63.498326,"USDALL":81.449738,"USDAMD":370.779609,"USDANG":1.789884,"USDAOA":918.000256,"USDARS":1392.019897,"USDAUD":1.38847,"USDAWG":1.8,"USDAZN":1.698241,"USDBAM":1.669697,"USDBBD":2.01454,"USDBDT":122.725158,"USDBGN":1.668102,"USDBHD":0.377625,"USDBIF":2975,"USDBMD":1,"USDBND":1.275896,"USDBOB":6.911331,"USDBRL":4.971195,"USDBSD":1.000226,"USDBTC":1.2946107e-5,"USDBTN":94.881811,"USDBWP":13.592996,"USDBYN":2.822528,"USDBYR":19600,"USDBZD":2.011629,"USDCAD":1.357315,"USDCDF":2320.000336,"USDCHF":0.78136,"USDCLF":0.022892,"USDCLP":900.969988,"USDCNY":6.82815,"USDCNH":6.830125,"USDCOP":3656.63,"USDCRC":454.73562,"USDCUC":1,"USDCUP":26.5,"USDCVE":94.496482,"USDCZK":20.777982,"USDDJF":177.719917,"USDDKK":6.36767,"USDDOP":59.402416,"USDDZD":132.419002,"USDEGP":53.6052,"USDERN":15,"USDETB":157.000077,"USDEUR":0.85211,"USDFJD":2.192093,"USDFKP":0.741296,"USDGBP":0.734715,"USDGEL":2.684944,"USDGGP":0.741296,"USDGHS":11.195039,"USDGIP":0.741296,"USDGMD":73.497497,"USDGNF":8777.496301,"USDGTQ":7.641507,"USDGYD":209.25239,"USDHKD":7.83325,"USDHNL":26.619732,"USDHRK":6.420202,"USDHTG":131.024649,"USDHUF":310.380116,"USDIDR":17309.3,"USDILS":2.95247,"USDIMP":0.741296,"USDINR":94.90105,"USDIQD":1310,"USDIRR":1315000.000072,"USDISK":122.540061,"USDJEP":0.741296,"USDJMD":156.725146,"USDJOD":0.708998,"USDJPY":157.176503,"USDKES":129.180149,"USDKGS":87.4205,"USDKHR":4012.500062,"USDKMF":419.999919,"USDKPW":899.850687,"USDKRW":1473.950079,"USDKWD":0.30729,"USDKYD":0.833543,"USDKZT":463.288124,"USDLAK":21977.501325,"USDLBP":89550.000198,"USDLKR":319.671116,"USDLRD":183.849795,"USDLSL":16.660036,"USDLTL":2.95274,"USDLVL":0.60489,"USDLYD":6.354985,"USDMAD":9.233976,"USDMDL":17.233504,"USDMGA":4155.000085,"USDMKD":52.5338,"USDMMK":2099.682501,"USDMNT":3578.099757,"USDMOP":8.070846,"USDMRU":39.989792,"USDMUR":47.03986,"USDMVR":15.455032,"USDMWK":1741.489682,"USDMXN":17.462401,"USDMYR":3.970131,"USDMZN":63.904972,"USDNAD":16.659979,"USDNGN":1374.690109,"USDNIO":36.720403,"USDNOK":9.2666,"USDNPR":151.803598,"USDNZD":1.693065,"USDOMR":0.384499,"USDPAB":1.000201,"USDPEN":3.507706,"USDPGK":4.340036,"USDPHP":61.264502,"USDPKR":278.75009,"USDPLN":3.625695,"USDPYG":6151.626275,"USDQAR":3.64375,"USDRON":4.431943,"USDRSD":100.076988,"USDRUB":74.924031,"USDRWF":1462,"USDSAR":3.75023,"USDSBD":8.048583,"USDSCR":14.624964,"USDSDG":600.499746,"USDSEK":9.233497,"USDSGD":1.272905,"USDSHP":0.746601,"USDSLE":24.625005,"USDSLL":20969.496166,"USDSOS":571.503286,"USDSRD":37.457987,"USDSTD":20697.981008,"USDSTN":21.2,"USDSVC":8.7523,"USDSYP":110.644079,"USDSZL":16.659603,"USDTHB":32.498816,"USDTJS":9.381822,"USDTMT":3.505,"USDTND":2.882004,"USDTOP":2.40776,"USDTRY":45.137101,"USDTTD":6.789386,"USDTWD":31.558499,"USDTZS":2604.999768,"USDUAH":43.949336,"USDUGX":3760.987334,"USDUYU":39.889518,"USDUZS":11937.501842,"USDVES":485.587755,"USDVND":26356,"USDVUV":118.50632,"USDWST":2.712188,"USDXAF":560.041494,"USDXAG":0.013457,"USDXAU":0.000216,"USDXCD":2.70255,"USDXCG":1.80265,"USDXDR":0.697718,"USDXOF":560.49828,"USDXPF":102.225023,"USDYER":238.649692,"USDZAR":16.667496,"USDZMK":9001.200366,"USDZMW":18.67895,"USDZWL":321.999592}}