{"success":true,"terms":"https:\/\/currencylayer.com\/terms","privacy":"https:\/\/currencylayer.com\/privacy","timestamp":1781497087,"source":"USD","quotes":{"USDAED":3.672505,"USDAFN":63.999506,"USDALL":82.087167,"USDAMD":368.450607,"USDANG":1.790403,"USDAOA":918.00024,"USDARS":1424.6669,"USDAUD":1.412598,"USDAWG":1.801525,"USDAZN":1.694795,"USDBAM":1.689603,"USDBBD":2.013822,"USDBDT":122.983888,"USDBGN":1.69088,"USDBHD":0.37683,"USDBIF":2970.152477,"USDBMD":1,"USDBND":1.283746,"USDBOB":6.909421,"USDBRL":5.064597,"USDBSD":0.99987,"USDBTC":1.5212446e-5,"USDBTN":95.052482,"USDBWP":13.460326,"USDBYN":2.766446,"USDBYR":19600,"USDBZD":2.010971,"USDCAD":1.396625,"USDCDF":2294.999699,"USDCHF":0.79382,"USDCLF":0.022857,"USDCLP":899.590426,"USDCNY":6.771502,"USDCNH":6.757565,"USDCOP":3492.53,"USDCRC":454.839964,"USDCUC":1,"USDCUP":26.5,"USDCVE":95.257224,"USDCZK":20.785104,"USDDJF":178.057103,"USDDKK":6.440375,"USDDOP":58.710207,"USDDZD":132.859699,"USDEGP":51.713803,"USDERN":15,"USDETB":157.556391,"USDEUR":0.86165,"USDFJD":2.215902,"USDFKP":0.745885,"USDGBP":0.743937,"USDGEL":2.654992,"USDGGP":0.745885,"USDGHS":11.098441,"USDGIP":0.745885,"USDGMD":72.999714,"USDGNF":8759.016889,"USDGTQ":7.622133,"USDGYD":209.191828,"USDHKD":7.835325,"USDHNL":26.736642,"USDHRK":6.492601,"USDHTG":130.733014,"USDHUF":302.579705,"USDIDR":17673,"USDILS":2.92082,"USDIMP":0.745885,"USDINR":94.536101,"USDIQD":1309.835428,"USDIRR":1375877.498139,"USDISK":124.259849,"USDJEP":0.745885,"USDJMD":158.489914,"USDJOD":0.709032,"USDJPY":160.07404,"USDKES":129.504494,"USDKGS":87.45025,"USDKHR":4017.105093,"USDKMF":426.000168,"USDKPW":900.00035,"USDKRW":1512.74956,"USDKWD":0.30848,"USDKYD":0.833312,"USDKZT":488.937843,"USDLAK":22017.191482,"USDLBP":89543.518639,"USDLKR":335.207982,"USDLRD":181.97918,"USDLSL":16.286467,"USDLTL":2.95274,"USDLVL":0.60489,"USDLYD":6.372943,"USDMAD":9.260766,"USDMDL":17.462745,"USDMGA":4172.605935,"USDMKD":53.149572,"USDMMK":2098.945404,"USDMNT":3577.889929,"USDMOP":8.070062,"USDMRU":39.65617,"USDMUR":47.269534,"USDMVR":15.459807,"USDMWK":1733.834392,"USDMXN":17.173585,"USDMYR":4.048099,"USDMZN":63.898912,"USDNAD":16.286467,"USDNGN":1360.49985,"USDNIO":36.793227,"USDNOK":9.48855,"USDNPR":152.084143,"USDNZD":1.708891,"USDOMR":0.383494,"USDPAB":0.99987,"USDPEN":3.400458,"USDPGK":4.378213,"USDPHP":60.571991,"USDPKR":278.191957,"USDPLN":3.655397,"USDPYG":6122.413719,"USDQAR":3.65522,"USDRON":4.506796,"USDRSD":101.386549,"USDRUB":72.273775,"USDRWF":1468.359898,"USDSAR":3.753798,"USDSBD":8.045573,"USDSCR":14.065224,"USDSDG":600.482409,"USDSEK":9.362585,"USDSGD":1.28184,"USDSHP":0.746601,"USDSLE":24.649561,"USDSLL":20969.503664,"USDSOS":571.465595,"USDSRD":37.509499,"USDSTD":20697.981008,"USDSTN":21.165392,"USDSVC":8.74865,"USDSYP":110.532098,"USDSZL":16.273163,"USDTHB":32.573999,"USDTJS":9.318906,"USDTMT":3.51,"USDTND":2.933437,"USDTOP":2.40776,"USDTRY":46.2749,"USDTTD":6.791931,"USDTWD":31.504025,"USDTZS":2622.502409,"USDUAH":44.803507,"USDUGX":3749.298086,"USDUYU":40.387024,"USDUZS":11975.292644,"USDVES":581.95784,"USDVND":26290,"USDVUV":118.173796,"USDWST":2.743491,"USDXAF":566.677033,"USDXAG":0.014209,"USDXAU":0.000231,"USDXCD":2.70255,"USDXCG":1.801996,"USDXDR":0.703376,"USDXOF":566.677033,"USDXPF":103.027947,"USDYER":238.605488,"USDZAR":16.159504,"USDZMK":9001.202977,"USDZMW":17.467928,"USDZWL":321.999592}}