{"success":true,"terms":"https:\/\/currencylayer.com\/terms","privacy":"https:\/\/currencylayer.com\/privacy","timestamp":1761788294,"source":"USD","quotes":{"USDAED":3.672502,"USDAFN":65.00026,"USDALL":82.899855,"USDAMD":382.619406,"USDANG":1.789982,"USDAOA":917.000054,"USDARS":1437.5063,"USDAUD":1.518257,"USDAWG":1.8,"USDAZN":1.701257,"USDBAM":1.680226,"USDBBD":2.014012,"USDBDT":122.241218,"USDBGN":1.6852,"USDBHD":0.376934,"USDBIF":2965,"USDBMD":1,"USDBND":1.294851,"USDBOB":6.909675,"USDBRL":5.358497,"USDBSD":1.000004,"USDBTC":9.042818e-6,"USDBTN":88.152441,"USDBWP":13.310023,"USDBYN":3.408004,"USDBYR":19600,"USDBZD":2.011151,"USDCAD":1.39367,"USDCDF":2226.000305,"USDCHF":0.79941,"USDCLF":0.023987,"USDCLP":941.009663,"USDCNY":7.09905,"USDCNH":7.09387,"USDCOP":3877.5,"USDCRC":501.376724,"USDCUC":1,"USDCUP":26.5,"USDCVE":94.925001,"USDCZK":20.985402,"USDDJF":177.719693,"USDDKK":6.43071,"USDDOP":64.200271,"USDDZD":129.947035,"USDEGP":47.29498,"USDERN":15,"USDETB":153.874976,"USDEUR":0.86111,"USDFJD":2.262946,"USDFKP":0.753199,"USDGBP":0.757365,"USDGEL":2.72499,"USDGGP":0.753199,"USDGHS":10.874993,"USDGIP":0.753199,"USDGMD":72.5029,"USDGNF":8678.000029,"USDGTQ":7.659827,"USDGYD":209.211419,"USDHKD":7.769731,"USDHNL":26.269868,"USDHRK":6.491599,"USDHTG":130.842486,"USDHUF":334.795021,"USDIDR":16567.45,"USDILS":3.252115,"USDIMP":0.753199,"USDINR":88.36935,"USDIQD":1310,"USDIRR":42062.500947,"USDISK":123.999844,"USDJEP":0.753199,"USDJMD":159.801033,"USDJOD":0.709005,"USDJPY":152.490341,"USDKES":129.301071,"USDKGS":87.450098,"USDKHR":4020.000235,"USDKMF":422.999522,"USDKPW":899.995401,"USDKRW":1424.230116,"USDKWD":0.30689,"USDKYD":0.833326,"USDKZT":528.576154,"USDLAK":21700.000207,"USDLBP":89630.093936,"USDLKR":304.447556,"USDLRD":183.450025,"USDLSL":17.109551,"USDLTL":2.95274,"USDLVL":0.60489,"USDLYD":5.435002,"USDMAD":9.216501,"USDMDL":16.994699,"USDMGA":4514.999992,"USDMKD":53.061031,"USDMMK":2099.422639,"USDMNT":3592.69484,"USDMOP":8.003883,"USDMRU":40.084976,"USDMUR":45.510085,"USDMVR":15.3098,"USDMWK":1736.456698,"USDMXN":18.467775,"USDMYR":4.197497,"USDMZN":63.909753,"USDNAD":17.109593,"USDNGN":1453.000222,"USDNIO":36.749855,"USDNOK":10.007026,"USDNPR":141.043561,"USDNZD":1.732037,"USDOMR":0.384446,"USDPAB":1.000009,"USDPEN":3.390495,"USDPGK":4.23525,"USDPHP":58.62501,"USDPKR":280.950193,"USDPLN":3.651944,"USDPYG":7103.062272,"USDQAR":3.641027,"USDRON":4.378796,"USDRSD":100.943011,"USDRUB":79.999766,"USDRWF":1450.5,"USDSAR":3.750312,"USDSBD":8.230592,"USDSCR":13.760729,"USDSDG":601.502368,"USDSEK":9.3993,"USDSGD":1.29656,"USDSHP":0.750259,"USDSLE":23.149848,"USDSLL":20969.499529,"USDSOS":601.49797,"USDSRD":38.64403,"USDSTD":20697.981008,"USDSTN":21.35,"USDSVC":8.749925,"USDSYP":11058.494793,"USDSZL":17.110254,"USDTHB":32.403025,"USDTJS":9.209787,"USDTMT":3.51,"USDTND":2.936025,"USDTOP":2.342103,"USDTRY":42.005065,"USDTTD":6.773225,"USDTWD":30.652701,"USDTZS":2459.929023,"USDUAH":42.051434,"USDUGX":3466.509736,"USDUYU":39.85361,"USDUZS":12004.999709,"USDVES":219.35135,"USDVND":26336,"USDVUV":121.771567,"USDWST":2.795608,"USDXAF":563.539362,"USDXAG":0.020952,"USDXAU":0.000253,"USDXCD":2.70255,"USDXCG":1.802241,"USDXDR":0.700447,"USDXOF":563.498512,"USDXPF":102.60232,"USDYER":238.649967,"USDZAR":17.175405,"USDZMK":9001.200395,"USDZMW":21.974416,"USDZWL":321.999592}}