{"success":true,"terms":"https:\/\/currencylayer.com\/terms","privacy":"https:\/\/currencylayer.com\/privacy","timestamp":1783996144,"source":"USD","quotes":{"USDAED":3.672502,"USDAFN":66.497882,"USDALL":82.350272,"USDAMD":367.854053,"USDANG":1.790258,"USDAOA":917.000242,"USDARS":1482.994296,"USDAUD":1.444043,"USDAWG":1.80025,"USDAZN":1.701015,"USDBAM":1.717897,"USDBBD":2.023127,"USDBDT":123.822448,"USDBGN":1.717508,"USDBHD":0.378736,"USDBIF":2998.151133,"USDBMD":1,"USDBND":1.297545,"USDBOB":6.923833,"USDBRL":5.149799,"USDBSD":1.004493,"USDBTC":1.6054547e-5,"USDBTN":95.993395,"USDBWP":13.613347,"USDBYN":2.86496,"USDBYR":19600,"USDBZD":2.020043,"USDCAD":1.41355,"USDCDF":2258.000052,"USDCHF":0.813565,"USDCLF":0.023655,"USDCLP":931.000135,"USDCNY":6.78025,"USDCNH":6.78465,"USDCOP":3237.71,"USDCRC":457.551935,"USDCUC":1,"USDCUP":26.5,"USDCVE":96.851545,"USDCZK":21.32385,"USDDJF":178.869287,"USDDKK":6.560715,"USDDOP":59.080329,"USDDZD":133.317014,"USDEGP":50.235695,"USDERN":15,"USDETB":161.457149,"USDEUR":0.87766,"USDFJD":2.234696,"USDFKP":0.74666,"USDGBP":0.748525,"USDGEL":2.625036,"USDGGP":0.74666,"USDGHS":11.551367,"USDGIP":0.74666,"USDGMD":72.999711,"USDGNF":8809.605368,"USDGTQ":7.66714,"USDGYD":210.117654,"USDHKD":7.83835,"USDHNL":26.879964,"USDHRK":6.614992,"USDHTG":131.450781,"USDHUF":315.509005,"USDIDR":18085,"USDILS":3.02405,"USDIMP":0.74666,"USDINR":95.84255,"USDIQD":1315.883089,"USDIRR":1374999.999635,"USDISK":125.680349,"USDJEP":0.74666,"USDJMD":159.664124,"USDJOD":0.709001,"USDJPY":162.343499,"USDKES":129.202803,"USDKGS":87.449759,"USDKHR":4062.273556,"USDKMF":433.000077,"USDKPW":900.000068,"USDKRW":1493.420103,"USDKWD":0.30972,"USDKYD":0.837085,"USDKZT":475.476073,"USDLAK":22650.955867,"USDLBP":89518.950885,"USDLKR":337.423582,"USDLRD":182.310858,"USDLSL":16.419747,"USDLTL":2.95274,"USDLVL":0.60489,"USDLYD":6.446286,"USDMAD":9.345402,"USDMDL":17.628536,"USDMGA":4272.306861,"USDMKD":54.118959,"USDMMK":2099.551039,"USDMNT":3584.411354,"USDMOP":8.109884,"USDMRU":40.017567,"USDMUR":47.260286,"USDMVR":15.460009,"USDMWK":1736.497745,"USDMXN":17.507498,"USDMYR":4.080499,"USDMZN":63.909994,"USDNAD":16.419963,"USDNGN":1385.149827,"USDNIO":36.660243,"USDNOK":9.767604,"USDNPR":153.58556,"USDNZD":1.727935,"USDOMR":0.384493,"USDPAB":1.004484,"USDPEN":3.423996,"USDPGK":4.37815,"USDPHP":61.687997,"USDPKR":279.162052,"USDPLN":3.803255,"USDPYG":6099.333764,"USDQAR":3.662467,"USDRON":4.594404,"USDRSD":102.987961,"USDRUB":76.64629,"USDRWF":1479.998068,"USDSAR":3.761464,"USDSBD":8.058541,"USDSCR":13.637142,"USDSDG":600.503383,"USDSEK":9.70661,"USDSGD":1.294245,"USDSHP":0.746601,"USDSLE":24.349983,"USDSLL":20969.507346,"USDSOS":571.503857,"USDSRD":37.6645,"USDSTD":20697.981008,"USDSTN":21.519165,"USDSVC":8.78895,"USDSYP":110.532098,"USDSZL":16.423436,"USDTHB":33.503498,"USDTJS":9.291213,"USDTMT":3.51,"USDTND":2.971555,"USDTOP":2.40776,"USDTRY":47.042698,"USDTTD":6.83016,"USDTWD":32.188503,"USDTZS":2634.997982,"USDUAH":44.923869,"USDUGX":3706.615254,"USDUYU":40.413534,"USDUZS":12141.574109,"USDVES":723.094008,"USDVND":26257.5,"USDVUV":119.982237,"USDWST":2.760903,"USDXAF":576.15139,"USDXAG":0.017325,"USDXAU":0.000249,"USDXCD":2.70255,"USDXCG":1.810308,"USDXDR":0.71656,"USDXOF":572.498619,"USDXPF":104.753247,"USDYER":237.096063,"USDZAR":16.47216,"USDZMK":9001.198872,"USDZMW":18.054702,"USDZWL":321.999592}}