{"success":true,"terms":"https:\/\/currencylayer.com\/terms","privacy":"https:\/\/currencylayer.com\/privacy","timestamp":1759628226,"source":"USD","quotes":{"USDAED":3.672504,"USDAFN":67.092543,"USDALL":82.432605,"USDAMD":383.203441,"USDANG":1.790403,"USDAOA":917.000367,"USDARS":1423.999489,"USDAUD":1.514704,"USDAWG":1.40625,"USDAZN":1.70397,"USDBAM":1.665858,"USDBBD":2.013373,"USDBDT":121.655807,"USDBGN":1.66609,"USDBHD":0.3769,"USDBIF":2944.593501,"USDBMD":1,"USDBND":1.288787,"USDBOB":6.907713,"USDBRL":5.338504,"USDBSD":0.999617,"USDBTC":8.15857e-6,"USDBTN":88.813083,"USDBWP":13.28819,"USDBYN":3.389379,"USDBYR":19600,"USDBZD":2.010477,"USDCAD":1.39655,"USDCDF":2535.000362,"USDCHF":0.790154,"USDCLF":0.024452,"USDCLP":959.260679,"USDCNY":7.119504,"USDCNH":7.13601,"USDCOP":3884.161663,"USDCRC":502.363613,"USDCUC":1,"USDCUP":26.5,"USDCVE":93.918487,"USDCZK":20.662404,"USDDJF":178.016268,"USDDKK":6.360545,"USDDOP":62.484562,"USDDZD":129.428048,"USDEGP":47.729654,"USDERN":15,"USDETB":144.465738,"USDEUR":0.851704,"USDFJD":2.252304,"USDFKP":0.741826,"USDGBP":0.736947,"USDGEL":2.72504,"USDGGP":0.741826,"USDGHS":12.595716,"USDGIP":0.741826,"USDGMD":73.503851,"USDGNF":8671.692006,"USDGTQ":7.662365,"USDGYD":209.139304,"USDHKD":7.77915,"USDHNL":26.249308,"USDHRK":6.416104,"USDHTG":130.803628,"USDHUF":330.680388,"USDIDR":16565.3,"USDILS":3.305604,"USDIMP":0.741826,"USDINR":88.735304,"USDIQD":1309.569439,"USDIRR":42050.000352,"USDISK":120.950386,"USDJEP":0.741826,"USDJMD":160.555343,"USDJOD":0.70904,"USDJPY":147.44504,"USDKES":129.151229,"USDKGS":87.439604,"USDKHR":4011.754184,"USDKMF":420.00035,"USDKPW":899.974684,"USDKRW":1407.570383,"USDKWD":0.30586,"USDKYD":0.833014,"USDKZT":547.455389,"USDLAK":21667.731357,"USDLBP":89518.504323,"USDLKR":302.380648,"USDLRD":181.440313,"USDLSL":17.231975,"USDLTL":2.95274,"USDLVL":0.60489,"USDLYD":5.402666,"USDMAD":9.099272,"USDMDL":16.74375,"USDMGA":4463.182999,"USDMKD":52.489247,"USDMMK":2099.272438,"USDMNT":3597.223054,"USDMOP":8.013373,"USDMRU":39.847536,"USDMUR":45.310378,"USDMVR":15.303739,"USDMWK":1733.401474,"USDMXN":18.398704,"USDMYR":4.208039,"USDMZN":63.903729,"USDNAD":17.231975,"USDNGN":1471.580377,"USDNIO":36.78719,"USDNOK":9.968725,"USDNPR":142.101273,"USDNZD":1.718656,"USDOMR":0.384336,"USDPAB":0.999617,"USDPEN":3.473872,"USDPGK":4.253652,"USDPHP":57.903704,"USDPKR":283.250458,"USDPLN":3.623121,"USDPYG":7024.402709,"USDQAR":3.643712,"USDRON":4.333504,"USDRSD":99.799838,"USDRUB":82.219667,"USDRWF":1450.023423,"USDSAR":3.747177,"USDSBD":8.23101,"USDSCR":14.62459,"USDSDG":601.503676,"USDSEK":9.373565,"USDSGD":1.289404,"USDSHP":0.785843,"USDSLE":23.310371,"USDSLL":20969.503664,"USDSOS":571.270389,"USDSRD":38.105038,"USDSTD":20697.981008,"USDSTN":20.867936,"USDSVC":8.746646,"USDSYP":13001.709309,"USDSZL":17.227546,"USDTHB":32.335038,"USDTJS":9.311699,"USDTMT":3.5,"USDTND":2.912227,"USDTOP":2.342104,"USDTRY":41.417504,"USDTTD":6.778246,"USDTWD":30.44235,"USDTZS":2456.624505,"USDUAH":41.24901,"USDUGX":3464.077339,"USDUYU":39.879051,"USDUZS":12095.736979,"USDVES":185.16655,"USDVND":26385,"USDVUV":120.842568,"USDWST":2.783155,"USDXAF":558.713002,"USDXAG":0.020837,"USDXAU":0.000257,"USDXCD":2.70255,"USDXCG":1.801627,"USDXDR":0.69486,"USDXOF":558.713002,"USDXPF":101.580001,"USDYER":239.050363,"USDZAR":17.22816,"USDZMK":9001.203584,"USDZMW":23.816703,"USDZWL":321.999592}}