{"success":true,"terms":"https:\/\/currencylayer.com\/terms","privacy":"https:\/\/currencylayer.com\/privacy","timestamp":1769564944,"source":"USD","quotes":{"USDAED":3.672502,"USDAFN":64.999749,"USDALL":80.798985,"USDAMD":378.40402,"USDANG":1.79008,"USDAOA":917.000402,"USDARS":1442.888301,"USDAUD":1.43012,"USDAWG":1.80125,"USDAZN":1.702791,"USDBAM":1.642094,"USDBBD":2.011536,"USDBDT":122.045624,"USDBGN":1.67937,"USDBHD":0.376977,"USDBIF":2970,"USDBMD":1,"USDBND":1.264903,"USDBOB":6.901445,"USDBRL":5.188095,"USDBSD":0.998715,"USDBTC":1.1206535e-5,"USDBTN":91.60688,"USDBWP":13.144925,"USDBYN":2.845844,"USDBYR":19600,"USDBZD":2.008682,"USDCAD":1.360645,"USDCDF":2239.999779,"USDCHF":0.764955,"USDCLF":0.021786,"USDCLP":860.24999,"USDCNY":6.95465,"USDCNH":6.94292,"USDCOP":3654.71,"USDCRC":496.209163,"USDCUC":1,"USDCUP":26.5,"USDCVE":92.450094,"USDCZK":20.18385,"USDDJF":177.720023,"USDDKK":6.22106,"USDDOP":62.950314,"USDDZD":129.199227,"USDEGP":47.001976,"USDERN":15,"USDETB":155.000069,"USDEUR":0.833115,"USDFJD":2.199303,"USDFKP":0.730141,"USDGBP":0.724055,"USDGEL":2.695029,"USDGGP":0.730141,"USDGHS":10.935041,"USDGIP":0.730141,"USDGMD":72.999966,"USDGNF":8749.999993,"USDGTQ":7.663115,"USDGYD":208.950086,"USDHKD":7.799385,"USDHNL":26.460306,"USDHRK":6.277016,"USDHTG":130.979069,"USDHUF":316.717024,"USDIDR":16680.75,"USDILS":3.10645,"USDIMP":0.730141,"USDINR":91.46575,"USDIQD":1310,"USDIRR":42125.000158,"USDISK":120.980383,"USDJEP":0.730141,"USDJMD":156.913286,"USDJOD":0.70899,"USDJPY":152.904497,"USDKES":129.22976,"USDKGS":87.449023,"USDKHR":4030.999765,"USDKMF":412.000514,"USDKPW":900.019412,"USDKRW":1432.25019,"USDKWD":0.30614,"USDKYD":0.832298,"USDKZT":503.159017,"USDLAK":21542.50058,"USDLBP":85549.999741,"USDLKR":309.253335,"USDLRD":185.450087,"USDLSL":15.960349,"USDLTL":2.95274,"USDLVL":0.60489,"USDLYD":6.324994,"USDMAD":9.055015,"USDMDL":16.839065,"USDMGA":4475.000302,"USDMKD":51.356282,"USDMMK":2100.049372,"USDMNT":3565.134434,"USDMOP":8.025238,"USDMRU":39.879739,"USDMUR":45.519991,"USDMVR":15.460188,"USDMWK":1734.999886,"USDMXN":17.1826,"USDMYR":3.922988,"USDMZN":63.760192,"USDNAD":15.960463,"USDNGN":1408.170023,"USDNIO":36.693369,"USDNOK":9.601255,"USDNPR":146.571455,"USDNZD":1.661585,"USDOMR":0.384485,"USDPAB":0.998699,"USDPEN":3.346502,"USDPGK":4.256999,"USDPHP":58.879654,"USDPKR":279.749907,"USDPLN":3.49853,"USDPYG":6694.205855,"USDQAR":3.640983,"USDRON":4.246597,"USDRSD":97.821993,"USDRUB":76.250656,"USDRWF":1452,"USDSAR":3.749854,"USDSBD":8.077676,"USDSCR":14.253658,"USDSDG":601.500857,"USDSEK":8.80263,"USDSGD":1.261215,"USDSHP":0.750259,"USDSLE":24.295467,"USDSLL":20969.499267,"USDSOS":571.501407,"USDSRD":38.29699,"USDSTD":20697.981008,"USDSTN":20.6,"USDSVC":8.738618,"USDSYP":11059.574895,"USDSZL":15.959986,"USDTHB":30.896037,"USDTJS":9.328195,"USDTMT":3.5,"USDTND":2.830505,"USDTOP":2.40776,"USDTRY":43.412198,"USDTTD":6.791601,"USDTWD":31.303196,"USDTZS":2554.223989,"USDUAH":42.871476,"USDUGX":3565.82118,"USDUYU":37.421077,"USDUZS":12124.999897,"USDVES":358.47615,"USDVND":26134,"USDVUV":119.747312,"USDWST":2.729293,"USDXAF":550.756921,"USDXAG":0.008783,"USDXAU":0.000192,"USDXCD":2.70255,"USDXCG":1.799955,"USDXDR":0.686755,"USDXOF":552.519959,"USDXPF":100.100767,"USDYER":238.385792,"USDZAR":15.88905,"USDZMK":9001.201257,"USDZMW":19.719492,"USDZWL":321.999592}}