{"success":true,"terms":"https:\/\/currencylayer.com\/terms","privacy":"https:\/\/currencylayer.com\/privacy","timestamp":1773541688,"source":"USD","quotes":{"USDAED":3.672504,"USDAFN":63.000368,"USDALL":83.700248,"USDAMD":376.999869,"USDANG":1.790083,"USDAOA":917.000367,"USDARS":1398.250402,"USDAUD":1.43123,"USDAWG":1.8,"USDAZN":1.70397,"USDBAM":1.705218,"USDBBD":2.01395,"USDBDT":122.699333,"USDBGN":1.709309,"USDBHD":0.380051,"USDBIF":2968.481625,"USDBMD":1,"USDBND":1.279568,"USDBOB":6.90963,"USDBRL":5.330604,"USDBSD":0.999956,"USDBTC":1.4009615e-5,"USDBTN":92.298705,"USDBWP":13.625703,"USDBYN":2.958717,"USDBYR":19600,"USDBZD":2.010986,"USDCAD":1.38085,"USDCDF":2257.000362,"USDCHF":0.795951,"USDCLF":0.023229,"USDCLP":917.210396,"USDCNY":6.896604,"USDCNH":6.90768,"USDCOP":3682.200619,"USDCRC":470.465147,"USDCUC":1,"USDCUP":26.5,"USDCVE":96.137582,"USDCZK":21.430394,"USDDJF":178.06356,"USDDKK":6.545104,"USDDOP":61.432495,"USDDZD":133.523693,"USDEGP":52.212389,"USDERN":15,"USDETB":156.082044,"USDEUR":0.87204,"USDFJD":2.228704,"USDFKP":0.755346,"USDGBP":0.755458,"USDGEL":2.730391,"USDGGP":0.755346,"USDGHS":10.859235,"USDGIP":0.755346,"USDGMD":73.503851,"USDGNF":8765.857274,"USDGTQ":7.668163,"USDGYD":209.198309,"USDHKD":7.83045,"USDHNL":26.46846,"USDHRK":6.599604,"USDHTG":131.112952,"USDHUF":343.740388,"USDIDR":16960.05,"USDILS":3.14434,"USDIMP":0.755346,"USDINR":92.58485,"USDIQD":1309.908889,"USDIRR":1321725.000352,"USDISK":126.303814,"USDJEP":0.755346,"USDJMD":156.894372,"USDJOD":0.70904,"USDJPY":159.74504,"USDKES":129.334321,"USDKGS":87.449704,"USDKHR":4009.765029,"USDKMF":431.00035,"USDKPW":899.962319,"USDKRW":1502.750383,"USDKWD":0.30743,"USDKYD":0.833253,"USDKZT":489.524391,"USDLAK":21426.391735,"USDLBP":89542.177078,"USDLKR":311.199268,"USDLRD":182.980949,"USDLSL":16.79428,"USDLTL":2.95274,"USDLVL":0.60489,"USDLYD":6.3804,"USDMAD":9.41776,"USDMDL":17.443655,"USDMGA":4151.881076,"USDMKD":53.742535,"USDMMK":2100.129081,"USDMNT":3584.005688,"USDMOP":8.06077,"USDMRU":40.006975,"USDMUR":46.510378,"USDMVR":15.450378,"USDMWK":1733.815772,"USDMXN":17.950204,"USDMYR":3.938504,"USDMZN":63.910377,"USDNAD":16.79428,"USDNGN":1385.503725,"USDNIO":36.793234,"USDNOK":9.74622,"USDNPR":147.677754,"USDNZD":1.731003,"USDOMR":0.384504,"USDPAB":0.999869,"USDPEN":3.448276,"USDPGK":4.372466,"USDPHP":59.590375,"USDPKR":279.200663,"USDPLN":3.74845,"USDPYG":6451.022276,"USDQAR":3.634858,"USDRON":4.462604,"USDRSD":102.332273,"USDRUB":79.907232,"USDRWF":1459.174332,"USDSAR":3.752935,"USDSBD":8.051718,"USDSCR":15.267448,"USDSDG":601.000339,"USDSEK":9.480704,"USDSGD":1.281504,"USDSHP":0.750259,"USDSLE":24.550371,"USDSLL":20969.510825,"USDSOS":570.469506,"USDSRD":37.548038,"USDSTD":20697.981008,"USDSTN":21.361001,"USDSVC":8.749292,"USDSYP":110.555253,"USDSZL":16.788875,"USDTHB":32.328038,"USDTJS":9.584202,"USDTMT":3.5,"USDTND":2.957147,"USDTOP":2.40776,"USDTRY":44.165038,"USDTTD":6.781464,"USDTWD":32.194604,"USDTZS":2604.734295,"USDUAH":44.095122,"USDUGX":3759.536161,"USDUYU":40.1674,"USDUZS":12073.760844,"USDVES":442.704625,"USDVND":26294,"USDVUV":119.584823,"USDWST":2.735171,"USDXAF":571.914207,"USDXAG":0.012417,"USDXAU":0.000199,"USDXCD":2.70255,"USDXCG":1.802084,"USDXDR":0.711278,"USDXOF":571.914207,"USDXPF":103.980121,"USDYER":238.550363,"USDZAR":16.88291,"USDZMK":9001.203584,"USDZMW":19.462923,"USDZWL":321.999592}}