{"success":true,"terms":"https:\/\/currencylayer.com\/terms","privacy":"https:\/\/currencylayer.com\/privacy","timestamp":1780545724,"source":"USD","quotes":{"USDAED":3.672503,"USDAFN":62.500068,"USDALL":82.155074,"USDAMD":368.520181,"USDANG":1.79046,"USDAOA":917.999665,"USDARS":1438.999991,"USDAUD":1.403095,"USDAWG":1.80125,"USDAZN":1.703157,"USDBAM":1.683335,"USDBBD":2.015828,"USDBDT":122.726686,"USDBGN":1.66992,"USDBHD":0.377562,"USDBIF":2979.563,"USDBMD":1,"USDBND":1.282774,"USDBOB":6.934366,"USDBRL":5.079202,"USDBSD":1.001025,"USDBTC":1.5533763e-5,"USDBTN":95.639713,"USDBWP":13.454993,"USDBYN":2.821251,"USDBYR":19600,"USDBZD":2.012976,"USDCAD":1.390105,"USDCDF":2310.000062,"USDCHF":0.79099,"USDCLF":0.022752,"USDCLP":895.440322,"USDCNY":6.76945,"USDCNH":6.778105,"USDCOP":3577.67,"USDCRC":458.295458,"USDCUC":1,"USDCUP":26.5,"USDCVE":95.375021,"USDCZK":20.857016,"USDDJF":178.229253,"USDDKK":6.439498,"USDDOP":58.250315,"USDDZD":133.392973,"USDEGP":51.933292,"USDERN":15,"USDETB":161.356395,"USDEUR":0.86163,"USDFJD":2.20515,"USDFKP":0.741862,"USDGBP":0.744975,"USDGEL":2.659571,"USDGGP":0.741862,"USDGHS":11.789749,"USDGIP":0.741862,"USDGMD":73.000023,"USDGNF":8773.910047,"USDGTQ":7.623154,"USDGYD":209.140595,"USDHKD":7.83594,"USDHNL":26.639383,"USDHRK":6.493195,"USDHTG":130.861091,"USDHUF":306.805977,"USDIDR":18035,"USDILS":2.87179,"USDIMP":0.741862,"USDINR":95.73765,"USDIQD":1309.5,"USDIRR":1375999.999786,"USDISK":123.729876,"USDJEP":0.741862,"USDJMD":157.743955,"USDJOD":0.708969,"USDJPY":159.971046,"USDKES":129.390192,"USDKGS":87.450177,"USDKHR":4014.285653,"USDKMF":424.000185,"USDKPW":899.855249,"USDKRW":1530.454982,"USDKWD":0.30913,"USDKYD":0.833154,"USDKZT":488.19555,"USDLAK":21952.500839,"USDLBP":89627.526667,"USDLKR":335.436283,"USDLRD":182.649554,"USDLSL":16.250004,"USDLTL":2.95274,"USDLVL":0.60489,"USDLYD":6.376654,"USDMAD":9.1935,"USDMDL":17.355603,"USDMGA":4196.051231,"USDMKD":53.10844,"USDMMK":2099.353858,"USDMNT":3579.550718,"USDMOP":8.070147,"USDMRU":40.032569,"USDMUR":47.480487,"USDMVR":15.400451,"USDMWK":1735.493043,"USDMXN":17.326402,"USDMYR":4.015598,"USDMZN":63.905034,"USDNAD":16.250028,"USDNGN":1367.000031,"USDNIO":36.834079,"USDNOK":9.32125,"USDNPR":153.181407,"USDNZD":1.703705,"USDOMR":0.384464,"USDPAB":0.999785,"USDPEN":3.4045,"USDPGK":4.375191,"USDPHP":61.534502,"USDPKR":278.618485,"USDPLN":3.65605,"USDPYG":6123.477639,"USDQAR":3.639499,"USDRON":4.529396,"USDRSD":101.139027,"USDRUB":73.749365,"USDRWF":1463.748761,"USDSAR":3.756154,"USDSBD":8.032647,"USDSCR":13.72169,"USDSDG":600.50351,"USDSEK":9.395475,"USDSGD":1.28358,"USDSHP":0.746601,"USDSLE":24.59991,"USDSLL":20969.502105,"USDSOS":572.024315,"USDSRD":37.229006,"USDSTD":20697.981008,"USDSTN":21.109134,"USDSVC":8.748117,"USDSYP":110.532098,"USDSZL":16.287986,"USDTHB":32.704499,"USDTJS":9.248182,"USDTMT":3.5,"USDTND":2.89725,"USDTOP":2.40776,"USDTRY":45.972699,"USDTTD":6.780507,"USDTWD":31.503298,"USDTZS":2624.998026,"USDUAH":44.385347,"USDUGX":3764.653228,"USDUYU":40.323622,"USDUZS":11930.000286,"USDVES":558.045295,"USDVND":26335.5,"USDVUV":118.535553,"USDWST":2.715188,"USDXAF":565.163486,"USDXAG":0.01361,"USDXAU":0.000224,"USDXCD":2.70255,"USDXCG":1.80186,"USDXDR":0.702903,"USDXOF":565.168355,"USDXPF":103.075007,"USDYER":238.596211,"USDZAR":16.353099,"USDZMK":9001.226387,"USDZMW":17.765581,"USDZWL":321.999592}}