{"success":true,"terms":"https:\/\/currencylayer.com\/terms","privacy":"https:\/\/currencylayer.com\/privacy","timestamp":1753667585,"source":"USD","quotes":{"USDAED":3.6725,"USDAFN":68.473415,"USDALL":82.830077,"USDAMD":382.315568,"USDANG":1.789699,"USDAOA":916.999878,"USDARS":1270.803199,"USDAUD":1.522415,"USDAWG":1.802,"USDAZN":1.694249,"USDBAM":1.662381,"USDBBD":2.012826,"USDBDT":121.869435,"USDBGN":1.662381,"USDBHD":0.375774,"USDBIF":2971.377574,"USDBMD":1,"USDBND":1.277321,"USDBOB":6.888199,"USDBRL":5.562403,"USDBSD":0.996851,"USDBTC":8.399056e-6,"USDBTN":86.280126,"USDBWP":13.384559,"USDBYN":3.262375,"USDBYR":19600,"USDBZD":2.002456,"USDCAD":1.37055,"USDCDF":2888.99971,"USDCHF":0.795775,"USDCLF":0.024152,"USDCLP":947.46818,"USDCNY":7.153997,"USDCNH":7.169585,"USDCOP":4065.46,"USDCRC":503.610269,"USDCUC":1,"USDCUP":26.5,"USDCVE":93.721712,"USDCZK":20.900196,"USDDJF":177.517308,"USDDKK":6.352765,"USDDOP":60.484231,"USDDZD":129.348967,"USDEGP":49.107739,"USDERN":15,"USDETB":138.729627,"USDEUR":0.851225,"USDFJD":2.24275,"USDFKP":0.743942,"USDGBP":0.744465,"USDGEL":2.709665,"USDGGP":0.743942,"USDGHS":10.417207,"USDGIP":0.743942,"USDGMD":72.000362,"USDGNF":8650.973426,"USDGTQ":7.651411,"USDGYD":208.566899,"USDHKD":7.849345,"USDHNL":26.103586,"USDHRK":6.411201,"USDHTG":130.81745,"USDHUF":337.280977,"USDIDR":16342.2,"USDILS":3.353299,"USDIMP":0.743942,"USDINR":86.474503,"USDIQD":1305.901802,"USDIRR":42112.500977,"USDISK":121.029867,"USDJEP":0.743942,"USDJMD":159.013349,"USDJOD":0.709038,"USDJPY":147.840994,"USDKES":128.803684,"USDKGS":87.301249,"USDKHR":3993.115318,"USDKMF":418.504804,"USDKPW":900,"USDKRW":1381.900193,"USDKWD":0.30533,"USDKYD":0.830766,"USDKZT":543.219111,"USDLAK":21489.92142,"USDLBP":89320.657371,"USDLKR":300.780702,"USDLRD":199.871654,"USDLSL":17.692742,"USDLTL":2.95274,"USDLVL":0.60489,"USDLYD":5.381193,"USDMAD":8.964518,"USDMDL":16.76746,"USDMGA":4402.871216,"USDMKD":52.32447,"USDMMK":2099.432945,"USDMNT":3587.7618,"USDMOP":8.059974,"USDMRU":39.785636,"USDMUR":45.409629,"USDMVR":15.401063,"USDMWK":1728.594439,"USDMXN":18.534055,"USDMYR":4.221008,"USDMZN":63.959964,"USDNAD":17.692742,"USDNGN":1525.349689,"USDNIO":36.684303,"USDNOK":10.151503,"USDNPR":138.047862,"USDNZD":1.662665,"USDOMR":0.384095,"USDPAB":0.996851,"USDPEN":3.530797,"USDPGK":4.131694,"USDPHP":57.111023,"USDPKR":282.491617,"USDPLN":3.616108,"USDPYG":7467.031589,"USDQAR":3.633783,"USDRON":4.314301,"USDRSD":99.574587,"USDRUB":79.205982,"USDRWF":1440.962852,"USDSAR":3.751503,"USDSBD":8.285095,"USDSCR":14.127317,"USDSDG":600.502126,"USDSEK":9.518023,"USDSGD":1.281265,"USDSHP":0.785843,"USDSLE":22.949791,"USDSLL":20969.503947,"USDSOS":569.738335,"USDSRD":36.663504,"USDSTD":20697.981008,"USDSTN":20.824214,"USDSVC":8.722445,"USDSYP":13001.788639,"USDSZL":17.686283,"USDTHB":32.385497,"USDTJS":9.520232,"USDTMT":3.51,"USDTND":2.91029,"USDTOP":2.342102,"USDTRY":40.546304,"USDTTD":6.778552,"USDTWD":29.498009,"USDTZS":2558.113993,"USDUAH":41.682186,"USDUGX":3574.145456,"USDUYU":39.931493,"USDUZS":12613.631051,"USDVES":120.273398,"USDVND":26142.5,"USDVUV":118.597913,"USDWST":2.738988,"USDXAF":557.547142,"USDXAG":0.026185,"USDXAU":0.0003,"USDXCD":2.70255,"USDXCG":1.796592,"USDXDR":0.69341,"USDXOF":557.547142,"USDXPF":101.368035,"USDYER":240.949854,"USDZAR":17.75415,"USDZMK":9001.197091,"USDZMW":23.25192,"USDZWL":321.999592}}