{"success":true,"terms":"https:\/\/currencylayer.com\/terms","privacy":"https:\/\/currencylayer.com\/privacy","timestamp":1766540525,"source":"USD","quotes":{"USDAED":3.672499,"USDAFN":66.126209,"USDALL":81.873427,"USDAMD":381.399567,"USDANG":1.790403,"USDAOA":916.999841,"USDARS":1450.512297,"USDAUD":1.490768,"USDAWG":1.80025,"USDAZN":1.700827,"USDBAM":1.657647,"USDBBD":2.013612,"USDBDT":122.166519,"USDBGN":1.658299,"USDBHD":0.377026,"USDBIF":2949.74425,"USDBMD":1,"USDBND":1.284638,"USDBOB":6.932997,"USDBRL":5.5215,"USDBSD":0.999771,"USDBTC":1.1425875e-5,"USDBTN":89.671743,"USDBWP":13.159077,"USDBYN":2.900659,"USDBYR":19600,"USDBZD":2.01073,"USDCAD":1.367915,"USDCDF":2200.000477,"USDCHF":0.786301,"USDCLF":0.023109,"USDCLP":906.570602,"USDCNY":7.028502,"USDCNH":7.01797,"USDCOP":3756.08,"USDCRC":494.378594,"USDCUC":1,"USDCUP":26.5,"USDCVE":93.455607,"USDCZK":20.583299,"USDDJF":178.028088,"USDDKK":6.32767,"USDDOP":62.388494,"USDDZD":129.778967,"USDEGP":47.482701,"USDERN":15,"USDETB":155.763583,"USDEUR":0.846992,"USDFJD":2.269203,"USDFKP":0.743131,"USDGBP":0.73916,"USDGEL":2.685063,"USDGGP":0.743131,"USDGHS":11.322482,"USDGIP":0.743131,"USDGMD":74.503157,"USDGNF":8737.4403,"USDGTQ":7.659351,"USDGYD":209.159522,"USDHKD":7.775855,"USDHNL":26.353015,"USDHRK":6.3842,"USDHTG":131.014989,"USDHUF":330.8385,"USDIDR":16742,"USDILS":3.18618,"USDIMP":0.743131,"USDINR":89.47385,"USDIQD":1309.635807,"USDIRR":42124.999899,"USDISK":125.380119,"USDJEP":0.743131,"USDJMD":159.874223,"USDJOD":0.709007,"USDJPY":155.716023,"USDKES":128.870543,"USDKGS":87.450006,"USDKHR":4006.390562,"USDKMF":417.999792,"USDKPW":899.961009,"USDKRW":1463.09009,"USDKWD":0.30697,"USDKYD":0.833143,"USDKZT":509.276446,"USDLAK":21656.623187,"USDLBP":89527.575072,"USDLKR":309.483248,"USDLRD":176.951698,"USDLSL":16.688703,"USDLTL":2.952741,"USDLVL":0.60489,"USDLYD":5.409918,"USDMAD":9.118586,"USDMDL":16.825582,"USDMGA":4564.929038,"USDMKD":52.168791,"USDMMK":2099.845274,"USDMNT":3553.409727,"USDMOP":8.009323,"USDMRU":39.869816,"USDMUR":45.969992,"USDMVR":15.449759,"USDMWK":1733.588165,"USDMXN":17.894401,"USDMYR":4.058023,"USDMZN":63.910138,"USDNAD":16.688703,"USDNGN":1454.910045,"USDNIO":36.792345,"USDNOK":10.026825,"USDNPR":143.475737,"USDNZD":1.71059,"USDOMR":0.384497,"USDPAB":0.999775,"USDPEN":3.365131,"USDPGK":4.315748,"USDPHP":58.744971,"USDPKR":280.055006,"USDPLN":3.576845,"USDPYG":6811.767398,"USDQAR":3.654147,"USDRON":4.312502,"USDRSD":99.454011,"USDRUB":77.999712,"USDRWF":1456.183546,"USDSAR":3.750742,"USDSBD":8.153391,"USDSCR":14.045701,"USDSDG":601.499936,"USDSEK":9.157525,"USDSGD":1.282725,"USDSHP":0.750259,"USDSLE":24.075014,"USDSLL":20969.503664,"USDSOS":570.319486,"USDSRD":38.320156,"USDSTD":20697.981008,"USDSTN":20.765088,"USDSVC":8.747574,"USDSYP":11056.89543,"USDSZL":16.686584,"USDTHB":31.069615,"USDTJS":9.197669,"USDTMT":3.51,"USDTND":2.917537,"USDTOP":2.40776,"USDTRY":42.8505,"USDTTD":6.800749,"USDTWD":31.487101,"USDTZS":2477.197021,"USDUAH":42.098037,"USDUGX":3612.277676,"USDUYU":39.04684,"USDUZS":12052.124166,"USDVES":288.088835,"USDVND":26331,"USDVUV":121.541444,"USDWST":2.783984,"USDXAF":555.959368,"USDXAG":0.013787,"USDXAU":0.000221,"USDXCD":2.70255,"USDXCG":1.801809,"USDXDR":0.691435,"USDXOF":555.957012,"USDXPF":101.078504,"USDYER":238.449986,"USDZAR":16.67182,"USDZMK":9001.194249,"USDZMW":22.594015,"USDZWL":321.999592}}