{"success":true,"terms":"https:\/\/currencylayer.com\/terms","privacy":"https:\/\/currencylayer.com\/privacy","timestamp":1753754356,"source":"USD","quotes":{"USDAED":3.672497,"USDAFN":69.50318,"USDALL":83.950238,"USDAMD":383.7698,"USDANG":1.789699,"USDAOA":917.000225,"USDARS":1293.988899,"USDAUD":1.533589,"USDAWG":1.8025,"USDAZN":1.766306,"USDBAM":1.678517,"USDBBD":2.02016,"USDBDT":122.568962,"USDBGN":1.68778,"USDBHD":0.376945,"USDBIF":2942.5,"USDBMD":1,"USDBND":1.285378,"USDBOB":6.938098,"USDBRL":5.588196,"USDBSD":1.000532,"USDBTC":8.489145e-6,"USDBTN":86.658142,"USDBWP":13.486598,"USDBYN":3.274063,"USDBYR":19600,"USDBZD":2.009646,"USDCAD":1.373875,"USDCDF":2889.000243,"USDCHF":0.80339,"USDCLF":0.024447,"USDCLP":959.05959,"USDCNY":7.17785,"USDCNH":7.181345,"USDCOP":4175.34,"USDCRC":505.365594,"USDCUC":1,"USDCUP":26.5,"USDCVE":94.150272,"USDCZK":21.217037,"USDDJF":177.720154,"USDDKK":6.43925,"USDDOP":60.750005,"USDDZD":129.875415,"USDEGP":48.793698,"USDERN":15,"USDETB":137.80795,"USDEUR":0.86281,"USDFJD":2.253298,"USDFKP":0.739983,"USDGBP":0.74915,"USDGEL":2.699428,"USDGGP":0.739983,"USDGHS":10.450107,"USDGIP":0.739983,"USDGMD":72.00025,"USDGNF":8656.000073,"USDGTQ":7.678742,"USDGYD":209.310009,"USDHKD":7.84971,"USDHNL":26.35011,"USDHRK":6.497007,"USDHTG":130.886997,"USDHUF":342.854997,"USDIDR":16386.35,"USDILS":3.35296,"USDIMP":0.739983,"USDINR":86.785033,"USDIQD":1310,"USDIRR":42112.497444,"USDISK":122.680082,"USDJEP":0.739983,"USDJMD":160.498118,"USDJOD":0.708984,"USDJPY":148.616503,"USDKES":129.500507,"USDKGS":87.304476,"USDKHR":4020.000103,"USDKMF":424.504306,"USDKPW":899.999995,"USDKRW":1392.330307,"USDKWD":0.30545,"USDKYD":0.833687,"USDKZT":543.937938,"USDLAK":21569.999762,"USDLBP":89549.999682,"USDLKR":302.035107,"USDLRD":200.999632,"USDLSL":17.909951,"USDLTL":2.95274,"USDLVL":0.60489,"USDLYD":5.409929,"USDMAD":9.057499,"USDMDL":16.857389,"USDMGA":4430.000181,"USDMKD":53.114754,"USDMMK":2099.577362,"USDMNT":3587.752083,"USDMOP":8.089456,"USDMRU":39.820046,"USDMUR":45.379787,"USDMVR":15.39969,"USDMWK":1736.496875,"USDMXN":18.77194,"USDMYR":4.233979,"USDMZN":63.959948,"USDNAD":17.910266,"USDNGN":1529.190228,"USDNIO":36.750202,"USDNOK":10.20565,"USDNPR":138.653371,"USDNZD":1.675463,"USDOMR":0.384464,"USDPAB":1.000425,"USDPEN":3.644503,"USDPGK":4.147499,"USDPHP":57.240974,"USDPKR":283.049918,"USDPLN":3.675068,"USDPYG":7494.024605,"USDQAR":3.640751,"USDRON":4.375798,"USDRSD":101.069017,"USDRUB":81.347925,"USDRWF":1440,"USDSAR":3.751116,"USDSBD":8.285095,"USDSCR":14.145439,"USDSDG":600.49568,"USDSEK":9.61788,"USDSGD":1.286825,"USDSHP":0.785843,"USDSLE":23.000009,"USDSLL":20969.503947,"USDSOS":571.520523,"USDSRD":36.559845,"USDSTD":20697.981008,"USDSTN":21.405,"USDSVC":8.754758,"USDSYP":13001.801704,"USDSZL":17.909599,"USDTHB":32.468018,"USDTJS":9.529261,"USDTMT":3.51,"USDTND":2.869782,"USDTOP":2.342105,"USDTRY":40.56221,"USDTTD":6.803515,"USDTWD":29.612502,"USDTZS":2570.000295,"USDUAH":41.846316,"USDUGX":3586.493364,"USDUYU":40.098702,"USDUZS":12600.000463,"USDVES":121.93225,"USDVND":26242,"USDVUV":118.597563,"USDWST":2.738985,"USDXAF":562.905849,"USDXAG":0.026254,"USDXAU":0.000301,"USDXCD":2.70255,"USDXCG":1.803086,"USDXDR":0.69341,"USDXOF":559.000006,"USDXPF":103.350537,"USDYER":240.875008,"USDZAR":17.902655,"USDZMK":9001.165494,"USDZMW":23.459953,"USDZWL":321.999592}}