{"success":true,"terms":"https:\/\/currencylayer.com\/terms","privacy":"https:\/\/currencylayer.com\/privacy","timestamp":1758590525,"source":"USD","quotes":{"USDAED":3.672497,"USDAFN":68.500379,"USDALL":82.40093,"USDAMD":383.449944,"USDANG":1.790403,"USDAOA":916.999939,"USDARS":1410.268032,"USDAUD":1.516657,"USDAWG":1.40625,"USDAZN":1.698782,"USDBAM":1.660532,"USDBBD":2.013355,"USDBDT":121.705834,"USDBGN":1.657355,"USDBHD":0.37701,"USDBIF":2940,"USDBMD":1,"USDBND":1.282741,"USDBOB":6.922195,"USDBRL":5.336102,"USDBSD":0.999631,"USDBTC":8.883243e-6,"USDBTN":88.211846,"USDBWP":13.287939,"USDBYN":3.387401,"USDBYR":19600,"USDBZD":2.010468,"USDCAD":1.382935,"USDCDF":2770.000195,"USDCHF":0.792031,"USDCLF":0.024377,"USDCLP":956.28978,"USDCNY":7.114699,"USDCNH":7.115695,"USDCOP":3852.95,"USDCRC":503.890613,"USDCUC":1,"USDCUP":26.5,"USDCVE":93.82501,"USDCZK":20.529003,"USDDJF":177.719966,"USDDKK":6.32211,"USDDOP":61.903011,"USDDZD":129.498033,"USDEGP":48.159202,"USDERN":15,"USDETB":143.198309,"USDEUR":0.84693,"USDFJD":2.250797,"USDFKP":0.741411,"USDGBP":0.739695,"USDGEL":2.711908,"USDGGP":0.741411,"USDGHS":12.300967,"USDGIP":0.741411,"USDGMD":73.999897,"USDGNF":8675.00015,"USDGTQ":7.656522,"USDGYD":209.117535,"USDHKD":7.7702,"USDHNL":26.179624,"USDHRK":6.381899,"USDHTG":130.957132,"USDHUF":329.595499,"USDIDR":16592.8,"USDILS":3.350699,"USDIMP":0.741411,"USDINR":88.296497,"USDIQD":1310,"USDIRR":42074.999733,"USDISK":120.770332,"USDJEP":0.741411,"USDJMD":160.302589,"USDJOD":0.709042,"USDJPY":147.672971,"USDKES":129.494475,"USDKGS":87.449947,"USDKHR":4006.99999,"USDKMF":418.000185,"USDKPW":900.001819,"USDKRW":1393.410032,"USDKWD":0.30524,"USDKYD":0.833079,"USDKZT":544.14318,"USDLAK":21665.000174,"USDLBP":89550.000263,"USDLKR":302.398934,"USDLRD":178.501607,"USDLSL":17.330141,"USDLTL":2.95274,"USDLVL":0.60489,"USDLYD":5.415001,"USDMAD":9.030025,"USDMDL":16.673813,"USDMGA":4464.999905,"USDMKD":52.140131,"USDMMK":2100.018922,"USDMNT":3594.952425,"USDMOP":8.001953,"USDMRU":39.919797,"USDMUR":45.550386,"USDMVR":15.309883,"USDMWK":1737.000365,"USDMXN":18.361295,"USDMYR":4.191994,"USDMZN":63.909675,"USDNAD":17.329512,"USDNGN":1494.330357,"USDNIO":36.702602,"USDNOK":9.921465,"USDNPR":141.138614,"USDNZD":1.706409,"USDOMR":0.384493,"USDPAB":0.999533,"USDPEN":3.48402,"USDPGK":4.1909,"USDPHP":56.969501,"USDPKR":281.499573,"USDPLN":3.604455,"USDPYG":7118.144732,"USDQAR":3.64075,"USDRON":4.29902,"USDRSD":99.216973,"USDRUB":83.624984,"USDRWF":1444,"USDSAR":3.750646,"USDSBD":8.227135,"USDSCR":15.050849,"USDSDG":601.495602,"USDSEK":9.349006,"USDSGD":1.282015,"USDSHP":0.785843,"USDSLE":23.291494,"USDSLL":20969.503664,"USDSOS":571.501894,"USDSRD":38.292498,"USDSTD":20697.981008,"USDSTN":21.1,"USDSVC":8.746816,"USDSYP":13001.943917,"USDSZL":17.330358,"USDTHB":31.77971,"USDTJS":9.356937,"USDTMT":3.51,"USDTND":2.89875,"USDTOP":2.342098,"USDTRY":41.392201,"USDTTD":6.779503,"USDTWD":30.184976,"USDTZS":2467.500507,"USDUAH":41.357915,"USDUGX":3500.148563,"USDUYU":39.882847,"USDUZS":12319.99976,"USDVES":163.442845,"USDVND":26417.5,"USDVUV":119.944639,"USDWST":2.673794,"USDXAF":556.917565,"USDXAG":0.02273,"USDXAU":0.000266,"USDXCD":2.70255,"USDXCG":1.801664,"USDXDR":0.692627,"USDXOF":556.520974,"USDXPF":101.395898,"USDYER":239.450206,"USDZAR":17.34301,"USDZMK":9001.220974,"USDZMW":23.766487,"USDZWL":321.999592}}