{"success":true,"terms":"https:\/\/currencylayer.com\/terms","privacy":"https:\/\/currencylayer.com\/privacy","timestamp":1779334927,"source":"USD","quotes":{"USDAED":3.672497,"USDAFN":62.999686,"USDALL":82.025057,"USDAMD":367.869583,"USDANG":1.79046,"USDAOA":917.9996,"USDARS":1397.225978,"USDAUD":1.405392,"USDAWG":1.80225,"USDAZN":1.703383,"USDBAM":1.686369,"USDBBD":2.01471,"USDBDT":122.938169,"USDBGN":1.66992,"USDBHD":0.377275,"USDBIF":2978,"USDBMD":1,"USDBND":1.280857,"USDBOB":6.911715,"USDBRL":5.013945,"USDBSD":1.000285,"USDBTC":1.2832819e-5,"USDBTN":96.802814,"USDBWP":13.565621,"USDBYN":2.74451,"USDBYR":19600,"USDBZD":2.011778,"USDCAD":1.37635,"USDCDF":2253.502134,"USDCHF":0.787155,"USDCLF":0.022822,"USDCLP":898.230067,"USDCNY":6.801501,"USDCNH":6.803785,"USDCOP":3727.56,"USDCRC":452.072394,"USDCUC":1,"USDCUP":26.5,"USDCVE":95.249615,"USDCZK":20.91445,"USDDJF":177.7198,"USDDKK":6.43091,"USDDOP":58.899577,"USDDZD":132.938074,"USDEGP":53.416122,"USDERN":15,"USDETB":157.750064,"USDEUR":0.860598,"USDFJD":2.206103,"USDFKP":0.746313,"USDGBP":0.74465,"USDGEL":2.675014,"USDGGP":0.746313,"USDGHS":11.549964,"USDGIP":0.746313,"USDGMD":72.503022,"USDGNF":8780.000398,"USDGTQ":7.62565,"USDGYD":209.188029,"USDHKD":7.83255,"USDHNL":26.629902,"USDHRK":6.484101,"USDHTG":130.939755,"USDHUF":309.549813,"USDIDR":17668.05,"USDILS":2.902895,"USDIMP":0.746313,"USDINR":96.235799,"USDIQD":1310,"USDIRR":1320949.999754,"USDISK":123.410284,"USDJEP":0.746313,"USDJMD":158.255516,"USDJOD":0.70898,"USDJPY":158.939854,"USDKES":129.409856,"USDKGS":87.450434,"USDKHR":4009.999977,"USDKMF":424.999916,"USDKPW":899.971581,"USDKRW":1504.12501,"USDKWD":0.30925,"USDKYD":0.833614,"USDKZT":471.964269,"USDLAK":21954.999883,"USDLBP":89518.243156,"USDLKR":344.602809,"USDLRD":183.250071,"USDLSL":16.450139,"USDLTL":2.95274,"USDLVL":0.60489,"USDLYD":6.354962,"USDMAD":9.219555,"USDMDL":17.385344,"USDMGA":4185.000172,"USDMKD":53.037376,"USDMMK":2099.263265,"USDMNT":3579.713688,"USDMOP":8.070738,"USDMRU":39.984984,"USDMUR":47.397866,"USDMVR":15.410037,"USDMWK":1736.999953,"USDMXN":17.32865,"USDMYR":3.969029,"USDMZN":63.905548,"USDNAD":16.575019,"USDNGN":1371.249505,"USDNIO":36.714995,"USDNOK":9.276988,"USDNPR":154.884158,"USDNZD":1.70714,"USDOMR":0.384501,"USDPAB":1.000285,"USDPEN":3.412497,"USDPGK":4.35665,"USDPHP":61.618016,"USDPKR":278.602149,"USDPLN":3.65585,"USDPYG":6163.290997,"USDQAR":3.646019,"USDRON":4.508041,"USDRSD":101.027011,"USDRUB":71.245756,"USDRWF":1462,"USDSAR":3.752456,"USDSBD":8.019432,"USDSCR":13.677766,"USDSDG":600.497557,"USDSEK":9.346675,"USDSGD":1.279402,"USDSHP":0.746601,"USDSLE":24.625027,"USDSLL":20969.502105,"USDSOS":571.497181,"USDSRD":37.105,"USDSTD":20697.981008,"USDSTN":21.35,"USDSVC":8.752597,"USDSYP":110.544495,"USDSZL":16.450268,"USDTHB":32.631979,"USDTJS":9.292705,"USDTMT":3.51,"USDTND":2.892502,"USDTOP":2.40776,"USDTRY":45.612601,"USDTTD":6.780655,"USDTWD":31.581963,"USDTZS":2609.998018,"USDUAH":44.286108,"USDUGX":3775.74864,"USDUYU":40.326961,"USDUZS":12095.000378,"USDVES":520.26295,"USDVND":26367,"USDVUV":118.270619,"USDWST":2.715865,"USDXAF":565.592316,"USDXAG":0.013241,"USDXAU":0.000221,"USDXCD":2.70255,"USDXCG":1.802771,"USDXDR":0.702153,"USDXOF":564.503759,"USDXPF":102.885453,"USDYER":238.625004,"USDZAR":16.509698,"USDZMK":9001.207894,"USDZMW":18.930478,"USDZWL":321.999592}}