{"success":true,"terms":"https:\/\/currencylayer.com\/terms","privacy":"https:\/\/currencylayer.com\/privacy","timestamp":1769046610,"source":"USD","quotes":{"USDAED":3.672499,"USDAFN":65.501928,"USDALL":82.249841,"USDAMD":379.140188,"USDANG":1.79008,"USDAOA":916.99939,"USDARS":1430.012303,"USDAUD":1.4719,"USDAWG":1.8,"USDAZN":1.702537,"USDBAM":1.668657,"USDBBD":2.012917,"USDBDT":122.251183,"USDBGN":1.67937,"USDBHD":0.377052,"USDBIF":2951,"USDBMD":1,"USDBND":1.282506,"USDBOB":6.905967,"USDBRL":5.319904,"USDBSD":0.99942,"USDBTC":1.1107649e-5,"USDBTN":91.533638,"USDBWP":13.338396,"USDBYN":2.875572,"USDBYR":19600,"USDBZD":2.010102,"USDCAD":1.382925,"USDCDF":2155.000099,"USDCHF":0.795555,"USDCLF":0.022156,"USDCLP":874.850292,"USDCNY":6.963896,"USDCNH":6.95875,"USDCOP":3674.92,"USDCRC":489.471708,"USDCUC":1,"USDCUP":26.5,"USDCVE":94.75039,"USDCZK":20.81695,"USDDJF":177.720144,"USDDKK":6.391075,"USDDOP":62.999972,"USDDZD":129.914997,"USDEGP":47.384703,"USDERN":15,"USDETB":155.400271,"USDEUR":0.85553,"USDFJD":2.26455,"USDFKP":0.742423,"USDGBP":0.744625,"USDGEL":2.685023,"USDGGP":0.742423,"USDGHS":10.870175,"USDGIP":0.742423,"USDGMD":73.500628,"USDGNF":8751.00053,"USDGTQ":7.671831,"USDGYD":209.107275,"USDHKD":7.796725,"USDHNL":26.44997,"USDHRK":6.447099,"USDHTG":130.861933,"USDHUF":328.812498,"USDIDR":16904.1,"USDILS":3.15195,"USDIMP":0.742423,"USDINR":91.60835,"USDIQD":1309.5,"USDIRR":42125.000158,"USDISK":125.079836,"USDJEP":0.742423,"USDJMD":157.122381,"USDJOD":0.709011,"USDJPY":158.312004,"USDKES":128.999834,"USDKGS":87.450248,"USDKHR":4075.506089,"USDKMF":422.000473,"USDKPW":900.031287,"USDKRW":1467.389793,"USDKWD":0.307306,"USDKYD":0.832914,"USDKZT":506.573952,"USDLAK":21590.000245,"USDLBP":85550.000547,"USDLKR":309.475462,"USDLRD":185.250326,"USDLSL":16.280218,"USDLTL":2.95274,"USDLVL":0.60489,"USDLYD":6.354996,"USDMAD":9.190978,"USDMDL":16.940548,"USDMGA":4535.000032,"USDMKD":52.738554,"USDMMK":2099.691634,"USDMNT":3565.807821,"USDMOP":8.027525,"USDMRU":39.850257,"USDMUR":46.000074,"USDMVR":15.459937,"USDMWK":1732.999844,"USDMXN":17.49115,"USDMYR":4.043971,"USDMZN":63.916013,"USDNAD":16.279949,"USDNGN":1418.579791,"USDNIO":36.733153,"USDNOK":9.95933,"USDNPR":146.454899,"USDNZD":1.70945,"USDOMR":0.384497,"USDPAB":0.999458,"USDPEN":3.357501,"USDPGK":4.18875,"USDPHP":59.182502,"USDPKR":279.974994,"USDPLN":3.606695,"USDPYG":6693.229131,"USDQAR":3.64125,"USDRON":4.359199,"USDRSD":100.435051,"USDRUB":77.003294,"USDRWF":1452,"USDSAR":3.750064,"USDSBD":8.123611,"USDSCR":13.849576,"USDSDG":601.505789,"USDSEK":9.094895,"USDSGD":1.284265,"USDSHP":0.750259,"USDSLE":24.609472,"USDSLL":20969.499267,"USDSOS":570.999727,"USDSRD":38.20979,"USDSTD":20697.981008,"USDSTN":21.35,"USDSVC":8.745025,"USDSYP":11059.574895,"USDSZL":16.355015,"USDTHB":31.330147,"USDTJS":9.320069,"USDTMT":3.51,"USDTND":2.882499,"USDTOP":2.40776,"USDTRY":43.307003,"USDTTD":6.784809,"USDTWD":31.637398,"USDTZS":2549.999997,"USDUAH":43.131999,"USDUGX":3457.955088,"USDUYU":38.341438,"USDUZS":12124.999713,"USDVES":346.83902,"USDVND":26265,"USDVUV":120.830431,"USDWST":2.782376,"USDXAF":559.675947,"USDXAG":0.01083,"USDXAU":0.000208,"USDXCD":2.70255,"USDXCG":1.801288,"USDXDR":0.695535,"USDXOF":560.503468,"USDXPF":102.375032,"USDYER":238.300154,"USDZAR":16.254699,"USDZMK":9001.196166,"USDZMW":20.114673,"USDZWL":321.999592}}