{"success":true,"terms":"https:\/\/currencylayer.com\/terms","privacy":"https:\/\/currencylayer.com\/privacy","timestamp":1780716665,"source":"USD","quotes":{"USDAED":3.67305,"USDAFN":62.503991,"USDALL":82.650403,"USDAMD":368.540403,"USDANG":1.79046,"USDAOA":918.000367,"USDARS":1450.190811,"USDAUD":1.417435,"USDAWG":1.8025,"USDAZN":1.70397,"USDBAM":1.680659,"USDBBD":2.014781,"USDBDT":122.77973,"USDBGN":1.66992,"USDBHD":0.377125,"USDBIF":2983,"USDBMD":1,"USDBND":1.283376,"USDBOB":6.911427,"USDBRL":5.172104,"USDBSD":1.000301,"USDBTC":1.6230196e-5,"USDBTN":94.924401,"USDBWP":13.438973,"USDBYN":2.805998,"USDBYR":19600,"USDBZD":2.011764,"USDCAD":1.39335,"USDCDF":2300.000362,"USDCHF":0.796223,"USDCLF":0.023233,"USDCLP":914.390396,"USDCNY":6.76565,"USDCNH":6.790525,"USDCOP":3603.13,"USDCRC":460.103983,"USDCUC":1,"USDCUP":26.5,"USDCVE":96.150394,"USDCZK":21.001904,"USDDJF":177.720393,"USDDKK":6.486804,"USDDOP":58.250393,"USDDZD":133.72904,"USDEGP":52.109853,"USDERN":15,"USDETB":158.803874,"USDEUR":0.867804,"USDFJD":2.219304,"USDFKP":0.744065,"USDGBP":0.749457,"USDGEL":2.660391,"USDGGP":0.744065,"USDGHS":11.81504,"USDGIP":0.744065,"USDGMD":73.000355,"USDGNF":8777.503848,"USDGTQ":7.624752,"USDGYD":209.211097,"USDHKD":7.83425,"USDHNL":26.670388,"USDHRK":6.538904,"USDHTG":130.795342,"USDHUF":308.550388,"USDIDR":18095.7,"USDILS":2.93015,"USDIMP":0.744065,"USDINR":95.39295,"USDIQD":1310,"USDIRR":1375125.000352,"USDISK":124.640386,"USDJEP":0.744065,"USDJMD":158.149367,"USDJOD":0.70904,"USDJPY":160.30604,"USDKES":129.360385,"USDKGS":87.450384,"USDKHR":4012.503796,"USDKMF":428.00035,"USDKPW":899.855249,"USDKRW":1559.570383,"USDKWD":0.30932,"USDKYD":0.833545,"USDKZT":486.735702,"USDLAK":22000.000349,"USDLBP":90311.324071,"USDLKR":336.595887,"USDLRD":182.525039,"USDLSL":16.550381,"USDLTL":2.95274,"USDLVL":0.60489,"USDLYD":6.355039,"USDMAD":9.261039,"USDMDL":17.344602,"USDMGA":4200.000347,"USDMKD":53.484033,"USDMMK":2099.857445,"USDMNT":3581.239489,"USDMOP":8.070774,"USDMRU":40.035039,"USDMUR":47.550378,"USDMVR":15.450378,"USDMWK":1737.000345,"USDMXN":17.472904,"USDMYR":4.029504,"USDMZN":63.910377,"USDNAD":16.550377,"USDNGN":1360.303725,"USDNIO":36.610377,"USDNOK":9.564635,"USDNPR":151.885876,"USDNZD":1.726073,"USDOMR":0.387053,"USDPAB":1.000254,"USDPEN":3.47125,"USDPGK":4.360375,"USDPHP":61.798504,"USDPKR":278.503701,"USDPLN":3.68295,"USDPYG":6114.066219,"USDQAR":3.637504,"USDRON":4.544704,"USDRSD":101.171038,"USDRUB":73.673999,"USDRWF":1463,"USDSAR":3.758217,"USDSBD":8.048583,"USDSCR":13.903762,"USDSDG":600.503676,"USDSEK":9.391625,"USDSGD":1.291104,"USDSHP":0.746601,"USDSLE":24.603667,"USDSLL":20969.502105,"USDSOS":571.000338,"USDSRD":37.311504,"USDSTD":20697.981008,"USDSTN":21.5,"USDSVC":8.752181,"USDSYP":110.532098,"USDSZL":16.550369,"USDTHB":32.728038,"USDTJS":9.332606,"USDTMT":3.5,"USDTND":2.917504,"USDTOP":2.40776,"USDTRY":46.062504,"USDTTD":6.776952,"USDTWD":31.577604,"USDTZS":2627.498038,"USDUAH":44.369817,"USDUGX":3768.980244,"USDUYU":40.388069,"USDUZS":11967.503617,"USDVES":562.585085,"USDVND":26330,"USDVUV":118.721408,"USDWST":2.72862,"USDXAF":563.670111,"USDXAG":0.014754,"USDXAU":0.000231,"USDXCD":2.70255,"USDXCG":1.802862,"USDXDR":0.702489,"USDXOF":564.503593,"USDXPF":103.875037,"USDYER":238.625037,"USDZAR":16.56799,"USDZMK":9001.203584,"USDZMW":17.585213,"USDZWL":321.999592}}