{"success":true,"terms":"https:\/\/currencylayer.com\/terms","privacy":"https:\/\/currencylayer.com\/privacy","timestamp":1759886522,"source":"USD","quotes":{"USDAED":3.6725,"USDAFN":66.848784,"USDALL":83.025276,"USDAMD":383.048434,"USDANG":1.790403,"USDAOA":917.000197,"USDARS":1429.768396,"USDAUD":1.521341,"USDAWG":1.8,"USDAZN":1.726049,"USDBAM":1.677488,"USDBBD":2.016708,"USDBDT":121.904778,"USDBGN":1.67939,"USDBHD":0.376989,"USDBIF":2950.056179,"USDBMD":1,"USDBND":1.29444,"USDBOB":6.93364,"USDBRL":5.355097,"USDBSD":1.001278,"USDBTC":8.193766e-6,"USDBTN":88.82418,"USDBWP":13.320068,"USDBYN":3.404465,"USDBYR":19600,"USDBZD":2.013792,"USDCAD":1.395875,"USDCDF":2479.999712,"USDCHF":0.799451,"USDCLF":0.024461,"USDCLP":959.610049,"USDCNY":7.119551,"USDCNH":7.14733,"USDCOP":3876.5,"USDCRC":503.810312,"USDCUC":1,"USDCUP":26.5,"USDCVE":94.574195,"USDCZK":20.953196,"USDDJF":178.307073,"USDDKK":6.41428,"USDDOP":62.688961,"USDDZD":129.875012,"USDEGP":47.569904,"USDERN":15,"USDETB":145.565757,"USDEUR":0.85914,"USDFJD":2.26455,"USDFKP":0.742135,"USDGBP":0.74564,"USDGEL":2.715007,"USDGGP":0.742135,"USDGHS":12.516403,"USDGIP":0.742135,"USDGMD":71.99995,"USDGNF":8684.203755,"USDGTQ":7.672119,"USDGYD":209.450129,"USDHKD":7.783315,"USDHNL":26.289223,"USDHRK":6.471702,"USDHTG":131.02212,"USDHUF":337.590014,"USDIDR":16624,"USDILS":3.279399,"USDIMP":0.742135,"USDINR":88.77115,"USDIQD":1310,"USDIRR":42059.99982,"USDISK":121.670036,"USDJEP":0.742135,"USDJMD":160.268973,"USDJOD":0.708983,"USDJPY":152.370983,"USDKES":129.420064,"USDKGS":87.449987,"USDKHR":4020.035852,"USDKMF":422.999899,"USDKPW":899.996543,"USDKRW":1418.244984,"USDKWD":0.30636,"USDKYD":0.834455,"USDKZT":541.242463,"USDLAK":21714.369034,"USDLBP":89960.259899,"USDLKR":302.862142,"USDLRD":182.732801,"USDLSL":17.240258,"USDLTL":2.95274,"USDLVL":0.60489,"USDLYD":5.428378,"USDMAD":9.133638,"USDMDL":16.701118,"USDMGA":4460.035509,"USDMKD":52.923619,"USDMMK":2099.538145,"USDMNT":3596.885222,"USDMOP":8.026863,"USDMRU":39.941162,"USDMUR":45.449905,"USDMVR":15.296888,"USDMWK":1735.897282,"USDMXN":18.403897,"USDMYR":4.219877,"USDMZN":63.901308,"USDNAD":17.23961,"USDNGN":1468.410327,"USDNIO":36.846755,"USDNOK":9.98484,"USDNPR":142.118422,"USDNZD":1.738205,"USDOMR":0.384496,"USDPAB":1.001278,"USDPEN":3.465791,"USDPGK":4.20185,"USDPHP":58.195966,"USDPKR":283.63004,"USDPLN":3.65485,"USDPYG":7003.113448,"USDQAR":3.659802,"USDRON":4.380153,"USDRSD":100.672323,"USDRUB":82.072521,"USDRWF":1448,"USDSAR":3.75055,"USDSBD":8.230542,"USDSCR":14.674996,"USDSDG":601.483254,"USDSEK":9.423811,"USDSGD":1.29413,"USDSHP":0.785843,"USDSLE":23.319943,"USDSLL":20969.503664,"USDSOS":571.497068,"USDSRD":38.063,"USDSTD":20697.981008,"USDSTN":21.43,"USDSVC":8.761397,"USDSYP":13001.86484,"USDSZL":17.2402,"USDTHB":32.506501,"USDTJS":9.286995,"USDTMT":3.5,"USDTND":2.920502,"USDTOP":2.342099,"USDTRY":41.716875,"USDTTD":6.800696,"USDTWD":30.599199,"USDTZS":2456.577997,"USDUAH":41.379609,"USDUGX":3443.662032,"USDUYU":39.96878,"USDUZS":12039.522776,"USDVES":189.012825,"USDVND":26365,"USDVUV":120.931773,"USDWST":2.778532,"USDXAF":562.61134,"USDXAG":0.020913,"USDXAU":0.000251,"USDXCD":2.70255,"USDXCG":1.804599,"USDXDR":0.699711,"USDXOF":562.613752,"USDXPF":102.849845,"USDYER":239.039917,"USDZAR":17.2405,"USDZMK":9001.198478,"USDZMW":23.755693,"USDZWL":321.999592}}