{"success":true,"terms":"https:\/\/currencylayer.com\/terms","privacy":"https:\/\/currencylayer.com\/privacy","timestamp":1776739027,"source":"USD","quotes":{"USDAED":3.672497,"USDAFN":63.999993,"USDALL":81.050345,"USDAMD":372.850022,"USDANG":1.789884,"USDAOA":918.000261,"USDARS":1376.750098,"USDAUD":1.394486,"USDAWG":1.8,"USDAZN":1.730785,"USDBAM":1.659926,"USDBBD":2.012001,"USDBDT":122.580618,"USDBGN":1.668102,"USDBHD":0.377403,"USDBIF":2975.451401,"USDBMD":1,"USDBND":1.269716,"USDBOB":6.928101,"USDBRL":4.9538,"USDBSD":0.998999,"USDBTC":1.3200153e-5,"USDBTN":93.104283,"USDBWP":13.393251,"USDBYN":2.833537,"USDBYR":19600,"USDBZD":2.009115,"USDCAD":1.36466,"USDCDF":2310.999766,"USDCHF":0.779125,"USDCLF":0.022403,"USDCLP":881.719912,"USDCNY":6.81775,"USDCNH":6.81589,"USDCOP":3580.22,"USDCRC":455.158835,"USDCUC":1,"USDCUP":26.5,"USDCVE":93.584102,"USDCZK":20.620977,"USDDJF":177.894898,"USDDKK":6.34537,"USDDOP":60.105069,"USDDZD":132.148209,"USDEGP":51.999482,"USDERN":15,"USDETB":155.405337,"USDEUR":0.84915,"USDFJD":2.194502,"USDFKP":0.739639,"USDGBP":0.73945,"USDGEL":2.685016,"USDGGP":0.739639,"USDGHS":11.0393,"USDGIP":0.739639,"USDGMD":73.000467,"USDGNF":8764.507437,"USDGTQ":7.643664,"USDGYD":209.005767,"USDHKD":7.82967,"USDHNL":26.542927,"USDHRK":6.395903,"USDHTG":130.811696,"USDHUF":307.341981,"USDIDR":17150.25,"USDILS":2.988959,"USDIMP":0.739639,"USDINR":93.09135,"USDIQD":1308.687239,"USDIRR":1322999.99984,"USDISK":121.590184,"USDJEP":0.739639,"USDJMD":158.247615,"USDJOD":0.708988,"USDJPY":158.982993,"USDKES":128.969958,"USDKGS":87.45007,"USDKHR":4000.611039,"USDKMF":417.999628,"USDKPW":899.998685,"USDKRW":1472.129929,"USDKWD":0.30832,"USDKYD":0.832485,"USDKZT":465.941881,"USDLAK":22040.601555,"USDLBP":89457.429473,"USDLKR":316.121805,"USDLRD":184.250149,"USDLSL":16.35859,"USDLTL":2.95274,"USDLVL":0.60489,"USDLYD":6.331263,"USDMAD":9.226434,"USDMDL":17.112231,"USDMGA":4133.143226,"USDMKD":52.324619,"USDMMK":2099.759241,"USDMNT":3574.175448,"USDMOP":8.057338,"USDMRU":39.868621,"USDMUR":46.40993,"USDMVR":15.449914,"USDMWK":1732.185898,"USDMXN":17.311501,"USDMYR":3.953502,"USDMZN":63.954982,"USDNAD":16.35859,"USDNGN":1345.839902,"USDNIO":36.765611,"USDNOK":9.326715,"USDNPR":148.845775,"USDNZD":1.691115,"USDOMR":0.384503,"USDPAB":0.999028,"USDPEN":3.429932,"USDPGK":4.392051,"USDPHP":59.905996,"USDPKR":278.536935,"USDPLN":3.59375,"USDPYG":6369.45378,"USDQAR":3.642004,"USDRON":4.329599,"USDRSD":99.674986,"USDRUB":74.952537,"USDRWF":1463.489154,"USDSAR":3.750949,"USDSBD":8.038715,"USDSCR":15.0115,"USDSDG":601.000109,"USDSEK":9.136605,"USDSGD":1.271102,"USDSHP":0.746601,"USDSLE":24.64974,"USDSLL":20969.496166,"USDSOS":570.91693,"USDSRD":37.449021,"USDSTD":20697.981008,"USDSTN":20.793285,"USDSVC":8.740707,"USDSYP":110.546586,"USDSZL":16.354347,"USDTHB":32.096981,"USDTJS":9.467984,"USDTMT":3.505,"USDTND":2.887499,"USDTOP":2.40776,"USDTRY":44.888602,"USDTTD":6.779373,"USDTWD":31.473501,"USDTZS":2602.924986,"USDUAH":44.124656,"USDUGX":3701.267563,"USDUYU":39.742806,"USDUZS":12085.412635,"USDVES":480.63111,"USDVND":26329,"USDVUV":116.937281,"USDWST":2.715187,"USDXAF":556.707234,"USDXAG":0.012607,"USDXAU":0.000208,"USDXCD":2.70255,"USDXCG":1.800421,"USDXDR":0.692365,"USDXOF":556.707234,"USDXPF":101.215331,"USDYER":238.650104,"USDZAR":16.379009,"USDZMK":9001.197294,"USDZMW":18.905523,"USDZWL":321.999592}}