{"success":true,"terms":"https:\/\/currencylayer.com\/terms","privacy":"https:\/\/currencylayer.com\/privacy","timestamp":1775615348,"source":"USD","quotes":{"USDAED":3.672499,"USDAFN":64.000417,"USDALL":82.210208,"USDAMD":372.864511,"USDANG":1.790083,"USDAOA":916.999427,"USDARS":1393.000103,"USDAUD":1.417043,"USDAWG":1.8025,"USDAZN":1.698376,"USDBAM":1.675713,"USDBBD":1.993908,"USDBDT":122.161342,"USDBGN":1.709309,"USDBHD":0.377585,"USDBIF":2942.038298,"USDBMD":1,"USDBND":1.271559,"USDBOB":6.840448,"USDBRL":5.153398,"USDBSD":0.98995,"USDBTC":1.3989056e-5,"USDBTN":92.017649,"USDBWP":13.509148,"USDBYN":2.9103,"USDBYR":19600,"USDBZD":1.990995,"USDCAD":1.383755,"USDCDF":2299.999877,"USDCHF":0.790365,"USDCLF":0.023223,"USDCLP":916.960173,"USDCNY":6.857399,"USDCNH":6.83407,"USDCOP":3690.93,"USDCRC":459.24225,"USDCUC":1,"USDCUP":26.5,"USDCVE":94.457532,"USDCZK":20.93185,"USDDJF":176.287132,"USDDKK":6.40121,"USDDOP":60.138458,"USDDZD":132.452877,"USDEGP":54.680903,"USDERN":15,"USDETB":154.576315,"USDEUR":0.85664,"USDFJD":2.21295,"USDFKP":0.755657,"USDGBP":0.746245,"USDGEL":2.680644,"USDGGP":0.755657,"USDGHS":10.897332,"USDGIP":0.755657,"USDGMD":73.496617,"USDGNF":8684.402176,"USDGTQ":7.572954,"USDGYD":207.084422,"USDHKD":7.831705,"USDHNL":26.287335,"USDHRK":6.452696,"USDHTG":129.786231,"USDHUF":322.607981,"USDIDR":17012,"USDILS":3.14351,"USDIMP":0.755657,"USDINR":92.45155,"USDIQD":1296.84528,"USDIRR":1315874.99995,"USDISK":123.190232,"USDJEP":0.755657,"USDJMD":155.832584,"USDJOD":0.708978,"USDJPY":158.507503,"USDKES":130.050252,"USDKGS":87.44976,"USDKHR":3966.927987,"USDKMF":427.000035,"USDKPW":900.002378,"USDKRW":1478.785039,"USDKWD":0.30915,"USDKYD":0.824969,"USDKZT":460.02459,"USDLAK":21840.661106,"USDLBP":88651.709942,"USDLKR":312.380316,"USDLRD":182.145305,"USDLSL":16.728441,"USDLTL":2.95274,"USDLVL":0.60489,"USDLYD":6.327487,"USDMAD":9.282841,"USDMDL":17.295195,"USDMGA":4134.911557,"USDMKD":52.780287,"USDMMK":2100.11256,"USDMNT":3573.311532,"USDMOP":7.98965,"USDMRU":39.341467,"USDMUR":47.020306,"USDMVR":15.44981,"USDMWK":1716.596623,"USDMXN":17.53545,"USDMYR":3.993017,"USDMZN":63.950244,"USDNAD":16.728369,"USDNGN":1382.750086,"USDNIO":36.430622,"USDNOK":9.574285,"USDNPR":147.235979,"USDNZD":1.72344,"USDOMR":0.384497,"USDPAB":0.989912,"USDPEN":3.390667,"USDPGK":4.345684,"USDPHP":59.583965,"USDPKR":278.333433,"USDPLN":3.649551,"USDPYG":6419.027464,"USDQAR":3.618623,"USDRON":4.364198,"USDRSD":100.524025,"USDRUB":78.425316,"USDRWF":1446.000942,"USDSAR":3.754955,"USDSBD":8.048583,"USDSCR":13.666622,"USDSDG":601.000215,"USDSEK":9.329301,"USDSGD":1.27577,"USDSHP":0.750259,"USDSLE":24.604007,"USDSLL":20969.510825,"USDSOS":565.737052,"USDSRD":37.443,"USDSTD":20697.981008,"USDSTN":20.991573,"USDSVC":8.6622,"USDSYP":110.704564,"USDSZL":16.724786,"USDTHB":32.110142,"USDTJS":9.419123,"USDTMT":3.51,"USDTND":2.913347,"USDTOP":2.40776,"USDTRY":44.546301,"USDTTD":6.717246,"USDTWD":31.802301,"USDTZS":2599.999574,"USDUAH":43.022187,"USDUGX":3716.965777,"USDUYU":40.147361,"USDUZS":12077.437486,"USDVES":473.467202,"USDVND":26332.5,"USDVUV":119.244946,"USDWST":2.76629,"USDXAF":562.016022,"USDXAG":0.013058,"USDXAU":0.000208,"USDXCD":2.70255,"USDXCG":1.78419,"USDXDR":0.698977,"USDXOF":562.025653,"USDXPF":102.181838,"USDYER":238.549623,"USDZAR":16.50432,"USDZMK":9001.186468,"USDZMW":19.180829,"USDZWL":321.999592}}