{"success":true,"terms":"https:\/\/currencylayer.com\/terms","privacy":"https:\/\/currencylayer.com\/privacy","timestamp":1762479375,"source":"USD","quotes":{"USDAED":3.672503,"USDAFN":66.508457,"USDALL":83.850277,"USDAMD":382.479861,"USDANG":1.789982,"USDAOA":916.999875,"USDARS":1450.749762,"USDAUD":1.545095,"USDAWG":1.805,"USDAZN":1.695489,"USDBAM":1.69722,"USDBBD":2.01352,"USDBDT":122.007836,"USDBGN":1.69382,"USDBHD":0.377041,"USDBIF":2952.5,"USDBMD":1,"USDBND":1.304378,"USDBOB":6.907594,"USDBRL":5.349696,"USDBSD":0.999679,"USDBTC":9.901774e-6,"USDBTN":88.558647,"USDBWP":13.450775,"USDBYN":3.407125,"USDBYR":19600,"USDBZD":2.010578,"USDCAD":1.412555,"USDCDF":2149.999911,"USDCHF":0.80696,"USDCLF":0.024051,"USDCLP":943.502384,"USDCNY":7.11935,"USDCNH":7.124795,"USDCOP":3784.2,"USDCRC":502.442792,"USDCUC":1,"USDCUP":26.5,"USDCVE":95.849924,"USDCZK":21.09905,"USDDJF":177.720177,"USDDKK":6.47097,"USDDOP":64.304632,"USDDZD":130.472233,"USDEGP":47.301503,"USDERN":15,"USDETB":153.903622,"USDEUR":0.86663,"USDFJD":2.286303,"USDFKP":0.766404,"USDGBP":0.761805,"USDGEL":2.704973,"USDGGP":0.766404,"USDGHS":10.944956,"USDGIP":0.766404,"USDGMD":73.00014,"USDGNF":8689.999851,"USDGTQ":7.6608,"USDGYD":209.15339,"USDHKD":7.774425,"USDHNL":26.350228,"USDHRK":6.529004,"USDHTG":130.827172,"USDHUF":334.776995,"USDIDR":16701,"USDILS":3.264805,"USDIMP":0.766404,"USDINR":88.67355,"USDIQD":1309.660176,"USDIRR":42112.499786,"USDISK":126.689877,"USDJEP":0.766404,"USDJMD":160.35857,"USDJOD":0.708971,"USDJPY":153.1875,"USDKES":129.150227,"USDKGS":87.449871,"USDKHR":4012.669762,"USDKMF":421.000246,"USDKPW":900.033283,"USDKRW":1452.110262,"USDKWD":0.30696,"USDKYD":0.833167,"USDKZT":526.13127,"USDLAK":21717.265947,"USDLBP":89523.367365,"USDLKR":304.861328,"USDLRD":182.946302,"USDLSL":17.373217,"USDLTL":2.95274,"USDLVL":0.60489,"USDLYD":5.466197,"USDMAD":9.311066,"USDMDL":17.114592,"USDMGA":4499.99991,"USDMKD":53.290545,"USDMMK":2099.044592,"USDMNT":3585.031206,"USDMOP":8.005051,"USDMRU":39.800597,"USDMUR":45.950088,"USDMVR":15.405009,"USDMWK":1736.999675,"USDMXN":18.585203,"USDMYR":4.174497,"USDMZN":63.959595,"USDNAD":17.373217,"USDNGN":1438.170043,"USDNIO":36.755009,"USDNOK":10.20695,"USDNPR":141.693568,"USDNZD":1.777288,"USDOMR":0.384502,"USDPAB":0.999779,"USDPEN":3.375927,"USDPGK":4.208496,"USDPHP":59.030243,"USDPKR":282.679805,"USDPLN":3.6829,"USDPYG":7081.988268,"USDQAR":3.643566,"USDRON":4.407021,"USDRSD":101.570014,"USDRUB":81.246843,"USDRWF":1452.596867,"USDSAR":3.750574,"USDSBD":8.230592,"USDSCR":14.003648,"USDSDG":600.503684,"USDSEK":9.579396,"USDSGD":1.304545,"USDSHP":0.750259,"USDSLE":23.194046,"USDSLL":20969.499529,"USDSOS":571.349231,"USDSRD":38.503503,"USDSTD":20697.981008,"USDSTN":21.260533,"USDSVC":8.747304,"USDSYP":11056.895466,"USDSZL":17.359159,"USDTHB":32.370245,"USDTJS":9.227278,"USDTMT":3.5,"USDTND":2.959939,"USDTOP":2.342104,"USDTRY":42.199645,"USDTTD":6.773954,"USDTWD":30.980697,"USDTZS":2459.806979,"USDUAH":42.066455,"USDUGX":3491.096532,"USDUYU":39.813947,"USDUZS":12024.999994,"USDVES":227.27225,"USDVND":26315,"USDVUV":122.169446,"USDWST":2.82328,"USDXAF":569.234174,"USDXAG":0.020721,"USDXAU":0.00025,"USDXCD":2.70255,"USDXCG":1.801686,"USDXDR":0.70875,"USDXOF":569.497717,"USDXPF":103.489719,"USDYER":238.501083,"USDZAR":17.383205,"USDZMK":9001.195414,"USDZMW":22.61803,"USDZWL":321.999592}}