{"success":true,"terms":"https:\/\/currencylayer.com\/terms","privacy":"https:\/\/currencylayer.com\/privacy","timestamp":1764554107,"source":"USD","quotes":{"USDAED":3.672499,"USDAFN":66.111997,"USDALL":83.269388,"USDAMD":379.445618,"USDANG":1.790055,"USDAOA":915.999997,"USDARS":1445.2456,"USDAUD":1.525785,"USDAWG":1.8,"USDAZN":1.702706,"USDBAM":1.686253,"USDBBD":2.008363,"USDBDT":121.851964,"USDBGN":1.686253,"USDBHD":0.375393,"USDBIF":2945.035996,"USDBMD":1,"USDBND":1.294909,"USDBOB":6.890546,"USDBRL":5.341197,"USDBSD":0.997112,"USDBTC":1.1456598e-5,"USDBTN":89.185671,"USDBWP":14.2665,"USDBYN":2.901755,"USDBYR":19600,"USDBZD":2.005518,"USDCAD":1.39697,"USDCDF":2201.000199,"USDCHF":0.803265,"USDCLF":0.023585,"USDCLP":925.23028,"USDCNY":7.07555,"USDCNH":7.068195,"USDCOP":3734.97,"USDCRC":497.13325,"USDCUC":1,"USDCUP":26.5,"USDCVE":95.068328,"USDCZK":20.829599,"USDDJF":177.566065,"USDDKK":6.43397,"USDDOP":62.464974,"USDDZD":129.815924,"USDEGP":47.4093,"USDERN":15,"USDETB":153.883433,"USDEUR":0.86148,"USDFJD":2.27125,"USDFKP":0.75539,"USDGBP":0.755105,"USDGEL":2.701438,"USDGGP":0.75539,"USDGHS":11.298013,"USDGIP":0.75539,"USDGMD":72.499774,"USDGNF":8663.189206,"USDGTQ":7.638919,"USDGYD":208.621805,"USDHKD":7.787755,"USDHNL":26.257706,"USDHRK":6.490199,"USDHTG":130.48239,"USDHUF":328.598044,"USDIDR":16648,"USDILS":3.255655,"USDIMP":0.75539,"USDINR":89.35755,"USDIQD":1306.289606,"USDIRR":42100.000397,"USDISK":127.930016,"USDJEP":0.75539,"USDJMD":159.658577,"USDJOD":0.709011,"USDJPY":155.616498,"USDKES":129.130394,"USDKGS":87.450004,"USDKHR":3989.308962,"USDKMF":425.000144,"USDKPW":899.997736,"USDKRW":1467.780054,"USDKWD":0.30698,"USDKYD":0.83097,"USDKZT":511.79894,"USDLAK":21645.902487,"USDLBP":89304.996336,"USDLKR":307.298358,"USDLRD":176.997025,"USDLSL":17.076087,"USDLTL":2.95274,"USDLVL":0.60489,"USDLYD":5.43691,"USDMAD":9.251024,"USDMDL":16.936673,"USDMGA":4478.16528,"USDMKD":53.045652,"USDMMK":2099.860963,"USDMNT":3556.287905,"USDMOP":7.997672,"USDMRU":39.787041,"USDMUR":46.169816,"USDMVR":15.396575,"USDMWK":1729.102901,"USDMXN":18.28544,"USDMYR":4.128498,"USDMZN":63.910302,"USDNAD":17.076087,"USDNGN":1440.740068,"USDNIO":36.6944,"USDNOK":10.11286,"USDNPR":142.6969,"USDNZD":1.74154,"USDOMR":0.38286,"USDPAB":0.997198,"USDPEN":3.355951,"USDPGK":4.285899,"USDPHP":58.669721,"USDPKR":281.721774,"USDPLN":3.647845,"USDPYG":6973.315515,"USDQAR":3.634522,"USDRON":4.385497,"USDRSD":101.151011,"USDRUB":77.649998,"USDRWF":1450.35996,"USDSAR":3.750823,"USDSBD":8.230592,"USDSCR":13.512954,"USDSDG":601.515392,"USDSEK":9.441705,"USDSGD":1.29521,"USDSHP":0.750259,"USDSLE":22.960019,"USDSLL":20969.498139,"USDSOS":568.866664,"USDSRD":38.483982,"USDSTD":20697.981008,"USDSTN":21.123421,"USDSVC":8.725266,"USDSYP":11058.569968,"USDSZL":17.088417,"USDTHB":32.020199,"USDTJS":9.223693,"USDTMT":3.51,"USDTND":2.942536,"USDTOP":2.40776,"USDTRY":42.501698,"USDTTD":6.759495,"USDTWD":31.436979,"USDTZS":2462.991048,"USDUAH":42.183644,"USDUGX":3624.60663,"USDUYU":39.643057,"USDUZS":11868.776135,"USDVES":245.362597,"USDVND":26365,"USDVUV":121.742438,"USDWST":2.805024,"USDXAF":565.553304,"USDXAG":0.017303,"USDXAU":0.000236,"USDXCD":2.70255,"USDXCG":1.797129,"USDXDR":0.703367,"USDXOF":565.553304,"USDXPF":102.823641,"USDYER":238.300819,"USDZAR":17.096103,"USDZMK":9001.201538,"USDZMW":22.859853,"USDZWL":321.999592}}