{"success":true,"terms":"https:\/\/currencylayer.com\/terms","privacy":"https:\/\/currencylayer.com\/privacy","timestamp":1758072065,"source":"USD","quotes":{"USDAED":3.672506,"USDAFN":66.842902,"USDALL":81.797522,"USDAMD":380.658436,"USDANG":1.790403,"USDAOA":917.000025,"USDARS":1469.444301,"USDAUD":1.497084,"USDAWG":1.8025,"USDAZN":1.698647,"USDBAM":1.649295,"USDBBD":2.005557,"USDBDT":121.238953,"USDBGN":1.64821,"USDBHD":0.377015,"USDBIF":2971.738883,"USDBMD":1,"USDBND":1.272868,"USDBOB":6.881198,"USDBRL":5.297298,"USDBSD":0.995737,"USDBTC":8.561607e-6,"USDBTN":87.658537,"USDBWP":13.247038,"USDBYN":3.370227,"USDBYR":19600,"USDBZD":2.00463,"USDCAD":1.37455,"USDCDF":2825.000217,"USDCHF":0.786835,"USDCLF":0.024159,"USDCLP":947.759994,"USDCNY":7.11435,"USDCNH":7.105775,"USDCOP":3879.62,"USDCRC":501.553653,"USDCUC":1,"USDCUP":26.5,"USDCVE":92.98472,"USDCZK":20.502895,"USDDJF":177.323534,"USDDKK":6.29573,"USDDOP":62.432805,"USDDZD":129.243038,"USDEGP":48.076303,"USDERN":15,"USDETB":143.752145,"USDEUR":0.84339,"USDFJD":2.23125,"USDFKP":0.734967,"USDGBP":0.73295,"USDGEL":2.703421,"USDGGP":0.734967,"USDGHS":12.198104,"USDGIP":0.734967,"USDGMD":71.999906,"USDGNF":8635.963081,"USDGTQ":7.633408,"USDGYD":208.249005,"USDHKD":7.778685,"USDHNL":26.109432,"USDHRK":6.354499,"USDHTG":130.287584,"USDHUF":328.638499,"USDIDR":16409.95,"USDILS":3.337155,"USDIMP":0.734967,"USDINR":87.882,"USDIQD":1304.476152,"USDIRR":42062.495448,"USDISK":120.609853,"USDJEP":0.734967,"USDJMD":160.027997,"USDJOD":0.708964,"USDJPY":146.461503,"USDKES":128.650078,"USDKGS":87.448603,"USDKHR":3991.01116,"USDKMF":414.999503,"USDKPW":900.007376,"USDKRW":1380.901488,"USDKWD":0.30496,"USDKYD":0.829792,"USDKZT":538.453754,"USDLAK":21581.326317,"USDLBP":89170.176792,"USDLKR":300.647642,"USDLRD":177.249882,"USDLSL":17.294407,"USDLTL":2.95274,"USDLVL":0.60489,"USDLYD":5.383458,"USDMAD":8.936028,"USDMDL":16.489577,"USDMGA":4385.040266,"USDMKD":51.891486,"USDMMK":2099.083667,"USDMNT":3597.122259,"USDMOP":7.982274,"USDMRU":39.655456,"USDMUR":45.260286,"USDMVR":15.309629,"USDMWK":1726.349343,"USDMXN":18.297115,"USDMYR":4.192965,"USDMZN":63.910105,"USDNAD":17.294407,"USDNGN":1489.53011,"USDNIO":36.638376,"USDNOK":9.76801,"USDNPR":140.251548,"USDNZD":1.67201,"USDOMR":0.384503,"USDPAB":0.99575,"USDPEN":3.475258,"USDPGK":4.162187,"USDPHP":56.813501,"USDPKR":282.547624,"USDPLN":3.584215,"USDPYG":7105.421826,"USDQAR":3.631181,"USDRON":4.269402,"USDRSD":98.831973,"USDRUB":83.200668,"USDRWF":1443.346784,"USDSAR":3.751006,"USDSBD":8.217066,"USDSCR":14.759911,"USDSDG":601.495771,"USDSEK":9.238595,"USDSGD":1.276255,"USDSHP":0.785843,"USDSLE":23.31003,"USDSLL":20969.503664,"USDSOS":569.040903,"USDSRD":38.299499,"USDSTD":20697.981008,"USDSTN":20.659153,"USDSVC":8.712811,"USDSYP":13001.858835,"USDSZL":17.288021,"USDTHB":31.714991,"USDTJS":9.370235,"USDTMT":3.51,"USDTND":2.889344,"USDTOP":2.342097,"USDTRY":41.312297,"USDTTD":6.763138,"USDTWD":30.025403,"USDTZS":2474.999843,"USDUAH":40.978876,"USDUGX":3487.822978,"USDUYU":39.996964,"USDUZS":12292.552115,"USDVES":160.24738,"USDVND":26382.5,"USDVUV":119.183243,"USDWST":2.760903,"USDXAF":553.151102,"USDXAG":0.023506,"USDXAU":0.000271,"USDXCD":2.70255,"USDXCG":1.794593,"USDXDR":0.687945,"USDXOF":553.151102,"USDXPF":100.57006,"USDYER":239.550035,"USDZAR":17.357498,"USDZMK":9001.199634,"USDZMW":23.276033,"USDZWL":321.999592}}